<?xml version="1.0" ?>
<Commentary away_team_name="Queens Park Rangers" competition="English Premier League" game_date="2012-12-30" home_team_name="Liverpool" lang_id="en" season="Season 2012/2013" season_id="2012" sport_id="1" sport_name="Football">
	<message comment="Second half ends" minute="93" period="2" second="0" time="95" type="end" type_id="30"/>
	<message comment="Stéphane Mbia misses attempt (Out of box, Right footed, Open play)" minute="90" period="2" second="56" time="92" type="attempt missed" type_id="13"/>
	<message comment="Fabio recieves a yellow card" minute="89" period="2" second="34" time="91" type="card received" type_id="17"/>
	<message comment="Joe Allen is substituted off" minute="86" period="2" second="41" time="88" type="substitution off" type_id="18"/>
	<message comment="Jamie Carragher is substituted on" minute="86" period="2" second="41" time="88" type="substitution on" type_id="19"/>
	<message comment="Stéphane Mbia has attempt saved (High to the left, Out of box, Right footed, Free kick)" minute="82" period="2" second="54" time="84" type="attempt blocked" type_id="15"/>
	<message comment="Pepe Reina makes a save (Diving)" minute="82" period="2" second="54" time="84" type="save made" type_id="10"/>
	<message comment="Lucas Leiva recieves a yellow card" minute="82" period="2" second="3" time="84" type="card received" type_id="17"/>
	<message comment="Shaun Wright-Phillips is substituted off" minute="79" period="2" second="57" time="81" type="substitution off" type_id="18"/>
	<message comment="Fabio is substituted on" minute="79" period="2" second="57" time="81" type="substitution on" type_id="19"/>
	<message comment="Stéphane Mbia has attempt saved (Low to the right, Out of box, Right footed, Open play)" minute="77" period="2" second="11" time="79" type="attempt blocked" type_id="15"/>
	<message comment="Pepe Reina makes a save (Diving, Parried safe)" minute="77" period="2" second="11" time="79" type="save made" type_id="10"/>
	<message comment="Daniel Agger wins a corner (To the left)" minute="74" period="2" second="4" time="76" type="corner" type_id="6"/>
	<message comment="Nedum Onuoha blocks a shot" minute="74" period="2" second="2" time="76" type="save made" type_id="10"/>
	<message comment="Daniel Agger has shot blocked (18-yard box, Left footed, From corner)" minute="74" period="2" second="2" time="76" type="attempt blocked" type_id="15"/>
	<message comment="Raheem Sterling wins a corner (To the left)" minute="73" period="2" second="42" time="75" type="corner" type_id="6"/>
	<message comment="Jamie Mackie is caught offside" minute="72" period="2" time="74" type="offside" type_id="10000"/>
	<message comment="José Enrique is substituted off" minute="70" period="2" second="39" time="72" type="substitution off" type_id="18"/>
	<message comment="Suso is substituted on" minute="70" period="2" second="39" time="72" type="substitution on" type_id="19"/>
	<message comment="Stéphane Mbia misses attempt (To the right, Out of box, Right footed, Open play)" minute="68" period="2" second="38" time="70" type="attempt missed" type_id="13"/>
	<message comment="Stéphane Mbia has attempt saved (Low to the centre, Out of box, Right footed, Open play)" minute="65" period="2" second="57" time="67" type="attempt blocked" type_id="15"/>
	<message comment="Pepe Reina makes a save (Standing)" minute="65" period="2" second="57" time="67" type="save made" type_id="10"/>
	<message comment="Raheem Sterling wins a corner (To the left)" minute="65" period="2" second="13" time="67" type="corner" type_id="6"/>
	<message comment="Esteban Granero misses attempt (To the left, Out of box, Right footed, Free kick)" minute="64" period="2" second="6" time="66" type="attempt missed" type_id="13"/>
	<message comment="Jordan Henderson is substituted off" minute="63" period="2" second="28" time="65" type="substitution off" type_id="18"/>
	<message comment="Lucas Leiva is substituted on" minute="63" period="2" second="28" time="65" type="substitution on" type_id="19"/>
	<message comment="Samba Diakité is substituted off" minute="62" period="2" second="52" time="64" type="substitution off" type_id="18"/>
	<message comment="Esteban Granero is substituted on" minute="62" period="2" second="52" time="64" type="substitution on" type_id="19"/>
	<message comment="Adel Taarabt has attempt saved (Low to the centre, Out of box, Right footed, Open play)" minute="60" period="2" second="42" time="62" type="attempt blocked" type_id="15"/>
	<message comment="Pepe Reina makes a save (Diving)" minute="60" period="2" second="42" time="62" type="save made" type_id="10"/>
	<message comment="Samba Diakité wins a corner (To the right)" minute="58" period="2" second="43" time="60" type="corner" type_id="6"/>
	<message comment="Samba Diakité misses attempt (To the left, Out of box, Right footed, Open play)" minute="58" period="2" second="41" time="60" type="attempt missed" type_id="13"/>
	<message comment="Stéphane Mbia recieves a yellow card" minute="56" period="2" second="28" time="58" type="card received" type_id="17"/>
	<message comment="Jamie Mackie is caught offside" minute="55" period="2" time="57" type="offside" type_id="10000"/>
	<message comment="Jordan Henderson misses attempt (High, 18-yard box, Right footed, From corner)" minute="53" period="2" second="25" time="55" type="attempt missed" type_id="13"/>
	<message comment="Stewart Downing wins a corner (To the right)" minute="53" period="2" second="6" time="55" type="corner" type_id="6"/>
	<message comment="Steven Gerrard misses attempt (To the left, 18-yard box, Big Chance, Head, Open play)" minute="52" period="2" second="41" time="54" type="attempt missed" type_id="13"/>
	<message comment="Luis Suárez wins a corner (To the left)" minute="50" period="2" second="6" time="52" type="corner" type_id="6"/>
	<message comment="Julio César makes a save (Parried safe, Diving)" minute="49" period="2" second="46" time="51" type="save made" type_id="10"/>
	<message comment="Luis Suárez has attempt saved (High to the left, 18-yard box, Left footed, Open play)" minute="49" period="2" second="46" time="51" type="attempt blocked" type_id="15"/>
	<message comment="Shaun Derry is substituted on" minute="45" period="2" second="0" time="47" type="substitution on" type_id="19"/>
	<message comment="Djibril Cissé is substituted off" minute="45" period="2" second="0" time="47" type="substitution off" type_id="18"/>
	<message comment="Second half begins!" minute="45" period="2" second="0" time="47" type="start" type_id="32"/>
	<message comment="First half ends" minute="46" period="1" second="8" time="46" type="end" type_id="30"/>
	<message comment="Adel Taarabt misses attempt (Out of box, Right footed, Open play)" minute="44" period="1" second="35" time="44" type="attempt missed" type_id="13"/>
	<message comment="Steven Gerrard misses attempt (High, Out of box, Right footed, Open play)" minute="40" period="1" second="24" time="40" type="attempt missed" type_id="13"/>
	<message comment="Adel Taarabt has attempt saved (High to the right, Out of box, Left footed, Open play)" minute="39" period="1" second="23" time="39" type="attempt blocked" type_id="15"/>
	<message comment="Pepe Reina makes a save" minute="39" period="1" second="23" time="39" type="save made" type_id="10"/>
	<message comment="Armand Traore blocks a shot (Last line)" minute="36" period="1" second="55" time="36" type="save made" type_id="10"/>
	<message comment="Steven Gerrard has shot blocked (18-yard box, Big Chance, Right footed, Open play)" minute="36" period="1" second="55" time="36" type="attempt blocked" type_id="15"/>
	<message comment="Luis Suárez has shot blocked (18-yard box, Right footed, Open play)" minute="34" period="1" second="12" time="34" type="attempt blocked" type_id="15"/>
	<message comment="Clint Hill blocks a shot" minute="34" period="1" second="12" time="34" type="save made" type_id="10"/>
	<message comment="Jordan Henderson misses attempt (To the right, Out of box, Right footed, From corner)" minute="31" period="1" second="43" time="31" type="attempt missed" type_id="13"/>
	<message comment="Steven Gerrard wins a corner (To the left)" minute="31" period="1" second="20" time="31" type="corner" type_id="6"/>
	<message comment="Adel Taarabt has attempt saved (Low to the centre, Out of box, Right footed, Open play)" minute="30" period="1" second="27" time="30" type="attempt blocked" type_id="15"/>
	<message comment="Pepe Reina makes a save (Standing)" minute="30" period="1" second="27" time="30" type="save made" type_id="10"/>
	<message comment="Ryan Nelsen blocks a shot" minute="29" period="1" second="44" time="29" type="save made" type_id="10"/>
	<message comment="Luis Suárez has shot blocked (18-yard box, Right footed, Open play)" minute="29" period="1" second="44" time="29" type="attempt blocked" type_id="15"/>
	<message comment="Glen Johnson wins a corner (To the right)" minute="29" period="1" second="7" time="29" type="corner" type_id="6"/>
	<message comment="GOAL! Daniel Agger scores , Assisted by Steven Gerrard (Low to the right, 18-yard box, Head, From corner)" minute="27" period="1" second="0" time="27" type="goal scored" type_id="16"/>
	<message comment="Luis Suárez wins a corner (To the right)" minute="26" period="1" second="46" time="26" type="corner" type_id="6"/>
	<message comment="Jordan Henderson misses attempt (To the right, 18-yard box, Big Chance, Right footed, From corner)" minute="25" period="1" second="39" time="25" type="attempt missed" type_id="13"/>
	<message comment="Julio César makes a save (Parried into danger, Standing)" minute="25" period="1" second="36" time="25" type="save made" type_id="10"/>
	<message comment="Steven Gerrard has attempt saved (Low to the centre, Out of box, Right footed, From corner)" minute="25" period="1" second="36" time="25" type="attempt blocked" type_id="15"/>
	<message comment="Glen Johnson wins a corner (To the right)" minute="25" period="1" second="10" time="25" type="corner" type_id="6"/>
	<message comment="Ryan Nelsen blocks a shot" minute="25" period="1" second="7" time="25" type="save made" type_id="10"/>
	<message comment="Glen Johnson has shot blocked (18-yard box, Big Chance, Right footed, Open play)" minute="25" period="1" second="7" time="25" type="attempt blocked" type_id="15"/>
	<message comment="Clint Hill blocks a shot" minute="24" period="1" second="20" time="24" type="save made" type_id="10"/>
	<message comment="Stewart Downing has shot blocked (Out of box, Left footed, Open play)" minute="24" period="1" second="20" time="24" type="attempt blocked" type_id="15"/>
	<message comment="Luis Suárez misses attempt (High to the right, 18-yard box, Right footed, Open play)" minute="21" period="1" second="34" time="21" type="attempt missed" type_id="13"/>
	<message comment="Stéphane Mbia misses attempt (18-yard box, Right footed, Set piece)" minute="21" period="1" second="0" time="21" type="attempt missed" type_id="13"/>
	<message comment="Adel Taarabt has shot blocked (Out of box, Right footed, Free kick)" minute="20" period="1" second="47" time="20" type="attempt blocked" type_id="15"/>
	<message comment="Jordan Henderson blocks a shot" minute="20" period="1" second="47" time="20" type="save made" type_id="10"/>
	<message comment="Djibril Cissé is caught offside" minute="19" period="1" time="19" type="offside" type_id="10000"/>
	<message comment="Adel Taarabt misses attempt (High, Out of box, Right footed, Open play)" minute="16" period="1" second="21" time="16" type="attempt missed" type_id="13"/>
	<message comment="GOAL! Luis Suárez scores  (High to the right, 6-yard box, Big Chance, Left footed, Open play)" minute="15" period="1" second="23" time="15" type="goal scored" type_id="16"/>
	<message comment="GOAL! Luis Suárez scores , Assisted by Jordan Henderson (Low to the left, 18-yard box, Big Chance, Right footed, Open play)" minute="9" period="1" second="52" time="9" type="goal scored" type_id="16"/>
	<message comment="Formation Set" minute="0" period="14" second="0" time="5" type="end" type_id="30"/>
	<message comment="Joe Allen misses attempt (To the right, 18-yard box, Left footed, Open play)" minute="2" period="1" second="40" time="2" type="attempt missed" type_id="13"/>
	<message comment="Julio César makes a save (Diving, Parried into danger)" minute="2" period="1" second="36" time="2" type="save made" type_id="10"/>
	<message comment="Luis Suárez has attempt saved (High to the left, Out of box, Right footed, Open play)" minute="2" period="1" second="36" time="2" type="attempt blocked" type_id="15"/>
	<message comment="First half begins!" minute="0" period="1" second="0" time="0" type="start" type_id="32"/>
</Commentary>
