<?xml version="1.0" ?>
<Commentary away_team_name="Arsenal" competition="English Premier League" game_date="2014-01-01" home_team_name="Cardiff" lang_id="en" season="Season 2013/2014" season_id="2013" sport_id="1" sport_name="Football">
	<message comment="Second half ends" minute="95" period="2" second="6" time="98" type="end" type_id="30"/>
	<message comment="Steven Caulker has attempt saved (Low to the centre, 6-yard box, Right footed, Set piece)" minute="94" period="2" second="11" time="97" type="attempt blocked" type_id="15"/>
	<message comment="Wojciech Szczesny makes a save (Parried into danger, Diving, Other body part)" minute="94" period="2" second="11" time="97" type="save made" type_id="10"/>
	<message comment="GOAL! Theo Walcott scores , Assisted by Jack Wilshere (Low to the centre, 18-yard box, Big Chance, Right footed, Open play)" minute="91" period="2" second="17" time="94" type="goal scored" type_id="16"/>
	<message comment="Nicklas Bendtner is substituted off" minute="89" period="2" second="30" time="92" type="substitution off" type_id="18"/>
	<message comment="Thomas Vermaelen is substituted on" minute="89" period="2" second="30" time="92" type="substitution on" type_id="19"/>
	<message comment="GOAL! Nicklas Bendtner scores  (High to the centre, 6-yard box, Big Chance, Right footed, Open play)" minute="87" period="2" second="38" time="90" type="goal scored" type_id="16"/>
	<message comment="David Marshall makes a save (Diving, Parried into danger)" minute="87" period="2" second="37" time="90" type="save made" type_id="10"/>
	<message comment="Bacary Sagna has attempt saved (Low to the right, 18-yard box, Head, Open play)" minute="87" period="2" second="37" time="90" type="attempt blocked" type_id="15"/>
	<message comment="Nicklas Bendtner is caught offside" minute="86" period="2" time="89" type="offside" type_id="10000"/>
	<message comment="Theo Walcott misses attempt (High, 18-yard box, Right footed, Open play)" minute="85" period="2" second="27" time="88" type="attempt missed" type_id="13"/>
	<message comment="David Marshall makes a save (Standing)" minute="84" period="2" second="24" time="87" type="save made" type_id="10"/>
	<message comment="Santi Cazorla has attempt saved (High to the centre, Out of box, Left footed, Open play)" minute="84" period="2" second="24" time="87" type="attempt blocked" type_id="15"/>
	<message comment="Laurent Koscielny wins a corner (To the right)" minute="83" period="2" second="11" time="86" type="corner" type_id="6"/>
	<message comment="Aron Gunnarsson blocks a shot" minute="83" period="2" second="7" time="86" type="save made" type_id="10"/>
	<message comment="Laurent Koscielny has shot blocked (18-yard box, Head, From corner)" minute="83" period="2" second="7" time="86" type="attempt blocked" type_id="15"/>
	<message comment="Tomas Rosicky wins a corner (To the right)" minute="82" period="2" second="49" time="85" type="corner" type_id="6"/>
	<message comment="Nicklas Bendtner misses attempt (To the left, 6-yard box, Big Chance, Head, Open play)" minute="82" period="2" second="27" time="85" type="attempt missed" type_id="13"/>
	<message comment="Aron Gunnarsson blocks a shot" minute="81" period="2" second="47" time="84" type="save made" type_id="10"/>
	<message comment="Santi Cazorla has shot blocked (18-yard box, Left footed, Open play)" minute="81" period="2" second="47" time="84" type="attempt blocked" type_id="15"/>
	<message comment="Steven Caulker misses attempt (High, 18-yard box, Right footed, Open play)" minute="81" period="2" second="16" time="84" type="attempt missed" type_id="13"/>
	<message comment="Craig Noone wins a corner (To the right)" minute="80" period="2" second="24" time="83" type="corner" type_id="6"/>
	<message comment="Nicky Maynard has shot blocked (Out of box, Right footed, Open play)" minute="80" period="2" second="17" time="83" type="attempt blocked" type_id="15"/>
	<message comment="Laurent Koscielny blocks a shot" minute="80" period="2" second="17" time="83" type="save made" type_id="10"/>
	<message comment="Kim Bo-Kyung misses attempt (High, Out of box, Right footed, Open play)" minute="79" period="2" second="43" time="82" type="attempt missed" type_id="13"/>
	<message comment="Fraizer Campbell is substituted off" minute="79" period="2" second="16" time="82" type="substitution off" type_id="18"/>
	<message comment="Nicky Maynard is substituted on" minute="79" period="2" second="16" time="82" type="substitution on" type_id="19"/>
	<message comment="Theo Walcott misses attempt (Out of box, Right footed, Free kick)" minute="74" period="2" second="59" time="77" type="attempt missed" type_id="13"/>
	<message comment="David Marshall makes a save (Diving)" minute="71" period="2" second="43" time="74" type="save made" type_id="10"/>
	<message comment="Santi Cazorla has attempt saved (Low to the left, Out of box, Right footed, Fast break)" minute="71" period="2" second="43" time="74" type="attempt blocked" type_id="15"/>
	<message comment="Jack Wilshere misses attempt (To the right, Out of box, Left footed, Open play)" minute="69" period="2" second="54" time="72" type="attempt missed" type_id="13"/>
	<message comment="Per Mertesacker wins a corner (To the right)" minute="69" period="2" second="13" time="72" type="corner" type_id="6"/>
	<message comment="Steven Caulker blocks a shot" minute="69" period="2" second="10" time="72" type="save made" type_id="10"/>
	<message comment="Per Mertesacker has shot blocked (18-yard box, Head, From corner)" minute="69" period="2" second="10" time="72" type="attempt blocked" type_id="15"/>
	<message comment="Tomas Rosicky wins a corner (To the right)" minute="68" period="2" second="50" time="71" type="corner" type_id="6"/>
	<message comment="Per Mertesacker hits the woodwork (To the left, 18-yard box, Big Chance, Head, From corner)" minute="67" period="2" second="58" time="70" type="woodwork hit" type_id="14"/>
	<message comment="Nacho Monreal wins a corner (To the right)" minute="67" period="2" second="40" time="70" type="corner" type_id="6"/>
	<message comment="Jordon Mutch is substituted off" minute="66" period="2" second="55" time="69" type="substitution off" type_id="18"/>
	<message comment="Don Cowie is substituted on" minute="66" period="2" second="55" time="69" type="substitution on" type_id="19"/>
	<message comment="Per Mertesacker misses attempt (18-yard box, Big Chance, Head, From corner)" minute="66" period="2" second="25" time="69" type="attempt missed" type_id="13"/>
	<message comment="Ben Turner blocks a shot" minute="66" period="2" second="16" time="69" type="save made" type_id="10"/>
	<message comment="Nicklas Bendtner has shot blocked (18-yard box, Head, From corner)" minute="66" period="2" second="16" time="69" type="attempt blocked" type_id="15"/>
	<message comment="Tomas Rosicky wins a corner (To the right)" minute="65" period="2" second="1" time="68" type="corner" type_id="6"/>
	<message comment="Mathieu Flamini is substituted off" minute="64" period="2" second="12" time="67" type="substitution off" type_id="18"/>
	<message comment="Tomas Rosicky is substituted on" minute="64" period="2" second="12" time="67" type="substitution on" type_id="19"/>
	<message comment="Lukas Podolski is substituted off" minute="64" period="2" second="0" time="67" type="substitution off" type_id="18"/>
	<message comment="Nicklas Bendtner is substituted on" minute="64" period="2" second="0" time="67" type="substitution on" type_id="19"/>
	<message comment="Jack Wilshere hits the woodwork (To the left, 18-yard box, Left footed, Open play)" minute="63" period="2" second="29" time="66" type="woodwork hit" type_id="14"/>
	<message comment="Gary Medel is substituted off" minute="60" period="2" second="33" time="63" type="substitution off" type_id="18"/>
	<message comment="Aron Gunnarsson is substituted on" minute="60" period="2" second="33" time="63" type="substitution on" type_id="19"/>
	<message comment="Fraizer Campbell wins a corner (To the left)" minute="59" period="2" second="43" time="62" type="corner" type_id="6"/>
	<message comment="David Marshall recieves a yellow card" minute="59" period="2" second="15" time="62" type="card received" type_id="17"/>
	<message comment="Jack Wilshere wins a corner (To the left)" minute="56" period="2" second="14" time="59" type="corner" type_id="6"/>
	<message comment="Theo Walcott misses attempt (To the left, Out of box, Right footed, From corner)" minute="55" period="2" second="53" time="58" type="attempt missed" type_id="13"/>
	<message comment="Theo Walcott wins a corner (To the left)" minute="55" period="2" second="32" time="58" type="corner" type_id="6"/>
	<message comment="Ben Turner recieves a yellow card" minute="54" period="2" second="14" time="57" type="card received" type_id="17"/>
	<message comment="David Marshall makes a save (Standing)" minute="52" period="2" second="49" time="55" type="save made" type_id="10"/>
	<message comment="Theo Walcott has attempt saved (High to the right, 18-yard box, Right footed, From corner)" minute="52" period="2" second="49" time="55" type="attempt blocked" type_id="15"/>
	<message comment="Lukas Podolski wins a corner (To the left)" minute="52" period="2" second="23" time="55" type="corner" type_id="6"/>
	<message comment="Steven Caulker blocks a shot" minute="52" period="2" second="20" time="55" type="save made" type_id="10"/>
	<message comment="Lukas Podolski has shot blocked (18-yard box, Left footed, Open play)" minute="52" period="2" second="20" time="55" type="attempt blocked" type_id="15"/>
	<message comment="Lukas Podolski wins a corner (To the left)" minute="50" period="2" second="44" time="53" type="corner" type_id="6"/>
	<message comment="Bacary Sagna misses attempt (High to the left, Out of box, Left footed, Open play)" minute="49" period="2" second="13" time="52" type="attempt missed" type_id="13"/>
	<message comment="Jordon Mutch has shot blocked (Out of box, Right footed, Open play)" minute="46" period="2" second="56" time="49" type="attempt blocked" type_id="15"/>
	<message comment="Mathieu Flamini blocks a shot" minute="46" period="2" second="56" time="49" type="save made" type_id="10"/>
	<message comment="Second half begins!" minute="45" period="2" second="0" time="48" type="start" type_id="32"/>
	<message comment="First half ends" minute="47" period="1" second="5" time="47" type="end" type_id="30"/>
	<message comment="Bacary Sagna wins a corner (To the right)" minute="46" period="1" second="1" time="46" type="corner" type_id="6"/>
	<message comment="Lukas Podolski wins a corner (To the left)" minute="43" period="1" second="2" time="43" type="corner" type_id="6"/>
	<message comment="Santi Cazorla has shot blocked (18-yard box, Right footed, Open play)" minute="42" period="1" second="58" time="42" type="attempt blocked" type_id="15"/>
	<message comment="Craig Noone misses attempt (High to the left, Out of box, Left footed, Open play)" minute="41" period="1" second="29" time="41" type="attempt missed" type_id="13"/>
	<message comment="Fraizer Campbell is caught offside" minute="41" period="1" time="41" type="offside" type_id="10000"/>
	<message comment="Jordon Mutch has shot blocked (Out of box, Right footed, Open play)" minute="39" period="1" second="1" time="39" type="attempt blocked" type_id="15"/>
	<message comment="Laurent Koscielny blocks a shot" minute="39" period="1" second="1" time="39" type="save made" type_id="10"/>
	<message comment="Steven Caulker blocks a shot" minute="33" period="1" second="29" time="33" type="save made" type_id="10"/>
	<message comment="Jack Wilshere has shot blocked (Out of box, Left footed, Open play)" minute="33" period="1" second="29" time="33" type="attempt blocked" type_id="15"/>
	<message comment="Theo Walcott misses attempt (18-yard box, Left footed, Open play)" minute="30" period="1" second="7" time="30" type="attempt missed" type_id="13"/>
	<message comment="Per Mertesacker recieves a yellow card" minute="27" period="1" second="45" time="27" type="card received" type_id="17"/>
	<message comment="Jordon Mutch has attempt saved (Low to the right, 18-yard box, Left footed, Open play)" minute="27" period="1" second="24" time="27" type="attempt blocked" type_id="15"/>
	<message comment="Wojciech Szczesny makes a save (Parried safe, Diving)" minute="27" period="1" second="24" time="27" type="save made" type_id="10"/>
	<message comment="Santi Cazorla misses attempt (To the left, Out of box, Right footed, Open play)" minute="27" period="1" second="8" time="27" type="attempt missed" type_id="13"/>
	<message comment="Theo Walcott misses attempt (18-yard box, Right footed, Open play)" minute="25" period="1" second="22" time="25" type="attempt missed" type_id="13"/>
	<message comment="Santi Cazorla misses attempt (To the right, Out of box, Left footed, Open play)" minute="17" period="1" second="18" time="17" type="attempt missed" type_id="13"/>
	<message comment="Ben Turner blocks a shot" minute="15" period="1" second="4" time="15" type="save made" type_id="10"/>
	<message comment="Bacary Sagna has shot blocked (Out of box, Right footed, Free kick)" minute="15" period="1" second="4" time="15" type="attempt blocked" type_id="15"/>
	<message comment="Theo Walcott misses attempt (6-yard box, Right footed, Open play)" minute="12" period="1" second="54" time="12" type="attempt missed" type_id="13"/>
	<message comment="Fraizer Campbell is caught offside" minute="11" period="1" time="11" type="offside" type_id="10000"/>
	<message comment="Ben Turner is caught offside" minute="9" period="1" time="9" type="offside" type_id="10000"/>
	<message comment="Theo Walcott is caught offside" minute="8" period="1" time="8" type="offside" type_id="10000"/>
	<message comment="Formation Set" minute="0" period="14" second="0" time="8" type="end" type_id="30"/>
	<message comment="Theo Walcott is caught offside" minute="3" period="1" time="3" type="offside" type_id="10000"/>
	<message comment="First half begins!" minute="0" period="1" second="0" time="0" type="start" type_id="32"/>
</Commentary>
