<?xml version="1.0" ?>
<Commentary away_team_name="Arsenal" competition="English Premier League" game_date="2011-09-24" home_team_name="Bolton" lang_id="en" season="Season 2011/2012" season_id="2011" sport_id="1" sport_name="Football">
	<message comment="Second half ends" minute="93" period="2" second="0" time="95" type="end" type_id="30"/>
	<message comment="Andrey Arshavin misses attempt (18-yard box, Right footed, Open play)" minute="92" period="2" second="30" time="94" type="attempt missed" type_id="13"/>
	<message comment="Nigel Reo-Coker wins a corner (To the right)" minute="89" period="2" second="41" time="91" type="corner" type_id="6"/>
	<message comment="Nigel Reo-Coker has shot blocked (Out of box, Right footed, Open play)" minute="89" period="2" second="39" time="91" type="attempt blocked" type_id="15"/>
	<message comment="Alexandre Song blocks a shot" minute="89" period="2" second="39" time="91" type="save made" type_id="10"/>
	<message comment="GOAL! Alexandre Song scores , Assisted by Aaron Ramsey (High to the right, 18-yard box, Right footed, Open play)" minute="88" period="2" second="15" time="90" type="goal scored" type_id="16"/>
	<message comment="Robin van Persie is substituted off" minute="85" period="2" second="16" time="87" type="substitution off" type_id="18"/>
	<message comment="Marouane Chamakh is substituted on" minute="85" period="2" second="16" time="87" type="substitution on" type_id="19"/>
	<message comment="Theo Walcott misses attempt (High to the right, 18-yard box, Right footed, Open play)" minute="84" period="2" second="38" time="86" type="attempt missed" type_id="13"/>
	<message comment="Aaron Ramsey misses attempt (To the left, Out of box, Left footed, From corner)" minute="83" period="2" second="13" time="85" type="attempt missed" type_id="13"/>
	<message comment="Robin van Persie wins a corner (To the left)" minute="82" period="2" second="50" time="84" type="corner" type_id="6"/>
	<message comment="Zat Knight blocks a shot" minute="82" period="2" second="48" time="84" type="save made" type_id="10"/>
	<message comment="Robin van Persie has shot blocked (18-yard box, Left footed, Open play)" minute="82" period="2" second="48" time="84" type="attempt blocked" type_id="15"/>
	<message comment="Tomas Rosicky wins a corner (To the right)" minute="81" period="2" second="30" time="83" type="corner" type_id="6"/>
	<message comment="Mikel Arteta is substituted off" minute="81" period="2" second="5" time="83" type="substitution off" type_id="18"/>
	<message comment="Tomas Rosicky is substituted on" minute="81" period="2" second="5" time="83" type="substitution on" type_id="19"/>
	<message comment="Kevin Davies is caught offside" minute="80" period="2" time="82" type="offside" type_id="10000"/>
	<message comment="Gervinho is substituted off" minute="77" period="2" second="54" time="79" type="substitution off" type_id="18"/>
	<message comment="Andrey Arshavin is substituted on" minute="77" period="2" second="54" time="79" type="substitution on" type_id="19"/>
	<message comment="Jussi Jääskeläinen makes a save (Diving)" minute="77" period="2" second="5" time="79" type="save made" type_id="10"/>
	<message comment="Theo Walcott has attempt saved (Low to the left, Out of box, Big Chance, Right footed, Fast break)" minute="77" period="2" second="5" time="79" type="attempt blocked" type_id="15"/>
	<message comment="Jussi Jääskeläinen makes a save (Collected, Diving)" minute="75" period="2" second="1" time="77" type="save made" type_id="10"/>
	<message comment="Aaron Ramsey has attempt saved (Low to the centre, Out of box, Right footed, Open play)" minute="75" period="2" second="1" time="77" type="attempt blocked" type_id="15"/>
	<message comment="GOAL! Robin van Persie scores , Assisted by Theo Walcott (Low to the centre, 6-yard box, Big Chance, Left footed, Open play)" minute="70" period="2" second="42" time="72" type="goal scored" type_id="16"/>
	<message comment="Chris Eagles is substituted off" minute="70" period="2" second="20" time="72" type="substitution off" type_id="18"/>
	<message comment="Mark Davies is substituted on" minute="70" period="2" second="20" time="72" type="substitution on" type_id="19"/>
	<message comment="Theo Walcott wins a corner (To the right)" minute="66" period="2" second="51" time="68" type="corner" type_id="6"/>
	<message comment="Jussi Jääskeläinen makes a save (Diving, Parried safe)" minute="66" period="2" second="27" time="68" type="save made" type_id="10"/>
	<message comment="Laurent Koscielny has attempt saved (Low to the left, Out of box, Right footed, From corner)" minute="66" period="2" second="27" time="68" type="attempt blocked" type_id="15"/>
	<message comment="Robin van Persie wins a corner (To the left)" minute="66" period="2" second="11" time="68" type="corner" type_id="6"/>
	<message comment="Jussi Jääskeläinen makes a save (Diving)" minute="66" period="2" second="9" time="68" type="save made" type_id="10"/>
	<message comment="Robin van Persie has attempt saved (Low to the left, 18-yard box, Head, Open play)" minute="66" period="2" second="9" time="68" type="attempt blocked" type_id="15"/>
	<message comment="Robin van Persie misses attempt (Out of box, Left footed, Fast break)" minute="62" period="2" second="24" time="64" type="attempt missed" type_id="13"/>
	<message comment="Chris Eagles has attempt saved (Low to the centre, Out of box, Right footed, Fast break)" minute="62" period="2" second="10" time="64" type="attempt blocked" type_id="15"/>
	<message comment="Wojciech Szczesny makes a save (Diving)" minute="62" period="2" second="10" time="64" type="save made" type_id="10"/>
	<message comment="Paul Robinson blocks a shot" minute="61" period="2" second="52" time="63" type="save made" type_id="10"/>
	<message comment="Bacary Sagna has shot blocked (Out of box, Left footed, From corner)" minute="61" period="2" second="52" time="63" type="attempt blocked" type_id="15"/>
	<message comment="Mikel Arteta wins a corner (To the right)" minute="61" period="2" second="29" time="63" type="corner" type_id="6"/>
	<message comment="Jussi Jääskeläinen makes a save (Parried safe, Diving, Other body part)" minute="61" period="2" second="26" time="63" type="save made" type_id="10"/>
	<message comment="Mikel Arteta has attempt saved (Low to the right, 18-yard box, Right footed, Open play)" minute="61" period="2" second="26" time="63" type="attempt blocked" type_id="15"/>
	<message comment="Mikel Arteta wins a corner (To the right)" minute="57" period="2" second="55" time="59" type="corner" type_id="6"/>
	<message comment="Dedryck Boyata blocks a shot" minute="57" period="2" second="53" time="59" type="save made" type_id="10"/>
	<message comment="Mikel Arteta has shot blocked (18-yard box, Right footed, Open play)" minute="57" period="2" second="53" time="59" type="attempt blocked" type_id="15"/>
	<message comment="Jussi Jääskeläinen makes a save (Diving)" minute="56" period="2" second="9" time="58" type="save made" type_id="10"/>
	<message comment="Robin van Persie has attempt saved (Low to the centre, Out of box, Left footed, Free kick)" minute="56" period="2" second="9" time="58" type="attempt blocked" type_id="15"/>
	<message comment="Fabrice Muamba is substituted off" minute="55" period="2" second="57" time="57" type="substitution off" type_id="18"/>
	<message comment="Dedryck Boyata is substituted on" minute="55" period="2" second="57" time="57" type="substitution on" type_id="19"/>
	<message comment="David Wheater recieves a red card" minute="54" period="2" second="23" time="56" type="card received" type_id="17"/>
	<message comment="David Wheater blocks a shot" minute="52" period="2" second="43" time="54" type="save made" type_id="10"/>
	<message comment="Theo Walcott has shot blocked (18-yard box, Left footed, Open play)" minute="52" period="2" second="43" time="54" type="attempt blocked" type_id="15"/>
	<message comment="Jussi Jääskeläinen makes a save (Parried into danger, Diving)" minute="48" period="2" second="10" time="50" type="save made" type_id="10"/>
	<message comment="Robin van Persie has attempt saved (Low to the left, 18-yard box, Right footed, Fast break)" minute="48" period="2" second="10" time="50" type="attempt blocked" type_id="15"/>
	<message comment="Grétar Steinsson recieves a yellow card" minute="46" period="2" second="0" time="48" type="card received" type_id="17"/>
	<message comment="GOAL! Robin van Persie scores , Assisted by Aaron Ramsey (Low to the left, 18-yard box, Left footed, Fast break)" minute="45" period="2" second="37" time="47" type="goal scored" type_id="16"/>
	<message comment="Second half begins!" minute="45" period="2" second="0" time="47" type="start" type_id="32"/>
	<message comment="First half ends" minute="46" period="1" second="58" time="46" type="end" type_id="30"/>
	<message comment="Theo Walcott misses attempt (To the right, Out of box, Right footed, Fast break)" minute="46" period="1" second="7" time="46" type="attempt missed" type_id="13"/>
	<message comment="Robin van Persie has shot blocked (18-yard box, Left footed, Open play)" minute="45" period="1" second="35" time="45" type="attempt blocked" type_id="15"/>
	<message comment="David Wheater blocks a shot" minute="45" period="1" second="35" time="45" type="save made" type_id="10"/>
	<message comment="Gervinho wins a corner (To the right)" minute="44" period="1" second="21" time="44" type="corner" type_id="6"/>
	<message comment="Aaron Ramsey misses attempt (To the left, Out of box, Left footed, Open play)" minute="40" period="1" second="4" time="40" type="attempt missed" type_id="13"/>
	<message comment="Paul Robinson blocks a shot" minute="40" period="1" second="1" time="40" type="save made" type_id="10"/>
	<message comment="Theo Walcott has shot blocked (18-yard box, Right footed, Open play)" minute="40" period="1" second="1" time="40" type="attempt blocked" type_id="15"/>
	<message comment="Laurent Koscielny misses attempt (To the left, 18-yard box, Left footed, Open play)" minute="37" period="1" second="51" time="37" type="attempt missed" type_id="13"/>
	<message comment="Kevin Davies blocks a shot" minute="37" period="1" second="49" time="37" type="save made" type_id="10"/>
	<message comment="Theo Walcott has shot blocked (Out of box, Right footed, Open play)" minute="37" period="1" second="49" time="37" type="attempt blocked" type_id="15"/>
	<message comment="Gervinho misses attempt (Out of box, Right footed, Open play)" minute="32" period="1" second="56" time="32" type="attempt missed" type_id="13"/>
	<message comment="Darren Pratley is caught offside" minute="32" period="1" time="32" type="offside" type_id="10000"/>
	<message comment="Theo Walcott is caught offside" minute="31" period="1" time="31" type="offside" type_id="10000"/>
	<message comment="Alexandre Song wins a corner (To the left)" minute="24" period="1" second="33" time="24" type="corner" type_id="6"/>
	<message comment="David N'Gog is substituted off" minute="19" period="1" second="45" time="19" type="substitution off" type_id="18"/>
	<message comment="Kevin Davies is substituted on" minute="19" period="1" second="45" time="19" type="substitution on" type_id="19"/>
	<message comment="Robin van Persie is caught offside" minute="17" period="1" time="17" type="offside" type_id="10000"/>
	<message comment="Robin van Persie wins a corner (To the left)" minute="15" period="1" second="11" time="15" type="corner" type_id="6"/>
	<message comment="Paul Robinson blocks a shot" minute="15" period="1" second="9" time="15" type="save made" type_id="10"/>
	<message comment="Robin van Persie has shot blocked (Out of box, Left footed, Open play)" minute="15" period="1" second="9" time="15" type="attempt blocked" type_id="15"/>
	<message comment="David N'Gog is caught offside" minute="10" period="1" time="10" type="offside" type_id="10000"/>
	<message comment="Robin van Persie misses attempt (Out of box, Left footed, Free kick)" minute="8" period="1" second="55" time="8" type="attempt missed" type_id="13"/>
	<message comment="Jussi Jääskeläinen makes a save (Diving)" minute="6" period="1" second="21" time="6" type="save made" type_id="10"/>
	<message comment="Gervinho has attempt saved (Low to the left, 18-yard box, Big Chance, Right footed, Fast break)" minute="6" period="1" second="21" time="6" type="attempt blocked" type_id="15"/>
	<message comment="Formation Set" minute="0" period="14" second="0" time="5" type="end" type_id="30"/>
	<message comment="David Wheater wins a corner (To the right)" minute="1" period="1" second="50" time="1" type="corner" type_id="6"/>
	<message comment="Wojciech Szczesny makes a save (Parried safe, Diving)" minute="1" period="1" second="46" time="1" type="save made" type_id="10"/>
	<message comment="Darren Pratley has attempt saved (Low to the right, 18-yard box, Right footed, Set piece)" minute="1" period="1" second="46" time="1" type="attempt blocked" type_id="15"/>
	<message comment="First half begins!" minute="0" period="1" second="0" time="0" type="start" type_id="32"/>
</Commentary>
