<?xml version="1.0" ?>
<Commentary away_team_name="Arsenal" competition="English Premier League" game_date="2013-04-13" home_team_name="Norwich" lang_id="en" season="Season 2012/2013" season_id="2012" sport_id="1" sport_name="Football">
	<message comment="Second half ends" minute="96" period="2" second="4" time="99" type="end" type_id="30"/>
	<message comment="Robert Snodgrass recieves a yellow card" minute="92" period="2" second="54" time="95" type="card received" type_id="17"/>
	<message comment="GOAL! Lukas Podolski scores , Assisted by Theo Walcott (Low to the right, Out of box, Left footed, Open play)" minute="91" period="2" second="14" time="94" type="goal scored" type_id="16"/>
	<message comment="Olivier Giroud wins a corner (To the right)" minute="90" period="2" second="19" time="93" type="corner" type_id="6"/>
	<message comment="Mark Bunn makes a save (Diving, Parried safe)" minute="90" period="2" second="17" time="93" type="save made" type_id="10"/>
	<message comment="Olivier Giroud has attempt saved (High to the centre, 18-yard box, Left footed, Open play)" minute="90" period="2" second="17" time="93" type="attempt blocked" type_id="15"/>
	<message comment="Russell Martin has attempt saved (High to the left, 18-yard box, Head, From corner)" minute="89" period="2" second="40" time="92" type="attempt blocked" type_id="15"/>
	<message comment="Lukasz Fabianski makes a save (Standing)" minute="89" period="2" second="40" time="92" type="save made" type_id="10"/>
	<message comment="Alexander Tettey is substituted off" minute="89" period="2" second="27" time="92" type="substitution off" type_id="18"/>
	<message comment="Simeon Jackson is substituted on" minute="89" period="2" second="27" time="92" type="substitution on" type_id="19"/>
	<message comment="Jonny Howson wins a corner (To the left)" minute="88" period="2" second="50" time="91" type="corner" type_id="6"/>
	<message comment="Jonny Howson has attempt saved (Low to the centre, 18-yard box, Right footed, Open play)" minute="88" period="2" second="49" time="91" type="attempt blocked" type_id="15"/>
	<message comment="Lukasz Fabianski makes a save (Parried safe, Diving)" minute="88" period="2" second="49" time="91" type="save made" type_id="10"/>
	<message comment="GOAL! Olivier Giroud scores , Assisted by Alex Oxlade-Chamberlain (Low to the centre, 6-yard box, Left footed, Open play)" minute="87" period="2" second="32" time="90" type="goal scored" type_id="16"/>
	<message comment="Grant Holt is caught offside" minute="86" period="2" time="89" type="offside" type_id="10000"/>
	<message comment="GOAL! Mikel Arteta scores  (Low to the right, 18-yard box, Penalty, Big Chance, Right footed)" minute="84" period="2" second="16" time="87" type="goal scored" type_id="16"/>
	<message comment="Mark Bunn recieves a yellow card" minute="82" period="2" second="55" time="85" type="card received" type_id="17"/>
	<message comment="Sebastien Bassong blocks a shot" minute="82" period="2" second="20" time="85" type="save made" type_id="10"/>
	<message comment="Aaron Ramsey has shot blocked (18-yard box, Right footed, From corner)" minute="82" period="2" second="20" time="85" type="attempt blocked" type_id="15"/>
	<message comment="Aaron Ramsey wins a corner (To the right)" minute="81" period="2" second="54" time="84" type="corner" type_id="6"/>
	<message comment="Bacary Sagna is substituted off" minute="79" period="2" second="57" time="82" type="substitution off" type_id="18"/>
	<message comment="Alex Oxlade-Chamberlain is substituted on" minute="79" period="2" second="57" time="82" type="substitution on" type_id="19"/>
	<message comment="Robert Snodgrass is caught offside" minute="79" period="2" time="82" type="offside" type_id="10000"/>
	<message comment="Mark Bunn makes a save (Diving)" minute="77" period="2" second="55" time="80" type="save made" type_id="10"/>
	<message comment="Lukas Podolski has attempt saved (High to the centre, 18-yard box, Left footed, Open play)" minute="77" period="2" second="55" time="80" type="attempt blocked" type_id="15"/>
	<message comment="Robert Snodgrass has shot blocked (Out of box, Left footed, Free kick)" minute="74" period="2" second="59" time="77" type="attempt blocked" type_id="15"/>
	<message comment="Mikel Arteta blocks a shot" minute="74" period="2" second="59" time="77" type="save made" type_id="10"/>
	<message comment="Russell Martin has attempt saved (Low to the centre, 18-yard box, Right footed, Fast break)" minute="71" period="2" second="55" time="74" type="attempt blocked" type_id="15"/>
	<message comment="Lukasz Fabianski makes a save (Standing)" minute="71" period="2" second="55" time="74" type="save made" type_id="10"/>
	<message comment="David Fox blocks a shot" minute="67" period="2" second="29" time="70" type="save made" type_id="10"/>
	<message comment="Santi Cazorla has shot blocked (Out of box, Left footed, Open play)" minute="67" period="2" second="29" time="70" type="attempt blocked" type_id="15"/>
	<message comment="Sebastien Bassong blocks a shot" minute="66" period="2" second="56" time="69" type="save made" type_id="10"/>
	<message comment="Theo Walcott has shot blocked (18-yard box, Right footed, Open play)" minute="66" period="2" second="56" time="69" type="attempt blocked" type_id="15"/>
	<message comment="Theo Walcott is caught offside" minute="64" period="2" time="67" type="offside" type_id="10000"/>
	<message comment="Grant Holt is caught offside" minute="62" period="2" time="65" type="offside" type_id="10000"/>
	<message comment="Bradley Johnson is substituted off" minute="61" period="2" second="38" time="64" type="substitution off" type_id="18"/>
	<message comment="David Fox is substituted on" minute="61" period="2" second="38" time="64" type="substitution on" type_id="19"/>
	<message comment="Lukas Podolski is caught offside" minute="60" period="2" time="63" type="offside" type_id="10000"/>
	<message comment="Gervinho is substituted off" minute="59" period="2" second="28" time="62" type="substitution off" type_id="18"/>
	<message comment="Lukas Podolski is substituted on" minute="59" period="2" second="28" time="62" type="substitution on" type_id="19"/>
	<message comment="Jack Wilshere is substituted off" minute="59" period="2" second="15" time="62" type="substitution off" type_id="18"/>
	<message comment="Theo Walcott is substituted on" minute="59" period="2" second="15" time="62" type="substitution on" type_id="19"/>
	<message comment="GOAL! Michael Turner scores , Assisted by Robert Snodgrass (Low to the left, 18-yard box, Big Chance, Head, Set piece)" minute="55" period="2" second="58" time="58" type="goal scored" type_id="16"/>
	<message comment="Michael Turner blocks a shot" minute="53" period="2" second="16" time="56" type="save made" type_id="10"/>
	<message comment="Jack Wilshere has shot blocked (18-yard box, Left footed, From corner)" minute="53" period="2" second="16" time="56" type="attempt blocked" type_id="15"/>
	<message comment="Gervinho wins a corner (To the right)" minute="52" period="2" second="29" time="55" type="corner" type_id="6"/>
	<message comment="Jack Wilshere wins a corner (To the left)" minute="50" period="2" second="37" time="53" type="corner" type_id="6"/>
	<message comment="Robert Snodgrass wins a corner (To the left)" minute="48" period="2" second="40" time="51" type="corner" type_id="6"/>
	<message comment="Second half begins!" minute="45" period="2" second="0" time="48" type="start" type_id="32"/>
	<message comment="First half ends" minute="47" period="1" second="0" time="47" type="end" type_id="30"/>
	<message comment="Jack Wilshere wins a corner (To the left)" minute="46" period="1" second="39" time="46" type="corner" type_id="6"/>
	<message comment="Olivier Giroud wins a corner (To the right)" minute="46" period="1" second="15" time="46" type="corner" type_id="6"/>
	<message comment="Olivier Giroud misses attempt (To the right, 18-yard box, Head, From corner)" minute="46" period="1" second="12" time="46" type="attempt missed" type_id="13"/>
	<message comment="Mikel Arteta wins a corner (To the left)" minute="45" period="1" second="51" time="45" type="corner" type_id="6"/>
	<message comment="Bacary Sagna wins a corner (To the left)" minute="42" period="1" second="17" time="42" type="corner" type_id="6"/>
	<message comment="Kei Kamara is caught offside" minute="41" period="1" time="41" type="offside" type_id="10000"/>
	<message comment="Mark Bunn makes a save (Standing)" minute="39" period="1" second="4" time="39" type="save made" type_id="10"/>
	<message comment="Santi Cazorla has attempt saved (Low to the centre, Out of box, Left footed, Open play)" minute="39" period="1" second="4" time="39" type="attempt blocked" type_id="15"/>
	<message comment="Robert Snodgrass wins a corner (To the left)" minute="34" period="1" second="45" time="34" type="corner" type_id="6"/>
	<message comment="Bacary Sagna recieves a yellow card" minute="33" period="1" second="56" time="33" type="card received" type_id="17"/>
	<message comment="Olivier Giroud has attempt saved (Low to the centre, 6-yard box, Left footed, Open play)" minute="30" period="1" second="46" time="30" type="attempt blocked" type_id="15"/>
	<message comment="Mark Bunn makes a save (Parried into danger, Other body part)" minute="30" period="1" second="46" time="30" type="save made" type_id="10"/>
	<message comment="Gervinho misses attempt (To the left, 18-yard box, Big Chance, Right footed, Open play)" minute="28" period="1" second="25" time="28" type="attempt missed" type_id="13"/>
	<message comment="Olivier Giroud hits the woodwork (High, 18-yard box, Head, Open play)" minute="22" period="1" second="41" time="22" type="woodwork hit" type_id="14"/>
	<message comment="Jack Wilshere is caught offside" minute="14" period="1" time="14" type="offside" type_id="10000"/>
	<message comment="Formation Set" minute="0" period="14" second="0" time="9" type="end" type_id="30"/>
	<message comment="Aaron Ramsey wins a corner (To the right)" minute="0" period="1" second="37" time="0" type="corner" type_id="6"/>
	<message comment="First half begins!" minute="0" period="1" second="0" time="0" type="start" type_id="32"/>
</Commentary>
