<?xml version="1.0" ?>
<Commentary away_team_name="Arsenal" competition="English Premier League" game_date="2011-01-22" home_team_name="Wigan" lang_id="en" season="Season 2010/2011" season_id="2010" sport_id="1" sport_name="Football">
	<message comment="Second half ends" minute="93" period="2" second="3" time="95" type="end" type_id="30"/>
	<message comment="Theo Walcott wins a corner (To the right)" minute="92" period="2" second="18" time="94" type="corner" type_id="6"/>
	<message comment="Franco Di Santo is caught offside" minute="90" period="2" time="92" type="offside" type_id="10000"/>
	<message comment="Theo Walcott misses attempt (High to the right, 18-yard box, Right footed, Open play)" minute="89" period="2" second="40" time="91" type="attempt missed" type_id="13"/>
	<message comment="Steven Caldwell blocks a shot" minute="88" period="2" second="34" time="90" type="save made" type_id="10"/>
	<message comment="Bacary Sagna has shot blocked (Out of box, Right footed, Open play)" minute="88" period="2" second="34" time="90" type="attempt blocked" type_id="15"/>
	<message comment="Cesc Fàbregas is substituted off" minute="86" period="2" second="5" time="88" type="substitution off" type_id="18"/>
	<message comment="Denilson is substituted on" minute="86" period="2" second="5" time="88" type="substitution on" type_id="19"/>
	<message comment="Robin van Persie is substituted off" minute="85" period="2" second="55" time="87" type="substitution off" type_id="18"/>
	<message comment="Marouane Chamakh is substituted on" minute="85" period="2" second="55" time="87" type="substitution on" type_id="19"/>
	<message comment="GOAL! Robin van Persie scores , Assisted by Theo Walcott (High to the left, 18-yard box, Right footed, Open play)" minute="84" period="2" second="49" time="86" type="goal scored" type_id="16"/>
	<message comment="Alexandre Song misses attempt (To the left, Out of box, Right footed, Open play)" minute="83" period="2" second="51" time="85" type="attempt missed" type_id="13"/>
	<message comment="Hugo Rodallega is caught offside" minute="83" period="2" time="85" type="offside" type_id="10000"/>
	<message comment="Emmerson Boyce is substituted on" minute="77" period="2" second="31" time="79" type="substitution on" type_id="19"/>
	<message comment="Charles N'Zogbia is substituted off" minute="77" period="2" second="31" time="79" type="substitution off" type_id="18"/>
	<message comment="Andrey Arshavin is substituted on" minute="74" period="2" second="50" time="76" type="substitution on" type_id="19"/>
	<message comment="Samir Nasri is substituted off" minute="74" period="2" second="50" time="76" type="substitution off" type_id="18"/>
	<message comment="Robin van Persie hits the woodwork (To the left, Out of box, Left footed, Open play)" minute="73" period="2" second="9" time="75" type="woodwork hit" type_id="14"/>
	<message comment="Franco Di Santo misses attempt (High to the left, 18-yard box, Head, Open play)" minute="71" period="2" second="8" time="73" type="attempt missed" type_id="13"/>
	<message comment="Robin van Persie misses attempt (High, 18-yard box, Big Chance, Penalty, Left footed)" minute="70" period="2" second="12" time="72" type="attempt missed" type_id="13"/>
	<message comment="Gary Caldwell recieves a red card" minute="69" period="2" second="15" time="71" type="card received" type_id="17"/>
	<message comment="Cesc Fàbregas misses attempt (To the right, 18-yard box, Right footed, Open play)" minute="68" period="2" second="7" time="70" type="attempt missed" type_id="13"/>
	<message comment="Hendry Thomas recieves a yellow card" minute="66" period="2" second="17" time="68" type="card received" type_id="17"/>
	<message comment="Jack Wilshere misses attempt (To the right, Out of box, Left footed, Throw-in)" minute="65" period="2" second="22" time="67" type="attempt missed" type_id="13"/>
	<message comment="Franco Di Santo misses attempt (To the left, 18-yard box, Big Chance, Head, Open play)" minute="64" period="2" second="24" time="66" type="attempt missed" type_id="13"/>
	<message comment="GOAL! Robin van Persie scores , Assisted by Cesc Fàbregas (High to the centre, 18-yard box, Left footed, Open play)" minute="57" period="2" second="40" time="59" type="goal scored" type_id="16"/>
	<message comment="Theo Walcott misses attempt (To the right, 18-yard box, Right footed, Open play)" minute="56" period="2" second="6" time="58" type="attempt missed" type_id="13"/>
	<message comment="Samir Nasri wins a corner (To the left)" minute="52" period="2" second="19" time="54" type="corner" type_id="6"/>
	<message comment="Ben Watson blocks a shot" minute="52" period="2" second="15" time="54" type="save made" type_id="10"/>
	<message comment="Samir Nasri has shot blocked (Out of box, Right footed, Open play)" minute="52" period="2" second="15" time="54" type="attempt blocked" type_id="15"/>
	<message comment="Hugo Rodallega has shot blocked (Out of box, Right footed, Open play)" minute="49" period="2" second="28" time="51" type="attempt blocked" type_id="15"/>
	<message comment="Johan Djourou blocks a shot" minute="49" period="2" second="28" time="51" type="save made" type_id="10"/>
	<message comment="Mohamed Diamé is substituted off" minute="45" period="2" second="0" time="47" type="substitution off" type_id="18"/>
	<message comment="James McArthur is substituted on" minute="45" period="2" second="0" time="47" type="substitution on" type_id="19"/>
	<message comment="Ronnie Stam is substituted off" minute="45" period="2" second="0" time="47" type="substitution off" type_id="18"/>
	<message comment="Franco Di Santo is substituted on" minute="45" period="2" second="0" time="47" type="substitution on" type_id="19"/>
	<message comment="Second half begins!" minute="45" period="2" second="0" time="47" type="start" type_id="32"/>
	<message comment="First half ends" minute="46" period="1" second="5" time="46" type="end" type_id="30"/>
	<message comment="Ali Al Habsi makes a save (Collected, Diving)" minute="39" period="1" second="56" time="39" type="save made" type_id="10"/>
	<message comment="Samir Nasri has attempt saved (Low to the right, 18-yard box, Big Chance, Right footed, Fast break)" minute="39" period="1" second="56" time="39" type="attempt blocked" type_id="15"/>
	<message comment="Cesc Fàbregas wins a corner (To the right)" minute="38" period="1" second="23" time="38" type="corner" type_id="6"/>
	<message comment="Ali Al Habsi makes a save (Parried into danger, Diving)" minute="38" period="1" second="16" time="38" type="save made" type_id="10"/>
	<message comment="Cesc Fàbregas has attempt saved (Low to the centre, 18-yard box, Right footed, Open play)" minute="38" period="1" second="16" time="38" type="attempt blocked" type_id="15"/>
	<message comment="Samir Nasri wins a corner (To the left)" minute="37" period="1" second="49" time="37" type="corner" type_id="6"/>
	<message comment="Ali Al Habsi makes a save" minute="37" period="1" second="47" time="37" type="save made" type_id="10"/>
	<message comment="Samir Nasri has attempt saved (High to the centre, Out of box, Left footed, Open play)" minute="37" period="1" second="47" time="37" type="attempt blocked" type_id="15"/>
	<message comment="Theo Walcott is caught offside" minute="36" period="1" time="36" type="offside" type_id="10000"/>
	<message comment="Robin van Persie misses attempt (High to the left, Out of box, Left footed, Open play)" minute="33" period="1" second="59" time="33" type="attempt missed" type_id="13"/>
	<message comment="Steven Caldwell blocks a shot" minute="33" period="1" second="54" time="33" type="save made" type_id="10"/>
	<message comment="Theo Walcott has shot blocked (18-yard box, Left footed, Open play)" minute="33" period="1" second="54" time="33" type="attempt blocked" type_id="15"/>
	<message comment="Maynor Figueroa is caught offside" minute="33" period="1" time="33" type="offside" type_id="10000"/>
	<message comment="Charles N'Zogbia wins a corner (To the right)" minute="32" period="1" second="47" time="32" type="corner" type_id="6"/>
	<message comment="Samir Nasri is caught offside" minute="31" period="1" time="31" type="offside" type_id="10000"/>
	<message comment="Cesc Fàbregas wins a corner (To the right)" minute="30" period="1" second="58" time="30" type="corner" type_id="6"/>
	<message comment="Ali Al Habsi makes a save (Diving, Parried into danger)" minute="30" period="1" second="45" time="30" type="save made" type_id="10"/>
	<message comment="Cesc Fàbregas has attempt saved (Low to the centre, 18-yard box, Right footed, Open play)" minute="30" period="1" second="45" time="30" type="attempt blocked" type_id="15"/>
	<message comment="Cesc Fàbregas is caught offside" minute="24" period="1" time="24" type="offside" type_id="10000"/>
	<message comment="GOAL! Robin van Persie scores , Assisted by Alexandre Song (Low to the left, 18-yard box, Big Chance, Left footed, Open play)" minute="20" period="1" second="59" time="20" type="goal scored" type_id="16"/>
	<message comment="Ali Al Habsi makes a save (Collected)" minute="17" period="1" second="13" time="17" type="save made" type_id="10"/>
	<message comment="Theo Walcott has attempt saved (Low to the right, Out of box, Right footed, Free kick)" minute="17" period="1" second="13" time="17" type="attempt blocked" type_id="15"/>
	<message comment="Cesc Fàbregas wins a corner (To the right)" minute="14" period="1" second="57" time="14" type="corner" type_id="6"/>
	<message comment="Gary Caldwell blocks a shot" minute="14" period="1" second="55" time="14" type="save made" type_id="10"/>
	<message comment="Cesc Fàbregas has shot blocked (18-yard box, Big Chance, Left footed, Open play)" minute="14" period="1" second="55" time="14" type="attempt blocked" type_id="15"/>
	<message comment="Steve Gohouri blocks a shot" minute="10" period="1" second="31" time="10" type="save made" type_id="10"/>
	<message comment="Samir Nasri has shot blocked (Out of box, Right footed, Free kick)" minute="10" period="1" second="31" time="10" type="attempt blocked" type_id="15"/>
	<message comment="Robin van Persie wins a corner (To the left)" minute="7" period="1" second="37" time="7" type="corner" type_id="6"/>
	<message comment="Ali Al Habsi makes a save (Parried safe, Diving)" minute="7" period="1" second="31" time="7" type="save made" type_id="10"/>
	<message comment="Robin van Persie has attempt saved (Low to the centre, 18-yard box, Big Chance, Right footed, Open play)" minute="7" period="1" second="31" time="7" type="attempt blocked" type_id="15"/>
	<message comment="Formation Set" minute="0" period="14" second="0" time="5" type="end" type_id="30"/>
	<message comment="Cesc Fàbregas is caught offside" minute="4" period="1" time="4" type="offside" type_id="10000"/>
	<message comment="Cesc Fàbregas misses attempt (To the right, Out of box, Left footed, From corner)" minute="3" period="1" second="58" time="3" type="attempt missed" type_id="13"/>
	<message comment="Samir Nasri wins a corner (To the left)" minute="3" period="1" second="31" time="3" type="corner" type_id="6"/>
	<message comment="Ali Al Habsi makes a save (Diving, Parried safe)" minute="3" period="1" second="16" time="3" type="save made" type_id="10"/>
	<message comment="Samir Nasri has attempt saved (Low to the left, 18-yard box, Left footed, Open play)" minute="3" period="1" second="16" time="3" type="attempt blocked" type_id="15"/>
	<message comment="First half begins!" minute="0" period="1" second="0" time="0" type="start" type_id="32"/>
</Commentary>
