<?xml version="1.0" ?>
<Commentary away_team_name="Arsenal" competition="English Premier League" game_date="2014-02-02" home_team_name="Crystal Palace" lang_id="en" season="Season 2013/2014" season_id="2013" sport_id="1" sport_name="Football">
	<message comment="Second half ends" minute="92" period="2" second="56" time="95" type="end" type_id="30"/>
	<message comment="Damien Delaney blocks a shot" minute="92" period="2" second="54" time="95" type="save made" type_id="10"/>
	<message comment="Alex Oxlade-Chamberlain has shot blocked (18-yard box, Left footed, From corner)" minute="92" period="2" second="54" time="95" type="attempt blocked" type_id="15"/>
	<message comment="Kieran Gibbs wins a corner (To the left)" minute="92" period="2" second="23" time="95" type="corner" type_id="6"/>
	<message comment="Jonathan Parr misses attempt (High, 18-yard box, Left footed, From corner)" minute="91" period="2" second="15" time="94" type="attempt missed" type_id="13"/>
	<message comment="Yannick Bolasie wins a corner (To the left)" minute="90" period="2" second="47" time="93" type="corner" type_id="6"/>
	<message comment="Yannick Bolasie has shot blocked (Out of box, Left footed, Set piece)" minute="86" period="2" second="26" time="89" type="attempt blocked" type_id="15"/>
	<message comment="Kieran Gibbs blocks a shot" minute="86" period="2" second="26" time="89" type="save made" type_id="10"/>
	<message comment="Dwight Gayle has shot blocked (Out of box, Right footed, Free kick)" minute="86" period="2" second="23" time="89" type="attempt blocked" type_id="15"/>
	<message comment="Alex Oxlade-Chamberlain blocks a shot" minute="86" period="2" second="23" time="89" type="save made" type_id="10"/>
	<message comment="Per Mertesacker recieves a yellow card" minute="85" period="2" second="33" time="88" type="card received" type_id="17"/>
	<message comment="Mile Jedinak misses attempt (High to the left, Out of box, Left footed, Throw-in)" minute="84" period="2" second="33" time="87" type="attempt missed" type_id="13"/>
	<message comment="Olivier Giroud is substituted off" minute="83" period="2" second="53" time="86" type="substitution off" type_id="18"/>
	<message comment="Nicklas Bendtner is substituted on" minute="83" period="2" second="53" time="86" type="substitution on" type_id="19"/>
	<message comment="Mesut Özil is substituted off" minute="83" period="2" second="41" time="86" type="substitution off" type_id="18"/>
	<message comment="Kieran Gibbs is substituted on" minute="83" period="2" second="41" time="86" type="substitution on" type_id="19"/>
	<message comment="Marouane Chamakh is substituted off" minute="81" period="2" second="57" time="84" type="substitution off" type_id="18"/>
	<message comment="Dwight Gayle is substituted on" minute="81" period="2" second="57" time="84" type="substitution on" type_id="19"/>
	<message comment="Yannick Bolasie misses attempt (High, Out of box, Right footed, Open play)" minute="81" period="2" second="30" time="84" type="attempt missed" type_id="13"/>
	<message comment="Julian Speroni makes a save (Diving)" minute="80" period="2" second="14" time="83" type="save made" type_id="10"/>
	<message comment="Mesut Özil has attempt saved (Low to the left, Out of box, Left footed, Open play)" minute="80" period="2" second="14" time="83" type="attempt blocked" type_id="15"/>
	<message comment="GOAL! Alex Oxlade-Chamberlain scores , Assisted by Olivier Giroud (Low to the right, 18-yard box, Right footed, Open play)" minute="72" period="2" second="24" time="75" type="goal scored" type_id="16"/>
	<message comment="Lukas Podolski is substituted off" minute="71" period="2" second="9" time="74" type="substitution off" type_id="18"/>
	<message comment="Tomas Rosicky is substituted on" minute="71" period="2" second="9" time="74" type="substitution on" type_id="19"/>
	<message comment="Barry Bannan misses attempt (High, Out of box, Left footed, Open play)" minute="68" period="2" second="11" time="71" type="attempt missed" type_id="13"/>
	<message comment="Damien Delaney recieves a yellow card" minute="67" period="2" second="26" time="70" type="card received" type_id="17"/>
	<message comment="Yannick Bolasie is caught offside" minute="65" period="2" time="68" type="offside" type_id="10000"/>
	<message comment="Marouane Chamakh is caught offside" minute="64" period="2" time="67" type="offside" type_id="10000"/>
	<message comment="Damien Delaney misses attempt (To the right, 18-yard box, Head, Open play)" minute="61" period="2" second="48" time="64" type="attempt missed" type_id="13"/>
	<message comment="Yannick Bolasie wins a corner (To the right)" minute="61" period="2" second="17" time="64" type="corner" type_id="6"/>
	<message comment="Alex Oxlade-Chamberlain misses attempt (High to the right, Out of box, Right footed, Open play)" minute="59" period="2" second="48" time="62" type="attempt missed" type_id="13"/>
	<message comment="Alex Oxlade-Chamberlain wins a corner (To the left)" minute="59" period="2" second="2" time="62" type="corner" type_id="6"/>
	<message comment="Cameron Jerome is substituted off" minute="55" period="2" second="59" time="58" type="substitution off" type_id="18"/>
	<message comment="Barry Bannan is substituted on" minute="55" period="2" second="59" time="58" type="substitution on" type_id="19"/>
	<message comment="Lukas Podolski misses attempt (18-yard box, Left footed, From corner)" minute="53" period="2" second="21" time="56" type="attempt missed" type_id="13"/>
	<message comment="Lukas Podolski wins a corner (To the left)" minute="52" period="2" second="38" time="55" type="corner" type_id="6"/>
	<message comment="Jason Puncheon wins a corner (To the right)" minute="51" period="2" second="8" time="54" type="corner" type_id="6"/>
	<message comment="Cameron Jerome wins a corner (To the right)" minute="50" period="2" second="30" time="53" type="corner" type_id="6"/>
	<message comment="Cameron Jerome has attempt saved (Low to the right, 6-yard box, Big Chance, Head, Open play)" minute="50" period="2" second="26" time="53" type="attempt blocked" type_id="15"/>
	<message comment="Wojciech Szczesny makes a save (Parried safe, Diving)" minute="50" period="2" second="26" time="53" type="save made" type_id="10"/>
	<message comment="Yannick Bolasie misses attempt (To the right, 18-yard box, Key pass, Head, Open play)" minute="50" period="2" second="25" time="53" type="attempt missed" type_id="13"/>
	<message comment="GOAL! Alex Oxlade-Chamberlain scores , Assisted by Santi Cazorla (High to the right, 6-yard box, Big Chance, Left footed, Open play)" minute="46" period="2" second="34" time="49" type="goal scored" type_id="16"/>
	<message comment="Second half begins!" minute="45" period="2" second="0" time="48" type="start" type_id="32"/>
	<message comment="First half ends" minute="47" period="1" second="25" time="47" type="end" type_id="30"/>
	<message comment="Laurent Koscielny misses attempt (To the right, Out of box, Right footed, From corner)" minute="45" period="1" second="32" time="45" type="attempt missed" type_id="13"/>
	<message comment="Nacho Monreal wins a corner (To the left)" minute="44" period="1" second="52" time="44" type="corner" type_id="6"/>
	<message comment="Julian Speroni makes a save (Standing)" minute="42" period="1" second="3" time="42" type="save made" type_id="10"/>
	<message comment="Per Mertesacker has attempt saved (High to the centre, 18-yard box, Head, Set piece)" minute="42" period="1" second="3" time="42" type="attempt blocked" type_id="15"/>
	<message comment="Marouane Chamakh recieves a yellow card" minute="41" period="1" second="33" time="41" type="card received" type_id="17"/>
	<message comment="Cameron Jerome wins a corner (To the right)" minute="37" period="1" second="58" time="37" type="corner" type_id="6"/>
	<message comment="Cameron Jerome has attempt saved (Low to the right, 6-yard box, Right footed, Open play)" minute="37" period="1" second="55" time="37" type="attempt blocked" type_id="15"/>
	<message comment="Wojciech Szczesny makes a save (Parried safe)" minute="37" period="1" second="55" time="37" type="save made" type_id="10"/>
	<message comment="Laurent Koscielny wins a corner (To the left)" minute="33" period="1" second="29" time="33" type="corner" type_id="6"/>
	<message comment="Julian Speroni makes a save (Diving, Parried safe)" minute="33" period="1" second="27" time="33" type="save made" type_id="10"/>
	<message comment="Laurent Koscielny has attempt saved (Low to the left, 18-yard box, Head, Set piece)" minute="33" period="1" second="27" time="33" type="attempt blocked" type_id="15"/>
	<message comment="Lukas Podolski wins a corner (To the left)" minute="23" period="1" second="46" time="23" type="corner" type_id="6"/>
	<message comment="Cameron Jerome is caught offside" minute="12" period="1" time="12" type="offside" type_id="10000"/>
	<message comment="Santi Cazorla misses attempt (High, Out of box, Right footed, Free kick)" minute="10" period="1" second="26" time="10" type="attempt missed" type_id="13"/>
	<message comment="Nacho Monreal has attempt saved (Low to the right, 18-yard box, Left footed, Open play)" minute="6" period="1" second="44" time="6" type="attempt blocked" type_id="15"/>
	<message comment="Julian Speroni makes a save (Standing, Parried into danger)" minute="6" period="1" second="44" time="6" type="save made" type_id="10"/>
	<message comment="Formation Set" minute="0" period="14" second="0" time="5" type="end" type_id="30"/>
	<message comment="First half begins!" minute="0" period="1" second="0" time="0" type="start" type_id="32"/>
</Commentary>
