<?xml version="1.0" ?>
<Commentary away_team_name="Arsenal" competition="English Premier League" game_date="2012-11-10" home_team_name="Fulham" lang_id="en" season="Season 2012/2013" season_id="2012" sport_id="1" sport_name="Football">
	<message comment="Second half ends" minute="94" period="2" second="37" time="97" type="end" type_id="30"/>
	<message comment="Mikel Arteta has attempt saved (Low to the right, 18-yard box, Penalty, Big Chance, Right footed)" minute="94" period="2" second="35" time="97" type="attempt blocked" type_id="15"/>
	<message comment="Mark Schwarzer makes a save (Diving, Parried safe, Penalty)" minute="94" period="2" second="35" time="97" type="save made" type_id="10"/>
	<message comment="Chris Baird recieves a yellow card" minute="94" period="2" second="9" time="97" type="card received" type_id="17"/>
	<message comment="Andrey Arshavin wins a corner (To the left)" minute="92" period="2" second="36" time="95" type="corner" type_id="6"/>
	<message comment="Steve Sidwell blocks a shot" minute="91" period="2" second="22" time="94" type="save made" type_id="10"/>
	<message comment="Mikel Arteta has shot blocked (Out of box, Right footed, From corner)" minute="91" period="2" second="22" time="94" type="attempt blocked" type_id="15"/>
	<message comment="Per Mertesacker wins a corner (To the right)" minute="91" period="2" second="1" time="94" type="corner" type_id="6"/>
	<message comment="Andrey Arshavin wins a corner (To the left)" minute="90" period="2" second="33" time="93" type="corner" type_id="6"/>
	<message comment="Olivier Giroud misses attempt (18-yard box, Head, Open play)" minute="89" period="2" second="49" time="92" type="attempt missed" type_id="13"/>
	<message comment="Dimitar Berbatov is caught offside" minute="89" period="2" time="92" type="offside" type_id="10000"/>
	<message comment="Brede Hangeland misses attempt (To the right, 18-yard box, Head, From corner)" minute="88" period="2" second="31" time="91" type="attempt missed" type_id="13"/>
	<message comment="John Arne Riise wins a corner (To the left)" minute="87" period="2" second="56" time="90" type="corner" type_id="6"/>
	<message comment="Ashkan Dejagah is substituted off" minute="84" period="2" second="29" time="87" type="substitution off" type_id="18"/>
	<message comment="Damien Duff is substituted on" minute="84" period="2" second="29" time="87" type="substitution on" type_id="19"/>
	<message comment="Theo Walcott is substituted off" minute="84" period="2" second="28" time="87" type="substitution off" type_id="18"/>
	<message comment="Andrey Arshavin is substituted on" minute="84" period="2" second="28" time="87" type="substitution on" type_id="19"/>
	<message comment="Theo Walcott wins a corner (To the right)" minute="79" period="2" second="48" time="82" type="corner" type_id="6"/>
	<message comment="Olivier Giroud wins a corner (To the right)" minute="79" period="2" second="17" time="82" type="corner" type_id="6"/>
	<message comment="Mark Schwarzer makes a save (Diving, Parried safe)" minute="79" period="2" second="15" time="82" type="save made" type_id="10"/>
	<message comment="Olivier Giroud has attempt saved (Low to the right, Out of box, Left footed, Open play)" minute="79" period="2" second="15" time="82" type="attempt blocked" type_id="15"/>
	<message comment="Lukas Podolski is substituted off" minute="75" period="2" second="56" time="78" type="substitution off" type_id="18"/>
	<message comment="Alex Oxlade-Chamberlain is substituted on" minute="75" period="2" second="56" time="78" type="substitution on" type_id="19"/>
	<message comment="Bryan Ruiz is caught offside" minute="75" period="2" time="78" type="offside" type_id="10000"/>
	<message comment="Dimitar Berbatov wins a corner (To the right)" minute="74" period="2" second="59" time="77" type="corner" type_id="6"/>
	<message comment="Dimitar Berbatov has shot blocked (18-yard box, Right footed, Fast break)" minute="74" period="2" second="57" time="77" type="attempt blocked" type_id="15"/>
	<message comment="Laurent Koscielny blocks a shot" minute="74" period="2" second="57" time="77" type="save made" type_id="10"/>
	<message comment="Brede Hangeland blocks a shot" minute="72" period="2" second="55" time="75" type="save made" type_id="10"/>
	<message comment="Santi Cazorla has shot blocked (Out of box, Right footed, Open play)" minute="72" period="2" second="55" time="75" type="attempt blocked" type_id="15"/>
	<message comment="Bryan Ruiz wins a corner (To the left)" minute="70" period="2" second="27" time="73" type="corner" type_id="6"/>
	<message comment="Bryan Ruiz has attempt saved (High to the centre, Out of box, Left footed, Fast break)" minute="70" period="2" second="25" time="73" type="attempt blocked" type_id="15"/>
	<message comment="Vito Mannone makes a save (Parried safe, Standing)" minute="70" period="2" second="25" time="73" type="save made" type_id="10"/>
	<message comment="GOAL! Olivier Giroud scores , Assisted by Theo Walcott (High to the left, 18-yard box, Big Chance, Head, Open play)" minute="68" period="2" second="38" time="71" type="goal scored" type_id="16"/>
	<message comment="Olivier Giroud hits the woodwork (To the right, 18-yard box, Big Chance, Left footed, Open play)" minute="68" period="2" second="32" time="71" type="woodwork hit" type_id="14"/>
	<message comment="Alexander Kacaniklic has attempt saved (Low to the centre, 18-yard box, Left footed, Fast break)" minute="67" period="2" second="55" time="70" type="attempt blocked" type_id="15"/>
	<message comment="Vito Mannone makes a save (Parried into danger, Diving)" minute="67" period="2" second="55" time="70" type="save made" type_id="10"/>
	<message comment="Mark Schwarzer makes a save (Standing)" minute="67" period="2" second="1" time="70" type="save made" type_id="10"/>
	<message comment="Theo Walcott has attempt saved (High to the centre, 18-yard box, Right footed, Open play)" minute="67" period="2" second="1" time="70" type="attempt blocked" type_id="15"/>
	<message comment="GOAL! Dimitar Berbatov scores  (Low to the left, 18-yard box, Big Chance, Penalty, Right footed)" minute="66" period="2" second="5" time="69" type="goal scored" type_id="16"/>
	<message comment="Theo Walcott wins a corner (To the right)" minute="62" period="2" second="27" time="65" type="corner" type_id="6"/>
	<message comment="Santi Cazorla misses attempt (Out of box, Right footed, Free kick)" minute="60" period="2" second="14" time="63" type="attempt missed" type_id="13"/>
	<message comment="Aaron Ramsey recieves a yellow card" minute="59" period="2" second="6" time="62" type="card received" type_id="17"/>
	<message comment="Theo Walcott wins a corner (To the right)" minute="56" period="2" second="32" time="59" type="corner" type_id="6"/>
	<message comment="Francis Coquelin is substituted off" minute="55" period="2" second="6" time="58" type="substitution off" type_id="18"/>
	<message comment="Aaron Ramsey is substituted on" minute="55" period="2" second="6" time="58" type="substitution on" type_id="19"/>
	<message comment="Theo Walcott misses attempt (Out of box, Left footed, Open play)" minute="54" period="2" second="27" time="57" type="attempt missed" type_id="13"/>
	<message comment="Bryan Ruiz misses attempt (Out of box, Left footed, Open play)" minute="50" period="2" second="56" time="53" type="attempt missed" type_id="13"/>
	<message comment="Alexander Kacaniklic is caught offside" minute="48" period="2" time="51" type="offside" type_id="10000"/>
	<message comment="Second half begins!" minute="45" period="2" second="0" time="48" type="start" type_id="32"/>
	<message comment="First half ends" minute="47" period="1" second="8" time="47" type="end" type_id="30"/>
	<message comment="Ashkan Dejagah wins a corner (To the right)" minute="46" period="1" second="43" time="46" type="corner" type_id="6"/>
	<message comment="Ashkan Dejagah misses attempt (18-yard box, Left footed, Fast break)" minute="46" period="1" second="40" time="46" type="attempt missed" type_id="13"/>
	<message comment="Olivier Giroud is caught offside" minute="42" period="1" time="42" type="offside" type_id="10000"/>
	<message comment="Olivier Giroud misses attempt (High, 18-yard box, Head, Set piece)" minute="41" period="1" second="4" time="41" type="attempt missed" type_id="13"/>
	<message comment="Steve Sidwell recieves a yellow card" minute="40" period="1" second="38" time="40" type="card received" type_id="17"/>
	<message comment="GOAL! Alexander Kacaniklic scores , Assisted by Dimitar Berbatov (Low to the left, 18-yard box, Head, Open play)" minute="39" period="1" second="19" time="39" type="goal scored" type_id="16"/>
	<message comment="Dimitar Berbatov misses attempt (To the right, Out of box, Right footed, Open play)" minute="30" period="1" second="1" time="30" type="attempt missed" type_id="13"/>
	<message comment="GOAL! Dimitar Berbatov scores , Assisted by Bryan Ruiz (Low to the centre, 6-yard box, Big Chance, Head, From corner)" minute="28" period="1" second="12" time="28" type="goal scored" type_id="16"/>
	<message comment="Sascha Riether wins a corner (To the right)" minute="27" period="1" second="48" time="27" type="corner" type_id="6"/>
	<message comment="Kieran Richardson is substituted off" minute="22" period="1" second="50" time="22" type="substitution off" type_id="18"/>
	<message comment="Alexander Kacaniklic is substituted on" minute="22" period="1" second="50" time="22" type="substitution on" type_id="19"/>
	<message comment="GOAL! Lukas Podolski scores , Assisted by Mikel Arteta (Low to the centre, 18-yard box, Big Chance, Left footed, Open play)" minute="22" period="1" second="9" time="22" type="goal scored" type_id="16"/>
	<message comment="GOAL! Olivier Giroud scores , Assisted by Theo Walcott (High to the right, 18-yard box, Head, From corner)" minute="10" period="1" second="25" time="10" type="goal scored" type_id="16"/>
	<message comment="Theo Walcott wins a corner (To the right)" minute="10" period="1" second="2" time="10" type="corner" type_id="6"/>
	<message comment="Dimitar Berbatov is caught offside" minute="8" period="1" time="8" type="offside" type_id="10000"/>
	<message comment="Formation Set" minute="0" period="14" second="0" time="7" type="end" type_id="30"/>
	<message comment="Olivier Giroud misses attempt (High to the left, Out of box, Left footed, Open play)" minute="6" period="1" second="20" time="6" type="attempt missed" type_id="13"/>
	<message comment="Bryan Ruiz wins a corner (To the right)" minute="3" period="1" second="27" time="3" type="corner" type_id="6"/>
	<message comment="Per Mertesacker blocks a shot" minute="3" period="1" second="26" time="3" type="save made" type_id="10"/>
	<message comment="Bryan Ruiz has shot blocked (Out of box, Left footed, Open play)" minute="3" period="1" second="26" time="3" type="attempt blocked" type_id="15"/>
	<message comment="Dimitar Berbatov is caught offside" minute="1" period="1" time="1" type="offside" type_id="10000"/>
	<message comment="First half begins!" minute="0" period="1" second="0" time="0" type="start" type_id="32"/>
</Commentary>
