<?xml version="1.0" ?>
<Commentary away_team_name="Arsenal" competition="English Premier League" game_date="2012-10-27" home_team_name="Queens Park Rangers" lang_id="en" season="Season 2012/2013" season_id="2012" sport_id="1" sport_name="Football">
	<message comment="Second half ends" minute="95" period="2" second="1" time="97" type="end" type_id="30"/>
	<message comment="Esteban Granero wins a corner (To the left)" minute="93" period="2" second="3" time="95" type="corner" type_id="6"/>
	<message comment="Esteban Granero has attempt saved (High to the left, Out of box, Right footed, Free kick)" minute="92" period="2" second="55" time="94" type="attempt blocked" type_id="15"/>
	<message comment="Vito Mannone makes a save (Diving)" minute="92" period="2" second="55" time="94" type="save made" type_id="10"/>
	<message comment="Jamie Mackie has attempt saved (Low to the centre, 18-yard box, Big Chance, Right footed, Open play)" minute="91" period="2" second="39" time="93" type="attempt blocked" type_id="15"/>
	<message comment="Vito Mannone makes a save (Diving, Feet, Parried safe)" minute="91" period="2" second="39" time="93" type="save made" type_id="10"/>
	<message comment="Andrey Arshavin misses attempt (18-yard box, Left footed, Open play)" minute="90" period="2" second="46" time="92" type="attempt missed" type_id="13"/>
	<message comment="Esteban Granero misses attempt (To the left, 18-yard box, Big Chance, Right footed, Open play)" minute="89" period="2" second="40" time="91" type="attempt missed" type_id="13"/>
	<message comment="Julio César makes a save (Diving, Parried safe)" minute="88" period="2" second="26" time="90" type="save made" type_id="10"/>
	<message comment="Santi Cazorla has attempt saved (Low to the right, 18-yard box, Right footed, Open play)" minute="88" period="2" second="26" time="90" type="attempt blocked" type_id="15"/>
	<message comment="Andrey Arshavin misses attempt (To the right, Out of box, Right footed, From corner)" minute="87" period="2" second="36" time="89" type="attempt missed" type_id="13"/>
	<message comment="Per Mertesacker wins a corner (To the left)" minute="87" period="2" second="21" time="89" type="corner" type_id="6"/>
	<message comment="Aaron Ramsey wins a corner (To the left)" minute="86" period="2" second="48" time="88" type="corner" type_id="6"/>
	<message comment="Julio César makes a save (Diving, Parried safe)" minute="86" period="2" second="46" time="88" type="save made" type_id="10"/>
	<message comment="Aaron Ramsey has attempt saved (Low to the left, Out of box, Right footed, Open play)" minute="86" period="2" second="46" time="88" type="attempt blocked" type_id="15"/>
	<message comment="Adel Taarabt recieves a yellow card" minute="86" period="2" second="10" time="88" type="card received" type_id="17"/>
	<message comment="GOAL! Mikel Arteta scores  (Low to the centre, 6-yard box, Big Chance, Left footed, Open play)" minute="83" period="2" second="12" time="85" type="goal scored" type_id="16"/>
	<message comment="Mikel Arteta hits the woodwork (High, 6-yard box, Big Chance, Head, Open play)" minute="83" period="2" second="11" time="85" type="woodwork hit" type_id="14"/>
	<message comment="Julio César makes a save (Diving, Parried into danger)" minute="83" period="2" second="8" time="85" type="save made" type_id="10"/>
	<message comment="Olivier Giroud has attempt saved (Low to the centre, 6-yard box, Big Chance, Head, Open play)" minute="83" period="2" second="8" time="85" type="attempt blocked" type_id="15"/>
	<message comment="Jamie Mackie blocks a shot" minute="81" period="2" second="44" time="83" type="save made" type_id="10"/>
	<message comment="Andrey Arshavin has shot blocked (Out of box, Right footed, From corner)" minute="81" period="2" second="44" time="83" type="attempt blocked" type_id="15"/>
	<message comment="Mikel Arteta wins a corner (To the right)" minute="81" period="2" second="26" time="83" type="corner" type_id="6"/>
	<message comment="Julio César makes a save (Diving, Parried into danger, From shot off target)" minute="81" period="2" second="20" time="83" type="save made" type_id="10"/>
	<message comment="Gervinho is substituted off" minute="81" period="2" second="10" time="83" type="substitution off" type_id="18"/>
	<message comment="Andrey Arshavin is substituted on" minute="81" period="2" second="10" time="83" type="substitution on" type_id="19"/>
	<message comment="Bacary Sagna wins a corner (To the right)" minute="80" period="2" second="54" time="82" type="corner" type_id="6"/>
	<message comment="Stéphane Mbia recieves a red card" minute="78" period="2" second="59" time="80" type="card received" type_id="17"/>
	<message comment="Shaun Wright-Phillips is substituted off" minute="78" period="2" second="31" time="80" type="substitution off" type_id="18"/>
	<message comment="Jamie Mackie is substituted on" minute="78" period="2" second="31" time="80" type="substitution on" type_id="19"/>
	<message comment="Gervinho wins a corner (To the left)" minute="77" period="2" second="52" time="79" type="corner" type_id="6"/>
	<message comment="Santi Cazorla misses attempt (High, 18-yard box, Big Chance, Right footed, Open play)" minute="76" period="2" second="59" time="78" type="attempt missed" type_id="13"/>
	<message comment="Armand Traore is substituted off" minute="72" period="2" second="30" time="74" type="substitution off" type_id="18"/>
	<message comment="Nedum Onuoha is substituted on" minute="72" period="2" second="30" time="74" type="substitution on" type_id="19"/>
	<message comment="Bobby Zamora is substituted off" minute="72" period="2" second="20" time="74" type="substitution off" type_id="18"/>
	<message comment="Djibril Cissé is substituted on" minute="72" period="2" second="20" time="74" type="substitution on" type_id="19"/>
	<message comment="Djibril Cissé is caught offside" minute="72" period="2" time="74" type="offside" type_id="10000"/>
	<message comment="Gervinho misses attempt (18-yard box, Right footed, Open play)" minute="71" period="2" second="32" time="73" type="attempt missed" type_id="13"/>
	<message comment="Lukas Podolski is substituted off" minute="70" period="2" second="22" time="72" type="substitution off" type_id="18"/>
	<message comment="Gervinho is substituted on" minute="70" period="2" second="22" time="72" type="substitution on" type_id="19"/>
	<message comment="Mikel Arteta misses attempt (High to the right, Out of box, Right footed, Open play)" minute="68" period="2" second="29" time="70" type="attempt missed" type_id="13"/>
	<message comment="Jack Wilshere is substituted off" minute="66" period="2" second="15" time="68" type="substitution off" type_id="18"/>
	<message comment="Theo Walcott is substituted on" minute="66" period="2" second="15" time="68" type="substitution on" type_id="19"/>
	<message comment="Shaun Wright-Phillips has shot blocked (18-yard box, Right footed, Open play)" minute="65" period="2" second="56" time="67" type="attempt blocked" type_id="15"/>
	<message comment="Thomas Vermaelen blocks a shot" minute="65" period="2" second="56" time="67" type="save made" type_id="10"/>
	<message comment="Aaron Ramsey misses attempt (High, 18-yard box, Head, Open play)" minute="62" period="2" second="20" time="64" type="attempt missed" type_id="13"/>
	<message comment="Olivier Giroud recieves a yellow card" minute="59" period="2" second="40" time="61" type="card received" type_id="17"/>
	<message comment="Shaun Wright-Phillips blocks a shot" minute="59" period="2" second="23" time="61" type="save made" type_id="10"/>
	<message comment="Olivier Giroud has shot blocked (Out of box, Left footed, Free kick)" minute="59" period="2" second="23" time="61" type="attempt blocked" type_id="15"/>
	<message comment="Stéphane Mbia blocks a shot" minute="56" period="2" second="39" time="58" type="save made" type_id="10"/>
	<message comment="Santi Cazorla has shot blocked (Out of box, Right footed, Free kick)" minute="56" period="2" second="39" time="58" type="attempt blocked" type_id="15"/>
	<message comment="Esteban Granero recieves a yellow card" minute="55" period="2" second="15" time="57" type="card received" type_id="17"/>
	<message comment="David Junior Hoilett is caught offside" minute="53" period="2" time="55" type="offside" type_id="10000"/>
	<message comment="Julio César makes a save (Diving, Parried safe)" minute="50" period="2" second="35" time="52" type="save made" type_id="10"/>
	<message comment="Per Mertesacker has attempt saved (Low to the left, 18-yard box, Head, Set piece)" minute="50" period="2" second="35" time="52" type="attempt blocked" type_id="15"/>
	<message comment="Bobby Zamora is caught offside" minute="50" period="2" time="52" type="offside" type_id="10000"/>
	<message comment="David Junior Hoilett is caught offside" minute="48" period="2" time="50" type="offside" type_id="10000"/>
	<message comment="Olivier Giroud is caught offside" minute="46" period="2" time="48" type="offside" type_id="10000"/>
	<message comment="Second half begins!" minute="45" period="2" second="0" time="47" type="start" type_id="32"/>
	<message comment="First half ends" minute="46" period="1" second="1" time="46" type="end" type_id="30"/>
	<message comment="Julio César makes a save (Collected)" minute="44" period="1" second="16" time="44" type="save made" type_id="10"/>
	<message comment="André Santos has attempt saved (Low to the right, 18-yard box, Right footed, Open play)" minute="44" period="1" second="16" time="44" type="attempt blocked" type_id="15"/>
	<message comment="Shaun Wright-Phillips is caught offside" minute="42" period="1" time="42" type="offside" type_id="10000"/>
	<message comment="Armand Traore has shot blocked (Out of box, Left footed, From corner)" minute="39" period="1" second="4" time="39" type="attempt blocked" type_id="15"/>
	<message comment="Aaron Ramsey blocks a shot" minute="39" period="1" second="4" time="39" type="save made" type_id="10"/>
	<message comment="David Junior Hoilett wins a corner (To the right)" minute="38" period="1" second="30" time="38" type="corner" type_id="6"/>
	<message comment="Stéphane Mbia blocks a shot" minute="35" period="1" second="52" time="35" type="save made" type_id="10"/>
	<message comment="Lukas Podolski has shot blocked (Out of box, Left footed, Free kick)" minute="35" period="1" second="52" time="35" type="attempt blocked" type_id="15"/>
	<message comment="Julio César makes a save (Parried safe, Diving)" minute="29" period="1" second="9" time="29" type="save made" type_id="10"/>
	<message comment="Olivier Giroud has attempt saved (Low to the right, Out of box, Left footed, Open play)" minute="29" period="1" second="9" time="29" type="attempt blocked" type_id="15"/>
	<message comment="Ryan Nelsen is caught offside" minute="25" period="1" time="25" type="offside" type_id="10000"/>
	<message comment="Shaun Wright-Phillips misses attempt (To the left, Out of box, Right footed, Open play)" minute="23" period="1" second="22" time="23" type="attempt missed" type_id="13"/>
	<message comment="Bobby Zamora is caught offside" minute="21" period="1" time="21" type="offside" type_id="10000"/>
	<message comment="Julio César makes a save (Parried into danger)" minute="18" period="1" second="28" time="18" type="save made" type_id="10"/>
	<message comment="Jack Wilshere has attempt saved (Low to the right, Out of box, Left footed, Open play)" minute="18" period="1" second="28" time="18" type="attempt blocked" type_id="15"/>
	<message comment="Olivier Giroud has attempt saved (Low to the right, 18-yard box, Left footed, Open play)" minute="17" period="1" second="3" time="17" type="attempt blocked" type_id="15"/>
	<message comment="Julio César makes a save (Collected)" minute="17" period="1" second="3" time="17" type="save made" type_id="10"/>
	<message comment="Lukas Podolski misses attempt (Out of box, Left footed, Open play)" minute="11" period="1" second="50" time="11" type="attempt missed" type_id="13"/>
	<message comment="Aaron Ramsey hits the woodwork (High, 18-yard box, Head, Open play)" minute="9" period="1" second="39" time="9" type="woodwork hit" type_id="14"/>
	<message comment="Julio César makes a save (Standing, Parried safe)" minute="7" period="1" second="54" time="7" type="save made" type_id="10"/>
	<message comment="Formation Set" minute="0" period="14" second="0" time="7" type="end" type_id="30"/>
	<message comment="First half begins!" minute="0" period="1" second="0" time="0" type="start" type_id="32"/>
</Commentary>
