<?xml version="1.0" ?>
<Commentary away_team_name="Arsenal" competition="English Premier League" game_date="2012-04-16" home_team_name="Wigan" lang_id="en" season="Season 2011/2012" season_id="2011" sport_id="1" sport_name="Football">
	<message comment="Second half ends" minute="95" period="2" second="26" time="99" type="end" type_id="30"/>
	<message comment="James McArthur recieves a yellow card" minute="94" period="2" second="19" time="98" type="card received" type_id="17"/>
	<message comment="Mohamed Diamé has attempt saved (Low to the right, 18-yard box, Left footed, Open play)" minute="94" period="2" second="1" time="98" type="attempt blocked" type_id="15"/>
	<message comment="Wojciech Szczesny makes a save (Diving)" minute="94" period="2" second="1" time="98" type="save made" type_id="10"/>
	<message comment="Ali Al Habsi recieves a yellow card" minute="91" period="2" second="32" time="95" type="card received" type_id="17"/>
	<message comment="Mohamed Diamé is substituted on" minute="85" period="2" second="41" time="89" type="substitution on" type_id="19"/>
	<message comment="Jordi Gómez is substituted off" minute="85" period="2" second="41" time="89" type="substitution off" type_id="18"/>
	<message comment="Robin van Persie misses attempt (High to the right, 18-yard box, Left footed, Open play)" minute="82" period="2" second="8" time="86" type="attempt missed" type_id="13"/>
	<message comment="Victor Moses is caught offside" minute="77" period="2" time="81" type="offside" type_id="10000"/>
	<message comment="Jean Beausejour blocks a shot" minute="76" period="2" second="5" time="80" type="save made" type_id="10"/>
	<message comment="Tomas Rosicky has shot blocked (18-yard box, Head, From corner)" minute="76" period="2" second="5" time="80" type="attempt blocked" type_id="15"/>
	<message comment="André Santos wins a corner (To the left)" minute="75" period="2" second="48" time="79" type="corner" type_id="6"/>
	<message comment="Conor Sammon is substituted on" minute="75" period="2" second="20" time="79" type="substitution on" type_id="19"/>
	<message comment="Franco Di Santo is substituted off" minute="75" period="2" second="19" time="79" type="substitution off" type_id="18"/>
	<message comment="Johan Djourou is substituted off" minute="73" period="2" second="42" time="77" type="substitution off" type_id="18"/>
	<message comment="Alex Oxlade-Chamberlain is substituted on" minute="73" period="2" second="42" time="77" type="substitution on" type_id="19"/>
	<message comment="Alexandre Song recieves a yellow card" minute="71" period="2" second="30" time="75" type="card received" type_id="17"/>
	<message comment="Jordi Gómez misses attempt (High, 18-yard box, Right footed, Fast break)" minute="69" period="2" second="43" time="73" type="attempt missed" type_id="13"/>
	<message comment="Gary Caldwell blocks a shot" minute="69" period="2" second="25" time="73" type="save made" type_id="10"/>
	<message comment="Gervinho has shot blocked (Out of box, Right footed, From corner)" minute="69" period="2" second="25" time="73" type="attempt blocked" type_id="15"/>
	<message comment="Theo Walcott wins a corner (To the right)" minute="69" period="2" second="7" time="73" type="corner" type_id="6"/>
	<message comment="Franco Di Santo is caught offside" minute="68" period="2" time="72" type="offside" type_id="10000"/>
	<message comment="Aaron Ramsey misses attempt (High, 18-yard box, Head, Open play)" minute="66" period="2" second="4" time="70" type="attempt missed" type_id="13"/>
	<message comment="Jordi Gómez misses attempt (High to the left, 18-yard box, Head, From corner)" minute="64" period="2" second="4" time="68" type="attempt missed" type_id="13"/>
	<message comment="Jean Beausejour wins a corner (To the left)" minute="63" period="2" second="42" time="67" type="corner" type_id="6"/>
	<message comment="Franco Di Santo has shot blocked (18-yard box, Right footed, Open play)" minute="63" period="2" second="30" time="67" type="attempt blocked" type_id="15"/>
	<message comment="Thomas Vermaelen blocks a shot" minute="63" period="2" second="30" time="67" type="save made" type_id="10"/>
	<message comment="Robin van Persie is caught offside" minute="62" period="2" time="66" type="offside" type_id="10000"/>
	<message comment="Gervinho is substituted on" minute="60" period="2" second="40" time="64" type="substitution on" type_id="19"/>
	<message comment="Yossi Benayoun is substituted off" minute="60" period="2" second="40" time="64" type="substitution off" type_id="18"/>
	<message comment="Gary Caldwell recieves a yellow card" minute="59" period="2" second="19" time="63" type="card received" type_id="17"/>
	<message comment="Victor Moses has attempt saved (Low to the centre, Out of box, Big Chance, Right footed, Throw-in)" minute="58" period="2" second="43" time="62" type="attempt blocked" type_id="15"/>
	<message comment="Wojciech Szczesny makes a save (Diving)" minute="58" period="2" second="43" time="62" type="save made" type_id="10"/>
	<message comment="André Santos misses attempt (To the left, 18-yard box, Big Chance, Left footed, Open play)" minute="57" period="2" second="29" time="61" type="attempt missed" type_id="13"/>
	<message comment="Victor Moses wins a corner (To the left)" minute="55" period="2" second="36" time="59" type="corner" type_id="6"/>
	<message comment="Thomas Vermaelen misses attempt (High, 6-yard box, Head, From corner)" minute="54" period="2" second="39" time="58" type="attempt missed" type_id="13"/>
	<message comment="Yossi Benayoun wins a corner (To the right)" minute="54" period="2" second="19" time="58" type="corner" type_id="6"/>
	<message comment="Emmerson Boyce blocks a shot" minute="54" period="2" second="17" time="58" type="save made" type_id="10"/>
	<message comment="Yossi Benayoun has shot blocked (Out of box, Right footed, Open play)" minute="54" period="2" second="17" time="58" type="attempt blocked" type_id="15"/>
	<message comment="Victor Moses has attempt saved (Low to the centre, 18-yard box, Right footed, Open play)" minute="52" period="2" second="49" time="56" type="attempt blocked" type_id="15"/>
	<message comment="Wojciech Szczesny makes a save (Diving, Parried into danger)" minute="52" period="2" second="49" time="56" type="save made" type_id="10"/>
	<message comment="Gary Caldwell blocks a shot (Last line)" minute="45" period="2" second="43" time="49" type="save made" type_id="10"/>
	<message comment="André Santos has shot blocked (18-yard box, Left footed, Open play)" minute="45" period="2" second="43" time="49" type="attempt blocked" type_id="15"/>
	<message comment="André Santos misses attempt (To the right, Out of box, Left footed, Open play)" minute="45" period="2" second="40" time="49" type="attempt missed" type_id="13"/>
	<message comment="Second half begins!" minute="45" period="2" second="0" time="49" type="start" type_id="32"/>
	<message comment="First half ends" minute="48" period="1" second="0" time="48" type="end" type_id="30"/>
	<message comment="Jordi Gómez misses attempt (High to the left, Out of box, Left footed, Open play)" minute="47" period="1" second="29" time="47" type="attempt missed" type_id="13"/>
	<message comment="Robin van Persie misses attempt (Out of box, Left footed, Free kick)" minute="43" period="1" second="27" time="43" type="attempt missed" type_id="13"/>
	<message comment="Bacary Sagna recieves a yellow card" minute="33" period="1" second="6" time="33" type="card received" type_id="17"/>
	<message comment="André Santos misses attempt (High to the right, 18-yard box, Right footed, From corner)" minute="31" period="1" second="49" time="31" type="attempt missed" type_id="13"/>
	<message comment="Robin van Persie wins a corner (To the left)" minute="31" period="1" second="28" time="31" type="corner" type_id="6"/>
	<message comment="Franco Di Santo is caught offside" minute="28" period="1" time="28" type="offside" type_id="10000"/>
	<message comment="Tomas Rosicky misses attempt (High to the right, 18-yard box, Big Chance, Right footed, Open play)" minute="25" period="1" second="46" time="25" type="attempt missed" type_id="13"/>
	<message comment="Johan Djourou misses attempt (18-yard box, Right footed, Open play)" minute="23" period="1" second="14" time="23" type="attempt missed" type_id="13"/>
	<message comment="Robin van Persie wins a corner (To the left)" minute="22" period="1" second="26" time="22" type="corner" type_id="6"/>
	<message comment="Ali Al Habsi makes a save (Diving, Parried safe)" minute="22" period="1" second="25" time="22" type="save made" type_id="10"/>
	<message comment="Robin van Persie has attempt saved (High to the left, Out of box, Left footed, Open play)" minute="22" period="1" second="25" time="22" type="attempt blocked" type_id="15"/>
	<message comment="GOAL! Thomas Vermaelen scores , Assisted by Tomas Rosicky (Low to the right, 18-yard box, Big Chance, Head, Open play)" minute="20" period="1" second="35" time="20" type="goal scored" type_id="16"/>
	<message comment="James McArthur blocks a shot" minute="20" period="1" second="17" time="20" type="save made" type_id="10"/>
	<message comment="Theo Walcott has shot blocked (18-yard box, Right footed, From corner)" minute="20" period="1" second="17" time="20" type="attempt blocked" type_id="15"/>
	<message comment="Theo Walcott wins a corner (To the right)" minute="19" period="1" second="46" time="19" type="corner" type_id="6"/>
	<message comment="Aaron Ramsey has shot blocked (Out of box, Right footed, Open play)" minute="19" period="1" second="9" time="19" type="attempt blocked" type_id="15"/>
	<message comment="Antolín Alcaraz blocks a shot" minute="17" period="1" second="54" time="17" type="save made" type_id="10"/>
	<message comment="André Santos has shot blocked (18-yard box, Left footed, Open play)" minute="17" period="1" second="54" time="17" type="attempt blocked" type_id="15"/>
	<message comment="Victor Moses has shot blocked (Out of box, Right footed, Open play)" minute="17" period="1" second="12" time="17" type="attempt blocked" type_id="15"/>
	<message comment="Johan Djourou blocks a shot" minute="17" period="1" second="12" time="17" type="save made" type_id="10"/>
	<message comment="Yossi Benayoun wins a corner (To the right)" minute="15" period="1" second="34" time="15" type="corner" type_id="6"/>
	<message comment="Ali Al Habsi makes a save (Diving)" minute="15" period="1" second="32" time="15" type="save made" type_id="10"/>
	<message comment="Yossi Benayoun has attempt saved (High to the right, 18-yard box, Head, From corner)" minute="15" period="1" second="32" time="15" type="attempt blocked" type_id="15"/>
	<message comment="Robin van Persie wins a corner (To the left)" minute="14" period="1" second="39" time="14" type="corner" type_id="6"/>
	<message comment="Emmerson Boyce blocks a shot" minute="14" period="1" second="37" time="14" type="save made" type_id="10"/>
	<message comment="Robin van Persie has shot blocked (18-yard box, Left footed, Open play)" minute="14" period="1" second="37" time="14" type="attempt blocked" type_id="15"/>
	<message comment="James McCarthy misses attempt (Out of box, Right footed, From corner)" minute="9" period="1" second="42" time="9" type="attempt missed" type_id="13"/>
	<message comment="Formation Set" minute="0" period="14" second="0" time="9" type="end" type_id="30"/>
	<message comment="Franco Di Santo wins a corner (To the right)" minute="8" period="1" second="52" time="8" type="corner" type_id="6"/>
	<message comment="Franco Di Santo has shot blocked (18-yard box, Right footed, Open play)" minute="8" period="1" second="49" time="8" type="attempt blocked" type_id="15"/>
	<message comment="Johan Djourou blocks a shot" minute="8" period="1" second="49" time="8" type="save made" type_id="10"/>
	<message comment="Mikel Arteta is substituted off" minute="8" period="1" second="30" time="8" type="substitution off" type_id="18"/>
	<message comment="Aaron Ramsey is substituted on" minute="8" period="1" second="30" time="8" type="substitution on" type_id="19"/>
	<message comment="GOAL! Jordi Gómez scores  (Low to the left, 6-yard box, Big Chance, Left footed, Open play)" minute="7" period="1" second="46" time="7" type="goal scored" type_id="16"/>
	<message comment="Jordi Gómez has attempt saved (Low to the left, 6-yard box, Big Chance, Right footed, Open play)" minute="7" period="1" second="44" time="7" type="attempt blocked" type_id="15"/>
	<message comment="Wojciech Szczesny makes a save (Diving, Parried into danger)" minute="7" period="1" second="44" time="7" type="save made" type_id="10"/>
	<message comment="James McArthur has shot blocked (6-yard box, Left footed, Open play)" minute="7" period="1" second="43" time="7" type="attempt blocked" type_id="15"/>
	<message comment="Johan Djourou blocks a shot" minute="7" period="1" second="43" time="7" type="save made" type_id="10"/>
	<message comment="GOAL! Franco Di Santo scores  (Low to the centre, 18-yard box, Big Chance, Right footed, Fast break)" minute="6" period="1" second="10" time="6" type="goal scored" type_id="16"/>
	<message comment="Franco Di Santo has attempt saved (Low to the centre, Out of box, Right footed, Fast break)" minute="6" period="1" second="9" time="6" type="attempt blocked" type_id="15"/>
	<message comment="Wojciech Szczesny makes a save (Parried into danger, Feet, Diving)" minute="6" period="1" second="9" time="6" type="save made" type_id="10"/>
	<message comment="Yossi Benayoun wins a corner (To the right)" minute="5" period="1" second="26" time="5" type="corner" type_id="6"/>
	<message comment="Ali Al Habsi makes a save (Parried safe)" minute="5" period="1" second="25" time="5" type="save made" type_id="10"/>
	<message comment="Yossi Benayoun has attempt saved (High to the centre, 18-yard box, Head, Open play)" minute="5" period="1" second="25" time="5" type="attempt blocked" type_id="15"/>
	<message comment="Franco Di Santo blocks a shot" minute="3" period="1" second="41" time="3" type="save made" type_id="10"/>
	<message comment="Mikel Arteta has shot blocked (Out of box, Right footed, Free kick)" minute="3" period="1" second="41" time="3" type="attempt blocked" type_id="15"/>
	<message comment="Thomas Vermaelen misses attempt (Out of box, Left footed, Open play)" minute="1" period="1" second="51" time="1" type="attempt missed" type_id="13"/>
	<message comment="First half begins!" minute="0" period="1" second="0" time="0" type="start" type_id="32"/>
</Commentary>
