<?xml version="1.0" ?>
<Commentary away_team_name="Arsenal" competition="English Premier League" game_date="2011-05-15" home_team_name="Aston Villa" lang_id="en" season="Season 2010/2011" season_id="2010" sport_id="1" sport_name="Football">
	<message comment="Second half ends" minute="94" period="2" second="39" time="96" type="end" type_id="30"/>
	<message comment="Ashley Young blocks a shot" minute="93" period="2" second="22" time="95" type="save made" type_id="10"/>
	<message comment="Thomas Vermaelen has shot blocked (Out of box, Left footed, Free kick)" minute="93" period="2" second="22" time="95" type="attempt blocked" type_id="15"/>
	<message comment="Fabian Delph is substituted off" minute="90" period="2" second="56" time="92" type="substitution off" type_id="18"/>
	<message comment="Emile Heskey is substituted on" minute="90" period="2" second="56" time="92" type="substitution on" type_id="19"/>
	<message comment="Ashley Young recieves a yellow card" minute="89" period="2" second="34" time="91" type="card received" type_id="17"/>
	<message comment="GOAL! Robin van Persie scores  (Low to the right, 6-yard box, Big Chance, Left footed, Open play)" minute="88" period="2" second="54" time="90" type="goal scored" type_id="16"/>
	<message comment="Darren Bent is caught offside" minute="88" period="2" time="90" type="offside" type_id="10000"/>
	<message comment="Aaron Ramsey misses attempt (To the left, 18-yard box, Right footed, Open play)" minute="86" period="2" second="56" time="88" type="attempt missed" type_id="13"/>
	<message comment="Darren Bent misses attempt (To the right, Out of box, Right footed, Open play)" minute="84" period="2" second="39" time="86" type="attempt missed" type_id="13"/>
	<message comment="Brad Friedel makes a save (Feet, Diving, Parried safe)" minute="83" period="2" second="38" time="85" type="save made" type_id="10"/>
	<message comment="Robin van Persie has attempt saved (Low to the centre, 6-yard box, Big Chance, Left footed, Open play)" minute="83" period="2" second="38" time="85" type="attempt blocked" type_id="15"/>
	<message comment="Darren Bent wins a corner (To the right)" minute="80" period="2" second="21" time="82" type="corner" type_id="6"/>
	<message comment="Stiliyan Petrov is substituted off" minute="79" period="2" second="48" time="81" type="substitution off" type_id="18"/>
	<message comment="Michael Bradley is substituted on" minute="79" period="2" second="48" time="81" type="substitution on" type_id="19"/>
	<message comment="Aaron Ramsey misses attempt (To the left, Out of box, Right footed, Open play)" minute="79" period="2" second="4" time="81" type="attempt missed" type_id="13"/>
	<message comment="Richard Dunne blocks a shot" minute="78" period="2" second="51" time="80" type="save made" type_id="10"/>
	<message comment="Thomas Vermaelen has shot blocked (18-yard box, Left footed, Open play)" minute="78" period="2" second="51" time="80" type="attempt blocked" type_id="15"/>
	<message comment="James Collins blocks a shot" minute="78" period="2" second="28" time="80" type="save made" type_id="10"/>
	<message comment="Alexandre Song has shot blocked (18-yard box, Left footed, From corner)" minute="78" period="2" second="28" time="80" type="attempt blocked" type_id="15"/>
	<message comment="Theo Walcott wins a corner (To the right)" minute="78" period="2" second="8" time="80" type="corner" type_id="6"/>
	<message comment="Brad Friedel makes a save (Diving)" minute="77" period="2" second="9" time="79" type="save made" type_id="10"/>
	<message comment="Marouane Chamakh has attempt saved (Low to the right, 18-yard box, Left footed, Open play)" minute="77" period="2" second="9" time="79" type="attempt blocked" type_id="15"/>
	<message comment="Nicklas Bendtner recieves a yellow card" minute="76" period="2" second="9" time="78" type="card received" type_id="17"/>
	<message comment="Theo Walcott wins a corner (To the right)" minute="73" period="2" second="43" time="75" type="corner" type_id="6"/>
	<message comment="Richard Dunne blocks a shot" minute="73" period="2" second="40" time="75" type="save made" type_id="10"/>
	<message comment="Theo Walcott has shot blocked (18-yard box, Right footed, Open play)" minute="73" period="2" second="40" time="75" type="attempt blocked" type_id="15"/>
	<message comment="Stewart Downing has attempt saved (Low to the right, 18-yard box, Left footed, Open play)" minute="73" period="2" second="10" time="75" type="attempt blocked" type_id="15"/>
	<message comment="Wojciech Szczesny makes a save (Diving, Parried into danger)" minute="73" period="2" second="10" time="75" type="save made" type_id="10"/>
	<message comment="Ashley Young has attempt saved (Low to the right, Out of box, Right footed, Open play)" minute="73" period="2" second="2" time="75" type="attempt blocked" type_id="15"/>
	<message comment="Wojciech Szczesny makes a save (Diving, Parried into danger)" minute="73" period="2" second="2" time="75" type="save made" type_id="10"/>
	<message comment="Aaron Ramsey wins a corner (To the left)" minute="70" period="2" second="33" time="72" type="corner" type_id="6"/>
	<message comment="Stiliyan Petrov blocks a shot" minute="70" period="2" second="32" time="72" type="save made" type_id="10"/>
	<message comment="Aaron Ramsey has shot blocked (18-yard box, Left footed, Set piece)" minute="70" period="2" second="32" time="72" type="attempt blocked" type_id="15"/>
	<message comment="Fabian Delph blocks a shot" minute="70" period="2" second="21" time="72" type="save made" type_id="10"/>
	<message comment="Robin van Persie has shot blocked (Out of box, Left footed, Free kick)" minute="70" period="2" second="21" time="72" type="attempt blocked" type_id="15"/>
	<message comment="Nicklas Bendtner wins a corner (To the right)" minute="67" period="2" second="1" time="69" type="corner" type_id="6"/>
	<message comment="Theo Walcott is caught offside" minute="65" period="2" time="67" type="offside" type_id="10000"/>
	<message comment="Richard Dunne recieves a yellow card" minute="63" period="2" second="21" time="65" type="card received" type_id="17"/>
	<message comment="Theo Walcott misses attempt (6-yard box, Big Chance, Right footed, From corner)" minute="61" period="2" second="28" time="63" type="attempt missed" type_id="13"/>
	<message comment="Andrey Arshavin is substituted off" minute="61" period="2" second="15" time="63" type="substitution off" type_id="18"/>
	<message comment="Nicklas Bendtner is substituted on" minute="61" period="2" second="15" time="63" type="substitution on" type_id="19"/>
	<message comment="Andrey Arshavin wins a corner (To the left)" minute="60" period="2" second="49" time="62" type="corner" type_id="6"/>
	<message comment="Robin van Persie misses attempt (High, 18-yard box, Left footed, Open play)" minute="59" period="2" second="3" time="61" type="attempt missed" type_id="13"/>
	<message comment="Jack Wilshere misses attempt (High to the right, Out of box, Left footed, From corner)" minute="58" period="2" second="7" time="60" type="attempt missed" type_id="13"/>
	<message comment="Kieran Gibbs wins a corner (To the left)" minute="57" period="2" second="42" time="59" type="corner" type_id="6"/>
	<message comment="Brad Friedel makes a save (Diving, Parried safe, Feet)" minute="57" period="2" second="39" time="59" type="save made" type_id="10"/>
	<message comment="Kieran Gibbs has attempt saved (Low to the centre, 6-yard box, Left footed, Open play)" minute="57" period="2" second="39" time="59" type="attempt blocked" type_id="15"/>
	<message comment="Marouane Chamakh is caught offside" minute="54" period="2" time="56" type="offside" type_id="10000"/>
	<message comment="Marouane Chamakh is caught offside" minute="52" period="2" time="54" type="offside" type_id="10000"/>
	<message comment="Theo Walcott is caught offside" minute="48" period="2" time="50" type="offside" type_id="10000"/>
	<message comment="Brad Friedel makes a save" minute="46" period="2" second="36" time="48" type="save made" type_id="10"/>
	<message comment="Andrey Arshavin has attempt saved (Low to the centre, 18-yard box, Right footed, Open play)" minute="46" period="2" second="36" time="48" type="attempt blocked" type_id="15"/>
	<message comment="Darren Bent has attempt saved (Low to the right, Out of box, Left footed, Open play)" minute="45" period="2" second="32" time="47" type="attempt blocked" type_id="15"/>
	<message comment="Wojciech Szczesny makes a save (Diving)" minute="45" period="2" second="32" time="47" type="save made" type_id="10"/>
	<message comment="Ashley Young misses attempt (To the right, Out of box, Right footed, Open play)" minute="45" period="2" second="1" time="47" type="attempt missed" type_id="13"/>
	<message comment="Sébastien Squillaci is substituted off" minute="45" period="2" second="0" time="47" type="substitution off" type_id="18"/>
	<message comment="Marouane Chamakh is substituted on" minute="45" period="2" second="0" time="47" type="substitution on" type_id="19"/>
	<message comment="Second half begins!" minute="45" period="2" second="0" time="47" type="start" type_id="32"/>
	<message comment="First half ends" minute="46" period="1" second="3" time="46" type="end" type_id="30"/>
	<message comment="Darren Bent is caught offside" minute="43" period="1" time="43" type="offside" type_id="10000"/>
	<message comment="Sébastien Squillaci misses attempt (To the right, 18-yard box, Head, From corner)" minute="38" period="1" second="36" time="38" type="attempt missed" type_id="13"/>
	<message comment="Alexandre Song wins a corner (To the right)" minute="38" period="1" second="7" time="38" type="corner" type_id="6"/>
	<message comment="Thomas Vermaelen misses attempt (18-yard box, Head, From corner)" minute="36" period="1" second="26" time="36" type="attempt missed" type_id="13"/>
	<message comment="Aaron Ramsey wins a corner (To the left)" minute="36" period="1" second="1" time="36" type="corner" type_id="6"/>
	<message comment="Nigel Reo-Coker blocks a shot" minute="35" period="1" second="58" time="35" type="save made" type_id="10"/>
	<message comment="Aaron Ramsey has shot blocked (Out of box, Right footed, Open play)" minute="35" period="1" second="58" time="35" type="attempt blocked" type_id="15"/>
	<message comment="Robin van Persie hits the woodwork (To the right, 18-yard box, Left footed, Open play)" minute="35" period="1" second="51" time="35" type="woodwork hit" type_id="14"/>
	<message comment="Stiliyan Petrov recieves a yellow card" minute="34" period="1" second="43" time="34" type="card received" type_id="17"/>
	<message comment="Robin van Persie wins a corner (To the left)" minute="30" period="1" second="36" time="30" type="corner" type_id="6"/>
	<message comment="Richard Dunne blocks a shot" minute="30" period="1" second="33" time="30" type="save made" type_id="10"/>
	<message comment="Robin van Persie has shot blocked (18-yard box, Left footed, Open play)" minute="30" period="1" second="33" time="30" type="attempt blocked" type_id="15"/>
	<message comment="Brad Friedel makes a save (Diving, Parried safe, Feet)" minute="29" period="1" second="16" time="29" type="save made" type_id="10"/>
	<message comment="Robin van Persie has attempt saved (Low to the right, 6-yard box, Left footed, Open play)" minute="29" period="1" second="16" time="29" type="attempt blocked" type_id="15"/>
	<message comment="Bacary Sagna wins a corner (To the right)" minute="28" period="1" second="19" time="28" type="corner" type_id="6"/>
	<message comment="Nigel Reo-Coker blocks a shot" minute="28" period="1" second="16" time="28" type="save made" type_id="10"/>
	<message comment="Bacary Sagna has shot blocked (Out of box, Right footed, From corner)" minute="28" period="1" second="16" time="28" type="attempt blocked" type_id="15"/>
	<message comment="Kieran Gibbs wins a corner (To the left)" minute="27" period="1" second="56" time="27" type="corner" type_id="6"/>
	<message comment="Nigel Reo-Coker recieves a yellow card" minute="24" period="1" second="8" time="24" type="card received" type_id="17"/>
	<message comment="Thomas Vermaelen wins a corner (To the left)" minute="21" period="1" second="45" time="21" type="corner" type_id="6"/>
	<message comment="Thomas Vermaelen has shot blocked (Out of box, Left footed, Open play)" minute="21" period="1" second="43" time="21" type="attempt blocked" type_id="15"/>
	<message comment="Kyle Walker blocks a shot" minute="21" period="1" second="43" time="21" type="save made" type_id="10"/>
	<message comment="Ashley Young is caught offside" minute="18" period="1" time="18" type="offside" type_id="10000"/>
	<message comment="Robin van Persie is caught offside" minute="17" period="1" time="17" type="offside" type_id="10000"/>
	<message comment="GOAL! Darren Bent scores , Assisted by Ashley Young (Low to the centre, 18-yard box, Big Chance, Right footed, Set piece)" minute="14" period="1" second="50" time="14" type="goal scored" type_id="16"/>
	<message comment="Thomas Vermaelen wins a corner (To the left)" minute="12" period="1" second="13" time="12" type="corner" type_id="6"/>
	<message comment="GOAL! Darren Bent scores , Assisted by Kyle Walker (High to the right, 18-yard box, Big Chance, Right footed, From corner)" minute="10" period="1" second="52" time="10" type="goal scored" type_id="16"/>
	<message comment="Kyle Walker wins a corner (To the right)" minute="10" period="1" second="21" time="10" type="corner" type_id="6"/>
	<message comment="Formation Set" minute="0" period="14" second="0" time="6" type="end" type_id="30"/>
	<message comment="Stiliyan Petrov misses attempt (High to the left, Out of box, Right footed, Open play)" minute="0" period="1" second="55" time="0" type="attempt missed" type_id="13"/>
	<message comment="First half begins!" minute="0" period="1" second="0" time="0" type="start" type_id="32"/>
</Commentary>
