<?xml version="1.0" ?>
<Commentary away_team_name="Arsenal" competition="English Premier League" game_date="2013-01-30" home_team_name="Liverpool" lang_id="en" season="Season 2012/2013" season_id="2012" sport_id="1" sport_name="Football">
	<message comment="Second half ends" minute="94" period="2" second="4" time="98" type="end" type_id="30"/>
	<message comment="Wojciech Szczesny makes a save (Diving, Parried into danger)" minute="93" period="2" second="23" time="97" type="save made" type_id="10"/>
	<message comment="Luis Suárez has attempt saved (Low to the left, 18-yard box, Right footed, Fast break)" minute="93" period="2" second="23" time="97" type="attempt blocked" type_id="15"/>
	<message comment="Luis Suárez wins a corner (To the left)" minute="90" period="2" second="59" time="94" type="corner" type_id="6"/>
	<message comment="José Enrique wins a corner (To the left)" minute="90" period="2" second="18" time="94" type="corner" type_id="6"/>
	<message comment="Per Mertesacker recieves a yellow card" minute="90" period="2" second="7" time="94" type="card received" type_id="17"/>
	<message comment="Luis Suárez misses attempt (High to the right, Out of box, Right footed, Fast break)" minute="87" period="2" second="35" time="91" type="attempt missed" type_id="13"/>
	<message comment="André Santos wins a corner (To the left)" minute="85" period="2" second="50" time="89" type="corner" type_id="6"/>
	<message comment="Luis Suárez is caught offside" minute="85" period="2" time="89" type="offside" type_id="10000"/>
	<message comment="Olivier Giroud recieves a yellow card" minute="84" period="2" second="50" time="88" type="card received" type_id="17"/>
	<message comment="Olivier Giroud misses attempt (18-yard box, Head, From corner)" minute="83" period="2" second="43" time="87" type="attempt missed" type_id="13"/>
	<message comment="Olivier Giroud wins a corner (To the left)" minute="83" period="2" second="15" time="87" type="corner" type_id="6"/>
	<message comment="Pepe Reina makes a save (Diving, Parried safe)" minute="83" period="2" second="12" time="87" type="save made" type_id="10"/>
	<message comment="Olivier Giroud has attempt saved (Low to the left, Out of box, Left footed, Fast break)" minute="83" period="2" second="12" time="87" type="attempt blocked" type_id="15"/>
	<message comment="Daniel Agger has shot blocked (6-yard box, Head, From corner)" minute="82" period="2" second="52" time="86" type="attempt blocked" type_id="15"/>
	<message comment="Bacary Sagna blocks a shot" minute="82" period="2" second="52" time="86" type="save made" type_id="10"/>
	<message comment="José Enrique wins a corner (To the left)" minute="82" period="2" second="22" time="86" type="corner" type_id="6"/>
	<message comment="Luis Suárez wins a corner (To the right)" minute="80" period="2" second="22" time="84" type="corner" type_id="6"/>
	<message comment="Per Mertesacker misses attempt (18-yard box, Head, Set piece)" minute="77" period="2" second="49" time="81" type="attempt missed" type_id="13"/>
	<message comment="Steven Gerrard recieves a yellow card" minute="72" period="2" second="52" time="76" type="card received" type_id="17"/>
	<message comment="Daniel Sturridge is substituted off" minute="70" period="2" second="30" time="74" type="substitution off" type_id="18"/>
	<message comment="José Enrique is substituted on" minute="70" period="2" second="30" time="74" type="substitution on" type_id="19"/>
	<message comment="Theo Walcott misses attempt (Out of box, Left footed, Open play)" minute="69" period="2" second="55" time="73" type="attempt missed" type_id="13"/>
	<message comment="Lukas Podolski misses attempt (High, Out of box, Left footed, Open play)" minute="67" period="2" second="53" time="71" type="attempt missed" type_id="13"/>
	<message comment="GOAL! Theo Walcott scores , Assisted by Olivier Giroud (Low to the left, 18-yard box, Right footed, Open play)" minute="66" period="2" second="22" time="70" type="goal scored" type_id="16"/>
	<message comment="GOAL! Olivier Giroud scores , Assisted by Jack Wilshere (Low to the left, 18-yard box, Head, Set piece)" minute="63" period="2" second="59" time="67" type="goal scored" type_id="16"/>
	<message comment="Lukas Podolski misses attempt (Out of box, Left footed, Open play)" minute="61" period="2" second="51" time="65" type="attempt missed" type_id="13"/>
	<message comment="Aaron Ramsey misses attempt (High to the left, Out of box, Right footed, Open play)" minute="60" period="2" second="31" time="64" type="attempt missed" type_id="13"/>
	<message comment="GOAL! Jordan Henderson scores  (Low to the centre, 18-yard box, Big Chance, Left footed, Open play)" minute="59" period="2" second="25" time="63" type="goal scored" type_id="16"/>
	<message comment="Jordan Henderson has shot blocked (18-yard box, Left footed, Open play)" minute="59" period="2" second="23" time="63" type="attempt blocked" type_id="15"/>
	<message comment="Aaron Ramsey blocks a shot" minute="59" period="2" second="23" time="63" type="save made" type_id="10"/>
	<message comment="Lucas Leiva blocks a shot" minute="56" period="2" second="26" time="60" type="save made" type_id="10"/>
	<message comment="Lukas Podolski has shot blocked (Out of box, Left footed, Open play)" minute="56" period="2" second="26" time="60" type="attempt blocked" type_id="15"/>
	<message comment="Jamie Carragher blocks a shot" minute="56" period="2" second="23" time="60" type="save made" type_id="10"/>
	<message comment="Lukas Podolski has shot blocked (Out of box, Left footed, Free kick)" minute="56" period="2" second="23" time="60" type="attempt blocked" type_id="15"/>
	<message comment="Theo Walcott misses attempt (6-yard box, Big Chance, Head, Open play)" minute="53" period="2" second="27" time="57" type="attempt missed" type_id="13"/>
	<message comment="Daniel Sturridge misses attempt (To the left, 18-yard box, Left footed, Open play)" minute="48" period="2" second="30" time="52" type="attempt missed" type_id="13"/>
	<message comment="Stewart Downing has shot blocked (18-yard box, Left footed, Open play)" minute="47" period="2" second="49" time="51" type="attempt blocked" type_id="15"/>
	<message comment="Lukas Podolski blocks a shot" minute="47" period="2" second="49" time="51" type="save made" type_id="10"/>
	<message comment="Second half begins!" minute="45" period="2" second="0" time="49" type="start" type_id="32"/>
	<message comment="First half ends" minute="48" period="1" second="4" time="48" type="end" type_id="30"/>
	<message comment="Jordan Henderson misses attempt (Out of box, Big Chance, Right footed, Open play)" minute="43" period="1" second="6" time="43" type="attempt missed" type_id="13"/>
	<message comment="Steven Gerrard blocks a shot" minute="42" period="1" second="48" time="42" type="save made" type_id="10"/>
	<message comment="Santi Cazorla has shot blocked (18-yard box, Right footed, Open play)" minute="42" period="1" second="48" time="42" type="attempt blocked" type_id="15"/>
	<message comment="Pepe Reina makes a save (Standing)" minute="39" period="1" second="46" time="39" type="save made" type_id="10"/>
	<message comment="Olivier Giroud has attempt saved (Low to the centre, 18-yard box, Head, Open play)" minute="39" period="1" second="46" time="39" type="attempt blocked" type_id="15"/>
	<message comment="Kieran Gibbs is substituted off" minute="36" period="1" second="17" time="36" type="substitution off" type_id="18"/>
	<message comment="André Santos is substituted on" minute="36" period="1" second="17" time="36" type="substitution on" type_id="19"/>
	<message comment="Daniel Agger is caught offside" minute="36" period="1" time="36" type="offside" type_id="10000"/>
	<message comment="Aaron Ramsey wins a corner (To the left)" minute="33" period="1" second="58" time="33" type="corner" type_id="6"/>
	<message comment="Stewart Downing is caught offside" minute="32" period="1" time="32" type="offside" type_id="10000"/>
	<message comment="Luis Suárez misses attempt (To the left, 18-yard box, Right footed, Open play)" minute="28" period="1" second="27" time="28" type="attempt missed" type_id="13"/>
	<message comment="Daniel Agger has shot blocked (18-yard box, Head, From corner)" minute="26" period="1" second="44" time="26" type="attempt blocked" type_id="15"/>
	<message comment="Lukas Podolski blocks a shot (Last line)" minute="26" period="1" second="44" time="26" type="save made" type_id="10"/>
	<message comment="Luis Suárez wins a corner (To the left)" minute="26" period="1" second="13" time="26" type="corner" type_id="6"/>
	<message comment="Santi Cazorla recieves a yellow card" minute="25" period="1" second="0" time="25" type="card received" type_id="17"/>
	<message comment="Lukas Podolski wins a corner (To the left)" minute="23" period="1" second="2" time="23" type="corner" type_id="6"/>
	<message comment="Theo Walcott wins a corner (To the right)" minute="17" period="1" second="36" time="17" type="corner" type_id="6"/>
	<message comment="Pepe Reina makes a save (Parried safe, Diving)" minute="17" period="1" second="34" time="17" type="save made" type_id="10"/>
	<message comment="Theo Walcott has attempt saved (Low to the right, 18-yard box, Right footed, From corner)" minute="17" period="1" second="34" time="17" type="attempt blocked" type_id="15"/>
	<message comment="Daniel Agger blocks a shot" minute="17" period="1" second="32" time="17" type="save made" type_id="10"/>
	<message comment="Thomas Vermaelen has shot blocked (18-yard box, Right footed, From corner)" minute="17" period="1" second="32" time="17" type="attempt blocked" type_id="15"/>
	<message comment="Olivier Giroud wins a corner (To the left)" minute="16" period="1" second="57" time="16" type="corner" type_id="6"/>
	<message comment="Lucas Leiva blocks a shot" minute="16" period="1" second="55" time="16" type="save made" type_id="10"/>
	<message comment="Olivier Giroud has shot blocked (Out of box, Left footed, Open play)" minute="16" period="1" second="55" time="16" type="attempt blocked" type_id="15"/>
	<message comment="Bacary Sagna wins a corner (To the right)" minute="16" period="1" second="17" time="16" type="corner" type_id="6"/>
	<message comment="Olivier Giroud misses attempt (To the right, 18-yard box, Right footed, Open play)" minute="11" period="1" second="28" time="11" type="attempt missed" type_id="13"/>
	<message comment="Daniel Sturridge misses attempt (To the left, Out of box, Right footed, Fast break)" minute="10" period="1" second="16" time="10" type="attempt missed" type_id="13"/>
	<message comment="Formation Set" minute="0" period="14" second="0" time="8" type="end" type_id="30"/>
	<message comment="Jack Wilshere is caught offside" minute="6" period="1" time="6" type="offside" type_id="10000"/>
	<message comment="Theo Walcott wins a corner (To the right)" minute="5" period="1" second="37" time="5" type="corner" type_id="6"/>
	<message comment="Pepe Reina makes a save (Diving, Parried safe)" minute="5" period="1" second="35" time="5" type="save made" type_id="10"/>
	<message comment="Theo Walcott has attempt saved (Low to the right, 18-yard box, Big Chance, Right footed, Open play)" minute="5" period="1" second="35" time="5" type="attempt blocked" type_id="15"/>
	<message comment="GOAL! Luis Suárez scores , Assisted by Jordan Henderson (Low to the centre, 18-yard box, Big Chance, Right footed, Open play)" minute="4" period="1" second="33" time="4" type="goal scored" type_id="16"/>
	<message comment="Daniel Sturridge has attempt saved (Low to the centre, 18-yard box, Big Chance, Left footed, Open play)" minute="4" period="1" second="30" time="4" type="attempt blocked" type_id="15"/>
	<message comment="Wojciech Szczesny makes a save (Diving, Feet, Parried into danger)" minute="4" period="1" second="30" time="4" type="save made" type_id="10"/>
	<message comment="Luis Suárez wins a corner (To the left)" minute="2" period="1" second="47" time="2" type="corner" type_id="6"/>
	<message comment="First half begins!" minute="0" period="1" second="0" time="0" type="start" type_id="32"/>
</Commentary>
