<?xml version="1.0" ?>
<Commentary away_team_name="Arsenal" competition="English Premier League" game_date="2011-04-02" home_team_name="Blackburn" lang_id="en" season="Season 2010/2011" season_id="2010" sport_id="1" sport_name="Football">
	<message comment="Second half ends" minute="94" period="2" second="20" time="99" type="end" type_id="30"/>
	<message comment="Robin van Persie misses attempt (18-yard box, Big Chance, Head, Open play)" minute="93" period="2" second="21" time="98" type="attempt missed" type_id="13"/>
	<message comment="Jermaine Jones is substituted off" minute="91" period="2" second="18" time="96" type="substitution off" type_id="18"/>
	<message comment="David Dunn is substituted on" minute="91" period="2" second="18" time="96" type="substitution on" type_id="19"/>
	<message comment="Nicklas Bendtner misses attempt (To the right, 18-yard box, Head, From corner)" minute="89" period="2" second="30" time="94" type="attempt missed" type_id="13"/>
	<message comment="Nicklas Bendtner wins a corner (To the left)" minute="89" period="2" second="15" time="94" type="corner" type_id="6"/>
	<message comment="Míchel Salgado blocks a shot (Last line)" minute="89" period="2" second="9" time="94" type="save made" type_id="10"/>
	<message comment="Nicklas Bendtner has shot blocked (6-yard box, Head, From corner)" minute="89" period="2" second="9" time="94" type="attempt blocked" type_id="15"/>
	<message comment="Bacary Sagna wins a corner (To the right)" minute="88" period="2" second="53" time="93" type="corner" type_id="6"/>
	<message comment="Brett Emerton blocks a shot" minute="85" period="2" second="55" time="90" type="save made" type_id="10"/>
	<message comment="Cesc Fàbregas has shot blocked (Out of box, Right footed, Free kick)" minute="85" period="2" second="55" time="90" type="attempt blocked" type_id="15"/>
	<message comment="Robin van Persie misses attempt (To the left, 6-yard box, Head, Open play)" minute="80" period="2" second="27" time="85" type="attempt missed" type_id="13"/>
	<message comment="Nicklas Bendtner misses attempt (High, 18-yard box, Head, Open play)" minute="79" period="2" second="32" time="84" type="attempt missed" type_id="13"/>
	<message comment="Gaël Clichy misses attempt (To the right, Out of box, Left footed, Open play)" minute="78" period="2" second="27" time="83" type="attempt missed" type_id="13"/>
	<message comment="Martin Olsson blocks a shot" minute="78" period="2" second="16" time="83" type="save made" type_id="10"/>
	<message comment="Marouane Chamakh has shot blocked (18-yard box, Big Chance, Right footed, Open play)" minute="78" period="2" second="16" time="83" type="attempt blocked" type_id="15"/>
	<message comment="Samir Nasri is substituted off" minute="77" period="2" second="15" time="82" type="substitution off" type_id="18"/>
	<message comment="Nicklas Bendtner is substituted on" minute="77" period="2" second="15" time="82" type="substitution on" type_id="19"/>
	<message comment="Cesc Fàbregas misses attempt (High to the right, 18-yard box, Right footed, Open play)" minute="76" period="2" second="50" time="81" type="attempt missed" type_id="13"/>
	<message comment="Steven Nzonzi recieves a red card" minute="75" period="2" second="4" time="80" type="card received" type_id="17"/>
	<message comment="Steven Nzonzi misses attempt (High to the right, 18-yard box, Right footed, From corner)" minute="74" period="2" second="34" time="79" type="attempt missed" type_id="13"/>
	<message comment="Míchel Salgado wins a corner (To the right)" minute="73" period="2" second="59" time="78" type="corner" type_id="6"/>
	<message comment="David Junior Hoilett wins a corner (To the left)" minute="73" period="2" second="3" time="78" type="corner" type_id="6"/>
	<message comment="Theo Walcott is substituted off" minute="72" period="2" second="10" time="77" type="substitution off" type_id="18"/>
	<message comment="Marouane Chamakh is substituted on" minute="72" period="2" second="10" time="77" type="substitution on" type_id="19"/>
	<message comment="Robin van Persie wins a corner (To the right)" minute="70" period="2" second="9" time="75" type="corner" type_id="6"/>
	<message comment="Martin Olsson is caught offside" minute="68" period="2" time="73" type="offside" type_id="10000"/>
	<message comment="Paul Robinson makes a save (Diving)" minute="63" period="2" second="58" time="68" type="save made" type_id="10"/>
	<message comment="Robin van Persie has attempt saved (Low to the right, Out of box, Left footed, Open play)" minute="63" period="2" second="58" time="68" type="attempt blocked" type_id="15"/>
	<message comment="Roque Santa Cruz is substituted off" minute="61" period="2" second="58" time="66" type="substitution off" type_id="18"/>
	<message comment="Jason Roberts is substituted on" minute="61" period="2" second="58" time="66" type="substitution on" type_id="19"/>
	<message comment="Andrey Arshavin is substituted off" minute="57" period="2" second="50" time="62" type="substitution off" type_id="18"/>
	<message comment="Cesc Fàbregas is substituted on" minute="57" period="2" second="50" time="62" type="substitution on" type_id="19"/>
	<message comment="Paul Robinson makes a save (Diving)" minute="55" period="2" second="6" time="60" type="save made" type_id="10"/>
	<message comment="Laurent Koscielny has attempt saved (Low to the left, 18-yard box, Head, From corner)" minute="55" period="2" second="6" time="60" type="attempt blocked" type_id="15"/>
	<message comment="Jack Wilshere wins a corner (To the left)" minute="54" period="2" second="41" time="59" type="corner" type_id="6"/>
	<message comment="Alexandre Song recieves a yellow card" minute="52" period="2" second="28" time="57" type="card received" type_id="17"/>
	<message comment="Robin van Persie wins a corner (To the right)" minute="45" period="2" second="46" time="50" type="corner" type_id="6"/>
	<message comment="Second half begins!" minute="45" period="2" second="0" time="50" type="start" type_id="32"/>
	<message comment="First half ends" minute="49" period="1" second="5" time="49" type="end" type_id="30"/>
	<message comment="Bacary Sagna misses attempt (High to the right, Out of box, Right footed, From corner)" minute="47" period="1" second="38" time="47" type="attempt missed" type_id="13"/>
	<message comment="Samir Nasri wins a corner (To the right)" minute="47" period="1" second="24" time="47" type="corner" type_id="6"/>
	<message comment="Christopher Samba blocks a shot" minute="47" period="1" second="21" time="47" type="save made" type_id="10"/>
	<message comment="Samir Nasri has shot blocked (18-yard box, Right footed, Open play)" minute="47" period="1" second="21" time="47" type="attempt blocked" type_id="15"/>
	<message comment="Steven Nzonzi misses attempt (18-yard box, Big Chance, Head, Set piece)" minute="44" period="1" second="50" time="44" type="attempt missed" type_id="13"/>
	<message comment="Andrey Arshavin is caught offside" minute="42" period="1" time="42" type="offside" type_id="10000"/>
	<message comment="Theo Walcott misses attempt (To the left, Out of box, Right footed, Fast break)" minute="39" period="1" second="58" time="39" type="attempt missed" type_id="13"/>
	<message comment="Jermaine Jones wins a corner (To the right)" minute="39" period="1" second="13" time="39" type="corner" type_id="6"/>
	<message comment="Míchel Salgado recieves a yellow card" minute="38" period="1" second="28" time="38" type="card received" type_id="17"/>
	<message comment="Theo Walcott wins a corner (To the right)" minute="36" period="1" second="0" time="36" type="corner" type_id="6"/>
	<message comment="David Junior Hoilett misses attempt (To the right, 18-yard box, Right footed, Open play)" minute="35" period="1" second="16" time="35" type="attempt missed" type_id="13"/>
	<message comment="Christopher Samba has attempt saved (Low to the right, 18-yard box, Head, From corner)" minute="32" period="1" second="39" time="32" type="attempt blocked" type_id="15"/>
	<message comment="Manuel Almunia makes a save (Standing)" minute="32" period="1" second="39" time="32" type="save made" type_id="10"/>
	<message comment="Martin Olsson wins a corner (To the right)" minute="32" period="1" second="3" time="32" type="corner" type_id="6"/>
	<message comment="Martin Olsson has attempt saved (Low to the right, Out of box, Left footed, Open play)" minute="32" period="1" second="1" time="32" type="attempt blocked" type_id="15"/>
	<message comment="Manuel Almunia makes a save (Parried safe)" minute="32" period="1" second="1" time="32" type="save made" type_id="10"/>
	<message comment="David Junior Hoilett recieves a yellow card" minute="29" period="1" second="51" time="29" type="card received" type_id="17"/>
	<message comment="Jack Wilshere misses attempt (To the right, 18-yard box, Big Chance, Left footed, Open play)" minute="28" period="1" second="40" time="28" type="attempt missed" type_id="13"/>
	<message comment="Paul Robinson makes a save (Parried into danger, Standing)" minute="27" period="1" second="29" time="27" type="save made" type_id="10"/>
	<message comment="Andrey Arshavin has attempt saved (Low to the centre, Out of box, Right footed, From corner)" minute="27" period="1" second="29" time="27" type="attempt blocked" type_id="15"/>
	<message comment="Bacary Sagna wins a corner (To the right)" minute="26" period="1" second="59" time="26" type="corner" type_id="6"/>
	<message comment="Brett Emerton misses attempt (High, Out of box, Right footed, Free kick)" minute="23" period="1" second="44" time="23" type="attempt missed" type_id="13"/>
	<message comment="Martin Olsson misses attempt (18-yard box, Left footed, Open play)" minute="18" period="1" second="23" time="18" type="attempt missed" type_id="13"/>
	<message comment="Brett Emerton blocks a shot" minute="16" period="1" second="12" time="16" type="save made" type_id="10"/>
	<message comment="Andrey Arshavin has shot blocked (18-yard box, Left footed, Open play)" minute="16" period="1" second="12" time="16" type="attempt blocked" type_id="15"/>
	<message comment="Roque Santa Cruz is caught offside" minute="16" period="1" time="16" type="offside" type_id="10000"/>
	<message comment="Roque Santa Cruz is caught offside" minute="14" period="1" time="14" type="offside" type_id="10000"/>
	<message comment="Samir Nasri misses attempt (High, 18-yard box, Head, Open play)" minute="12" period="1" second="53" time="12" type="attempt missed" type_id="13"/>
	<message comment="Formation Set" minute="0" period="14" second="0" time="9" type="end" type_id="30"/>
	<message comment="Gaël Clichy misses attempt (To the right, Out of box, Left footed, From corner)" minute="8" period="1" second="37" time="8" type="attempt missed" type_id="13"/>
	<message comment="Samir Nasri wins a corner (To the left)" minute="8" period="1" second="23" time="8" type="corner" type_id="6"/>
	<message comment="Gaël Clichy is caught offside" minute="7" period="1" time="7" type="offside" type_id="10000"/>
	<message comment="Jermaine Jones blocks a shot" minute="6" period="1" second="50" time="6" type="save made" type_id="10"/>
	<message comment="Robin van Persie has shot blocked (18-yard box, Left footed, Open play)" minute="6" period="1" second="50" time="6" type="attempt blocked" type_id="15"/>
	<message comment="Theo Walcott wins a corner (To the right)" minute="6" period="1" second="0" time="6" type="corner" type_id="6"/>
	<message comment="Paul Robinson makes a save (Parried safe, Diving, Other body part)" minute="5" period="1" second="52" time="5" type="save made" type_id="10"/>
	<message comment="Theo Walcott has attempt saved (Low to the right, 18-yard box, Big Chance, Right footed, Open play)" minute="5" period="1" second="52" time="5" type="attempt blocked" type_id="15"/>
	<message comment="Alexandre Song wins a corner (To the right)" minute="3" period="1" second="50" time="3" type="corner" type_id="6"/>
	<message comment="Phil Jones blocks a shot" minute="3" period="1" second="48" time="3" type="save made" type_id="10"/>
	<message comment="Alexandre Song has shot blocked (18-yard box, Right footed, Open play)" minute="3" period="1" second="48" time="3" type="attempt blocked" type_id="15"/>
	<message comment="David Junior Hoilett is caught offside" minute="3" period="1" time="3" type="offside" type_id="10000"/>
	<message comment="First half begins!" minute="0" period="1" second="0" time="0" type="start" type_id="32"/>
</Commentary>
