<?xml version="1.0" ?>
<Commentary away_team_name="Arsenal" competition="English Premier League" game_date="2013-05-14" home_team_name="Wigan" lang_id="en" season="Season 2012/2013" season_id="2012" sport_id="1" sport_name="Football">
	<message comment="Second half ends" minute="92" period="2" second="25" time="95" type="end" type_id="30"/>
	<message comment="Franco Di Santo wins a corner (To the right)" minute="92" period="2" second="7" time="95" type="corner" type_id="6"/>
	<message comment="Mikel Arteta is substituted off" minute="90" period="2" second="40" time="93" type="substitution off" type_id="18"/>
	<message comment="Thomas Vermaelen is substituted on" minute="90" period="2" second="40" time="93" type="substitution on" type_id="19"/>
	<message comment="Franco Di Santo wins a corner (To the right)" minute="89" period="2" second="15" time="92" type="corner" type_id="6"/>
	<message comment="Ángelo Henríquez is caught offside" minute="86" period="2" time="89" type="offside" type_id="10000"/>
	<message comment="Joel Robles makes a save (Feet, Parried into danger)" minute="85" period="2" second="2" time="88" type="save made" type_id="10"/>
	<message comment="Theo Walcott has attempt saved (Low to the centre, Out of box, Right footed, From corner)" minute="85" period="2" second="2" time="88" type="attempt blocked" type_id="15"/>
	<message comment="Shaun Maloney is substituted off" minute="84" period="2" second="44" time="87" type="substitution off" type_id="18"/>
	<message comment="Ángelo Henríquez is substituted on" minute="84" period="2" second="44" time="87" type="substitution on" type_id="19"/>
	<message comment="Alex Oxlade-Chamberlain wins a corner (To the right)" minute="84" period="2" second="7" time="87" type="corner" type_id="6"/>
	<message comment="Theo Walcott has attempt saved (Low to the left, Out of box, Right footed, Open play)" minute="83" period="2" second="15" time="86" type="attempt blocked" type_id="15"/>
	<message comment="Joel Robles makes a save (Collected)" minute="83" period="2" second="15" time="86" type="save made" type_id="10"/>
	<message comment="Kieran Gibbs wins a corner (To the left)" minute="82" period="2" second="17" time="85" type="corner" type_id="6"/>
	<message comment="Franco Di Santo misses attempt (Out of box, Right footed, Open play)" minute="80" period="2" second="44" time="83" type="attempt missed" type_id="13"/>
	<message comment="Franco Di Santo is caught offside" minute="79" period="2" time="82" type="offside" type_id="10000"/>
	<message comment="Lukas Podolski is substituted off" minute="77" period="2" second="51" time="80" type="substitution off" type_id="18"/>
	<message comment="Alex Oxlade-Chamberlain is substituted on" minute="77" period="2" second="51" time="80" type="substitution on" type_id="19"/>
	<message comment="Tomas Rosicky is substituted off" minute="77" period="2" second="32" time="80" type="substitution off" type_id="18"/>
	<message comment="Jack Wilshere is substituted on" minute="77" period="2" second="32" time="80" type="substitution on" type_id="19"/>
	<message comment="Franco Di Santo misses attempt (6-yard box, Head, From corner)" minute="74" period="2" second="48" time="77" type="attempt missed" type_id="13"/>
	<message comment="Franco Di Santo wins a corner (To the left)" minute="74" period="2" second="21" time="77" type="corner" type_id="6"/>
	<message comment="GOAL! Aaron Ramsey scores , Assisted by Santi Cazorla (High to the right, 18-yard box, Big Chance, Right footed, Open play)" minute="70" period="2" second="24" time="73" type="goal scored" type_id="16"/>
	<message comment="GOAL! Lukas Podolski scores , Assisted by Santi Cazorla (Low to the left, 18-yard box, Big Chance, Left footed, Open play)" minute="67" period="2" second="26" time="70" type="goal scored" type_id="16"/>
	<message comment="Kieran Gibbs wins a corner (To the left)" minute="64" period="2" second="48" time="67" type="corner" type_id="6"/>
	<message comment="Jordi Gómez is substituted off" minute="63" period="2" second="10" time="66" type="substitution off" type_id="18"/>
	<message comment="Ben Watson is substituted on" minute="63" period="2" second="10" time="66" type="substitution on" type_id="19"/>
	<message comment="GOAL! Theo Walcott scores , Assisted by Santi Cazorla (Low to the left, 18-yard box, Big Chance, Left footed, Open play)" minute="62" period="2" second="20" time="65" type="goal scored" type_id="16"/>
	<message comment="Theo Walcott has attempt saved (Low to the centre, 18-yard box, Right footed, Open play)" minute="60" period="2" second="2" time="63" type="attempt blocked" type_id="15"/>
	<message comment="Joel Robles makes a save (Feet, Parried safe)" minute="60" period="2" second="2" time="63" type="save made" type_id="10"/>
	<message comment="Emmerson Boyce misses attempt (To the left, 18-yard box, Head, Set piece)" minute="59" period="2" second="11" time="62" type="attempt missed" type_id="13"/>
	<message comment="Lukas Podolski has attempt saved (High to the centre, 18-yard box, Head, Open play)" minute="57" period="2" second="46" time="60" type="attempt blocked" type_id="15"/>
	<message comment="Joel Robles makes a save (Standing)" minute="57" period="2" second="46" time="60" type="save made" type_id="10"/>
	<message comment="Callum McManaman is substituted off" minute="56" period="2" second="52" time="59" type="substitution off" type_id="18"/>
	<message comment="Franco Di Santo is substituted on" minute="56" period="2" second="52" time="59" type="substitution on" type_id="19"/>
	<message comment="Jordi Gómez is caught offside" minute="56" period="2" time="59" type="offside" type_id="10000"/>
	<message comment="Shaun Maloney recieves a yellow card" minute="55" period="2" second="43" time="58" type="card received" type_id="17"/>
	<message comment="Roger Espinoza wins a corner (To the left)" minute="55" period="2" second="13" time="58" type="corner" type_id="6"/>
	<message comment="Aaron Ramsey misses attempt (High to the right, Out of box, Right footed, Open play)" minute="53" period="2" second="35" time="56" type="attempt missed" type_id="13"/>
	<message comment="Antolín Alcaraz recieves a yellow card" minute="52" period="2" second="14" time="55" type="card received" type_id="17"/>
	<message comment="Tomas Rosicky misses attempt (To the left, 18-yard box, Right footed, Open play)" minute="50" period="2" second="27" time="53" type="attempt missed" type_id="13"/>
	<message comment="Santi Cazorla has attempt saved (Low to the centre, 18-yard box, Big Chance, Left footed, Open play)" minute="50" period="2" second="26" time="53" type="attempt blocked" type_id="15"/>
	<message comment="Joel Robles makes a save (Feet, Parried safe)" minute="50" period="2" second="26" time="53" type="save made" type_id="10"/>
	<message comment="Santi Cazorla has attempt saved (Low to the left, 18-yard box, Big Chance, Right footed, Open play)" minute="50" period="2" second="24" time="53" type="attempt blocked" type_id="15"/>
	<message comment="Joel Robles makes a save (Parried into danger, Diving)" minute="50" period="2" second="24" time="53" type="save made" type_id="10"/>
	<message comment="Laurent Koscielny blocks a shot" minute="49" period="2" second="50" time="52" type="save made" type_id="10"/>
	<message comment="Shaun Maloney has shot blocked (Out of box, Right footed, Open play)" minute="49" period="2" second="50" time="52" type="attempt blocked" type_id="15"/>
	<message comment="Shaun Maloney misses attempt (High to the right, Out of box, Right footed, Open play)" minute="49" period="2" second="11" time="52" type="attempt missed" type_id="13"/>
	<message comment="James McCarthy is caught offside" minute="49" period="2" time="52" type="offside" type_id="10000"/>
	<message comment="Wojciech Szczesny makes a save (Diving, Parried safe)" minute="47" period="2" second="21" time="50" type="save made" type_id="10"/>
	<message comment="Arouna Koné has attempt saved (Low to the centre, 6-yard box, Big Chance, Left footed, Open play)" minute="47" period="2" second="21" time="50" type="attempt blocked" type_id="15"/>
	<message comment="Theo Walcott is caught offside" minute="46" period="2" time="49" type="offside" type_id="10000"/>
	<message comment="Second half begins!" minute="45" period="2" second="0" time="48" type="start" type_id="32"/>
	<message comment="First half ends" minute="47" period="1" second="23" time="47" type="end" type_id="30"/>
	<message comment="GOAL! Shaun Maloney scores  (Low to the right, Out of box, Right footed, Free kick)" minute="44" period="1" second="45" time="44" type="goal scored" type_id="16"/>
	<message comment="Arouna Koné is caught offside" minute="42" period="1" time="42" type="offside" type_id="10000"/>
	<message comment="Theo Walcott is caught offside" minute="39" period="1" time="39" type="offside" type_id="10000"/>
	<message comment="Kieran Gibbs wins a corner (To the left)" minute="38" period="1" second="3" time="38" type="corner" type_id="6"/>
	<message comment="Shaun Maloney has shot blocked (18-yard box, Right footed, Open play)" minute="37" period="1" second="42" time="37" type="attempt blocked" type_id="15"/>
	<message comment="Mikel Arteta blocks a shot" minute="37" period="1" second="42" time="37" type="save made" type_id="10"/>
	<message comment="Arouna Koné misses attempt (To the right, Out of box, Right footed, Set piece)" minute="33" period="1" second="23" time="33" type="attempt missed" type_id="13"/>
	<message comment="Jordi Gómez has shot blocked (Out of box, Left footed, Open play)" minute="28" period="1" second="45" time="28" type="attempt blocked" type_id="15"/>
	<message comment="Laurent Koscielny blocks a shot" minute="28" period="1" second="45" time="28" type="save made" type_id="10"/>
	<message comment="Aaron Ramsey misses attempt (To the left, Out of box, Right footed, Open play)" minute="27" period="1" second="46" time="27" type="attempt missed" type_id="13"/>
	<message comment="Jordi Gómez has shot blocked (Out of box, Left footed, Free kick)" minute="25" period="1" second="36" time="25" type="attempt blocked" type_id="15"/>
	<message comment="Tomas Rosicky blocks a shot" minute="25" period="1" second="36" time="25" type="save made" type_id="10"/>
	<message comment="Aaron Ramsey misses attempt (6-yard box, Right footed, Open play)" minute="19" period="1" second="55" time="19" type="attempt missed" type_id="13"/>
	<message comment="Lukas Podolski misses attempt (High to the right, 18-yard box, Head, Open play)" minute="19" period="1" second="13" time="19" type="attempt missed" type_id="13"/>
	<message comment="Mikel Arteta has shot blocked (Out of box, Right footed, Open play)" minute="18" period="1" second="38" time="18" type="attempt blocked" type_id="15"/>
	<message comment="Emmerson Boyce blocks a shot" minute="18" period="1" second="38" time="18" type="save made" type_id="10"/>
	<message comment="Antolín Alcaraz blocks a shot" minute="18" period="1" second="34" time="18" type="save made" type_id="10"/>
	<message comment="Theo Walcott has shot blocked (18-yard box, Right footed, Open play)" minute="18" period="1" second="34" time="18" type="attempt blocked" type_id="15"/>
	<message comment="Bacary Sagna misses attempt (To the left, Out of box, Right footed, Open play)" minute="17" period="1" second="28" time="17" type="attempt missed" type_id="13"/>
	<message comment="James McCarthy blocks a shot" minute="14" period="1" second="24" time="14" type="save made" type_id="10"/>
	<message comment="Aaron Ramsey has shot blocked (Out of box, Right footed, Open play)" minute="14" period="1" second="24" time="14" type="attempt blocked" type_id="15"/>
	<message comment="Theo Walcott wins a corner (To the right)" minute="13" period="1" second="48" time="13" type="corner" type_id="6"/>
	<message comment="Theo Walcott wins a corner (To the right)" minute="13" period="1" second="16" time="13" type="corner" type_id="6"/>
	<message comment="GOAL! Lukas Podolski scores , Assisted by Santi Cazorla (High to the centre, 6-yard box, Big Chance, Head, From corner)" minute="10" period="1" second="18" time="10" type="goal scored" type_id="16"/>
	<message comment="Theo Walcott wins a corner (To the left)" minute="9" period="1" second="54" time="9" type="corner" type_id="6"/>
	<message comment="Santi Cazorla misses attempt (18-yard box, Head, Fast break)" minute="6" period="1" second="23" time="6" type="attempt missed" type_id="13"/>
	<message comment="Formation Set" minute="0" period="14" second="0" time="5" type="end" type_id="30"/>
	<message comment="Paul Scharner blocks a shot" minute="0" period="1" second="59" time="0" type="save made" type_id="10"/>
	<message comment="Theo Walcott has shot blocked (18-yard box, Left footed, Open play)" minute="0" period="1" second="59" time="0" type="attempt blocked" type_id="15"/>
	<message comment="First half begins!" minute="0" period="1" second="0" time="0" type="start" type_id="32"/>
</Commentary>
