<?xml version="1.0" ?>
<Commentary away_team_name="Arsenal" competition="English Premier League" game_date="2014-02-12" home_team_name="Manchester United" lang_id="en" season="Season 2013/2014" season_id="2013" sport_id="1" sport_name="Football">
	<message comment="Second half ends" minute="93" period="2" second="0" time="96" type="end" type_id="30"/>
	<message comment="Ashley Young recieves a yellow card" minute="91" period="2" second="52" time="94" type="card received" type_id="17"/>
	<message comment="David de Gea makes a save (Diving, Collected)" minute="89" period="2" second="59" time="92" type="save made" type_id="10"/>
	<message comment="Santi Cazorla has attempt saved (Low to the right, Out of box, Right footed, Open play)" minute="89" period="2" second="59" time="92" type="attempt blocked" type_id="15"/>
	<message comment="Adnan Januzaj blocks a shot" minute="89" period="2" second="24" time="92" type="save made" type_id="10"/>
	<message comment="Mesut Özil has shot blocked (Out of box, Left footed, Free kick)" minute="89" period="2" second="24" time="92" type="attempt blocked" type_id="15"/>
	<message comment="Bacary Sagna recieves a yellow card" minute="86" period="2" second="48" time="89" type="card received" type_id="17"/>
	<message comment="Wayne Rooney blocks a shot" minute="84" period="2" second="2" time="87" type="save made" type_id="10"/>
	<message comment="Santi Cazorla has shot blocked (Out of box, Right footed, Open play)" minute="84" period="2" second="2" time="87" type="attempt blocked" type_id="15"/>
	<message comment="Santi Cazorla has attempt saved (Low to the left, 18-yard box, Left footed, Open play)" minute="83" period="2" second="16" time="86" type="attempt blocked" type_id="15"/>
	<message comment="David de Gea makes a save (Diving, Parried safe)" minute="83" period="2" second="16" time="86" type="save made" type_id="10"/>
	<message comment="Nemanja Vidic blocks a shot" minute="82" period="2" second="5" time="85" type="save made" type_id="10"/>
	<message comment="Santi Cazorla has shot blocked (Out of box, Right footed, Open play)" minute="82" period="2" second="5" time="85" type="attempt blocked" type_id="15"/>
	<message comment="Luis Antonio Valencia is substituted off" minute="81" period="2" second="17" time="84" type="substitution off" type_id="18"/>
	<message comment="Ashley Young is substituted on" minute="81" period="2" second="17" time="84" type="substitution on" type_id="19"/>
	<message comment="Robin van Persie has attempt saved (High to the left, 18-yard box, Big Chance, Head, Open play)" minute="78" period="2" second="52" time="81" type="attempt blocked" type_id="15"/>
	<message comment="Wojciech Szczesny makes a save (Parried into danger)" minute="78" period="2" second="52" time="81" type="save made" type_id="10"/>
	<message comment="Juan Mata is substituted off" minute="74" period="2" second="20" time="77" type="substitution off" type_id="18"/>
	<message comment="Adnan Januzaj is substituted on" minute="74" period="2" second="20" time="77" type="substitution on" type_id="19"/>
	<message comment="Tomas Rosicky is substituted off" minute="74" period="2" second="0" time="77" type="substitution off" type_id="18"/>
	<message comment="Alex Oxlade-Chamberlain is substituted on" minute="74" period="2" second="0" time="77" type="substitution on" type_id="19"/>
	<message comment="Tomas Rosicky misses attempt (High to the right, Out of box, Right footed, Open play)" minute="73" period="2" second="38" time="76" type="attempt missed" type_id="13"/>
	<message comment="Luis Antonio Valencia recieves a yellow card" minute="72" period="2" second="27" time="75" type="card received" type_id="17"/>
	<message comment="Robin van Persie is caught offside" minute="68" period="2" time="71" type="offside" type_id="10000"/>
	<message comment="Juan Mata misses attempt (To the right, Out of box, Left footed, Open play)" minute="65" period="2" second="21" time="68" type="attempt missed" type_id="13"/>
	<message comment="Olivier Giroud misses attempt (To the right, 18-yard box, Head, Open play)" minute="64" period="2" second="7" time="67" type="attempt missed" type_id="13"/>
	<message comment="Luis Antonio Valencia blocks a shot (Last line)" minute="61" period="2" second="37" time="64" type="save made" type_id="10"/>
	<message comment="Laurent Koscielny has shot blocked (18-yard box, Head, From corner)" minute="61" period="2" second="37" time="64" type="attempt blocked" type_id="15"/>
	<message comment="Santi Cazorla wins a corner (To the right)" minute="61" period="2" second="16" time="64" type="corner" type_id="6"/>
	<message comment="Juan Mata misses attempt (To the left, Out of box, Left footed, From corner)" minute="52" period="2" second="56" time="55" type="attempt missed" type_id="13"/>
	<message comment="Patrice Evra wins a corner (To the left)" minute="52" period="2" second="29" time="55" type="corner" type_id="6"/>
	<message comment="Rafael is substituted off" minute="45" period="2" second="0" time="48" type="substitution off" type_id="18"/>
	<message comment="Rio Ferdinand is substituted on" minute="45" period="2" second="0" time="48" type="substitution on" type_id="19"/>
	<message comment="Second half begins!" minute="45" period="2" second="0" time="48" type="start" type_id="32"/>
	<message comment="First half ends" minute="47" period="1" second="0" time="47" type="end" type_id="30"/>
	<message comment="Olivier Giroud wins a corner (To the right)" minute="45" period="1" second="19" time="45" type="corner" type_id="6"/>
	<message comment="Nemanja Vidic blocks a shot" minute="45" period="1" second="16" time="45" type="save made" type_id="10"/>
	<message comment="Olivier Giroud has shot blocked (18-yard box, Head, Open play)" minute="45" period="1" second="16" time="45" type="attempt blocked" type_id="15"/>
	<message comment="Rafael wins a corner (To the right)" minute="44" period="1" second="11" time="44" type="corner" type_id="6"/>
	<message comment="Santi Cazorla has shot blocked (Out of box, Right footed, Open play)" minute="43" period="1" second="17" time="43" type="attempt blocked" type_id="15"/>
	<message comment="Kieran Gibbs has attempt saved (Low to the centre, 18-yard box, Head, Open play)" minute="34" period="1" second="16" time="34" type="attempt blocked" type_id="15"/>
	<message comment="David de Gea makes a save (Standing, Collected)" minute="34" period="1" second="16" time="34" type="save made" type_id="10"/>
	<message comment="Kieran Gibbs wins a corner (To the left)" minute="33" period="1" second="10" time="33" type="corner" type_id="6"/>
	<message comment="Tom Cleverley blocks a shot" minute="31" period="1" second="21" time="31" type="save made" type_id="10"/>
	<message comment="Mikel Arteta has shot blocked (Out of box, Right footed, Free kick)" minute="31" period="1" second="21" time="31" type="attempt blocked" type_id="15"/>
	<message comment="Olivier Giroud misses attempt (High to the left, Out of box, Left footed, Open play)" minute="28" period="1" second="45" time="28" type="attempt missed" type_id="13"/>
	<message comment="Patrice Evra wins a corner (To the left)" minute="25" period="1" second="57" time="25" type="corner" type_id="6"/>
	<message comment="Olivier Giroud misses attempt (High to the left, 18-yard box, Head, From corner)" minute="24" period="1" second="18" time="24" type="attempt missed" type_id="13"/>
	<message comment="Olivier Giroud wins a corner (To the left)" minute="23" period="1" second="51" time="23" type="corner" type_id="6"/>
	<message comment="Wayne Rooney is caught offside" minute="22" period="1" time="22" type="offside" type_id="10000"/>
	<message comment="Rafael wins a corner (To the right)" minute="21" period="1" second="41" time="21" type="corner" type_id="6"/>
	<message comment="Robin van Persie misses attempt (To the right, 18-yard box, Right footed, Open play)" minute="17" period="1" second="37" time="17" type="attempt missed" type_id="13"/>
	<message comment="Santi Cazorla is caught offside" minute="12" period="1" time="12" type="offside" type_id="10000"/>
	<message comment="David de Gea makes a save (Collected, Diving)" minute="9" period="1" second="16" time="9" type="save made" type_id="10"/>
	<message comment="Tomas Rosicky has attempt saved (Low to the right, Out of box, Right footed, Open play)" minute="9" period="1" second="16" time="9" type="attempt blocked" type_id="15"/>
	<message comment="Bacary Sagna blocks a shot" minute="6" period="1" second="12" time="6" type="save made" type_id="10"/>
	<message comment="Nemanja Vidic has shot blocked (18-yard box, Head, From corner)" minute="6" period="1" second="12" time="6" type="attempt blocked" type_id="15"/>
	<message comment="Formation Set" minute="0" period="14" second="0" time="6" type="end" type_id="30"/>
	<message comment="Wayne Rooney wins a corner (To the right)" minute="5" period="1" second="54" time="5" type="corner" type_id="6"/>
	<message comment="Olivier Giroud misses attempt (To the left, 18-yard box, Big Chance, Head, From corner)" minute="3" period="1" second="41" time="3" type="attempt missed" type_id="13"/>
	<message comment="Jack Wilshere wins a corner (To the right)" minute="3" period="1" second="13" time="3" type="corner" type_id="6"/>
	<message comment="Jack Wilshere has shot blocked (18-yard box, Right footed, Open play)" minute="3" period="1" second="11" time="3" type="attempt blocked" type_id="15"/>
	<message comment="Chris Smalling blocks a shot" minute="3" period="1" second="11" time="3" type="save made" type_id="10"/>
	<message comment="Wojciech Szczesny makes a save (Diving, Collected)" minute="1" period="1" second="18" time="1" type="save made" type_id="10"/>
	<message comment="Robin van Persie has attempt saved (Low to the centre, 18-yard box, Big Chance, Left footed, Open play)" minute="1" period="1" second="18" time="1" type="attempt blocked" type_id="15"/>
	<message comment="First half begins!" minute="0" period="1" second="0" time="0" type="start" type_id="32"/>
</Commentary>
