<?xml version="1.0" ?>
<Commentary away_team_name="Arsenal" competition="English Premier League" game_date="2011-12-31" home_team_name="Queens Park Rangers" lang_id="en" season="Season 2011/2012" season_id="2011" sport_id="1" sport_name="Football">
	<message comment="Second half ends" minute="94" period="2" second="9" time="97" type="end" type_id="30"/>
	<message comment="Mikel Arteta wins a corner (To the right)" minute="91" period="2" second="42" time="94" type="corner" type_id="6"/>
	<message comment="Tomas Rosicky wins a corner (To the right)" minute="91" period="2" second="8" time="94" type="corner" type_id="6"/>
	<message comment="Bradley Orr blocks a shot" minute="91" period="2" second="6" time="94" type="save made" type_id="10"/>
	<message comment="Tomas Rosicky has shot blocked (18-yard box, Left footed, Open play)" minute="91" period="2" second="6" time="94" type="attempt blocked" type_id="15"/>
	<message comment="Radek Cerny makes a save (Diving)" minute="87" period="2" second="52" time="90" type="save made" type_id="10"/>
	<message comment="Aaron Ramsey has attempt saved (Low to the left, Out of box, Right footed, Open play)" minute="87" period="2" second="52" time="90" type="attempt blocked" type_id="15"/>
	<message comment="Robin van Persie is caught offside" minute="85" period="2" time="88" type="offside" type_id="10000"/>
	<message comment="Danny Gabbidon misses attempt (High to the right, Out of box, Right footed, Set piece)" minute="84" period="2" second="51" time="87" type="attempt missed" type_id="13"/>
	<message comment="Tommy Smith has shot blocked (Out of box, Right footed, Open play)" minute="84" period="2" second="4" time="87" type="attempt blocked" type_id="15"/>
	<message comment="Alexandre Song blocks a shot" minute="84" period="2" second="4" time="87" type="save made" type_id="10"/>
	<message comment="Gervinho wins a corner (To the right)" minute="82" period="2" second="34" time="85" type="corner" type_id="6"/>
	<message comment="Joey Barton blocks a shot" minute="81" period="2" second="43" time="84" type="save made" type_id="10"/>
	<message comment="Mikel Arteta has shot blocked (Out of box, Right footed, Free kick)" minute="81" period="2" second="43" time="84" type="attempt blocked" type_id="15"/>
	<message comment="Gervinho is caught offside" minute="79" period="2" time="82" type="offside" type_id="10000"/>
	<message comment="Armand Traore is substituted off" minute="77" period="2" second="13" time="80" type="substitution off" type_id="18"/>
	<message comment="Bradley Orr is substituted on" minute="77" period="2" second="13" time="80" type="substitution on" type_id="19"/>
	<message comment="Gervinho misses attempt (6-yard box, Big Chance, Left footed, Open play)" minute="76" period="2" second="33" time="79" type="attempt missed" type_id="13"/>
	<message comment="Matthew Connolly blocks a shot" minute="75" period="2" second="11" time="78" type="save made" type_id="10"/>
	<message comment="Gervinho has shot blocked (18-yard box, Left footed, Open play)" minute="75" period="2" second="11" time="78" type="attempt blocked" type_id="15"/>
	<message comment="Theo Walcott is substituted off" minute="74" period="2" second="19" time="77" type="substitution off" type_id="18"/>
	<message comment="Gervinho is substituted on" minute="74" period="2" second="19" time="77" type="substitution on" type_id="19"/>
	<message comment="Jamie Mackie is substituted off" minute="73" period="2" second="54" time="76" type="substitution off" type_id="18"/>
	<message comment="Tommy Smith is substituted on" minute="73" period="2" second="54" time="76" type="substitution on" type_id="19"/>
	<message comment="Aaron Ramsey misses attempt (High, Out of box, Right footed, Fast break)" minute="73" period="2" second="28" time="76" type="attempt missed" type_id="13"/>
	<message comment="Matthew Connolly misses attempt (High to the right, 18-yard box, Right footed, From corner)" minute="69" period="2" second="1" time="72" type="attempt missed" type_id="13"/>
	<message comment="Luke Young wins a corner (To the right)" minute="68" period="2" second="36" time="71" type="corner" type_id="6"/>
	<message comment="Andrey Arshavin is substituted off" minute="67" period="2" second="5" time="70" type="substitution off" type_id="18"/>
	<message comment="Tomas Rosicky is substituted on" minute="67" period="2" second="5" time="70" type="substitution on" type_id="19"/>
	<message comment="Adel Taarabt wins a corner (To the right)" minute="66" period="2" second="9" time="69" type="corner" type_id="6"/>
	<message comment="Adel Taarabt has attempt saved (Low to the right, Out of box, Right footed, Open play)" minute="66" period="2" second="4" time="69" type="attempt blocked" type_id="15"/>
	<message comment="Wojciech Szczesny makes a save (Diving, Parried safe)" minute="66" period="2" second="4" time="69" type="save made" type_id="10"/>
	<message comment="Jay Bothroyd is substituted off" minute="64" period="2" second="0" time="67" type="substitution off" type_id="18"/>
	<message comment="DJ Campbell is substituted on" minute="64" period="2" second="0" time="67" type="substitution on" type_id="19"/>
	<message comment="Luke Young blocks a shot" minute="63" period="2" second="23" time="66" type="save made" type_id="10"/>
	<message comment="Andrey Arshavin has shot blocked (18-yard box, Right footed, Open play)" minute="63" period="2" second="23" time="66" type="attempt blocked" type_id="15"/>
	<message comment="GOAL! Robin van Persie scores , Assisted by Andrey Arshavin (Low to the left, 18-yard box, Big Chance, Left footed, Open play)" minute="59" period="2" second="34" time="62" type="goal scored" type_id="16"/>
	<message comment="Theo Walcott misses attempt (18-yard box, Big Chance, Right footed, Fast break)" minute="55" period="2" second="38" time="58" type="attempt missed" type_id="13"/>
	<message comment="Theo Walcott is caught offside" minute="54" period="2" time="57" type="offside" type_id="10000"/>
	<message comment="Thomas Vermaelen is substituted off" minute="53" period="2" second="52" time="56" type="substitution off" type_id="18"/>
	<message comment="Francis Coquelin is substituted on" minute="53" period="2" second="52" time="56" type="substitution on" type_id="19"/>
	<message comment="Luke Young recieves a yellow card" minute="53" period="2" second="17" time="56" type="card received" type_id="17"/>
	<message comment="Shaun Wright-Phillips wins a corner (To the right)" minute="52" period="2" second="31" time="55" type="corner" type_id="6"/>
	<message comment="Alejandro Faurlin has attempt saved (Low to the left, Out of box, Right footed, Open play)" minute="51" period="2" second="24" time="54" type="attempt blocked" type_id="15"/>
	<message comment="Wojciech Szczesny makes a save (Diving)" minute="51" period="2" second="24" time="54" type="save made" type_id="10"/>
	<message comment="Theo Walcott is caught offside" minute="51" period="2" time="54" type="offside" type_id="10000"/>
	<message comment="Shaun Wright-Phillips is caught offside" minute="49" period="2" time="52" type="offside" type_id="10000"/>
	<message comment="Jay Bothroyd is caught offside" minute="49" period="2" time="52" type="offside" type_id="10000"/>
	<message comment="Mikel Arteta misses attempt (To the right, Out of box, Left footed, Open play)" minute="47" period="2" second="50" time="50" type="attempt missed" type_id="13"/>
	<message comment="Danny Gabbidon blocks a shot" minute="47" period="2" second="43" time="50" type="save made" type_id="10"/>
	<message comment="Aaron Ramsey has shot blocked (Out of box, Right footed, Open play)" minute="47" period="2" second="43" time="50" type="attempt blocked" type_id="15"/>
	<message comment="Jamie Mackie is caught offside" minute="46" period="2" time="49" type="offside" type_id="10000"/>
	<message comment="Second half begins!" minute="45" period="2" second="0" time="48" type="start" type_id="32"/>
	<message comment="First half ends" minute="47" period="1" second="8" time="47" type="end" type_id="30"/>
	<message comment="Aaron Ramsey wins a corner (To the left)" minute="43" period="1" second="27" time="43" type="corner" type_id="6"/>
	<message comment="Radek Cerny makes a save (Parried safe, Standing)" minute="43" period="1" second="13" time="43" type="save made" type_id="10"/>
	<message comment="Mikel Arteta has attempt saved (Low to the centre, Out of box, Right footed, From corner)" minute="43" period="1" second="13" time="43" type="attempt blocked" type_id="15"/>
	<message comment="Mikel Arteta wins a corner (To the right)" minute="42" period="1" second="49" time="42" type="corner" type_id="6"/>
	<message comment="Aaron Ramsey wins a corner (To the left)" minute="42" period="1" second="30" time="42" type="corner" type_id="6"/>
	<message comment="Joey Barton blocks a shot (Last line)" minute="42" period="1" second="25" time="42" type="save made" type_id="10"/>
	<message comment="Aaron Ramsey has shot blocked (18-yard box, Right footed, From corner)" minute="42" period="1" second="25" time="42" type="attempt blocked" type_id="15"/>
	<message comment="Theo Walcott wins a corner (To the right)" minute="41" period="1" second="56" time="41" type="corner" type_id="6"/>
	<message comment="Robin van Persie wins a corner (To the left)" minute="40" period="1" second="29" time="40" type="corner" type_id="6"/>
	<message comment="Johan Djourou recieves a yellow card" minute="39" period="1" second="8" time="39" type="card received" type_id="17"/>
	<message comment="Adel Taarabt wins a corner (To the left)" minute="37" period="1" second="54" time="37" type="corner" type_id="6"/>
	<message comment="Laurent Koscielny recieves a yellow card" minute="36" period="1" second="49" time="36" type="card received" type_id="17"/>
	<message comment="Andrey Arshavin wins a corner (To the right)" minute="34" period="1" second="46" time="34" type="corner" type_id="6"/>
	<message comment="Luke Young blocks a shot" minute="32" period="1" second="31" time="32" type="save made" type_id="10"/>
	<message comment="Laurent Koscielny has shot blocked (18-yard box, Right footed, From corner)" minute="32" period="1" second="31" time="32" type="attempt blocked" type_id="15"/>
	<message comment="Theo Walcott wins a corner (To the right)" minute="32" period="1" second="11" time="32" type="corner" type_id="6"/>
	<message comment="Andrey Arshavin wins a corner (To the left)" minute="31" period="1" second="2" time="31" type="corner" type_id="6"/>
	<message comment="Jamie Mackie is caught offside" minute="30" period="1" time="30" type="offside" type_id="10000"/>
	<message comment="Robin van Persie misses attempt (18-yard box, Right footed, Open play)" minute="29" period="1" second="18" time="29" type="attempt missed" type_id="13"/>
	<message comment="Andrey Arshavin is caught offside" minute="27" period="1" time="27" type="offside" type_id="10000"/>
	<message comment="Theo Walcott misses attempt (To the left, 6-yard box, Big Chance, Right footed, Set piece)" minute="26" period="1" second="57" time="26" type="attempt missed" type_id="13"/>
	<message comment="Joey Barton recieves a yellow card" minute="26" period="1" second="19" time="26" type="card received" type_id="17"/>
	<message comment="Robin van Persie misses attempt (High to the left, 18-yard box, Left footed, Open play)" minute="24" period="1" second="27" time="24" type="attempt missed" type_id="13"/>
	<message comment="Robin van Persie misses attempt (To the left, 18-yard box, Head, Open play)" minute="22" period="1" second="52" time="22" type="attempt missed" type_id="13"/>
	<message comment="Joey Barton misses attempt (To the left, Out of box, Right footed, Open play)" minute="18" period="1" second="39" time="18" type="attempt missed" type_id="13"/>
	<message comment="Shaun Wright-Phillips is caught offside" minute="17" period="1" time="17" type="offside" type_id="10000"/>
	<message comment="Theo Walcott is caught offside" minute="17" period="1" time="17" type="offside" type_id="10000"/>
	<message comment="Andrey Arshavin wins a corner (To the right)" minute="13" period="1" second="1" time="13" type="corner" type_id="6"/>
	<message comment="Shaun Wright-Phillips has attempt saved (Low to the centre, 18-yard box, Right footed, Open play)" minute="9" period="1" second="50" time="9" type="attempt blocked" type_id="15"/>
	<message comment="Wojciech Szczesny makes a save (Standing, Parried into danger, Other body part)" minute="9" period="1" second="50" time="9" type="save made" type_id="10"/>
	<message comment="Jay Bothroyd has attempt saved (Low to the right, Out of box, Left footed, Open play)" minute="8" period="1" second="24" time="8" type="attempt blocked" type_id="15"/>
	<message comment="Wojciech Szczesny makes a save (Collected, Diving)" minute="8" period="1" second="24" time="8" type="save made" type_id="10"/>
	<message comment="Formation Set" minute="0" period="14" second="0" time="7" type="end" type_id="30"/>
	<message comment="First half begins!" minute="0" period="1" second="0" time="0" type="start" type_id="32"/>
</Commentary>
