<?xml version="1.0" ?>
<Commentary away_team_name="Arsenal" competition="English Premier League" game_date="2011-05-01" home_team_name="Manchester United" lang_id="en" season="Season 2010/2011" season_id="2010" sport_id="1" sport_name="Football">
	<message comment="Second half ends" minute="94" period="2" second="14" time="96" type="end" type_id="30"/>
	<message comment="Nani has shot blocked (Out of box, Right footed, Free kick)" minute="93" period="2" second="38" time="95" type="attempt blocked" type_id="15"/>
	<message comment="Bacary Sagna blocks a shot" minute="93" period="2" second="38" time="95" type="save made" type_id="10"/>
	<message comment="Aaron Ramsey recieves a yellow card" minute="92" period="2" second="55" time="94" type="card received" type_id="17"/>
	<message comment="Michael Carrick is substituted off" minute="84" period="2" second="14" time="86" type="substitution off" type_id="18"/>
	<message comment="Michael Owen is substituted on" minute="84" period="2" second="14" time="86" type="substitution on" type_id="19"/>
	<message comment="Edwin van der Sar makes a save (Parried safe, Standing)" minute="83" period="2" second="23" time="85" type="save made" type_id="10"/>
	<message comment="Robin van Persie has attempt saved (High to the centre, Out of box, Left footed, Free kick)" minute="83" period="2" second="23" time="85" type="attempt blocked" type_id="15"/>
	<message comment="Theo Walcott is substituted off" minute="77" period="2" second="50" time="79" type="substitution off" type_id="18"/>
	<message comment="Emmanuel Eboué is substituted on" minute="77" period="2" second="50" time="79" type="substitution on" type_id="19"/>
	<message comment="Robin van Persie misses attempt (18-yard box, Left footed, Open play)" minute="77" period="2" second="7" time="79" type="attempt missed" type_id="13"/>
	<message comment="Nani has attempt saved (Low to the left, 18-yard box, Left footed, Fast break)" minute="76" period="2" second="25" time="78" type="attempt blocked" type_id="15"/>
	<message comment="Wojciech Szczesny makes a save (Diving, Parried into danger)" minute="76" period="2" second="25" time="78" type="save made" type_id="10"/>
	<message comment="Fabio recieves a yellow card" minute="75" period="2" second="47" time="77" type="card received" type_id="17"/>
	<message comment="Wayne Rooney has attempt saved (Low to the left, Out of box, Right footed, Free kick)" minute="74" period="2" second="26" time="76" type="attempt blocked" type_id="15"/>
	<message comment="Wojciech Szczesny makes a save (Standing)" minute="74" period="2" second="26" time="76" type="save made" type_id="10"/>
	<message comment="Chicharito is substituted off" minute="73" period="2" second="13" time="75" type="substitution off" type_id="18"/>
	<message comment="Dimitar Berbatov is substituted on" minute="73" period="2" second="13" time="75" type="substitution on" type_id="19"/>
	<message comment="Wayne Rooney is caught offside" minute="70" period="2" time="72" type="offside" type_id="10000"/>
	<message comment="Johan Djourou is substituted off" minute="68" period="2" second="15" time="70" type="substitution off" type_id="18"/>
	<message comment="Sébastien Squillaci is substituted on" minute="68" period="2" second="15" time="70" type="substitution on" type_id="19"/>
	<message comment="Nemanja Vidic misses attempt (18-yard box, Head, From corner)" minute="66" period="2" second="34" time="68" type="attempt missed" type_id="13"/>
	<message comment="Patrice Evra wins a corner (To the left)" minute="66" period="2" second="7" time="68" type="corner" type_id="6"/>
	<message comment="Park Ji-Sung recieves a yellow card" minute="65" period="2" second="3" time="67" type="card received" type_id="17"/>
	<message comment="Alexandre Song recieves a yellow card" minute="61" period="2" second="55" time="63" type="card received" type_id="17"/>
	<message comment="Nemanja Vidic misses attempt (To the right, 18-yard box, Head, From corner)" minute="60" period="2" second="16" time="62" type="attempt missed" type_id="13"/>
	<message comment="Patrice Evra wins a corner (To the left)" minute="59" period="2" second="57" time="61" type="corner" type_id="6"/>
	<message comment="Nani wins a corner (To the left)" minute="59" period="2" second="29" time="61" type="corner" type_id="6"/>
	<message comment="GOAL! Aaron Ramsey scores , Assisted by Robin van Persie (Low to the left, 18-yard box, Right footed, Open play)" minute="55" period="2" second="46" time="57" type="goal scored" type_id="16"/>
	<message comment="Anderson is substituted off" minute="55" period="2" second="5" time="57" type="substitution off" type_id="18"/>
	<message comment="Luis Antonio Valencia is substituted on" minute="55" period="2" second="5" time="57" type="substitution on" type_id="19"/>
	<message comment="Nani misses attempt (Out of box, Right footed, Free kick)" minute="54" period="2" second="34" time="56" type="attempt missed" type_id="13"/>
	<message comment="Nemanja Vidic blocks a shot" minute="52" period="2" second="13" time="54" type="save made" type_id="10"/>
	<message comment="Aaron Ramsey has shot blocked (18-yard box, Right footed, Open play)" minute="52" period="2" second="13" time="54" type="attempt blocked" type_id="15"/>
	<message comment="Bacary Sagna misses attempt (To the left, Out of box, Left footed, Open play)" minute="51" period="2" second="44" time="53" type="attempt missed" type_id="13"/>
	<message comment="Nani wins a corner (To the right)" minute="50" period="2" second="6" time="52" type="corner" type_id="6"/>
	<message comment="Patrice Evra misses attempt (18-yard box, Left footed, Set piece)" minute="48" period="2" second="13" time="50" type="attempt missed" type_id="13"/>
	<message comment="Wayne Rooney has attempt saved (High to the left, Out of box, Right footed, Free kick)" minute="48" period="2" second="11" time="50" type="attempt blocked" type_id="15"/>
	<message comment="Wojciech Szczesny makes a save (Parried into danger, Diving)" minute="48" period="2" second="11" time="50" type="save made" type_id="10"/>
	<message comment="Samir Nasri is substituted off" minute="45" period="2" second="0" time="47" type="substitution off" type_id="18"/>
	<message comment="Andrey Arshavin is substituted on" minute="45" period="2" second="0" time="47" type="substitution on" type_id="19"/>
	<message comment="Second half begins!" minute="45" period="2" second="0" time="47" type="start" type_id="32"/>
	<message comment="First half ends" minute="46" period="1" second="37" time="46" type="end" type_id="30"/>
	<message comment="Anderson has attempt saved (Low to the left, Out of box, Left footed, Open play)" minute="42" period="1" second="57" time="42" type="attempt blocked" type_id="15"/>
	<message comment="Wojciech Szczesny makes a save (Diving)" minute="42" period="1" second="57" time="42" type="save made" type_id="10"/>
	<message comment="Wayne Rooney recieves a yellow card" minute="39" period="1" second="17" time="39" type="card received" type_id="17"/>
	<message comment="Wayne Rooney wins a corner (To the left)" minute="38" period="1" second="4" time="38" type="corner" type_id="6"/>
	<message comment="Wayne Rooney has shot blocked (Out of box, Right footed, Open play)" minute="38" period="1" second="2" time="38" type="attempt blocked" type_id="15"/>
	<message comment="Johan Djourou blocks a shot" minute="38" period="1" second="2" time="38" type="save made" type_id="10"/>
	<message comment="Aaron Ramsey misses attempt (To the right, Out of box, Left footed, Open play)" minute="35" period="1" second="43" time="35" type="attempt missed" type_id="13"/>
	<message comment="Theo Walcott wins a corner (To the left)" minute="31" period="1" second="40" time="31" type="corner" type_id="6"/>
	<message comment="Chicharito is caught offside" minute="30" period="1" time="30" type="offside" type_id="10000"/>
	<message comment="Park Ji-Sung has shot blocked (18-yard box, Left footed, From corner)" minute="20" period="1" second="32" time="20" type="attempt blocked" type_id="15"/>
	<message comment="Aaron Ramsey blocks a shot" minute="20" period="1" second="32" time="20" type="save made" type_id="10"/>
	<message comment="Fabio wins a corner (To the right)" minute="19" period="1" second="59" time="19" type="corner" type_id="6"/>
	<message comment="Samir Nasri is caught offside" minute="15" period="1" time="15" type="offside" type_id="10000"/>
	<message comment="Jack Wilshere wins a corner (To the right)" minute="14" period="1" second="7" time="14" type="corner" type_id="6"/>
	<message comment="Chicharito is caught offside" minute="10" period="1" time="10" type="offside" type_id="10000"/>
	<message comment="Theo Walcott wins a corner (To the right)" minute="9" period="1" second="18" time="9" type="corner" type_id="6"/>
	<message comment="Anderson blocks a shot" minute="9" period="1" second="1" time="9" type="save made" type_id="10"/>
	<message comment="Aaron Ramsey has shot blocked (Out of box, Right footed, Open play)" minute="9" period="1" second="1" time="9" type="attempt blocked" type_id="15"/>
	<message comment="Chicharito is caught offside" minute="8" period="1" time="8" type="offside" type_id="10000"/>
	<message comment="Theo Walcott misses attempt (High, 18-yard box, Right footed, Open play)" minute="6" period="1" second="58" time="6" type="attempt missed" type_id="13"/>
	<message comment="Robin van Persie misses attempt (High to the left, 18-yard box, Head, Open play)" minute="6" period="1" second="22" time="6" type="attempt missed" type_id="13"/>
	<message comment="Formation Set" minute="0" period="14" second="0" time="6" type="end" type_id="30"/>
	<message comment="Nani misses attempt (High to the left, Out of box, Left footed, Open play)" minute="4" period="1" second="17" time="4" type="attempt missed" type_id="13"/>
	<message comment="Jack Wilshere misses attempt (To the right, 18-yard box, Left footed, Open play)" minute="2" period="1" second="46" time="2" type="attempt missed" type_id="13"/>
	<message comment="Robin van Persie is caught offside" minute="1" period="1" time="1" type="offside" type_id="10000"/>
	<message comment="First half begins!" minute="0" period="1" second="0" time="0" type="start" type_id="32"/>
</Commentary>
