<?xml version="1.0" ?>
<Commentary away_team_name="Arsenal" competition="English Premier League" game_date="2012-12-08" home_team_name="West Bromwich Albion" lang_id="en" season="Season 2012/2013" season_id="2012" sport_id="1" sport_name="Football">
	<message comment="Second half ends" minute="94" period="2" second="5" time="97" type="end" type_id="30"/>
	<message comment="Olivier Giroud is caught offside" minute="93" period="2" time="96" type="offside" type_id="10000"/>
	<message comment="Lukas Podolski wins a corner (To the left)" minute="90" period="2" second="31" time="93" type="corner" type_id="6"/>
	<message comment="Steven Reid blocks a shot" minute="90" period="2" second="30" time="93" type="save made" type_id="10"/>
	<message comment="Lukas Podolski has shot blocked (18-yard box, Left footed, Open play)" minute="90" period="2" second="30" time="93" type="attempt blocked" type_id="15"/>
	<message comment="Lukas Podolski misses attempt (High, 18-yard box, Big Chance, Left footed, Open play)" minute="89" period="2" second="53" time="92" type="attempt missed" type_id="13"/>
	<message comment="Goran Popov blocks a shot" minute="88" period="2" second="31" time="91" type="save made" type_id="10"/>
	<message comment="Jack Wilshere has shot blocked (18-yard box, Right footed, Open play)" minute="88" period="2" second="31" time="91" type="attempt blocked" type_id="15"/>
	<message comment="Shane Long is caught offside" minute="88" period="2" time="91" type="offside" type_id="10000"/>
	<message comment="Santi Cazorla is substituted off" minute="87" period="2" second="5" time="90" type="substitution off" type_id="18"/>
	<message comment="Lukas Podolski is substituted on" minute="87" period="2" second="5" time="90" type="substitution on" type_id="19"/>
	<message comment="Romelu Lukaku misses attempt (High to the right, 18-yard box, Big Chance, Head, Set piece)" minute="86" period="2" second="25" time="89" type="attempt missed" type_id="13"/>
	<message comment="Markus Rosenberg has attempt saved (Low to the left, Out of box, Left footed, Open play)" minute="85" period="2" second="40" time="88" type="attempt blocked" type_id="15"/>
	<message comment="Wojciech Szczesny makes a save (Parried safe, Diving)" minute="85" period="2" second="40" time="88" type="save made" type_id="10"/>
	<message comment="Markus Rosenberg is caught offside" minute="84" period="2" time="87" type="offside" type_id="10000"/>
	<message comment="Olivier Giroud is caught offside" minute="82" period="2" time="85" type="offside" type_id="10000"/>
	<message comment="Gervinho is substituted off" minute="80" period="2" second="24" time="83" type="substitution off" type_id="18"/>
	<message comment="Tomas Rosicky is substituted on" minute="80" period="2" second="24" time="83" type="substitution on" type_id="19"/>
	<message comment="James Morrison has shot blocked (Out of box, Right footed, Open play)" minute="79" period="2" second="41" time="82" type="attempt blocked" type_id="15"/>
	<message comment="Francis Coquelin blocks a shot" minute="79" period="2" second="41" time="82" type="save made" type_id="10"/>
	<message comment="Markus Rosenberg is caught offside" minute="79" period="2" time="82" type="offside" type_id="10000"/>
	<message comment="Mikel Arteta misses attempt (Out of box, Right footed, Free kick)" minute="78" period="2" second="45" time="81" type="attempt missed" type_id="13"/>
	<message comment="Steven Reid recieves a yellow card" minute="77" period="2" second="59" time="80" type="card received" type_id="17"/>
	<message comment="Alex Oxlade-Chamberlain is substituted off" minute="77" period="2" second="17" time="80" type="substitution off" type_id="18"/>
	<message comment="Francis Coquelin is substituted on" minute="77" period="2" second="17" time="80" type="substitution on" type_id="19"/>
	<message comment="Zoltán Gera is substituted off" minute="75" period="2" second="10" time="78" type="substitution off" type_id="18"/>
	<message comment="Markus Rosenberg is substituted on" minute="75" period="2" second="10" time="78" type="substitution on" type_id="19"/>
	<message comment="Santi Cazorla wins a corner (To the right)" minute="73" period="2" second="25" time="76" type="corner" type_id="6"/>
	<message comment="Shane Long blocks a shot" minute="68" period="2" second="50" time="71" type="save made" type_id="10"/>
	<message comment="Santi Cazorla has shot blocked (Out of box, Right footed, Free kick)" minute="68" period="2" second="50" time="71" type="attempt blocked" type_id="15"/>
	<message comment="Olivier Giroud misses attempt (High to the right, 18-yard box, Head, Open play)" minute="67" period="2" second="4" time="70" type="attempt missed" type_id="13"/>
	<message comment="Per Mertesacker recieves a yellow card" minute="65" period="2" second="59" time="68" type="card received" type_id="17"/>
	<message comment="Chris Brunt wins a corner (To the left)" minute="65" period="2" second="53" time="68" type="corner" type_id="6"/>
	<message comment="Romelu Lukaku wins a corner (To the right)" minute="65" period="2" second="28" time="68" type="corner" type_id="6"/>
	<message comment="GOAL! Mikel Arteta scores  (High to the centre, 18-yard box, Penalty, Big Chance, Right footed)" minute="63" period="2" second="33" time="66" type="goal scored" type_id="16"/>
	<message comment="Romelu Lukaku is substituted on" minute="61" period="2" second="44" time="64" type="substitution on" type_id="19"/>
	<message comment="Peter Odemwingie is substituted off" minute="61" period="2" second="43" time="64" type="substitution off" type_id="18"/>
	<message comment="Steven Reid wins a corner (To the left)" minute="61" period="2" second="2" time="64" type="corner" type_id="6"/>
	<message comment="Steven Reid blocks a shot" minute="58" period="2" second="28" time="61" type="save made" type_id="10"/>
	<message comment="Gervinho has shot blocked (18-yard box, Right footed, Fast break)" minute="58" period="2" second="28" time="61" type="attempt blocked" type_id="15"/>
	<message comment="Chris Brunt recieves a yellow card" minute="57" period="2" second="50" time="60" type="card received" type_id="17"/>
	<message comment="Jonas Olsson misses attempt (To the left, 18-yard box, Head, From corner)" minute="57" period="2" second="23" time="60" type="attempt missed" type_id="13"/>
	<message comment="Zoltán Gera wins a corner (To the right)" minute="56" period="2" second="45" time="59" type="corner" type_id="6"/>
	<message comment="Gervinho misses attempt (To the right, 18-yard box, Head, Open play)" minute="56" period="2" second="13" time="59" type="attempt missed" type_id="13"/>
	<message comment="Jonas Olsson recieves a yellow card" minute="53" period="2" second="30" time="56" type="card received" type_id="17"/>
	<message comment="Olivier Giroud recieves a yellow card" minute="53" period="2" second="30" time="56" type="card received" type_id="17"/>
	<message comment="Jack Wilshere is caught offside" minute="52" period="2" time="55" type="offside" type_id="10000"/>
	<message comment="Gareth McAuley misses attempt (To the right, 18-yard box, Head, Set piece)" minute="47" period="2" second="16" time="50" type="attempt missed" type_id="13"/>
	<message comment="Second half begins!" minute="45" period="2" second="0" time="48" type="start" type_id="32"/>
	<message comment="First half ends" minute="47" period="1" second="3" time="47" type="end" type_id="30"/>
	<message comment="Zoltán Gera misses attempt (High to the right, 18-yard box, Head, Open play)" minute="45" period="1" second="30" time="45" type="attempt missed" type_id="13"/>
	<message comment="Alex Oxlade-Chamberlain misses attempt (High to the left, 18-yard box, Right footed, From corner)" minute="44" period="1" second="48" time="44" type="attempt missed" type_id="13"/>
	<message comment="Jonas Olsson blocks a shot" minute="44" period="1" second="46" time="44" type="save made" type_id="10"/>
	<message comment="Per Mertesacker has shot blocked (18-yard box, Head, From corner)" minute="44" period="1" second="46" time="44" type="attempt blocked" type_id="15"/>
	<message comment="Kieran Gibbs wins a corner (To the left)" minute="44" period="1" second="16" time="44" type="corner" type_id="6"/>
	<message comment="Gervinho wins a corner (To the left)" minute="41" period="1" second="10" time="41" type="corner" type_id="6"/>
	<message comment="Boaz Myhill makes a save (Parried safe, Diving)" minute="41" period="1" second="8" time="41" type="save made" type_id="10"/>
	<message comment="Gervinho has attempt saved (Low to the left, 18-yard box, Right footed, Open play)" minute="41" period="1" second="8" time="41" type="attempt blocked" type_id="15"/>
	<message comment="Alex Oxlade-Chamberlain has shot blocked (Out of box, Key pass, Right footed, Open play)" minute="41" period="1" second="7" time="41" type="attempt blocked" type_id="15"/>
	<message comment="Jack Wilshere misses attempt (To the right, 6-yard box, Big Chance, Right footed, Open play)" minute="36" period="1" second="55" time="36" type="attempt missed" type_id="13"/>
	<message comment="Jonas Olsson is caught offside" minute="35" period="1" time="35" type="offside" type_id="10000"/>
	<message comment="Gervinho is caught offside" minute="30" period="1" time="30" type="offside" type_id="10000"/>
	<message comment="Santi Cazorla wins a corner (To the left)" minute="29" period="1" second="9" time="29" type="corner" type_id="6"/>
	<message comment="Chris Brunt is caught offside" minute="27" period="1" time="27" type="offside" type_id="10000"/>
	<message comment="Kieran Gibbs is caught offside" minute="26" period="1" time="26" type="offside" type_id="10000"/>
	<message comment="GOAL! Mikel Arteta scores  (Low to the centre, 18-yard box, Penalty, Big Chance, Right footed)" minute="25" period="1" second="18" time="25" type="goal scored" type_id="16"/>
	<message comment="Chris Brunt misses attempt (18-yard box, Right footed, Open play)" minute="22" period="1" second="28" time="22" type="attempt missed" type_id="13"/>
	<message comment="Youssouf Mulumbu has shot blocked (Out of box, Right footed, Open play)" minute="22" period="1" second="26" time="22" type="attempt blocked" type_id="15"/>
	<message comment="Bacary Sagna blocks a shot" minute="22" period="1" second="26" time="22" type="save made" type_id="10"/>
	<message comment="Alex Oxlade-Chamberlain is caught offside" minute="20" period="1" time="20" type="offside" type_id="10000"/>
	<message comment="Santi Cazorla misses attempt (High to the left, 18-yard box, Left footed, Open play)" minute="16" period="1" second="12" time="16" type="attempt missed" type_id="13"/>
	<message comment="Shane Long blocks a shot" minute="15" period="1" second="11" time="15" type="save made" type_id="10"/>
	<message comment="Alex Oxlade-Chamberlain has shot blocked (Out of box, Right footed, Set piece)" minute="15" period="1" second="11" time="15" type="attempt blocked" type_id="15"/>
	<message comment="Kieran Gibbs wins a corner (To the left)" minute="12" period="1" second="19" time="12" type="corner" type_id="6"/>
	<message comment="Santi Cazorla misses attempt (To the right, Out of box, Right footed, Open play)" minute="10" period="1" second="45" time="10" type="attempt missed" type_id="13"/>
	<message comment="Formation Set" minute="0" period="14" second="0" time="7" type="end" type_id="30"/>
	<message comment="Liam Ridgewell is substituted off" minute="6" period="1" second="9" time="6" type="substitution off" type_id="18"/>
	<message comment="Goran Popov is substituted on" minute="6" period="1" second="9" time="6" type="substitution on" type_id="19"/>
	<message comment="Gervinho misses attempt (18-yard box, Right footed, From corner)" minute="4" period="1" second="4" time="4" type="attempt missed" type_id="13"/>
	<message comment="Kieran Gibbs wins a corner (To the left)" minute="3" period="1" second="30" time="3" type="corner" type_id="6"/>
	<message comment="First half begins!" minute="0" period="1" second="0" time="0" type="start" type_id="32"/>
</Commentary>
