<?xml version="1.0" ?>
<Commentary away_team_name="Arsenal" competition="English Premier League" game_date="2013-04-16" home_team_name="Everton" lang_id="en" season="Season 2012/2013" season_id="2012" sport_id="1" sport_name="Football">
	<message comment="Second half ends" minute="95" period="2" second="23" time="98" type="end" type_id="30"/>
	<message comment="Kevin Mirallas is substituted off" minute="94" period="2" second="11" time="97" type="substitution off" type_id="18"/>
	<message comment="Bryan Oviedo is substituted on" minute="94" period="2" second="11" time="97" type="substitution on" type_id="19"/>
	<message comment="Nacho Monreal recieves a yellow card" minute="93" period="2" second="11" time="96" type="card received" type_id="17"/>
	<message comment="Victor Anichebe is substituted off" minute="91" period="2" second="43" time="94" type="substitution off" type_id="18"/>
	<message comment="Steven Naismith is substituted on" minute="91" period="2" second="43" time="94" type="substitution on" type_id="19"/>
	<message comment="Victor Anichebe misses attempt (High to the right, Out of box, Right footed, Open play)" minute="91" period="2" second="4" time="94" type="attempt missed" type_id="13"/>
	<message comment="Kieran Gibbs is substituted off" minute="90" period="2" second="0" time="93" type="substitution off" type_id="18"/>
	<message comment="Nacho Monreal is substituted on" minute="90" period="2" second="0" time="93" type="substitution on" type_id="19"/>
	<message comment="Séamus Coleman blocks a shot" minute="86" period="2" second="17" time="89" type="save made" type_id="10"/>
	<message comment="Lukas Podolski has shot blocked (Out of box, Left footed, Open play)" minute="86" period="2" second="17" time="89" type="attempt blocked" type_id="15"/>
	<message comment="Lukas Podolski wins a corner (To the left)" minute="85" period="2" second="18" time="88" type="corner" type_id="6"/>
	<message comment="Victor Anichebe is caught offside" minute="83" period="2" time="86" type="offside" type_id="10000"/>
	<message comment="Per Mertesacker misses attempt (To the left, 18-yard box, Head, From corner)" minute="81" period="2" second="42" time="84" type="attempt missed" type_id="13"/>
	<message comment="Lukas Podolski wins a corner (To the left)" minute="81" period="2" second="17" time="84" type="corner" type_id="6"/>
	<message comment="Olivier Giroud misses attempt (High, 18-yard box, Big Chance, Right footed, Open play)" minute="78" period="2" second="56" time="81" type="attempt missed" type_id="13"/>
	<message comment="Ross Barkley is substituted off" minute="75" period="2" second="56" time="78" type="substitution off" type_id="18"/>
	<message comment="Nikica Jelavic is substituted on" minute="75" period="2" second="56" time="78" type="substitution on" type_id="19"/>
	<message comment="Bacary Sagna wins a corner (To the right)" minute="75" period="2" second="19" time="78" type="corner" type_id="6"/>
	<message comment="Tim Howard makes a save (Standing, Parried into danger)" minute="73" period="2" second="31" time="76" type="save made" type_id="10"/>
	<message comment="Aaron Ramsey has attempt saved (Low to the centre, 6-yard box, Right footed, From corner)" minute="73" period="2" second="31" time="76" type="attempt blocked" type_id="15"/>
	<message comment="Darron Gibson blocks a shot" minute="73" period="2" second="29" time="76" type="save made" type_id="10"/>
	<message comment="Aaron Ramsey has shot blocked (6-yard box, Head, From corner)" minute="73" period="2" second="29" time="76" type="attempt blocked" type_id="15"/>
	<message comment="Aaron Ramsey wins a corner (To the left)" minute="73" period="2" second="10" time="76" type="corner" type_id="6"/>
	<message comment="Ross Barkley blocks a shot" minute="73" period="2" second="8" time="76" type="save made" type_id="10"/>
	<message comment="Aaron Ramsey has shot blocked (6-yard box, Head, From corner)" minute="73" period="2" second="8" time="76" type="attempt blocked" type_id="15"/>
	<message comment="Lukas Podolski wins a corner (To the left)" minute="72" period="2" second="38" time="75" type="corner" type_id="6"/>
	<message comment="Ross Barkley recieves a yellow card" minute="69" period="2" second="10" time="72" type="card received" type_id="17"/>
	<message comment="Theo Walcott is substituted off" minute="68" period="2" second="12" time="71" type="substitution off" type_id="18"/>
	<message comment="Lukas Podolski is substituted on" minute="68" period="2" second="12" time="71" type="substitution on" type_id="19"/>
	<message comment="Jack Wilshere is substituted off" minute="67" period="2" second="58" time="70" type="substitution off" type_id="18"/>
	<message comment="Alex Oxlade-Chamberlain is substituted on" minute="67" period="2" second="58" time="70" type="substitution on" type_id="19"/>
	<message comment="Ross Barkley misses attempt (Out of box, Right footed, Open play)" minute="64" period="2" second="53" time="67" type="attempt missed" type_id="13"/>
	<message comment="Kevin Mirallas wins a corner (To the right)" minute="63" period="2" second="37" time="66" type="corner" type_id="6"/>
	<message comment="Ross Barkley misses attempt (High to the left, Out of box, Left footed, Open play)" minute="57" period="2" second="55" time="60" type="attempt missed" type_id="13"/>
	<message comment="Kieran Gibbs wins a corner (To the left)" minute="56" period="2" second="46" time="59" type="corner" type_id="6"/>
	<message comment="Per Mertesacker blocks a shot" minute="56" period="2" second="10" time="59" type="save made" type_id="10"/>
	<message comment="Leighton Baines has shot blocked (Out of box, Left footed, Set piece)" minute="56" period="2" second="10" time="59" type="attempt blocked" type_id="15"/>
	<message comment="Aaron Ramsey blocks a shot" minute="56" period="2" second="8" time="59" type="save made" type_id="10"/>
	<message comment="Leighton Baines has shot blocked (Out of box, Left footed, Free kick)" minute="56" period="2" second="8" time="59" type="attempt blocked" type_id="15"/>
	<message comment="Mikel Arteta recieves a yellow card" minute="55" period="2" second="18" time="58" type="card received" type_id="17"/>
	<message comment="Victor Anichebe misses attempt (To the right, 18-yard box, Head, Set piece)" minute="53" period="2" second="26" time="56" type="attempt missed" type_id="13"/>
	<message comment="Theo Walcott wins a corner (To the right)" minute="51" period="2" second="36" time="54" type="corner" type_id="6"/>
	<message comment="Olivier Giroud misses attempt (High, Out of box, Left footed, Open play)" minute="51" period="2" second="3" time="54" type="attempt missed" type_id="13"/>
	<message comment="Santi Cazorla wins a corner (To the left)" minute="48" period="2" second="35" time="51" type="corner" type_id="6"/>
	<message comment="Santi Cazorla has attempt saved (Low to the left, 18-yard box, Right footed, Open play)" minute="48" period="2" second="32" time="51" type="attempt blocked" type_id="15"/>
	<message comment="Tim Howard makes a save (Parried safe, Diving)" minute="48" period="2" second="32" time="51" type="save made" type_id="10"/>
	<message comment="Mikel Arteta blocks a shot" minute="46" period="2" second="41" time="49" type="save made" type_id="10"/>
	<message comment="Victor Anichebe has shot blocked (Out of box, Right footed, Open play)" minute="46" period="2" second="41" time="49" type="attempt blocked" type_id="15"/>
	<message comment="Wojciech Szczesny makes a save (Collected)" minute="46" period="2" second="8" time="49" type="save made" type_id="10"/>
	<message comment="Kevin Mirallas has attempt saved (Low to the centre, Out of box, Left footed, Open play)" minute="46" period="2" second="8" time="49" type="attempt blocked" type_id="15"/>
	<message comment="Second half begins!" minute="45" period="2" second="0" time="48" type="start" type_id="32"/>
	<message comment="First half ends" minute="47" period="1" second="12" time="47" type="end" type_id="30"/>
	<message comment="Phil Jagielka blocks a shot" minute="43" period="1" second="16" time="43" type="save made" type_id="10"/>
	<message comment="Santi Cazorla has shot blocked (18-yard box, Right footed, Open play)" minute="43" period="1" second="16" time="43" type="attempt blocked" type_id="15"/>
	<message comment="Olivier Giroud misses attempt (To the right, 18-yard box, Big Chance, Left footed, Open play)" minute="41" period="1" second="8" time="41" type="attempt missed" type_id="13"/>
	<message comment="Victor Anichebe has shot blocked (18-yard box, Right footed, Open play)" minute="39" period="1" second="34" time="39" type="attempt blocked" type_id="15"/>
	<message comment="Per Mertesacker blocks a shot" minute="39" period="1" second="34" time="39" type="save made" type_id="10"/>
	<message comment="Ross Barkley has attempt saved (Low to the right, Out of box, Right footed, Open play)" minute="38" period="1" second="27" time="38" type="attempt blocked" type_id="15"/>
	<message comment="Wojciech Szczesny makes a save (Diving)" minute="38" period="1" second="27" time="38" type="save made" type_id="10"/>
	<message comment="Steven Pienaar recieves a yellow card" minute="34" period="1" second="41" time="34" type="card received" type_id="17"/>
	<message comment="Kevin Mirallas is caught offside" minute="30" period="1" time="30" type="offside" type_id="10000"/>
	<message comment="Darron Gibson recieves a yellow card" minute="27" period="1" second="16" time="27" type="card received" type_id="17"/>
	<message comment="Kieran Gibbs misses attempt (High, 18-yard box, Left footed, Open play)" minute="23" period="1" second="40" time="23" type="attempt missed" type_id="13"/>
	<message comment="Bacary Sagna blocks a shot" minute="13" period="1" second="24" time="13" type="save made" type_id="10"/>
	<message comment="Ross Barkley has shot blocked (Out of box, Left footed, Open play)" minute="13" period="1" second="24" time="13" type="attempt blocked" type_id="15"/>
	<message comment="Formation Set" minute="0" period="14" second="0" time="8" type="end" type_id="30"/>
	<message comment="Steven Pienaar misses attempt (High, 18-yard box, Big Chance, Right footed, Open play)" minute="5" period="1" second="55" time="5" type="attempt missed" type_id="13"/>
	<message comment="Olivier Giroud is caught offside" minute="3" period="1" time="3" type="offside" type_id="10000"/>
	<message comment="First half begins!" minute="0" period="1" second="0" time="0" type="start" type_id="32"/>
</Commentary>
