<?xml version="1.0" ?>
<Commentary away_team_name="Aston Villa" competition="English Premier League" game_date="2011-12-03" home_team_name="Manchester United" lang_id="en" season="Season 2011/2012" season_id="2011" sport_id="1" sport_name="Football">
	<message comment="Second half ends" minute="93" period="2" second="20" time="102" type="end" type_id="30"/>
	<message comment="Emile Heskey misses attempt (To the left, Out of box, Left footed, Open play)" minute="89" period="2" second="42" time="98" type="attempt missed" type_id="13"/>
	<message comment="Danny Welbeck is caught offside" minute="89" period="2" time="98" type="offside" type_id="10000"/>
	<message comment="Emile Heskey has shot blocked (18-yard box, Head, Open play)" minute="88" period="2" second="56" time="97" type="attempt blocked" type_id="15"/>
	<message comment="Phil Jones blocks a shot" minute="88" period="2" second="56" time="97" type="save made" type_id="10"/>
	<message comment="Wayne Rooney misses attempt (18-yard box, Left footed, Open play)" minute="87" period="2" second="19" time="96" type="attempt missed" type_id="13"/>
	<message comment="Alan Hutton blocks a shot" minute="81" period="2" second="30" time="90" type="save made" type_id="10"/>
	<message comment="Danny Welbeck has shot blocked (18-yard box, Right footed, Open play)" minute="81" period="2" second="30" time="90" type="attempt blocked" type_id="15"/>
	<message comment="Ashley Young is substituted off" minute="78" period="2" second="7" time="87" type="substitution off" type_id="18"/>
	<message comment="Danny Welbeck is substituted on" minute="78" period="2" second="7" time="87" type="substitution on" type_id="19"/>
	<message comment="Brad Guzan makes a save (Diving)" minute="77" period="2" second="20" time="86" type="save made" type_id="10"/>
	<message comment="Ashley Young has attempt saved (Low to the centre, 18-yard box, Right footed, Open play)" minute="77" period="2" second="20" time="86" type="attempt blocked" type_id="15"/>
	<message comment="Stiliyan Petrov misses attempt (High, 18-yard box, Head, From corner)" minute="75" period="2" second="30" time="84" type="attempt missed" type_id="13"/>
	<message comment="James Collins wins a corner (To the right)" minute="75" period="2" second="14" time="84" type="corner" type_id="6"/>
	<message comment="James Collins has attempt saved (High to the right, 18-yard box, Head, From corner)" minute="75" period="2" second="11" time="84" type="attempt blocked" type_id="15"/>
	<message comment="Anders Lindegaard makes a save (Diving)" minute="75" period="2" second="11" time="84" type="save made" type_id="10"/>
	<message comment="Barry Bannan wins a corner (To the left)" minute="74" period="2" second="36" time="83" type="corner" type_id="6"/>
	<message comment="Ashley Young misses attempt (Out of box, Right footed, Throw-in)" minute="73" period="2" second="9" time="82" type="attempt missed" type_id="13"/>
	<message comment="Luis Antonio Valencia wins a corner (To the right)" minute="70" period="2" second="4" time="79" type="corner" type_id="6"/>
	<message comment="Emile Heskey misses attempt (6-yard box, Head, From corner)" minute="69" period="2" second="16" time="78" type="attempt missed" type_id="13"/>
	<message comment="Richard Dunne misses attempt (To the left, 18-yard box, Key pass, Head, From corner)" minute="69" period="2" second="15" time="78" type="attempt missed" type_id="13"/>
	<message comment="Gabriel Agbonlahor wins a corner (To the right)" minute="68" period="2" second="53" time="77" type="corner" type_id="6"/>
	<message comment="Chris Smalling blocks a shot" minute="68" period="2" second="50" time="77" type="save made" type_id="10"/>
	<message comment="Gabriel Agbonlahor has shot blocked (18-yard box, Left footed, Open play)" minute="68" period="2" second="50" time="77" type="attempt blocked" type_id="15"/>
	<message comment="Ashley Young is caught offside" minute="66" period="2" time="75" type="offside" type_id="10000"/>
	<message comment="Rio Ferdinand is substituted off" minute="63" period="2" second="34" time="72" type="substitution off" type_id="18"/>
	<message comment="Ryan Giggs is substituted on" minute="63" period="2" second="34" time="72" type="substitution on" type_id="19"/>
	<message comment="Jermaine Jenas is substituted off" minute="63" period="2" second="18" time="72" type="substitution off" type_id="18"/>
	<message comment="Emile Heskey is substituted on" minute="63" period="2" second="18" time="72" type="substitution on" type_id="19"/>
	<message comment="Chris Herd is substituted off" minute="58" period="2" second="23" time="67" type="substitution off" type_id="18"/>
	<message comment="Stiliyan Petrov is substituted on" minute="58" period="2" second="23" time="67" type="substitution on" type_id="19"/>
	<message comment="Brad Guzan makes a save (Collected)" minute="54" period="2" second="28" time="63" type="save made" type_id="10"/>
	<message comment="Nani has attempt saved (Low to the centre, Out of box, Right footed, Open play)" minute="54" period="2" second="28" time="63" type="attempt blocked" type_id="15"/>
	<message comment="Barry Bannan blocks a shot" minute="53" period="2" second="38" time="62" type="save made" type_id="10"/>
	<message comment="Nani has shot blocked (18-yard box, Left footed, Open play)" minute="53" period="2" second="38" time="62" type="attempt blocked" type_id="15"/>
	<message comment="Barry Bannan has shot blocked (Out of box, Left footed, Open play)" minute="51" period="2" second="46" time="60" type="attempt blocked" type_id="15"/>
	<message comment="Nani blocks a shot" minute="51" period="2" second="46" time="60" type="save made" type_id="10"/>
	<message comment="Gabriel Agbonlahor wins a corner (To the left)" minute="50" period="2" second="47" time="59" type="corner" type_id="6"/>
	<message comment="Wayne Rooney misses attempt (To the left, Out of box, Right footed, Open play)" minute="48" period="2" second="4" time="57" type="attempt missed" type_id="13"/>
	<message comment="Second half begins!" minute="45" period="2" second="0" time="54" type="start" type_id="32"/>
	<message comment="First half ends" minute="53" period="1" second="5" time="53" type="end" type_id="30"/>
	<message comment="Luis Antonio Valencia wins a corner (To the right)" minute="51" period="1" second="12" time="51" type="corner" type_id="6"/>
	<message comment="Nani wins a corner (To the right)" minute="50" period="1" second="7" time="50" type="corner" type_id="6"/>
	<message comment="Jermaine Jenas blocks a shot" minute="50" period="1" second="5" time="50" type="save made" type_id="10"/>
	<message comment="Nani has shot blocked (Out of box, Right footed, Free kick)" minute="50" period="1" second="5" time="50" type="attempt blocked" type_id="15"/>
	<message comment="Patrice Evra wins a corner (To the left)" minute="47" period="1" second="0" time="47" type="corner" type_id="6"/>
	<message comment="Darren Bent is caught offside" minute="42" period="1" time="42" type="offside" type_id="10000"/>
	<message comment="Shay Given is substituted off" minute="37" period="1" second="33" time="37" type="substitution off" type_id="18"/>
	<message comment="Brad Guzan is substituted on" minute="37" period="1" second="33" time="37" type="substitution on" type_id="19"/>
	<message comment="Luis Antonio Valencia misses attempt (High, Out of box, Right footed, Throw-in)" minute="31" period="1" second="23" time="31" type="attempt missed" type_id="13"/>
	<message comment="Shay Given makes a save (Diving, Parried safe)" minute="24" period="1" second="18" time="24" type="save made" type_id="10"/>
	<message comment="Nani has attempt saved (Low to the centre, 18-yard box, Head, Open play)" minute="24" period="1" second="18" time="24" type="attempt blocked" type_id="15"/>
	<message comment="Darren Bent is caught offside" minute="22" period="1" time="22" type="offside" type_id="10000"/>
	<message comment="Chris Herd has attempt saved (High to the centre, 18-yard box, Head, From corner)" minute="21" period="1" second="8" time="21" type="attempt blocked" type_id="15"/>
	<message comment="Anders Lindegaard makes a save (Standing)" minute="21" period="1" second="8" time="21" type="save made" type_id="10"/>
	<message comment="Luis Antonio Valencia is caught offside" minute="21" period="1" time="21" type="offside" type_id="10000"/>
	<message comment="James Collins wins a corner (To the right)" minute="20" period="1" second="42" time="20" type="corner" type_id="6"/>
	<message comment="GOAL! Phil Jones scores , Assisted by Nani (High to the centre, 18-yard box, Right footed, Open play)" minute="19" period="1" second="3" time="19" type="goal scored" type_id="16"/>
	<message comment="Chris Smalling has shot blocked (18-yard box, Right footed, From corner)" minute="18" period="1" second="33" time="18" type="attempt blocked" type_id="15"/>
	<message comment="Richard Dunne blocks a shot" minute="18" period="1" second="33" time="18" type="save made" type_id="10"/>
	<message comment="Luis Antonio Valencia wins a corner (To the right)" minute="18" period="1" second="7" time="18" type="corner" type_id="6"/>
	<message comment="Phil Jones misses attempt (High, Out of box, Right footed, Open play)" minute="14" period="1" second="36" time="14" type="attempt missed" type_id="13"/>
	<message comment="Formation Set" minute="0" period="14" second="0" time="12" type="end" type_id="30"/>
	<message comment="Nani misses attempt (High to the right, Out of box, Right footed, Open play)" minute="11" period="1" second="52" time="11" type="attempt missed" type_id="13"/>
	<message comment="Chicharito is substituted off" minute="11" period="1" second="33" time="11" type="substitution off" type_id="18"/>
	<message comment="Luis Antonio Valencia is substituted on" minute="11" period="1" second="33" time="11" type="substitution on" type_id="19"/>
	<message comment="First half begins!" minute="0" period="1" second="0" time="0" type="start" type_id="32"/>
</Commentary>
