<?xml version="1.0" ?>
<Commentary away_team_name="Aston Villa" competition="English Premier League" game_date="2013-12-26" home_team_name="Crystal Palace" lang_id="en" season="Season 2013/2014" season_id="2013" sport_id="1" sport_name="Football">
	<message comment="Second half ends" minute="93" period="2" second="30" time="96" type="end" type_id="30"/>
	<message comment="Aleksandar Tonev wins a corner (To the left)" minute="93" period="2" second="11" time="96" type="corner" type_id="6"/>
	<message comment="GOAL! Dwight Gayle scores , Assisted by Dean Moxey (High to the right, Out of box, Right footed, Fast break)" minute="91" period="2" second="13" time="94" type="goal scored" type_id="16"/>
	<message comment="Jordan Bowery wins a corner (To the left)" minute="89" period="2" second="1" time="92" type="corner" type_id="6"/>
	<message comment="Julian Speroni makes a save (Parried safe)" minute="88" period="2" second="54" time="91" type="save made" type_id="10"/>
	<message comment="Jordan Bowery has attempt saved (High to the left, 18-yard box, Head, Open play)" minute="88" period="2" second="54" time="91" type="attempt blocked" type_id="15"/>
	<message comment="Andreas Weimann is substituted off" minute="86" period="2" second="45" time="89" type="substitution off" type_id="18"/>
	<message comment="Aleksandar Tonev is substituted on" minute="86" period="2" second="45" time="89" type="substitution on" type_id="19"/>
	<message comment="Barry Bannan is substituted off" minute="85" period="2" second="56" time="88" type="substitution off" type_id="18"/>
	<message comment="Dean Moxey is substituted on" minute="85" period="2" second="56" time="88" type="substitution on" type_id="19"/>
	<message comment="Libor Kozák is substituted off" minute="76" period="2" second="2" time="79" type="substitution off" type_id="18"/>
	<message comment="Jordan Bowery is substituted on" minute="76" period="2" second="2" time="79" type="substitution on" type_id="19"/>
	<message comment="Gabriel Agbonlahor is caught offside" minute="72" period="2" time="75" type="offside" type_id="10000"/>
	<message comment="Cameron Jerome is substituted off" minute="71" period="2" second="41" time="74" type="substitution off" type_id="18"/>
	<message comment="Dwight Gayle is substituted on" minute="71" period="2" second="41" time="74" type="substitution on" type_id="19"/>
	<message comment="Karim El Ahmadi recieves a yellow card" minute="71" period="2" second="14" time="74" type="card received" type_id="17"/>
	<message comment="Joel Ward has shot blocked (Out of box, Left footed, Open play)" minute="69" period="2" second="28" time="72" type="attempt blocked" type_id="15"/>
	<message comment="Karim El Ahmadi blocks a shot" minute="69" period="2" second="28" time="72" type="save made" type_id="10"/>
	<message comment="Cameron Jerome recieves a yellow card" minute="66" period="2" second="45" time="69" type="card received" type_id="17"/>
	<message comment="Leandro Bacuna is substituted on" minute="66" period="2" second="37" time="69" type="substitution on" type_id="19"/>
	<message comment="Antonio Luna is substituted off" minute="66" period="2" second="36" time="69" type="substitution off" type_id="18"/>
	<message comment="Jason Puncheon is substituted off" minute="64" period="2" second="5" time="67" type="substitution off" type_id="18"/>
	<message comment="Jonathan Williams is substituted on" minute="64" period="2" second="5" time="67" type="substitution on" type_id="19"/>
	<message comment="Yannick Bolasie is caught offside" minute="64" period="2" time="67" type="offside" type_id="10000"/>
	<message comment="Jason Puncheon wins a corner (To the left)" minute="63" period="2" second="47" time="66" type="corner" type_id="6"/>
	<message comment="Jason Puncheon has attempt saved (Low to the left, 18-yard box, Left footed, Open play)" minute="63" period="2" second="44" time="66" type="attempt blocked" type_id="15"/>
	<message comment="Brad Guzan makes a save (Parried safe, Other body part)" minute="63" period="2" second="44" time="66" type="save made" type_id="10"/>
	<message comment="Matthew Lowton wins a corner (To the right)" minute="61" period="2" second="18" time="64" type="corner" type_id="6"/>
	<message comment="Andreas Weimann misses attempt (High, 18-yard box, Right footed, Open play)" minute="59" period="2" second="7" time="62" type="attempt missed" type_id="13"/>
	<message comment="Julian Speroni makes a save" minute="57" period="2" second="59" time="60" type="save made" type_id="10"/>
	<message comment="Gabriel Agbonlahor has attempt saved (Low to the centre, 18-yard box, Left footed, Open play)" minute="57" period="2" second="59" time="60" type="attempt blocked" type_id="15"/>
	<message comment="Damien Delaney has attempt saved (Low to the right, 18-yard box, Right footed, Set piece)" minute="57" period="2" second="27" time="60" type="attempt blocked" type_id="15"/>
	<message comment="Brad Guzan makes a save (Standing, Collected)" minute="57" period="2" second="27" time="60" type="save made" type_id="10"/>
	<message comment="Nathan Baker misses attempt (6-yard box, Head, From corner)" minute="54" period="2" second="52" time="57" type="attempt missed" type_id="13"/>
	<message comment="Fabian Delph wins a corner (To the left)" minute="54" period="2" second="21" time="57" type="corner" type_id="6"/>
	<message comment="Cameron Jerome has shot blocked (18-yard box, Right footed, Open play)" minute="54" period="2" second="6" time="57" type="attempt blocked" type_id="15"/>
	<message comment="Ciaran Clark blocks a shot" minute="54" period="2" second="6" time="57" type="save made" type_id="10"/>
	<message comment="Barry Bannan has attempt saved (Low to the right, Out of box, Left footed, Open play)" minute="54" period="2" second="0" time="57" type="attempt blocked" type_id="15"/>
	<message comment="Brad Guzan makes a save (Diving, Parried into danger)" minute="54" period="2" second="0" time="57" type="save made" type_id="10"/>
	<message comment="Julian Speroni makes a save (Standing)" minute="53" period="2" second="34" time="56" type="save made" type_id="10"/>
	<message comment="Andreas Weimann has attempt saved (Low to the centre, 18-yard box, Right footed, Open play)" minute="53" period="2" second="34" time="56" type="attempt blocked" type_id="15"/>
	<message comment="Yannick Bolasie wins a corner (To the right)" minute="51" period="2" second="21" time="54" type="corner" type_id="6"/>
	<message comment="Damien Delaney misses attempt (High, 6-yard box, Head, From corner)" minute="49" period="2" second="39" time="52" type="attempt missed" type_id="13"/>
	<message comment="Yannick Bolasie wins a corner (To the right)" minute="49" period="2" second="9" time="52" type="corner" type_id="6"/>
	<message comment="Gabriel Agbonlahor misses attempt (To the left, Out of box, Left footed, Open play)" minute="48" period="2" second="2" time="51" type="attempt missed" type_id="13"/>
	<message comment="Jason Puncheon has attempt saved (Low to the right, 18-yard box, Left footed, Open play)" minute="47" period="2" second="36" time="50" type="attempt blocked" type_id="15"/>
	<message comment="Brad Guzan makes a save (Standing, Parried safe)" minute="47" period="2" second="36" time="50" type="save made" type_id="10"/>
	<message comment="Second half begins!" minute="45" period="2" second="0" time="48" type="start" type_id="32"/>
	<message comment="First half ends" minute="47" period="1" second="35" time="47" type="end" type_id="30"/>
	<message comment="Adrian Mariappa blocks a shot (Last line)" minute="47" period="1" second="5" time="47" type="save made" type_id="10"/>
	<message comment="Ciaran Clark has shot blocked (18-yard box, Head, From corner)" minute="47" period="1" second="5" time="47" type="attempt blocked" type_id="15"/>
	<message comment="Karim El Ahmadi wins a corner (To the right)" minute="46" period="1" second="44" time="46" type="corner" type_id="6"/>
	<message comment="Mile Jedinak blocks a shot" minute="46" period="1" second="42" time="46" type="save made" type_id="10"/>
	<message comment="Karim El Ahmadi has shot blocked (Out of box, Right footed, Set piece)" minute="46" period="1" second="42" time="46" type="attempt blocked" type_id="15"/>
	<message comment="Fabian Delph misses attempt (High to the left, Out of box, Left footed, Open play)" minute="43" period="1" second="24" time="43" type="attempt missed" type_id="13"/>
	<message comment="Yannick Bolasie wins a corner (To the left)" minute="39" period="1" second="53" time="39" type="corner" type_id="6"/>
	<message comment="Cameron Jerome is caught offside" minute="38" period="1" time="38" type="offside" type_id="10000"/>
	<message comment="Barry Bannan recieves a yellow card" minute="36" period="1" second="50" time="36" type="card received" type_id="17"/>
	<message comment="Barry Bannan is caught offside" minute="36" period="1" time="36" type="offside" type_id="10000"/>
	<message comment="Yannick Bolasie wins a corner (To the left)" minute="36" period="1" second="0" time="36" type="corner" type_id="6"/>
	<message comment="Yannick Bolasie has shot blocked (18-yard box, Right footed, Open play)" minute="35" period="1" second="59" time="35" type="attempt blocked" type_id="15"/>
	<message comment="Karim El Ahmadi blocks a shot" minute="35" period="1" second="59" time="35" type="save made" type_id="10"/>
	<message comment="Nathan Baker recieves a yellow card" minute="34" period="1" second="37" time="34" type="card received" type_id="17"/>
	<message comment="Cameron Jerome is caught offside" minute="31" period="1" time="31" type="offside" type_id="10000"/>
	<message comment="Libor Kozák is caught offside" minute="26" period="1" time="26" type="offside" type_id="10000"/>
	<message comment="Jason Puncheon has attempt saved (Low to the centre, 18-yard box, Head, Open play)" minute="24" period="1" second="45" time="24" type="attempt blocked" type_id="15"/>
	<message comment="Brad Guzan makes a save (Standing)" minute="24" period="1" second="45" time="24" type="save made" type_id="10"/>
	<message comment="Gabriel Agbonlahor wins a corner (To the left)" minute="22" period="1" second="50" time="22" type="corner" type_id="6"/>
	<message comment="Jason Puncheon misses attempt (To the right, Out of box, Left footed, Open play)" minute="16" period="1" second="25" time="16" type="attempt missed" type_id="13"/>
	<message comment="Mile Jedinak blocks a shot" minute="15" period="1" second="42" time="15" type="save made" type_id="10"/>
	<message comment="Gabriel Agbonlahor has shot blocked (Out of box, Right footed, Open play)" minute="15" period="1" second="42" time="15" type="attempt blocked" type_id="15"/>
	<message comment="Formation Set" minute="0" period="14" second="0" time="6" type="end" type_id="30"/>
	<message comment="Yannick Bolasie has attempt saved (High to the centre, 18-yard box, Head, Open play)" minute="2" period="1" second="54" time="2" type="attempt blocked" type_id="15"/>
	<message comment="Brad Guzan makes a save (Standing)" minute="2" period="1" second="54" time="2" type="save made" type_id="10"/>
	<message comment="Andreas Weimann wins a corner (To the left)" minute="1" period="1" second="40" time="1" type="corner" type_id="6"/>
	<message comment="First half begins!" minute="0" period="1" second="0" time="0" type="start" type_id="32"/>
</Commentary>
