<?xml version="1.0" ?>
<Commentary away_team_name="Aston Villa" competition="English Premier League" game_date="2013-12-15" home_team_name="Manchester United" lang_id="en" season="Season 2013/2014" season_id="2013" sport_id="1" sport_name="Football">
	<message comment="Second half ends" minute="93" period="2" second="1" time="95" type="end" type_id="30"/>
	<message comment="Darren Fletcher misses attempt (High, 18-yard box, Head, From corner)" minute="88" period="2" second="13" time="90" type="attempt missed" type_id="13"/>
	<message comment="Ashley Young wins a corner (To the right)" minute="87" period="2" second="47" time="89" type="corner" type_id="6"/>
	<message comment="Karim El Ahmadi is substituted off" minute="85" period="2" second="49" time="87" type="substitution off" type_id="18"/>
	<message comment="Leandro Bacuna is substituted on" minute="85" period="2" second="49" time="87" type="substitution on" type_id="19"/>
	<message comment="Wayne Rooney is substituted off" minute="83" period="2" second="54" time="85" type="substitution off" type_id="18"/>
	<message comment="Wilfried Zaha is substituted on" minute="83" period="2" second="54" time="85" type="substitution on" type_id="19"/>
	<message comment="Tom Cleverley wins a corner (To the left)" minute="83" period="2" second="13" time="85" type="corner" type_id="6"/>
	<message comment="Brad Guzan makes a save (Parried safe)" minute="83" period="2" second="11" time="85" type="save made" type_id="10"/>
	<message comment="Tom Cleverley has attempt saved (High to the right, 18-yard box, Right footed, Open play)" minute="83" period="2" second="11" time="85" type="attempt blocked" type_id="15"/>
	<message comment="Christian Benteke is substituted off" minute="78" period="2" second="48" time="80" type="substitution off" type_id="18"/>
	<message comment="Libor Kozák is substituted on" minute="78" period="2" second="48" time="80" type="substitution on" type_id="19"/>
	<message comment="Danny Welbeck recieves a yellow card" minute="77" period="2" second="38" time="79" type="card received" type_id="17"/>
	<message comment="Nathan Baker recieves a yellow card" minute="77" period="2" second="4" time="79" type="card received" type_id="17"/>
	<message comment="Karim El Ahmadi has attempt saved (Low to the centre, Out of box, Right footed, Free kick)" minute="75" period="2" second="53" time="77" type="attempt blocked" type_id="15"/>
	<message comment="David de Gea makes a save (Diving, Parried safe)" minute="75" period="2" second="53" time="77" type="save made" type_id="10"/>
	<message comment="Jonny Evans blocks a shot" minute="73" period="2" second="49" time="75" type="save made" type_id="10"/>
	<message comment="Karim El Ahmadi has shot blocked (Out of box, Right footed, Open play)" minute="73" period="2" second="49" time="75" type="attempt blocked" type_id="15"/>
	<message comment="Danny Welbeck misses attempt (High, 18-yard box, Right footed, Open play)" minute="72" period="2" second="45" time="74" type="attempt missed" type_id="13"/>
	<message comment="Ciaran Clark recieves a yellow card" minute="72" period="2" second="10" time="74" type="card received" type_id="17"/>
	<message comment="Ryan Giggs is substituted off" minute="69" period="2" second="13" time="71" type="substitution off" type_id="18"/>
	<message comment="Darren Fletcher is substituted on" minute="69" period="2" second="13" time="71" type="substitution on" type_id="19"/>
	<message comment="Adnan Januzaj is substituted off" minute="68" period="2" second="59" time="70" type="substitution off" type_id="18"/>
	<message comment="Ashley Young is substituted on" minute="68" period="2" second="59" time="70" type="substitution on" type_id="19"/>
	<message comment="Matthew Lowton misses attempt (High, 18-yard box, Left footed, Open play)" minute="66" period="2" second="56" time="68" type="attempt missed" type_id="13"/>
	<message comment="Matthew Lowton recieves a yellow card" minute="64" period="2" second="26" time="66" type="card received" type_id="17"/>
	<message comment="Andreas Weimann wins a corner (To the left)" minute="62" period="2" second="8" time="64" type="corner" type_id="6"/>
	<message comment="Andreas Weimann has shot blocked (18-yard box, Right footed, Open play)" minute="62" period="2" second="4" time="64" type="attempt blocked" type_id="15"/>
	<message comment="Tom Cleverley blocks a shot" minute="62" period="2" second="4" time="64" type="save made" type_id="10"/>
	<message comment="Gabriel Agbonlahor has shot blocked (18-yard box, Right footed, Open play)" minute="62" period="2" second="2" time="64" type="attempt blocked" type_id="15"/>
	<message comment="Jonny Evans blocks a shot" minute="62" period="2" second="2" time="64" type="save made" type_id="10"/>
	<message comment="Yacouba Sylla is substituted off" minute="61" period="2" second="18" time="63" type="substitution off" type_id="18"/>
	<message comment="Andreas Weimann is substituted on" minute="61" period="2" second="18" time="63" type="substitution on" type_id="19"/>
	<message comment="Christian Benteke misses attempt (High, 18-yard box, Head, Open play)" minute="60" period="2" second="58" time="62" type="attempt missed" type_id="13"/>
	<message comment="Marc Albrighton has attempt saved (High to the right, 18-yard box, Right footed, Open play)" minute="57" period="2" second="56" time="59" type="attempt blocked" type_id="15"/>
	<message comment="David de Gea makes a save (Standing, Parried safe)" minute="57" period="2" second="56" time="59" type="save made" type_id="10"/>
	<message comment="Yacouba Sylla misses attempt (To the right, Out of box, Right footed, Open play)" minute="56" period="2" second="40" time="58" type="attempt missed" type_id="13"/>
	<message comment="Ciaran Clark blocks a shot" minute="55" period="2" second="35" time="57" type="save made" type_id="10"/>
	<message comment="Danny Welbeck has shot blocked (18-yard box, Right footed, Open play)" minute="55" period="2" second="35" time="57" type="attempt blocked" type_id="15"/>
	<message comment="Wayne Rooney misses attempt (Out of box, Right footed, Free kick)" minute="54" period="2" second="36" time="56" type="attempt missed" type_id="13"/>
	<message comment="Marc Albrighton misses attempt (To the left, 18-yard box, Left footed, Open play)" minute="52" period="2" second="45" time="54" type="attempt missed" type_id="13"/>
	<message comment="GOAL! Tom Cleverley scores , Assisted by Wayne Rooney (Low to the right, 18-yard box, Big Chance, Right footed, Open play)" minute="51" period="2" second="21" time="53" type="goal scored" type_id="16"/>
	<message comment="Gabriel Agbonlahor recieves a yellow card" minute="49" period="2" second="8" time="51" type="card received" type_id="17"/>
	<message comment="David de Gea recieves a yellow card" minute="49" period="2" second="6" time="51" type="card received" type_id="17"/>
	<message comment="Brad Guzan wins a corner (To the right)" minute="48" period="2" second="32" time="50" type="corner" type_id="6"/>
	<message comment="Yacouba Sylla misses attempt (To the left, 18-yard box, Head, Open play)" minute="46" period="2" second="23" time="48" type="attempt missed" type_id="13"/>
	<message comment="Second half begins!" minute="45" period="2" second="0" time="47" type="start" type_id="32"/>
	<message comment="First half ends" minute="46" period="1" second="0" time="46" type="end" type_id="30"/>
	<message comment="Gabriel Agbonlahor is caught offside" minute="45" period="1" time="45" type="offside" type_id="10000"/>
	<message comment="Luis Antonio Valencia is caught offside" minute="44" period="1" time="44" type="offside" type_id="10000"/>
	<message comment="Ashley Westwood misses attempt (To the right, Out of box, Right footed, Open play)" minute="40" period="1" second="47" time="40" type="attempt missed" type_id="13"/>
	<message comment="Luis Antonio Valencia is caught offside" minute="34" period="1" time="34" type="offside" type_id="10000"/>
	<message comment="Danny Welbeck misses attempt (18-yard box, Right footed, Open play)" minute="33" period="1" second="19" time="33" type="attempt missed" type_id="13"/>
	<message comment="Wayne Rooney misses attempt (18-yard box, Right footed, Open play)" minute="27" period="1" second="56" time="27" type="attempt missed" type_id="13"/>
	<message comment="Antonio Luna blocks a shot" minute="27" period="1" second="37" time="27" type="save made" type_id="10"/>
	<message comment="Tom Cleverley has shot blocked (Out of box, Left footed, Open play)" minute="27" period="1" second="37" time="27" type="attempt blocked" type_id="15"/>
	<message comment="Gabriel Agbonlahor has shot blocked (Out of box, Right footed, Open play)" minute="25" period="1" second="56" time="25" type="attempt blocked" type_id="15"/>
	<message comment="Phil Jones blocks a shot" minute="25" period="1" second="56" time="25" type="save made" type_id="10"/>
	<message comment="Gabriel Agbonlahor has attempt saved (Low to the centre, Out of box, Right footed, Open play)" minute="21" period="1" second="35" time="21" type="attempt blocked" type_id="15"/>
	<message comment="David de Gea makes a save (Collected)" minute="21" period="1" second="35" time="21" type="save made" type_id="10"/>
	<message comment="GOAL! Danny Welbeck scores , Assisted by Luis Antonio Valencia (Low to the left, 18-yard box, Big Chance, Right footed, Open play)" minute="17" period="1" second="43" time="17" type="goal scored" type_id="16"/>
	<message comment="Wayne Rooney wins a corner (To the left)" minute="16" period="1" second="25" time="16" type="corner" type_id="6"/>
	<message comment="Gabriel Agbonlahor is caught offside" minute="15" period="1" time="15" type="offside" type_id="10000"/>
	<message comment="GOAL! Danny Welbeck scores  (Low to the right, 18-yard box, Big Chance, Right footed, Open play)" minute="14" period="1" second="39" time="14" type="goal scored" type_id="16"/>
	<message comment="Adnan Januzaj hits the woodwork (To the left, 18-yard box, Head, Open play)" minute="14" period="1" second="37" time="14" type="woodwork hit" type_id="14"/>
	<message comment="Christian Benteke wins a corner (To the left)" minute="11" period="1" second="33" time="11" type="corner" type_id="6"/>
	<message comment="Ciaran Clark blocks a shot" minute="10" period="1" second="50" time="10" type="save made" type_id="10"/>
	<message comment="Danny Welbeck has shot blocked (18-yard box, Head, Open play)" minute="10" period="1" second="50" time="10" type="attempt blocked" type_id="15"/>
	<message comment="Marc Albrighton has attempt saved (Low to the left, Out of box, Right footed, Open play)" minute="9" period="1" second="45" time="9" type="attempt blocked" type_id="15"/>
	<message comment="David de Gea makes a save (Collected, Diving)" minute="9" period="1" second="45" time="9" type="save made" type_id="10"/>
	<message comment="Brad Guzan makes a save (Standing)" minute="8" period="1" second="51" time="8" type="save made" type_id="10"/>
	<message comment="Danny Welbeck has attempt saved (High to the right, 18-yard box, Right footed, Open play)" minute="8" period="1" second="51" time="8" type="attempt blocked" type_id="15"/>
	<message comment="Adnan Januzaj wins a corner (To the left)" minute="8" period="1" second="13" time="8" type="corner" type_id="6"/>
	<message comment="Karim El Ahmadi has shot blocked (18-yard box, Right footed, Open play)" minute="5" period="1" second="7" time="5" type="attempt blocked" type_id="15"/>
	<message comment="Ryan Giggs blocks a shot" minute="5" period="1" second="7" time="5" type="save made" type_id="10"/>
	<message comment="Formation Set" minute="0" period="14" second="0" time="5" type="end" type_id="30"/>
	<message comment="David de Gea makes a save (Diving, Collected)" minute="3" period="1" second="35" time="3" type="save made" type_id="10"/>
	<message comment="Marc Albrighton has attempt saved (Low to the centre, 18-yard box, Right footed, Open play)" minute="3" period="1" second="35" time="3" type="attempt blocked" type_id="15"/>
	<message comment="David de Gea makes a save (Standing, Collected)" minute="1" period="1" second="51" time="1" type="save made" type_id="10"/>
	<message comment="Karim El Ahmadi has attempt saved (Low to the right, Out of box, Right footed, Open play)" minute="1" period="1" second="51" time="1" type="attempt blocked" type_id="15"/>
	<message comment="First half begins!" minute="0" period="1" second="0" time="0" type="start" type_id="32"/>
</Commentary>
