<?xml version="1.0" ?>
<Commentary away_team_name="Aston Villa" competition="English Premier League" game_date="2010-11-27" home_team_name="Arsenal" lang_id="en" season="Season 2010/2011" season_id="2010" sport_id="1" sport_name="Football">
	<message comment="Second half ends" minute="94" period="2" second="20" time="97" type="end" type_id="30"/>
	<message comment="Tomas Rosicky is substituted off" minute="93" period="2" second="40" time="96" type="substitution off" type_id="18"/>
	<message comment="Johan Djourou is substituted on" minute="93" period="2" second="40" time="96" type="substitution on" type_id="19"/>
	<message comment="GOAL! Jack Wilshere scores , Assisted by Marouane Chamakh (Low to the right, 6-yard box, Big Chance, Head, Open play)" minute="92" period="2" second="27" time="95" type="goal scored" type_id="16"/>
	<message comment="James Collins blocks a shot" minute="92" period="2" second="24" time="95" type="save made" type_id="10"/>
	<message comment="Denilson has shot blocked (18-yard box, Right footed, Open play)" minute="92" period="2" second="24" time="95" type="attempt blocked" type_id="15"/>
	<message comment="Marouane Chamakh misses attempt (18-yard box, Head, Open play)" minute="91" period="2" second="2" time="94" type="attempt missed" type_id="13"/>
	<message comment="Kieran Gibbs wins a corner (To the left)" minute="87" period="2" second="39" time="90" type="corner" type_id="6"/>
	<message comment="Barry Bannan is substituted off" minute="85" period="2" second="15" time="88" type="substitution off" type_id="18"/>
	<message comment="Chris Herd is substituted on" minute="85" period="2" second="15" time="88" type="substitution on" type_id="19"/>
	<message comment="Andrey Arshavin is substituted off" minute="84" period="2" second="55" time="87" type="substitution off" type_id="18"/>
	<message comment="Denilson is substituted on" minute="84" period="2" second="55" time="87" type="substitution on" type_id="19"/>
	<message comment="Samir Nasri is substituted off" minute="84" period="2" second="40" time="87" type="substitution off" type_id="18"/>
	<message comment="Kieran Gibbs is substituted on" minute="84" period="2" second="40" time="87" type="substitution on" type_id="19"/>
	<message comment="Jack Wilshere misses attempt (High to the left, 18-yard box, Left footed, Fast break)" minute="83" period="2" second="58" time="86" type="attempt missed" type_id="13"/>
	<message comment="Richard Dunne has attempt saved (Low to the centre, 18-yard box, Head, From corner)" minute="83" period="2" second="18" time="86" type="attempt blocked" type_id="15"/>
	<message comment="Lukasz Fabianski makes a save" minute="83" period="2" second="18" time="86" type="save made" type_id="10"/>
	<message comment="Stewart Downing wins a corner (To the left)" minute="82" period="2" second="54" time="85" type="corner" type_id="6"/>
	<message comment="Richard Dunne has attempt saved (High to the right, 18-yard box, Head, Set piece)" minute="76" period="2" second="39" time="79" type="attempt blocked" type_id="15"/>
	<message comment="Lukasz Fabianski makes a save" minute="76" period="2" second="39" time="79" type="save made" type_id="10"/>
	<message comment="Marouane Chamakh recieves a yellow card" minute="76" period="2" second="8" time="79" type="card received" type_id="17"/>
	<message comment="Andrey Arshavin misses attempt (High to the right, Out of box, Right footed, Open play)" minute="72" period="2" second="20" time="75" type="attempt missed" type_id="13"/>
	<message comment="GOAL! Ciaran Clark scores , Assisted by Richard Dunne (Low to the right, 6-yard box, Head, From corner)" minute="70" period="2" second="1" time="73" type="goal scored" type_id="16"/>
	<message comment="Stephen Ireland wins a corner (To the right)" minute="69" period="2" second="38" time="72" type="corner" type_id="6"/>
	<message comment="Andrey Arshavin is caught offside" minute="68" period="2" time="71" type="offside" type_id="10000"/>
	<message comment="Ciaran Clark misses attempt (18-yard box, Left footed, Open play)" minute="67" period="2" second="50" time="70" type="attempt missed" type_id="13"/>
	<message comment="John Carew is substituted off" minute="65" period="2" second="59" time="68" type="substitution off" type_id="18"/>
	<message comment="Stephen Ireland is substituted on" minute="65" period="2" second="59" time="68" type="substitution on" type_id="19"/>
	<message comment="Andrey Arshavin misses attempt (High to the right, 18-yard box, Right footed, Open play)" minute="60" period="2" second="26" time="63" type="attempt missed" type_id="13"/>
	<message comment="Nathan Delfouneso is caught offside" minute="59" period="2" time="62" type="offside" type_id="10000"/>
	<message comment="GOAL! Marouane Chamakh scores , Assisted by Tomas Rosicky (Low to the left, 18-yard box, Big Chance, Right footed, Open play)" minute="55" period="2" second="8" time="58" type="goal scored" type_id="16"/>
	<message comment="Ciaran Clark recieves a yellow card" minute="52" period="2" second="1" time="55" type="card received" type_id="17"/>
	<message comment="GOAL! Ciaran Clark scores  (High to the left, Out of box, Left footed, Open play)" minute="51" period="2" second="2" time="54" type="goal scored" type_id="16"/>
	<message comment="Nathan Delfouneso has shot blocked (18-yard box, Right footed, Open play)" minute="50" period="2" second="53" time="53" type="attempt blocked" type_id="15"/>
	<message comment="Gaël Clichy blocks a shot" minute="50" period="2" second="53" time="53" type="save made" type_id="10"/>
	<message comment="Andrey Arshavin is caught offside" minute="46" period="2" time="49" type="offside" type_id="10000"/>
	<message comment="Robert Pires is substituted off" minute="45" period="2" second="0" time="48" type="substitution off" type_id="18"/>
	<message comment="Nathan Delfouneso is substituted on" minute="45" period="2" second="0" time="48" type="substitution on" type_id="19"/>
	<message comment="Second half begins!" minute="45" period="2" second="0" time="48" type="start" type_id="32"/>
	<message comment="First half ends" minute="47" period="1" second="0" time="47" type="end" type_id="30"/>
	<message comment="GOAL! Samir Nasri scores , Assisted by Andrey Arshavin (Low to the right, 18-yard box, Right footed, From corner)" minute="44" period="1" second="10" time="44" type="goal scored" type_id="16"/>
	<message comment="Marouane Chamakh wins a corner (To the left)" minute="43" period="1" second="37" time="43" type="corner" type_id="6"/>
	<message comment="Brad Friedel makes a save (Parried safe, Diving)" minute="43" period="1" second="35" time="43" type="save made" type_id="10"/>
	<message comment="Marouane Chamakh has attempt saved (Low to the left, 6-yard box, Big Chance, Head, Open play)" minute="43" period="1" second="35" time="43" type="attempt blocked" type_id="15"/>
	<message comment="Samir Nasri misses attempt (18-yard box, Big Chance, Left footed, Open play)" minute="39" period="1" second="28" time="39" type="attempt missed" type_id="13"/>
	<message comment="GOAL! Andrey Arshavin scores , Assisted by Lukasz Fabianski (Low to the right, 18-yard box, Right footed, Open play)" minute="38" period="1" second="29" time="38" type="goal scored" type_id="16"/>
	<message comment="James Collins blocks a shot" minute="35" period="1" second="10" time="35" type="save made" type_id="10"/>
	<message comment="Samir Nasri has shot blocked (Out of box, Left footed, Open play)" minute="35" period="1" second="10" time="35" type="attempt blocked" type_id="15"/>
	<message comment="Alexandre Song wins a corner (To the right)" minute="33" period="1" second="56" time="33" type="corner" type_id="6"/>
	<message comment="Samir Nasri wins a corner (To the left)" minute="32" period="1" second="37" time="32" type="corner" type_id="6"/>
	<message comment="Alexandre Song wins a corner (To the left)" minute="28" period="1" second="3" time="28" type="corner" type_id="6"/>
	<message comment="Samir Nasri wins a corner (To the right)" minute="27" period="1" second="13" time="27" type="corner" type_id="6"/>
	<message comment="John Carew is caught offside" minute="25" period="1" time="25" type="offside" type_id="10000"/>
	<message comment="Marouane Chamakh is caught offside" minute="25" period="1" time="25" type="offside" type_id="10000"/>
	<message comment="Ashley Young misses attempt (6-yard box, Big Chance, Right footed, Open play)" minute="24" period="1" second="28" time="24" type="attempt missed" type_id="13"/>
	<message comment="Ciaran Clark misses attempt (To the left, 18-yard box, Key pass, Head, Open play)" minute="24" period="1" second="27" time="24" type="attempt missed" type_id="13"/>
	<message comment="James Collins blocks a shot" minute="22" period="1" second="51" time="22" type="save made" type_id="10"/>
	<message comment="Samir Nasri has shot blocked (Out of box, Right footed, From corner)" minute="22" period="1" second="51" time="22" type="attempt blocked" type_id="15"/>
	<message comment="Gaël Clichy wins a corner (To the left)" minute="22" period="1" second="27" time="22" type="corner" type_id="6"/>
	<message comment="Ashley Young wins a corner (To the left)" minute="17" period="1" second="20" time="17" type="corner" type_id="6"/>
	<message comment="Samir Nasri misses attempt (Out of box, Left footed, From corner)" minute="16" period="1" second="42" time="16" type="attempt missed" type_id="13"/>
	<message comment="Andrey Arshavin wins a corner (To the right)" minute="16" period="1" second="7" time="16" type="corner" type_id="6"/>
	<message comment="James Collins blocks a shot" minute="16" period="1" second="4" time="16" type="save made" type_id="10"/>
	<message comment="Andrey Arshavin has shot blocked (18-yard box, Right footed, Open play)" minute="16" period="1" second="4" time="16" type="attempt blocked" type_id="15"/>
	<message comment="Brad Friedel makes a save (Diving)" minute="13" period="1" second="23" time="13" type="save made" type_id="10"/>
	<message comment="Tomas Rosicky has attempt saved (Low to the left, 18-yard box, Right footed, Open play)" minute="13" period="1" second="23" time="13" type="attempt blocked" type_id="15"/>
	<message comment="John Carew is caught offside" minute="12" period="1" time="12" type="offside" type_id="10000"/>
	<message comment="Formation Set" minute="0" period="14" second="0" time="7" type="end" type_id="30"/>
	<message comment="Marouane Chamakh misses attempt (Out of box, Left footed, Open play)" minute="5" period="1" second="44" time="5" type="attempt missed" type_id="13"/>
	<message comment="Marouane Chamakh misses attempt (To the left, 18-yard box, Head, Open play)" minute="4" period="1" second="27" time="4" type="attempt missed" type_id="13"/>
	<message comment="Tomas Rosicky misses attempt (18-yard box, Right footed, Open play)" minute="2" period="1" second="57" time="2" type="attempt missed" type_id="13"/>
	<message comment="Brad Friedel makes a save (Parried into danger, Diving, Feet)" minute="0" period="1" second="21" time="0" type="save made" type_id="10"/>
	<message comment="Marouane Chamakh has attempt saved (Low to the centre, 18-yard box, Right footed, Open play)" minute="0" period="1" second="21" time="0" type="attempt blocked" type_id="15"/>
	<message comment="First half begins!" minute="0" period="1" second="0" time="0" type="start" type_id="32"/>
</Commentary>
