<?xml version="1.0" ?>
<Commentary away_team_name="Aston Villa" competition="English Premier League" game_date="2010-08-14" home_team_name="West Ham" lang_id="en" season="Season 2010/2011" season_id="2010" sport_id="1" sport_name="Football">
	<message comment="Second half ends" minute="93" period="2" second="21" time="96" type="end" type_id="30"/>
	<message comment="Mark Noble misses attempt (Out of box, Right footed, Open play)" minute="92" period="2" second="45" time="95" type="attempt missed" type_id="13"/>
	<message comment="Alessandro Diamanti wins a corner (To the left)" minute="91" period="2" second="49" time="94" type="corner" type_id="6"/>
	<message comment="Alessandro Diamanti has shot blocked (Out of box, Left footed, From corner)" minute="91" period="2" second="46" time="94" type="attempt blocked" type_id="15"/>
	<message comment="Stephen Warnock blocks a shot" minute="91" period="2" second="46" time="94" type="save made" type_id="10"/>
	<message comment="Pablo Barrera wins a corner (To the right)" minute="91" period="2" second="22" time="94" type="corner" type_id="6"/>
	<message comment="Pablo Barrera has shot blocked (18-yard box, Left footed, Open play)" minute="91" period="2" second="20" time="94" type="attempt blocked" type_id="15"/>
	<message comment="Stephen Warnock blocks a shot" minute="91" period="2" second="20" time="94" type="save made" type_id="10"/>
	<message comment="John Carew misses attempt (To the right, 18-yard box, Right footed, Throw-in)" minute="90" period="2" second="8" time="93" type="attempt missed" type_id="13"/>
	<message comment="Marc Albrighton is substituted off" minute="88" period="2" second="36" time="91" type="substitution off" type_id="18"/>
	<message comment="Barry Bannan is substituted on" minute="88" period="2" second="36" time="91" type="substitution on" type_id="19"/>
	<message comment="Pablo Barrera misses attempt (To the right, Out of box, Right footed, Throw-in)" minute="87" period="2" second="46" time="90" type="attempt missed" type_id="13"/>
	<message comment="Winston Reid misses attempt (To the left, 18-yard box, Head, From corner)" minute="87" period="2" second="30" time="90" type="attempt missed" type_id="13"/>
	<message comment="Alessandro Diamanti wins a corner (To the left)" minute="87" period="2" second="0" time="90" type="corner" type_id="6"/>
	<message comment="Alessandro Diamanti has shot blocked (Out of box, Left footed, Open play)" minute="86" period="2" second="58" time="89" type="attempt blocked" type_id="15"/>
	<message comment="Luke Young blocks a shot" minute="86" period="2" second="58" time="89" type="save made" type_id="10"/>
	<message comment="Ashley Young is substituted off" minute="86" period="2" second="38" time="89" type="substitution off" type_id="18"/>
	<message comment="Andreas Weimann is substituted on" minute="86" period="2" second="38" time="89" type="substitution on" type_id="19"/>
	<message comment="James Milner is substituted off" minute="84" period="2" second="33" time="87" type="substitution off" type_id="18"/>
	<message comment="Nigel Reo-Coker is substituted on" minute="84" period="2" second="33" time="87" type="substitution on" type_id="19"/>
	<message comment="Scott Parker misses attempt (High, Out of box, Right footed, Open play)" minute="83" period="2" second="58" time="86" type="attempt missed" type_id="13"/>
	<message comment="Marc Albrighton wins a corner (To the left)" minute="83" period="2" second="8" time="86" type="corner" type_id="6"/>
	<message comment="Stewart Downing wins a corner (To the left)" minute="81" period="2" second="53" time="84" type="corner" type_id="6"/>
	<message comment="Matt Upson blocks a shot" minute="80" period="2" second="31" time="83" type="save made" type_id="10"/>
	<message comment="James Milner has shot blocked (Out of box, Right footed, From corner)" minute="80" period="2" second="31" time="83" type="attempt blocked" type_id="15"/>
	<message comment="Marc Albrighton wins a corner (To the right)" minute="80" period="2" second="1" time="83" type="corner" type_id="6"/>
	<message comment="Ashley Young misses attempt (6-yard box, Big Chance, Right footed, Open play)" minute="77" period="2" second="43" time="80" type="attempt missed" type_id="13"/>
	<message comment="Winston Reid blocks a shot" minute="77" period="2" second="38" time="80" type="save made" type_id="10"/>
	<message comment="John Carew has shot blocked (18-yard box, Right footed, Open play)" minute="77" period="2" second="38" time="80" type="attempt blocked" type_id="15"/>
	<message comment="James Milner has shot blocked (18-yard box, Key pass, Right footed, Open play)" minute="77" period="2" second="35" time="80" type="attempt blocked" type_id="15"/>
	<message comment="Winston Reid blocks a shot" minute="77" period="2" second="8" time="80" type="save made" type_id="10"/>
	<message comment="Marc Albrighton has shot blocked (18-yard box, Right footed, Open play)" minute="77" period="2" second="8" time="80" type="attempt blocked" type_id="15"/>
	<message comment="John Carew misses attempt (To the right, 18-yard box, Big Chance, Head, Open play)" minute="75" period="2" second="43" time="78" type="attempt missed" type_id="13"/>
	<message comment="James Tomkins is substituted off" minute="72" period="2" second="35" time="75" type="substitution off" type_id="18"/>
	<message comment="Alessandro Diamanti is substituted on" minute="72" period="2" second="35" time="75" type="substitution on" type_id="19"/>
	<message comment="Frédéric Piquionne wins a corner (To the left)" minute="71" period="2" second="59" time="74" type="corner" type_id="6"/>
	<message comment="Marc Albrighton wins a corner (To the right)" minute="70" period="2" second="15" time="73" type="corner" type_id="6"/>
	<message comment="James Tomkins blocks a shot" minute="70" period="2" second="11" time="73" type="save made" type_id="10"/>
	<message comment="Marc Albrighton has shot blocked (Out of box, Right footed, Open play)" minute="70" period="2" second="11" time="73" type="attempt blocked" type_id="15"/>
	<message comment="Stewart Downing hits the woodwork (High, 18-yard box, Left footed, Set piece)" minute="68" period="2" second="52" time="71" type="woodwork hit" type_id="14"/>
	<message comment="Ashley Young is caught offside" minute="67" period="2" time="70" type="offside" type_id="10000"/>
	<message comment="GOAL! James Milner scores , Assisted by Marc Albrighton (Low to the right, 18-yard box, Left footed, Open play)" minute="65" period="2" second="21" time="68" type="goal scored" type_id="16"/>
	<message comment="Hérita Ilunga blocks a shot (Last line)" minute="62" period="2" second="33" time="65" type="save made" type_id="10"/>
	<message comment="Stewart Downing has shot blocked (6-yard box, Right footed, Open play)" minute="62" period="2" second="33" time="65" type="attempt blocked" type_id="15"/>
	<message comment="John Carew misses attempt (To the right, 18-yard box, Key pass, Right footed, Open play)" minute="62" period="2" second="31" time="65" type="attempt missed" type_id="13"/>
	<message comment="Julien Faubert recieves a yellow card" minute="61" period="2" second="6" time="64" type="card received" type_id="17"/>
	<message comment="James Tomkins recieves a yellow card" minute="59" period="2" second="50" time="62" type="card received" type_id="17"/>
	<message comment="Winston Reid blocks a shot" minute="56" period="2" second="27" time="59" type="save made" type_id="10"/>
	<message comment="James Milner has shot blocked (Out of box, Right footed, From corner)" minute="56" period="2" second="27" time="59" type="attempt blocked" type_id="15"/>
	<message comment="John Carew wins a corner (To the left)" minute="55" period="2" second="54" time="58" type="corner" type_id="6"/>
	<message comment="Julien Faubert misses attempt (18-yard box, Big Chance, Right footed, Open play)" minute="54" period="2" second="33" time="57" type="attempt missed" type_id="13"/>
	<message comment="James Tomkins misses attempt (18-yard box, Right footed, Open play)" minute="53" period="2" second="43" time="56" type="attempt missed" type_id="13"/>
	<message comment="James Milner has shot blocked (Out of box, Right footed, Open play)" minute="52" period="2" second="48" time="55" type="attempt blocked" type_id="15"/>
	<message comment="Hérita Ilunga wins a corner (To the left)" minute="50" period="2" second="48" time="53" type="corner" type_id="6"/>
	<message comment="Marc Albrighton recieves a yellow card" minute="50" period="2" second="6" time="53" type="card received" type_id="17"/>
	<message comment="James Tomkins misses attempt (18-yard box, Big Chance, Head, From corner)" minute="48" period="2" second="38" time="51" type="attempt missed" type_id="13"/>
	<message comment="Frédéric Piquionne wins a corner (To the left)" minute="48" period="2" second="11" time="51" type="corner" type_id="6"/>
	<message comment="Stewart Downing hits the woodwork (High, Out of box, Left footed, Free kick)" minute="47" period="2" second="28" time="50" type="woodwork hit" type_id="14"/>
	<message comment="Frédéric Piquionne misses attempt (Out of box, Right footed, Open play)" minute="45" period="2" second="32" time="48" type="attempt missed" type_id="13"/>
	<message comment="Luís Boa Morte is substituted off" minute="45" period="2" second="0" time="48" type="substitution off" type_id="18"/>
	<message comment="Pablo Barrera is substituted on" minute="45" period="2" second="0" time="48" type="substitution on" type_id="19"/>
	<message comment="Radoslav Kovac is substituted off" minute="45" period="2" second="0" time="48" type="substitution off" type_id="18"/>
	<message comment="Frédéric Piquionne is substituted on" minute="45" period="2" second="0" time="48" type="substitution on" type_id="19"/>
	<message comment="Second half begins!" minute="45" period="2" second="0" time="48" type="start" type_id="32"/>
	<message comment="First half ends" minute="47" period="1" second="17" time="47" type="end" type_id="30"/>
	<message comment="Mark Noble misses attempt (Out of box, Right footed, Free kick)" minute="45" period="1" second="10" time="45" type="attempt missed" type_id="13"/>
	<message comment="Luís Boa Morte has attempt saved (Low to the left, 18-yard box, Right footed, Open play)" minute="40" period="1" second="36" time="40" type="attempt blocked" type_id="15"/>
	<message comment="Brad Friedel makes a save (Diving, Parried safe)" minute="40" period="1" second="36" time="40" type="save made" type_id="10"/>
	<message comment="GOAL! Stiliyan Petrov scores , Assisted by Ashley Young (Low to the centre, 18-yard box, Head, Open play)" minute="39" period="1" second="31" time="39" type="goal scored" type_id="16"/>
	<message comment="John Carew misses attempt (To the right, 18-yard box, Head, From corner)" minute="34" period="1" second="18" time="34" type="attempt missed" type_id="13"/>
	<message comment="Stewart Downing wins a corner (To the left)" minute="33" period="1" second="55" time="33" type="corner" type_id="6"/>
	<message comment="Julien Faubert wins a corner (To the right)" minute="30" period="1" second="41" time="30" type="corner" type_id="6"/>
	<message comment="Marc Albrighton wins a corner (To the left)" minute="29" period="1" second="30" time="29" type="corner" type_id="6"/>
	<message comment="Luke Young misses attempt (High to the right, 18-yard box, Right footed, From corner)" minute="27" period="1" second="39" time="27" type="attempt missed" type_id="13"/>
	<message comment="Winston Reid blocks a shot" minute="27" period="1" second="34" time="27" type="save made" type_id="10"/>
	<message comment="John Carew has shot blocked (18-yard box, Head, From corner)" minute="27" period="1" second="34" time="27" type="attempt blocked" type_id="15"/>
	<message comment="Marc Albrighton wins a corner (To the right)" minute="27" period="1" second="0" time="27" type="corner" type_id="6"/>
	<message comment="Carlton Cole misses attempt (To the right, 18-yard box, Big Chance, Left footed, Open play)" minute="25" period="1" second="4" time="25" type="attempt missed" type_id="13"/>
	<message comment="Richard Dunne misses attempt (To the right, 18-yard box, Head, From corner)" minute="22" period="1" second="22" time="22" type="attempt missed" type_id="13"/>
	<message comment="Ashley Young wins a corner (To the right)" minute="22" period="1" second="8" time="22" type="corner" type_id="6"/>
	<message comment="Stewart Downing wins a corner (To the left)" minute="21" period="1" second="38" time="21" type="corner" type_id="6"/>
	<message comment="Stewart Downing wins a corner (To the right)" minute="21" period="1" second="15" time="21" type="corner" type_id="6"/>
	<message comment="Ashley Young wins a corner (To the right)" minute="20" period="1" second="35" time="20" type="corner" type_id="6"/>
	<message comment="Robert Green makes a save (Diving)" minute="20" period="1" second="33" time="20" type="save made" type_id="10"/>
	<message comment="Ashley Young has attempt saved (High to the centre, 18-yard box, Right footed, Open play)" minute="20" period="1" second="33" time="20" type="attempt blocked" type_id="15"/>
	<message comment="GOAL! Stewart Downing scores  (Low to the right, 6-yard box, Big Chance, Left footed, Open play)" minute="14" period="1" second="6" time="14" type="goal scored" type_id="16"/>
	<message comment="Robert Green makes a save (Diving, Parried into danger)" minute="14" period="1" second="4" time="14" type="save made" type_id="10"/>
	<message comment="Marc Albrighton has attempt saved (Low to the centre, 18-yard box, Right footed, Open play)" minute="14" period="1" second="4" time="14" type="attempt blocked" type_id="15"/>
	<message comment="Julien Faubert is caught offside" minute="12" period="1" time="12" type="offside" type_id="10000"/>
	<message comment="Ciaran Clark misses attempt (18-yard box, Head, From corner)" minute="8" period="1" second="17" time="8" type="attempt missed" type_id="13"/>
	<message comment="James Milner wins a corner (To the right)" minute="7" period="1" second="49" time="7" type="corner" type_id="6"/>
	<message comment="Matt Upson blocks a shot" minute="7" period="1" second="47" time="7" type="save made" type_id="10"/>
	<message comment="James Milner has shot blocked (Out of box, Right footed, Open play)" minute="7" period="1" second="47" time="7" type="attempt blocked" type_id="15"/>
	<message comment="Formation Set" minute="0" period="14" second="0" time="6" type="end" type_id="30"/>
	<message comment="John Carew misses attempt (6-yard box, Big Chance, Head, Set piece)" minute="4" period="1" second="50" time="4" type="attempt missed" type_id="13"/>
	<message comment="Richard Dunne misses attempt (High, 6-yard box, Big Chance, Head, From corner)" minute="2" period="1" second="25" time="2" type="attempt missed" type_id="13"/>
	<message comment="Stewart Downing wins a corner (To the right)" minute="2" period="1" second="2" time="2" type="corner" type_id="6"/>
	<message comment="Marc Albrighton wins a corner (To the right)" minute="1" period="1" second="35" time="1" type="corner" type_id="6"/>
	<message comment="John Carew wins a corner (To the left)" minute="0" period="1" second="42" time="0" type="corner" type_id="6"/>
	<message comment="First half begins!" minute="0" period="1" second="0" time="0" type="start" type_id="32"/>
</Commentary>
