<?xml version="1.0" ?>
<Commentary away_team_name="Aston Villa" competition="English Premier League" game_date="2014-03-15" home_team_name="Chelsea2" lang_id="en" season="Season 2013/2014" season_id="2013" sport_id="1" sport_name="Football">
	<message comment="Second half ends" minute="95" period="2" second="6" time="98" type="end" type_id="30"/>
	<message comment="recieves a red card" minute="94" period="2" second="8" time="97" type="card received" type_id="17"/>
	<message comment="Ramires recieves a red card" minute="93" period="2" second="6" time="96" type="card received" type_id="17"/>
	<message comment="Fabian Delph wins a corner (To the right)" minute="92" period="2" second="14" time="95" type="corner" type_id="6"/>
	<message comment="Fabian Delph has attempt saved (Low to the centre, 18-yard box, Big Chance, Left footed, Open play)" minute="92" period="2" second="11" time="95" type="attempt blocked" type_id="15"/>
	<message comment="Petr Cech makes a save (Parried safe, Diving)" minute="92" period="2" second="11" time="95" type="save made" type_id="10"/>
	<message comment="Ramires recieves a yellow card" minute="89" period="2" second="50" time="92" type="card received" type_id="17"/>
	<message comment="Petr Cech makes a save (Parried into danger)" minute="89" period="2" second="12" time="92" type="save made" type_id="10"/>
	<message comment="Christian Benteke has attempt saved (High to the centre, Out of box, Right footed, Open play)" minute="89" period="2" second="12" time="92" type="attempt blocked" type_id="15"/>
	<message comment="GOAL! Fabian Delph scores , Assisted by Marc Albrighton (Low to the right, 18-yard box, Left footed, Open play)" minute="81" period="2" second="18" time="84" type="goal scored" type_id="16"/>
	<message comment="Ron Vlaar misses attempt (18-yard box, Head, From corner)" minute="80" period="2" second="38" time="83" type="attempt missed" type_id="13"/>
	<message comment="Ashley Westwood wins a corner (To the left)" minute="80" period="2" second="12" time="83" type="corner" type_id="6"/>
	<message comment="Eden Hazard misses attempt (Out of box, Right footed, Free kick)" minute="78" period="2" second="9" time="81" type="attempt missed" type_id="13"/>
	<message comment="Joe Bennett is substituted off" minute="77" period="2" second="50" time="80" type="substitution off" type_id="18"/>
	<message comment="Ciaran Clark is substituted on" minute="77" period="2" second="50" time="80" type="substitution on" type_id="19"/>
	<message comment="Ron Vlaar recieves a yellow card" minute="76" period="2" second="35" time="79" type="card received" type_id="17"/>
	<message comment="Fabian Delph misses attempt (To the right, Out of box, Right footed, Open play)" minute="75" period="2" second="42" time="78" type="attempt missed" type_id="13"/>
	<message comment="Gabriel Agbonlahor is substituted off" minute="74" period="2" second="5" time="77" type="substitution off" type_id="18"/>
	<message comment="Marc Albrighton is substituted on" minute="74" period="2" second="5" time="77" type="substitution on" type_id="19"/>
	<message comment="André Schürrle is caught offside" minute="74" period="2" time="77" type="offside" type_id="10000"/>
	<message comment="Leandro Bacuna wins a corner (To the right)" minute="73" period="2" second="24" time="76" type="corner" type_id="6"/>
	<message comment="Leandro Bacuna has shot blocked (18-yard box, Left footed, Open play)" minute="73" period="2" second="23" time="76" type="attempt blocked" type_id="15"/>
	<message comment="César Azpilicueta blocks a shot" minute="73" period="2" second="23" time="76" type="save made" type_id="10"/>
	<message comment="Ron Vlaar blocks a shot" minute="69" period="2" second="21" time="72" type="save made" type_id="10"/>
	<message comment="Demba Ba has shot blocked (Out of box, Right footed, Open play)" minute="69" period="2" second="21" time="72" type="attempt blocked" type_id="15"/>
	<message comment="Nathan Baker is caught offside" minute="68" period="2" time="71" type="offside" type_id="10000"/>
	<message comment="Willian recieves a red card after receiving second yellow card" minute="67" period="2" second="56" time="70" type="card received" type_id="17"/>
	<message comment="Christian Benteke recieves a yellow card" minute="66" period="2" second="45" time="69" type="card received" type_id="17"/>
	<message comment="Fernando Torres is substituted off" minute="66" period="2" second="13" time="69" type="substitution off" type_id="18"/>
	<message comment="Demba Ba is substituted on" minute="66" period="2" second="13" time="69" type="substitution on" type_id="19"/>
	<message comment="Oscar is substituted off" minute="66" period="2" second="8" time="69" type="substitution off" type_id="18"/>
	<message comment="André Schürrle is substituted on" minute="66" period="2" second="8" time="69" type="substitution on" type_id="19"/>
	<message comment="Christian Benteke misses attempt (18-yard box, Right footed, Open play)" minute="65" period="2" second="15" time="68" type="attempt missed" type_id="13"/>
	<message comment="Fabian Delph blocks a shot" minute="64" period="2" second="57" time="67" type="save made" type_id="10"/>
	<message comment="Fernando Torres has shot blocked (Out of box, Left footed, Open play)" minute="64" period="2" second="57" time="67" type="attempt blocked" type_id="15"/>
	<message comment="Brad Guzan makes a save (Diving)" minute="60" period="2" second="55" time="63" type="save made" type_id="10"/>
	<message comment="Oscar has attempt saved (Low to the left, 18-yard box, Right footed, From corner)" minute="60" period="2" second="55" time="63" type="attempt blocked" type_id="15"/>
	<message comment="Oscar wins a corner (To the left)" minute="60" period="2" second="37" time="63" type="corner" type_id="6"/>
	<message comment="Branislav Ivanovic wins a corner (To the right)" minute="59" period="2" second="48" time="62" type="corner" type_id="6"/>
	<message comment="Eden Hazard is caught offside" minute="56" period="2" time="59" type="offside" type_id="10000"/>
	<message comment="Willian is caught offside" minute="54" period="2" time="57" type="offside" type_id="10000"/>
	<message comment="Christian Benteke is caught offside" minute="53" period="2" time="56" type="offside" type_id="10000"/>
	<message comment="Ramires is caught offside" minute="52" period="2" time="55" type="offside" type_id="10000"/>
	<message comment="Fernando Torres misses attempt (18-yard box, Right footed, Set piece)" minute="51" period="2" second="13" time="54" type="attempt missed" type_id="13"/>
	<message comment="Oscar misses attempt (High to the right, 18-yard box, Right footed, Open play)" minute="49" period="2" second="44" time="52" type="attempt missed" type_id="13"/>
	<message comment="Ramires wins a corner (To the right)" minute="46" period="2" second="4" time="49" type="corner" type_id="6"/>
	<message comment="Second half begins!" minute="45" period="2" second="0" time="48" type="start" type_id="32"/>
	<message comment="First half ends" minute="47" period="1" second="12" time="47" type="end" type_id="30"/>
	<message comment="Christian Benteke has attempt saved (High to the left, 18-yard box, Head, Open play)" minute="47" period="1" second="4" time="47" type="attempt blocked" type_id="15"/>
	<message comment="Petr Cech makes a save (Standing)" minute="47" period="1" second="4" time="47" type="save made" type_id="10"/>
	<message comment="Brad Guzan makes a save (Standing)" minute="45" period="1" second="41" time="45" type="save made" type_id="10"/>
	<message comment="Oscar has attempt saved (Low to the left, Out of box, Right footed, Free kick)" minute="45" period="1" second="41" time="45" type="attempt blocked" type_id="15"/>
	<message comment="Joe Bennett recieves a yellow card" minute="44" period="1" second="35" time="44" type="card received" type_id="17"/>
	<message comment="Ron Vlaar blocks a shot" minute="43" period="1" second="41" time="43" type="save made" type_id="10"/>
	<message comment="Fernando Torres has shot blocked (Out of box, Right footed, Open play)" minute="43" period="1" second="41" time="43" type="attempt blocked" type_id="15"/>
	<message comment="Oscar is caught offside" minute="42" period="1" time="42" type="offside" type_id="10000"/>
	<message comment="John Terry misses attempt (6-yard box, Head, From corner)" minute="40" period="1" second="33" time="40" type="attempt missed" type_id="13"/>
	<message comment="Eden Hazard wins a corner (To the left)" minute="40" period="1" second="10" time="40" type="corner" type_id="6"/>
	<message comment="Christian Benteke is caught offside" minute="39" period="1" time="39" type="offside" type_id="10000"/>
	<message comment="Christian Benteke misses attempt (Out of box, Right footed, Open play)" minute="38" period="1" second="29" time="38" type="attempt missed" type_id="13"/>
	<message comment="Ron Vlaar blocks a shot" minute="37" period="1" second="33" time="37" type="save made" type_id="10"/>
	<message comment="Fernando Torres has shot blocked (18-yard box, Right footed, Open play)" minute="37" period="1" second="33" time="37" type="attempt blocked" type_id="15"/>
	<message comment="Fernando Torres misses attempt (To the right, 18-yard box, Right footed, Open play)" minute="35" period="1" second="0" time="35" type="attempt missed" type_id="13"/>
	<message comment="Ramires wins a corner (To the right)" minute="33" period="1" second="58" time="33" type="corner" type_id="6"/>
	<message comment="Eden Hazard is caught offside" minute="32" period="1" time="32" type="offside" type_id="10000"/>
	<message comment="Leandro Bacuna has shot blocked (Out of box, Left footed, Open play)" minute="27" period="1" second="50" time="27" type="attempt blocked" type_id="15"/>
	<message comment="Nemanja Matic blocks a shot" minute="27" period="1" second="50" time="27" type="save made" type_id="10"/>
	<message comment="Gabriel Agbonlahor wins a corner (To the right)" minute="25" period="1" second="37" time="25" type="corner" type_id="6"/>
	<message comment="Willian recieves a yellow card" minute="24" period="1" second="9" time="24" type="card received" type_id="17"/>
	<message comment="Gabriel Agbonlahor has shot blocked (Out of box, Right footed, Open play)" minute="18" period="1" second="27" time="18" type="attempt blocked" type_id="15"/>
	<message comment="Gary Cahill blocks a shot" minute="18" period="1" second="27" time="18" type="save made" type_id="10"/>
	<message comment="Oscar misses attempt (18-yard box, Right footed, Open play)" minute="15" period="1" second="40" time="15" type="attempt missed" type_id="13"/>
	<message comment="Fernando Torres is caught offside" minute="13" period="1" time="13" type="offside" type_id="10000"/>
	<message comment="Karim El Ahmadi misses attempt (High, Out of box, Right footed, Open play)" minute="12" period="1" second="57" time="12" type="attempt missed" type_id="13"/>
	<message comment="Willian misses attempt (Out of box, Right footed, Open play)" minute="11" period="1" second="53" time="11" type="attempt missed" type_id="13"/>
	<message comment="Nathan Baker blocks a shot" minute="10" period="1" second="49" time="10" type="save made" type_id="10"/>
	<message comment="Oscar has shot blocked (Out of box, Right footed, Open play)" minute="10" period="1" second="49" time="10" type="attempt blocked" type_id="15"/>
	<message comment="Christian Benteke misses attempt (To the right, 18-yard box, Head, Open play)" minute="9" period="1" second="38" time="9" type="attempt missed" type_id="13"/>
	<message comment="Ashley Westwood blocks a shot" minute="9" period="1" second="10" time="9" type="save made" type_id="10"/>
	<message comment="Willian has shot blocked (Out of box, Right footed, Open play)" minute="9" period="1" second="10" time="9" type="attempt blocked" type_id="15"/>
	<message comment="Formation Set" minute="0" period="14" second="0" time="8" type="end" type_id="30"/>
	<message comment="Nathan Baker recieves a yellow card" minute="4" period="1" second="35" time="4" type="card received" type_id="17"/>
	<message comment="First half begins!" minute="0" period="1" second="0" time="0" type="start" type_id="32"/>
</Commentary>
