<?xml version="1.0" ?>
<Commentary away_team_name="Aston Villa" competition="English Premier League" game_date="2012-04-09" home_team_name="Stoke" lang_id="en" season="Season 2011/2012" season_id="2011" sport_id="1" sport_name="Football">
	<message comment="Second half ends" minute="95" period="2" second="40" time="98" type="end" type_id="30"/>
	<message comment="Ryan Shotton wins a corner (To the right)" minute="89" period="2" second="20" time="92" type="corner" type_id="6"/>
	<message comment="Asmir Begovic makes a save" minute="88" period="2" second="30" time="91" type="save made" type_id="10"/>
	<message comment="Andreas Weimann has attempt saved (High to the left, Out of box, Left footed, Open play)" minute="88" period="2" second="30" time="91" type="attempt blocked" type_id="15"/>
	<message comment="Chris Herd is substituted off" minute="87" period="2" second="30" time="90" type="substitution off" type_id="18"/>
	<message comment="Emile Heskey is substituted on" minute="87" period="2" second="30" time="90" type="substitution on" type_id="19"/>
	<message comment="Gary Gardner misses attempt (To the left, 6-yard box, Head, Open play)" minute="81" period="2" second="14" time="84" type="attempt missed" type_id="13"/>
	<message comment="Rory Delap is substituted off" minute="80" period="2" second="32" time="83" type="substitution off" type_id="18"/>
	<message comment="Ricardo Fuller is substituted on" minute="80" period="2" second="32" time="83" type="substitution on" type_id="19"/>
	<message comment="Peter Crouch is caught offside" minute="78" period="2" time="81" type="offside" type_id="10000"/>
	<message comment="Chris Herd misses attempt (High to the right, Out of box, Right footed, Open play)" minute="74" period="2" second="35" time="77" type="attempt missed" type_id="13"/>
	<message comment="Barry Bannan is substituted off" minute="73" period="2" second="33" time="76" type="substitution off" type_id="18"/>
	<message comment="Charles N'Zogbia is substituted on" minute="73" period="2" second="33" time="76" type="substitution on" type_id="19"/>
	<message comment="James Collins recieves a yellow card" minute="73" period="2" second="10" time="76" type="card received" type_id="17"/>
	<message comment="GOAL! Robert Huth scores , Assisted by Jermaine Pennant (High to the centre, 6-yard box, Big Chance, Head, Set piece)" minute="70" period="2" second="57" time="73" type="goal scored" type_id="16"/>
	<message comment="Jermaine Pennant wins a corner (To the right)" minute="66" period="2" second="35" time="69" type="corner" type_id="6"/>
	<message comment="Matthew Etherington is substituted off" minute="61" period="2" second="58" time="64" type="substitution off" type_id="18"/>
	<message comment="Jermaine Pennant is substituted on" minute="61" period="2" second="58" time="64" type="substitution on" type_id="19"/>
	<message comment="Kenwyne Jones is substituted off" minute="61" period="2" second="53" time="64" type="substitution off" type_id="18"/>
	<message comment="Peter Crouch is substituted on" minute="61" period="2" second="53" time="64" type="substitution on" type_id="19"/>
	<message comment="Stephen Warnock is substituted off" minute="58" period="2" second="8" time="61" type="substitution off" type_id="18"/>
	<message comment="Gary Gardner is substituted on" minute="58" period="2" second="8" time="61" type="substitution on" type_id="19"/>
	<message comment="Gabriel Agbonlahor misses attempt (To the right, 18-yard box, Left footed, Open play)" minute="55" period="2" second="11" time="58" type="attempt missed" type_id="13"/>
	<message comment="Robert Huth misses attempt (To the right, 18-yard box, Head, From corner)" minute="54" period="2" second="35" time="57" type="attempt missed" type_id="13"/>
	<message comment="Ryan Shotton wins a corner (To the right)" minute="54" period="2" second="14" time="57" type="corner" type_id="6"/>
	<message comment="Second half begins!" minute="45" period="2" second="0" time="48" type="start" type_id="32"/>
	<message comment="First half ends" minute="47" period="1" second="16" time="47" type="end" type_id="30"/>
	<message comment="Jonathan Walters misses attempt (18-yard box, Head, Open play)" minute="46" period="1" second="25" time="46" type="attempt missed" type_id="13"/>
	<message comment="Kenwyne Jones misses attempt (To the left, 18-yard box, Head, Throw-in)" minute="46" period="1" second="18" time="46" type="attempt missed" type_id="13"/>
	<message comment="Robert Huth misses attempt (To the right, 18-yard box, Head, From corner)" minute="40" period="1" second="31" time="40" type="attempt missed" type_id="13"/>
	<message comment="Wilson Palacios wins a corner (To the right)" minute="40" period="1" second="11" time="40" type="corner" type_id="6"/>
	<message comment="Wilson Palacios has shot blocked (18-yard box, Right footed, Throw-in)" minute="40" period="1" second="10" time="40" type="attempt blocked" type_id="15"/>
	<message comment="Stephen Warnock blocks a shot" minute="40" period="1" second="10" time="40" type="save made" type_id="10"/>
	<message comment="Eric Lichaj recieves a yellow card" minute="38" period="1" second="3" time="38" type="card received" type_id="17"/>
	<message comment="James Collins misses attempt (High to the left, 18-yard box, Left footed, From corner)" minute="35" period="1" second="8" time="35" type="attempt missed" type_id="13"/>
	<message comment="Barry Bannan wins a corner (To the right)" minute="34" period="1" second="48" time="34" type="corner" type_id="6"/>
	<message comment="Barry Bannan wins a corner (To the right)" minute="34" period="1" second="17" time="34" type="corner" type_id="6"/>
	<message comment="GOAL! Andreas Weimann scores , Assisted by Stephen Ireland (Low to the right, Out of box, Right footed, Open play)" minute="31" period="1" second="18" time="31" type="goal scored" type_id="16"/>
	<message comment="Stephen Ireland wins a corner (To the right)" minute="28" period="1" second="8" time="28" type="corner" type_id="6"/>
	<message comment="Rory Delap has attempt saved (Low to the centre, 18-yard box, Head, Open play)" minute="27" period="1" second="1" time="27" type="attempt blocked" type_id="15"/>
	<message comment="Shay Given makes a save (Standing)" minute="27" period="1" second="1" time="27" type="save made" type_id="10"/>
	<message comment="Andreas Weimann wins a corner (To the left)" minute="25" period="1" second="47" time="25" type="corner" type_id="6"/>
	<message comment="Kenwyne Jones misses attempt (To the right, 18-yard box, Right footed, Open play)" minute="18" period="1" second="52" time="18" type="attempt missed" type_id="13"/>
	<message comment="Asmir Begovic makes a save" minute="17" period="1" second="40" time="17" type="save made" type_id="10"/>
	<message comment="James Collins has attempt saved (Low to the left, 18-yard box, Head, From corner)" minute="17" period="1" second="40" time="17" type="attempt blocked" type_id="15"/>
	<message comment="Barry Bannan wins a corner (To the right)" minute="17" period="1" second="20" time="17" type="corner" type_id="6"/>
	<message comment="Formation Set" minute="0" period="14" second="0" time="8" type="end" type_id="30"/>
	<message comment="Stephen Warnock recieves a yellow card" minute="7" period="1" second="13" time="7" type="card received" type_id="17"/>
	<message comment="First half begins!" minute="0" period="1" second="0" time="0" type="start" type_id="32"/>
</Commentary>
