<?xml version="1.0" ?>
<Commentary away_team_name="Aston Villa" competition="English Premier League" game_date="2014-01-13" home_team_name="Arsenal" lang_id="en" season="Season 2013/2014" season_id="2013" sport_id="1" sport_name="Football">
	<message comment="Second half ends" minute="96" period="2" second="21" time="105" type="end" type_id="30"/>
	<message comment="Jack Wilshere recieves a yellow card" minute="95" period="2" second="18" time="104" type="card received" type_id="17"/>
	<message comment="Mesut Özil wins a corner (To the left)" minute="95" period="2" second="5" time="104" type="corner" type_id="6"/>
	<message comment="Christian Benteke is caught offside" minute="93" period="2" time="102" type="offside" type_id="10000"/>
	<message comment="Brad Guzan makes a save (Collected)" minute="92" period="2" second="54" time="101" type="save made" type_id="10"/>
	<message comment="Santi Cazorla has attempt saved (Low to the right, 18-yard box, Right footed, Open play)" minute="92" period="2" second="54" time="101" type="attempt blocked" type_id="15"/>
	<message comment="Olivier Giroud is caught offside" minute="91" period="2" time="100" type="offside" type_id="10000"/>
	<message comment="Wojciech Szczesny makes a save" minute="89" period="2" second="4" time="98" type="save made" type_id="10"/>
	<message comment="Christian Benteke has attempt saved (Low to the right, 18-yard box, Big Chance, Head, Open play)" minute="89" period="2" second="4" time="98" type="attempt blocked" type_id="15"/>
	<message comment="Tomas Rosicky is substituted off" minute="85" period="2" second="30" time="94" type="substitution off" type_id="18"/>
	<message comment="Alex Oxlade-Chamberlain is substituted on" minute="85" period="2" second="30" time="94" type="substitution on" type_id="19"/>
	<message comment="Gabriel Agbonlahor recieves a yellow card" minute="84" period="2" second="23" time="93" type="card received" type_id="17"/>
	<message comment="Matthew Lowton wins a corner (To the left)" minute="82" period="2" second="9" time="91" type="corner" type_id="6"/>
	<message comment="Fabian Delph has attempt saved (Low to the right, Out of box, Left footed, Open play)" minute="81" period="2" second="34" time="90" type="attempt blocked" type_id="15"/>
	<message comment="Wojciech Szczesny makes a save (Diving)" minute="81" period="2" second="34" time="90" type="save made" type_id="10"/>
	<message comment="Mesut Özil wins a corner (To the left)" minute="77" period="2" second="36" time="86" type="corner" type_id="6"/>
	<message comment="GOAL! Christian Benteke scores , Assisted by Matthew Lowton (Low to the left, 18-yard box, Big Chance, Head, Open play)" minute="75" period="2" second="14" time="84" type="goal scored" type_id="16"/>
	<message comment="Christian Benteke misses attempt (To the right, 18-yard box, Right footed, Open play)" minute="73" period="2" second="30" time="82" type="attempt missed" type_id="13"/>
	<message comment="Karim El Ahmadi is substituted off" minute="72" period="2" second="56" time="81" type="substitution off" type_id="18"/>
	<message comment="Andreas Weimann is substituted on" minute="72" period="2" second="56" time="81" type="substitution on" type_id="19"/>
	<message comment="Olivier Giroud misses attempt (18-yard box, Left footed, Open play)" minute="72" period="2" second="31" time="81" type="attempt missed" type_id="13"/>
	<message comment="Serge Gnabry is substituted off" minute="68" period="2" second="40" time="77" type="substitution off" type_id="18"/>
	<message comment="Tomas Rosicky is substituted on" minute="68" period="2" second="40" time="77" type="substitution on" type_id="19"/>
	<message comment="Nacho Monreal is substituted off" minute="65" period="2" second="32" time="74" type="substitution off" type_id="18"/>
	<message comment="Kieran Gibbs is substituted on" minute="65" period="2" second="32" time="74" type="substitution on" type_id="19"/>
	<message comment="Ashley Westwood has attempt saved (High to the left, Out of box, Right footed, Open play)" minute="64" period="2" second="41" time="73" type="attempt blocked" type_id="15"/>
	<message comment="Wojciech Szczesny makes a save (Standing)" minute="64" period="2" second="41" time="73" type="save made" type_id="10"/>
	<message comment="Christian Benteke is caught offside" minute="62" period="2" time="71" type="offside" type_id="10000"/>
	<message comment="Brad Guzan makes a save (Collected, Diving)" minute="60" period="2" second="46" time="69" type="save made" type_id="10"/>
	<message comment="Santi Cazorla has attempt saved (Low to the right, Out of box, Left footed, Open play)" minute="60" period="2" second="46" time="69" type="attempt blocked" type_id="15"/>
	<message comment="Jack Wilshere is caught offside" minute="54" period="2" time="63" type="offside" type_id="10000"/>
	<message comment="Gabriel Agbonlahor is caught offside" minute="54" period="2" time="63" type="offside" type_id="10000"/>
	<message comment="Mesut Özil is caught offside" minute="53" period="2" time="62" type="offside" type_id="10000"/>
	<message comment="Leandro Bacuna has shot blocked (Out of box, Right footed, Free kick)" minute="52" period="2" second="26" time="61" type="attempt blocked" type_id="15"/>
	<message comment="Olivier Giroud blocks a shot" minute="52" period="2" second="26" time="61" type="save made" type_id="10"/>
	<message comment="Leandro Bacuna has attempt saved (Low to the centre, Out of box, Left footed, Open play)" minute="48" period="2" second="29" time="57" type="attempt blocked" type_id="15"/>
	<message comment="Wojciech Szczesny makes a save (Collected)" minute="48" period="2" second="29" time="57" type="save made" type_id="10"/>
	<message comment="Mesut Özil is caught offside" minute="46" period="2" time="55" type="offside" type_id="10000"/>
	<message comment="Karim El Ahmadi misses attempt (High to the left, Out of box, Left footed, From corner)" minute="45" period="2" second="55" time="54" type="attempt missed" type_id="13"/>
	<message comment="Leandro Bacuna wins a corner (To the left)" minute="45" period="2" second="30" time="54" type="corner" type_id="6"/>
	<message comment="Second half begins!" minute="45" period="2" second="0" time="54" type="start" type_id="32"/>
	<message comment="First half ends" minute="53" period="1" second="9" time="53" type="end" type_id="30"/>
	<message comment="Leandro Bacuna wins a corner (To the right)" minute="48" period="1" second="16" time="48" type="corner" type_id="6"/>
	<message comment="Karim El Ahmadi has shot blocked (Out of box, Right footed, Open play)" minute="46" period="1" second="47" time="46" type="attempt blocked" type_id="15"/>
	<message comment="Jack Wilshere blocks a shot" minute="46" period="1" second="47" time="46" type="save made" type_id="10"/>
	<message comment="Bacary Sagna wins a corner (To the right)" minute="43" period="1" second="38" time="43" type="corner" type_id="6"/>
	<message comment="GOAL! Olivier Giroud scores , Assisted by Jack Wilshere (Low to the right, 18-yard box, Left footed, Open play)" minute="34" period="1" second="30" time="34" type="goal scored" type_id="16"/>
	<message comment="GOAL! Jack Wilshere scores , Assisted by Nacho Monreal (Low to the right, 18-yard box, Left footed, Open play)" minute="33" period="1" second="31" time="33" type="goal scored" type_id="16"/>
	<message comment="Ciaran Clark is caught offside" minute="32" period="1" time="32" type="offside" type_id="10000"/>
	<message comment="Nacho Monreal recieves a yellow card" minute="31" period="1" second="44" time="31" type="card received" type_id="17"/>
	<message comment="Karim El Ahmadi misses attempt (18-yard box, Right footed, Open play)" minute="21" period="1" second="49" time="21" type="attempt missed" type_id="13"/>
	<message comment="Jack Wilshere is caught offside" minute="21" period="1" time="21" type="offside" type_id="10000"/>
	<message comment="Nathan Baker is substituted off" minute="20" period="1" second="30" time="20" type="substitution off" type_id="18"/>
	<message comment="Leandro Bacuna is substituted on" minute="20" period="1" second="30" time="20" type="substitution on" type_id="19"/>
	<message comment="Formation Set" minute="0" period="14" second="0" time="15" type="end" type_id="30"/>
	<message comment="Nathan Baker blocks a shot" minute="13" period="1" second="34" time="13" type="save made" type_id="10"/>
	<message comment="Serge Gnabry has shot blocked (Out of box, Left footed, From corner)" minute="13" period="1" second="34" time="13" type="attempt blocked" type_id="15"/>
	<message comment="Bacary Sagna wins a corner (To the right)" minute="13" period="1" second="9" time="13" type="corner" type_id="6"/>
	<message comment="Fabian Delph misses attempt (Out of box, Left footed, Open play)" minute="12" period="1" second="7" time="12" type="attempt missed" type_id="13"/>
	<message comment="Nathan Baker blocks a shot" minute="6" period="1" second="39" time="6" type="save made" type_id="10"/>
	<message comment="Olivier Giroud has shot blocked (Out of box, Left footed, Open play)" minute="6" period="1" second="39" time="6" type="attempt blocked" type_id="15"/>
	<message comment="Olivier Giroud misses attempt (To the left, 18-yard box, Head, Open play)" minute="4" period="1" second="32" time="4" type="attempt missed" type_id="13"/>
	<message comment="Bacary Sagna wins a corner (To the left)" minute="2" period="1" second="32" time="2" type="corner" type_id="6"/>
	<message comment="Karim El Ahmadi recieves a yellow card" minute="1" period="1" second="14" time="1" type="card received" type_id="17"/>
	<message comment="First half begins!" minute="0" period="1" second="0" time="0" type="start" type_id="32"/>
</Commentary>
