<?xml version="1.0" ?>
<Commentary away_team_name="Aston Villa" competition="English Premier League" game_date="2012-12-26" home_team_name="Tottenham" lang_id="en" season="Season 2012/2013" season_id="2012" sport_id="1" sport_name="Football">
	<message comment="Second half ends" minute="93" period="2" second="22" time="97" type="end" type_id="30"/>
	<message comment="Gylfi Sigurdsson misses attempt (Out of box, Right footed, Open play)" minute="89" period="2" second="30" time="93" type="attempt missed" type_id="13"/>
	<message comment="Marc Albrighton has attempt saved (Low to the centre, Out of box, Left footed, Open play)" minute="86" period="2" second="47" time="90" type="attempt blocked" type_id="15"/>
	<message comment="Hugo Lloris makes a save (Standing)" minute="86" period="2" second="47" time="90" type="save made" type_id="10"/>
	<message comment="Gareth Bale is substituted off" minute="84" period="2" second="37" time="88" type="substitution off" type_id="18"/>
	<message comment="Andros Townsend is substituted on" minute="84" period="2" second="37" time="88" type="substitution on" type_id="19"/>
	<message comment="GOAL! Gareth Bale scores , Assisted by Gylfi Sigurdsson (High to the centre, 18-yard box, Big Chance, Left footed, Open play)" minute="83" period="2" second="25" time="87" type="goal scored" type_id="16"/>
	<message comment="Christian Benteke misses attempt (18-yard box, Head, Set piece)" minute="81" period="2" second="52" time="85" type="attempt missed" type_id="13"/>
	<message comment="Emmanuel Adebayor is substituted off" minute="79" period="2" second="20" time="83" type="substitution off" type_id="18"/>
	<message comment="Gylfi Sigurdsson is substituted on" minute="79" period="2" second="20" time="83" type="substitution on" type_id="19"/>
	<message comment="Jermain Defoe misses attempt (High, 18-yard box, Big Chance, Right footed, Open play)" minute="74" period="2" second="49" time="78" type="attempt missed" type_id="13"/>
	<message comment="GOAL! Gareth Bale scores , Assisted by Aaron Lennon (Low to the right, 18-yard box, Big Chance, Left footed, Open play)" minute="72" period="2" second="11" time="76" type="goal scored" type_id="16"/>
	<message comment="Fabian Delph recieves a yellow card" minute="68" period="2" second="29" time="72" type="card received" type_id="17"/>
	<message comment="Stephen Ireland wins a corner (To the left)" minute="67" period="2" second="40" time="71" type="corner" type_id="6"/>
	<message comment="Mousa Dembélé is substituted off" minute="66" period="2" second="48" time="70" type="substitution off" type_id="18"/>
	<message comment="Scott Parker is substituted on" minute="66" period="2" second="48" time="70" type="substitution on" type_id="19"/>
	<message comment="Stephen Ireland blocks a shot" minute="63" period="2" second="45" time="67" type="save made" type_id="10"/>
	<message comment="Gareth Bale has shot blocked (Out of box, Left footed, Free kick)" minute="63" period="2" second="45" time="67" type="attempt blocked" type_id="15"/>
	<message comment="GOAL! Gareth Bale scores  (Low to the centre, 18-yard box, Big Chance, Left footed, Fast break)" minute="60" period="2" second="27" time="64" type="goal scored" type_id="16"/>
	<message comment="GOAL! Jermain Defoe scores , Assisted by Kyle Naughton (Low to the centre, 18-yard box, Big Chance, Right footed, Open play)" minute="56" period="2" second="59" time="60" type="goal scored" type_id="16"/>
	<message comment="Christian Benteke is caught offside" minute="55" period="2" time="59" type="offside" type_id="10000"/>
	<message comment="Christian Benteke is caught offside" minute="54" period="2" time="58" type="offside" type_id="10000"/>
	<message comment="Emmanuel Adebayor wins a corner (To the right)" minute="52" period="2" second="17" time="56" type="corner" type_id="6"/>
	<message comment="Matthew Lowton misses attempt (High to the left, Out of box, Left footed, Open play)" minute="46" period="2" second="25" time="50" type="attempt missed" type_id="13"/>
	<message comment="Ashley Westwood is substituted off" minute="45" period="2" second="0" time="49" type="substitution off" type_id="18"/>
	<message comment="Marc Albrighton is substituted on" minute="45" period="2" second="0" time="49" type="substitution on" type_id="19"/>
	<message comment="Second half begins!" minute="45" period="2" second="0" time="49" type="start" type_id="32"/>
	<message comment="First half ends" minute="48" period="1" second="2" time="48" type="end" type_id="30"/>
	<message comment="Joe Bennett wins a corner (To the left)" minute="47" period="1" second="32" time="47" type="corner" type_id="6"/>
	<message comment="Brett Holman is caught offside" minute="46" period="1" time="46" type="offside" type_id="10000"/>
	<message comment="Nathan Baker is substituted off" minute="44" period="1" second="55" time="44" type="substitution off" type_id="18"/>
	<message comment="Stephen Ireland is substituted on" minute="44" period="1" second="55" time="44" type="substitution on" type_id="19"/>
	<message comment="Christian Benteke is caught offside" minute="43" period="1" time="43" type="offside" type_id="10000"/>
	<message comment="Emmanuel Adebayor misses attempt (6-yard box, Big Chance, Head, From corner)" minute="41" period="1" second="54" time="41" type="attempt missed" type_id="13"/>
	<message comment="Kyle Walker wins a corner (To the right)" minute="41" period="1" second="28" time="41" type="corner" type_id="6"/>
	<message comment="Gareth Bale wins a corner (To the left)" minute="40" period="1" second="5" time="40" type="corner" type_id="6"/>
	<message comment="Brad Guzan makes a save (Parried safe, Diving)" minute="40" period="1" second="1" time="40" type="save made" type_id="10"/>
	<message comment="Gareth Bale has attempt saved (Low to the left, Out of box, Left footed, Open play)" minute="40" period="1" second="1" time="40" type="attempt blocked" type_id="15"/>
	<message comment="Jan Vertonghen misses attempt (High, 6-yard box, Head, From corner)" minute="36" period="1" second="20" time="36" type="attempt missed" type_id="13"/>
	<message comment="Aaron Lennon wins a corner (To the right)" minute="35" period="1" second="50" time="35" type="corner" type_id="6"/>
	<message comment="Ciaran Clark blocks a shot" minute="35" period="1" second="48" time="35" type="save made" type_id="10"/>
	<message comment="Aaron Lennon has shot blocked (18-yard box, Right footed, From corner)" minute="35" period="1" second="48" time="35" type="attempt blocked" type_id="15"/>
	<message comment="Gareth Bale wins a corner (To the left)" minute="35" period="1" second="21" time="35" type="corner" type_id="6"/>
	<message comment="Brett Holman misses attempt (High to the left, 6-yard box, Left footed, Open play)" minute="34" period="1" second="37" time="34" type="attempt missed" type_id="13"/>
	<message comment="Emmanuel Adebayor wins a corner (To the left)" minute="33" period="1" second="41" time="33" type="corner" type_id="6"/>
	<message comment="Nathan Baker blocks a shot" minute="33" period="1" second="40" time="33" type="save made" type_id="10"/>
	<message comment="Emmanuel Adebayor has shot blocked (18-yard box, Left footed, Open play)" minute="33" period="1" second="40" time="33" type="attempt blocked" type_id="15"/>
	<message comment="Emmanuel Adebayor is caught offside" minute="32" period="1" time="32" type="offside" type_id="10000"/>
	<message comment="Brad Guzan makes a save (Standing)" minute="30" period="1" second="59" time="30" type="save made" type_id="10"/>
	<message comment="Emmanuel Adebayor has attempt saved (High to the centre, 18-yard box, Head, From corner)" minute="30" period="1" second="59" time="30" type="attempt blocked" type_id="15"/>
	<message comment="Sandro wins a corner (To the left)" minute="30" period="1" second="38" time="30" type="corner" type_id="6"/>
	<message comment="Sandro wins a corner (To the right)" minute="23" period="1" second="43" time="23" type="corner" type_id="6"/>
	<message comment="Jermain Defoe wins a corner (To the left)" minute="23" period="1" second="20" time="23" type="corner" type_id="6"/>
	<message comment="Brad Guzan makes a save (Feet, Diving, Parried safe)" minute="23" period="1" second="17" time="23" type="save made" type_id="10"/>
	<message comment="Jermain Defoe has attempt saved (Low to the centre, 18-yard box, Big Chance, Right footed, Open play)" minute="23" period="1" second="17" time="23" type="attempt blocked" type_id="15"/>
	<message comment="Brad Guzan makes a save (Collected, Diving)" minute="22" period="1" second="42" time="22" type="save made" type_id="10"/>
	<message comment="William Gallas has attempt saved (Low to the left, 18-yard box, Head, From corner)" minute="22" period="1" second="42" time="22" type="attempt blocked" type_id="15"/>
	<message comment="Aaron Lennon wins a corner (To the right)" minute="22" period="1" second="14" time="22" type="corner" type_id="6"/>
	<message comment="Gareth Bale wins a corner (To the left)" minute="15" period="1" second="22" time="15" type="corner" type_id="6"/>
	<message comment="Jermain Defoe wins a corner (To the left)" minute="12" period="1" second="52" time="12" type="corner" type_id="6"/>
	<message comment="Christian Benteke blocks a shot" minute="10" period="1" second="59" time="10" type="save made" type_id="10"/>
	<message comment="William Gallas has shot blocked (18-yard box, Head, From corner)" minute="10" period="1" second="59" time="10" type="attempt blocked" type_id="15"/>
	<message comment="Gareth Bale wins a corner (To the right)" minute="10" period="1" second="26" time="10" type="corner" type_id="6"/>
	<message comment="Brad Guzan makes a save (Diving)" minute="10" period="1" second="24" time="10" type="save made" type_id="10"/>
	<message comment="Gareth Bale has attempt saved (High to the centre, Out of box, Left footed, Open play)" minute="10" period="1" second="24" time="10" type="attempt blocked" type_id="15"/>
	<message comment="Joe Bennett blocks a shot" minute="10" period="1" second="5" time="10" type="save made" type_id="10"/>
	<message comment="Jermain Defoe has shot blocked (Out of box, Right footed, Open play)" minute="10" period="1" second="5" time="10" type="attempt blocked" type_id="15"/>
	<message comment="Kyle Walker wins a corner (To the right)" minute="9" period="1" second="33" time="9" type="corner" type_id="6"/>
	<message comment="Fabian Delph blocks a shot" minute="9" period="1" second="31" time="9" type="save made" type_id="10"/>
	<message comment="Kyle Walker has shot blocked (Out of box, Right footed, Open play)" minute="9" period="1" second="31" time="9" type="attempt blocked" type_id="15"/>
	<message comment="Formation Set" minute="0" period="14" second="0" time="7" type="end" type_id="30"/>
	<message comment="Gareth Bale wins a corner (To the left)" minute="6" period="1" second="25" time="6" type="corner" type_id="6"/>
	<message comment="Gareth Bale has shot blocked (Out of box, Left footed, Free kick)" minute="6" period="1" second="24" time="6" type="attempt blocked" type_id="15"/>
	<message comment="Nathan Baker blocks a shot" minute="6" period="1" second="24" time="6" type="save made" type_id="10"/>
	<message comment="Ciaran Clark blocks a shot" minute="5" period="1" second="21" time="5" type="save made" type_id="10"/>
	<message comment="Kyle Walker has shot blocked (Out of box, Right footed, Open play)" minute="5" period="1" second="21" time="5" type="attempt blocked" type_id="15"/>
	<message comment="Gareth Bale wins a corner (To the left)" minute="3" period="1" second="12" time="3" type="corner" type_id="6"/>
	<message comment="First half begins!" minute="0" period="1" second="0" time="0" type="start" type_id="32"/>
</Commentary>
