<?xml version="1.0" ?>
<Commentary away_team_name="Aston Villa" competition="English Premier League" game_date="2013-11-30" home_team_name="Sunderland" lang_id="en" season="Season 2013/2014" season_id="2013" sport_id="1" sport_name="Football">
	<message comment="Second half ends" minute="94" period="2" second="22" time="96" type="end" type_id="30"/>
	<message comment="Phil Bardsley recieves a yellow card" minute="93" period="2" second="57" time="95" type="card received" type_id="17"/>
	<message comment="Gabriel Agbonlahor recieves a yellow card" minute="92" period="2" second="38" time="94" type="card received" type_id="17"/>
	<message comment="Steven Fletcher is caught offside" minute="91" period="2" time="93" type="offside" type_id="10000"/>
	<message comment="Christian Benteke is substituted off" minute="85" period="2" second="6" time="87" type="substitution off" type_id="18"/>
	<message comment="Libor Kozák is substituted on" minute="85" period="2" second="6" time="87" type="substitution on" type_id="19"/>
	<message comment="Gabriel Agbonlahor is caught offside" minute="85" period="2" time="87" type="offside" type_id="10000"/>
	<message comment="Fabian Delph misses attempt (High to the left, Out of box, Left footed, Open play)" minute="84" period="2" second="41" time="86" type="attempt missed" type_id="13"/>
	<message comment="Andrea Dossena is substituted off" minute="83" period="2" second="27" time="85" type="substitution off" type_id="18"/>
	<message comment="Ondrej Celustka is substituted on" minute="83" period="2" second="27" time="85" type="substitution on" type_id="19"/>
	<message comment="Steven Fletcher is caught offside" minute="83" period="2" time="85" type="offside" type_id="10000"/>
	<message comment="Vito Mannone makes a save (Collected)" minute="82" period="2" second="39" time="84" type="save made" type_id="10"/>
	<message comment="Aleksandar Tonev has attempt saved (Low to the left, Out of box, Right footed, Open play)" minute="82" period="2" second="39" time="84" type="attempt blocked" type_id="15"/>
	<message comment="Craig Gardner is substituted off" minute="75" period="2" second="47" time="77" type="substitution off" type_id="18"/>
	<message comment="Jack Colback is substituted on" minute="75" period="2" second="47" time="77" type="substitution on" type_id="19"/>
	<message comment="Fabio Borini is substituted off" minute="75" period="2" second="26" time="77" type="substitution off" type_id="18"/>
	<message comment="Adam Johnson is substituted on" minute="75" period="2" second="26" time="77" type="substitution on" type_id="19"/>
	<message comment="Aleksandar Tonev wins a corner (To the left)" minute="73" period="2" second="2" time="75" type="corner" type_id="6"/>
	<message comment="Karim El Ahmadi is substituted off" minute="70" period="2" second="15" time="72" type="substitution off" type_id="18"/>
	<message comment="Aleksandar Tonev is substituted on" minute="70" period="2" second="15" time="72" type="substitution on" type_id="19"/>
	<message comment="Andreas Weimann is substituted off" minute="70" period="2" second="1" time="72" type="substitution off" type_id="18"/>
	<message comment="Marc Albrighton is substituted on" minute="70" period="2" second="1" time="72" type="substitution on" type_id="19"/>
	<message comment="Fabio Borini wins a corner (To the right)" minute="67" period="2" second="12" time="69" type="corner" type_id="6"/>
	<message comment="Fabio Borini has attempt saved (High to the centre, 18-yard box, Head, Open play)" minute="65" period="2" second="59" time="67" type="attempt blocked" type_id="15"/>
	<message comment="Brad Guzan makes a save (Diving)" minute="65" period="2" second="59" time="67" type="save made" type_id="10"/>
	<message comment="Gabriel Agbonlahor wins a corner (To the left)" minute="62" period="2" second="35" time="64" type="corner" type_id="6"/>
	<message comment="Craig Gardner misses attempt (High, Out of box, Right footed, Free kick)" minute="58" period="2" second="55" time="60" type="attempt missed" type_id="13"/>
	<message comment="Karim El Ahmadi misses attempt (Out of box, Right footed, Open play)" minute="57" period="2" second="1" time="59" type="attempt missed" type_id="13"/>
	<message comment="Ashley Westwood has attempt saved (Low to the centre, Out of box, Right footed, Open play)" minute="53" period="2" second="1" time="55" type="attempt blocked" type_id="15"/>
	<message comment="Vito Mannone makes a save (Collected)" minute="53" period="2" second="1" time="55" type="save made" type_id="10"/>
	<message comment="Christian Benteke misses attempt (To the left, 18-yard box, Head, From corner)" minute="48" period="2" second="52" time="50" type="attempt missed" type_id="13"/>
	<message comment="Gabriel Agbonlahor wins a corner (To the right)" minute="48" period="2" second="32" time="50" type="corner" type_id="6"/>
	<message comment="Gabriel Agbonlahor has attempt saved (Low to the right, 18-yard box, Right footed, Open play)" minute="48" period="2" second="31" time="50" type="attempt blocked" type_id="15"/>
	<message comment="Vito Mannone makes a save (Diving, Parried safe)" minute="48" period="2" second="31" time="50" type="save made" type_id="10"/>
	<message comment="Second half begins!" minute="45" period="2" second="0" time="47" type="start" type_id="32"/>
	<message comment="First half ends" minute="46" period="1" second="17" time="46" type="end" type_id="30"/>
	<message comment="Emanuele Giaccherini misses attempt (6-yard box, Big Chance, Right footed, From corner)" minute="43" period="1" second="20" time="43" type="attempt missed" type_id="13"/>
	<message comment="Craig Gardner wins a corner (To the left)" minute="42" period="1" second="55" time="42" type="corner" type_id="6"/>
	<message comment="Fabian Delph blocks a shot" minute="42" period="1" second="54" time="42" type="save made" type_id="10"/>
	<message comment="Craig Gardner has shot blocked (Out of box, Right footed, From corner)" minute="42" period="1" second="54" time="42" type="attempt blocked" type_id="15"/>
	<message comment="John O'Shea wins a corner (To the left)" minute="42" period="1" second="1" time="42" type="corner" type_id="6"/>
	<message comment="Christian Benteke misses attempt (Out of box, Right footed, Open play)" minute="40" period="1" second="52" time="40" type="attempt missed" type_id="13"/>
	<message comment="Phil Bardsley blocks a shot" minute="40" period="1" second="5" time="40" type="save made" type_id="10"/>
	<message comment="Ciaran Clark has shot blocked (18-yard box, Head, From corner)" minute="40" period="1" second="5" time="40" type="attempt blocked" type_id="15"/>
	<message comment="Craig Gardner is caught offside" minute="40" period="1" time="40" type="offside" type_id="10000"/>
	<message comment="Leandro Bacuna wins a corner (To the right)" minute="39" period="1" second="36" time="39" type="corner" type_id="6"/>
	<message comment="Andrea Dossena wins a corner (To the left)" minute="37" period="1" second="58" time="37" type="corner" type_id="6"/>
	<message comment="Phil Bardsley blocks a shot" minute="37" period="1" second="18" time="37" type="save made" type_id="10"/>
	<message comment="Ashley Westwood has shot blocked (Out of box, Right footed, Open play)" minute="37" period="1" second="18" time="37" type="attempt blocked" type_id="15"/>
	<message comment="Fabian Delph misses attempt (Out of box, Left footed, Open play)" minute="35" period="1" second="42" time="35" type="attempt missed" type_id="13"/>
	<message comment="Christian Benteke is caught offside" minute="33" period="1" time="33" type="offside" type_id="10000"/>
	<message comment="Sebastian Larsson misses attempt (Out of box, Right footed, Free kick)" minute="32" period="1" second="10" time="32" type="attempt missed" type_id="13"/>
	<message comment="Ron Vlaar recieves a yellow card" minute="31" period="1" second="11" time="31" type="card received" type_id="17"/>
	<message comment="Christian Benteke misses attempt (18-yard box, Right footed, Open play)" minute="28" period="1" second="49" time="28" type="attempt missed" type_id="13"/>
	<message comment="Gabriel Agbonlahor wins a corner (To the left)" minute="26" period="1" second="42" time="26" type="corner" type_id="6"/>
	<message comment="Phil Bardsley wins a corner (To the right)" minute="24" period="1" second="52" time="24" type="corner" type_id="6"/>
	<message comment="Emanuele Giaccherini wins a corner (To the left)" minute="23" period="1" second="44" time="23" type="corner" type_id="6"/>
	<message comment="Steven Fletcher is caught offside" minute="18" period="1" time="18" type="offside" type_id="10000"/>
	<message comment="Craig Gardner misses attempt (To the left, 18-yard box, Right footed, Open play)" minute="15" period="1" second="37" time="15" type="attempt missed" type_id="13"/>
	<message comment="Antonio Luna wins a corner (To the left)" minute="13" period="1" second="38" time="13" type="corner" type_id="6"/>
	<message comment="Karim El Ahmadi wins a corner (To the right)" minute="10" period="1" second="5" time="10" type="corner" type_id="6"/>
	<message comment="Formation Set" minute="0" period="14" second="0" time="6" type="end" type_id="30"/>
	<message comment="Andrea Dossena misses attempt (Out of box, Left footed, Open play)" minute="5" period="1" second="16" time="5" type="attempt missed" type_id="13"/>
	<message comment="Gabriel Agbonlahor has attempt saved (Low to the right, Out of box, Right footed, Open play)" minute="4" period="1" second="21" time="4" type="attempt blocked" type_id="15"/>
	<message comment="Vito Mannone makes a save (Diving, Collected)" minute="4" period="1" second="21" time="4" type="save made" type_id="10"/>
	<message comment="Gabriel Agbonlahor misses attempt (18-yard box, Head, Open play)" minute="2" period="1" second="45" time="2" type="attempt missed" type_id="13"/>
	<message comment="Steven Fletcher is caught offside" minute="1" period="1" time="1" type="offside" type_id="10000"/>
	<message comment="First half begins!" minute="0" period="1" second="0" time="0" type="start" type_id="32"/>
</Commentary>
