<?xml version="1.0" ?>
<Commentary away_team_name="Aston Villa" competition="English Premier League" game_date="2011-11-05" home_team_name="Norwich" lang_id="en" season="Season 2011/2012" season_id="2011" sport_id="1" sport_name="Football">
	<message comment="Second half ends" minute="94" period="2" second="12" time="99" type="end" type_id="30"/>
	<message comment="Grant Holt has shot blocked (Out of box, Right footed, Open play)" minute="94" period="2" second="10" time="99" type="attempt blocked" type_id="15"/>
	<message comment="Chris Herd blocks a shot" minute="94" period="2" second="10" time="99" type="save made" type_id="10"/>
	<message comment="Grant Holt recieves a yellow card" minute="90" period="2" second="28" time="95" type="card received" type_id="17"/>
	<message comment="Richard Dunne blocks a shot" minute="88" period="2" second="38" time="93" type="save made" type_id="10"/>
	<message comment="Russell Martin has shot blocked (18-yard box, Left footed, From corner)" minute="88" period="2" second="38" time="93" type="attempt blocked" type_id="15"/>
	<message comment="Simeon Jackson wins a corner (To the left)" minute="88" period="2" second="14" time="93" type="corner" type_id="6"/>
	<message comment="Andrew Crofts wins a corner (To the right)" minute="87" period="2" second="5" time="92" type="corner" type_id="6"/>
	<message comment="Darren Bent is caught offside" minute="84" period="2" time="89" type="offside" type_id="10000"/>
	<message comment="Charles N'Zogbia misses attempt (High to the left, 18-yard box, Left footed, Open play)" minute="83" period="2" second="32" time="88" type="attempt missed" type_id="13"/>
	<message comment="Alan Hutton misses attempt (To the left, 18-yard box, Right footed, Open play)" minute="80" period="2" second="7" time="85" type="attempt missed" type_id="13"/>
	<message comment="Grant Holt wins a corner (To the left)" minute="77" period="2" second="51" time="82" type="corner" type_id="6"/>
	<message comment="GOAL! Steve Morison scores , Assisted by Grant Holt (Low to the right, 6-yard box, Big Chance, Head, Open play)" minute="76" period="2" second="57" time="81" type="goal scored" type_id="16"/>
	<message comment="Stiliyan Petrov is substituted off" minute="76" period="2" second="10" time="81" type="substitution off" type_id="18"/>
	<message comment="Stephen Ireland is substituted on" minute="76" period="2" second="10" time="81" type="substitution on" type_id="19"/>
	<message comment="Wes Hoolahan is substituted off" minute="75" period="2" second="18" time="80" type="substitution off" type_id="18"/>
	<message comment="Simeon Jackson is substituted on" minute="75" period="2" second="18" time="80" type="substitution on" type_id="19"/>
	<message comment="Anthony Pilkington recieves a yellow card" minute="74" period="2" second="49" time="79" type="card received" type_id="17"/>
	<message comment="Alan Hutton misses attempt (High to the right, Out of box, Right footed, Open play)" minute="72" period="2" second="52" time="77" type="attempt missed" type_id="13"/>
	<message comment="Shay Given makes a save (Collected, Diving)" minute="72" period="2" second="4" time="77" type="save made" type_id="10"/>
	<message comment="Anthony Pilkington has attempt saved (Low to the right, Out of box, Left footed, Open play)" minute="72" period="2" second="4" time="77" type="attempt blocked" type_id="15"/>
	<message comment="Alan Hutton wins a corner (To the right)" minute="69" period="2" second="58" time="74" type="corner" type_id="6"/>
	<message comment="Gabriel Agbonlahor wins a corner (To the left)" minute="68" period="2" second="49" time="73" type="corner" type_id="6"/>
	<message comment="Emile Heskey is substituted off" minute="66" period="2" second="47" time="71" type="substitution off" type_id="18"/>
	<message comment="Jermaine Jenas is substituted on" minute="66" period="2" second="47" time="71" type="substitution on" type_id="19"/>
	<message comment="Darren Bent is caught offside" minute="63" period="2" time="68" type="offside" type_id="10000"/>
	<message comment="Elliott Bennett is substituted off" minute="62" period="2" second="28" time="67" type="substitution off" type_id="18"/>
	<message comment="David Fox is substituted on" minute="62" period="2" second="28" time="67" type="substitution on" type_id="19"/>
	<message comment="GOAL! Darren Bent scores , Assisted by Gabriel Agbonlahor (Low to the right, 6-yard box, Big Chance, Right footed, Open play)" minute="61" period="2" second="27" time="66" type="goal scored" type_id="16"/>
	<message comment="Steve Morison has attempt saved (Low to the left, 18-yard box, Right footed, Open play)" minute="59" period="2" second="33" time="64" type="attempt blocked" type_id="15"/>
	<message comment="Shay Given makes a save (Diving)" minute="59" period="2" second="33" time="64" type="save made" type_id="10"/>
	<message comment="Gabriel Agbonlahor is caught offside" minute="59" period="2" time="64" type="offside" type_id="10000"/>
	<message comment="Leon Barnett misses attempt (To the right, 18-yard box, Head, From corner)" minute="58" period="2" second="51" time="63" type="attempt missed" type_id="13"/>
	<message comment="Wes Hoolahan wins a corner (To the left)" minute="58" period="2" second="24" time="63" type="corner" type_id="6"/>
	<message comment="Kyle Naughton blocks a shot" minute="56" period="2" second="49" time="61" type="save made" type_id="10"/>
	<message comment="Charles N'Zogbia has shot blocked (Out of box, Left footed, Open play)" minute="56" period="2" second="49" time="61" type="attempt blocked" type_id="15"/>
	<message comment="James Collins misses attempt (18-yard box, Head, From corner)" minute="54" period="2" second="57" time="59" type="attempt missed" type_id="13"/>
	<message comment="Emile Heskey wins a corner (To the right)" minute="54" period="2" second="32" time="59" type="corner" type_id="6"/>
	<message comment="Kyle Naughton blocks a shot" minute="54" period="2" second="29" time="59" type="save made" type_id="10"/>
	<message comment="Emile Heskey has shot blocked (18-yard box, Right footed, Open play)" minute="54" period="2" second="29" time="59" type="attempt blocked" type_id="15"/>
	<message comment="Kyle Naughton wins a corner (To the right)" minute="51" period="2" second="15" time="56" type="corner" type_id="6"/>
	<message comment="GOAL! Gabriel Agbonlahor scores  (Low to the centre, 18-yard box, Big Chance, Left footed, Open play)" minute="47" period="2" second="37" time="52" type="goal scored" type_id="16"/>
	<message comment="Darren Bent is caught offside" minute="47" period="2" time="52" type="offside" type_id="10000"/>
	<message comment="Second half begins!" minute="45" period="2" second="0" time="50" type="start" type_id="32"/>
	<message comment="First half ends" minute="49" period="1" second="10" time="49" type="end" type_id="30"/>
	<message comment="Leon Barnett recieves a yellow card" minute="46" period="1" second="24" time="46" type="card received" type_id="17"/>
	<message comment="Andrew Crofts recieves a yellow card" minute="45" period="1" second="26" time="45" type="card received" type_id="17"/>
	<message comment="Chris Herd misses attempt (High to the right, Out of box, Right footed, Open play)" minute="42" period="1" second="59" time="42" type="attempt missed" type_id="13"/>
	<message comment="Grant Holt is caught offside" minute="39" period="1" time="39" type="offside" type_id="10000"/>
	<message comment="Bradley Johnson is substituted off" minute="34" period="1" second="31" time="34" type="substitution off" type_id="18"/>
	<message comment="Andrew Crofts is substituted on" minute="34" period="1" second="31" time="34" type="substitution on" type_id="19"/>
	<message comment="Charles N'Zogbia recieves a yellow card" minute="33" period="1" second="45" time="33" type="card received" type_id="17"/>
	<message comment="Wes Hoolahan recieves a yellow card" minute="32" period="1" second="55" time="32" type="card received" type_id="17"/>
	<message comment="Gabriel Agbonlahor wins a corner (To the left)" minute="31" period="1" second="7" time="31" type="corner" type_id="6"/>
	<message comment="GOAL! Darren Bent scores , Assisted by Gabriel Agbonlahor (Low to the centre, 6-yard box, Big Chance, Right footed, Open play)" minute="29" period="1" second="24" time="29" type="goal scored" type_id="16"/>
	<message comment="Leon Barnett blocks a shot" minute="25" period="1" second="41" time="25" type="save made" type_id="10"/>
	<message comment="Gabriel Agbonlahor has shot blocked (18-yard box, Right footed, Open play)" minute="25" period="1" second="41" time="25" type="attempt blocked" type_id="15"/>
	<message comment="GOAL! Anthony Pilkington scores  (High to the right, Out of box, Right footed, Free kick)" minute="24" period="1" second="43" time="24" type="goal scored" type_id="16"/>
	<message comment="Stephen Warnock misses attempt (To the right, 18-yard box, Head, Throw-in)" minute="20" period="1" second="10" time="20" type="attempt missed" type_id="13"/>
	<message comment="Darren Bent wins a corner (To the right)" minute="18" period="1" second="19" time="18" type="corner" type_id="6"/>
	<message comment="John Ruddy makes a save (Parried safe, Standing, Other body part)" minute="18" period="1" second="18" time="18" type="save made" type_id="10"/>
	<message comment="Darren Bent has attempt saved (Low to the right, 18-yard box, Big Chance, Right footed, Throw-in)" minute="18" period="1" second="18" time="18" type="attempt blocked" type_id="15"/>
	<message comment="James Collins misses attempt (To the left, Out of box, Right footed, Open play)" minute="11" period="1" second="50" time="11" type="attempt missed" type_id="13"/>
	<message comment="Steve Morison has attempt saved (Low to the centre, 18-yard box, Right footed, Set piece)" minute="10" period="1" second="58" time="10" type="attempt blocked" type_id="15"/>
	<message comment="Shay Given makes a save (Parried into danger, Diving)" minute="10" period="1" second="58" time="10" type="save made" type_id="10"/>
	<message comment="Formation Set" minute="0" period="14" second="0" time="9" type="end" type_id="30"/>
	<message comment="Elliott Bennett has attempt saved (High to the centre, Out of box, Right footed, Open play)" minute="5" period="1" second="19" time="5" type="attempt blocked" type_id="15"/>
	<message comment="Shay Given makes a save (Parried into danger, Standing)" minute="5" period="1" second="19" time="5" type="save made" type_id="10"/>
	<message comment="Marc Tierney wins a corner (To the left)" minute="4" period="1" second="29" time="4" type="corner" type_id="6"/>
	<message comment="Anthony Pilkington has attempt saved (Low to the right, 18-yard box, Right footed, Open play)" minute="4" period="1" second="16" time="4" type="attempt blocked" type_id="15"/>
	<message comment="Shay Given makes a save (Diving, Parried safe)" minute="4" period="1" second="16" time="4" type="save made" type_id="10"/>
	<message comment="John Ruddy makes a save" minute="3" period="1" second="55" time="3" type="save made" type_id="10"/>
	<message comment="Chris Herd has attempt saved (Low to the centre, 6-yard box, Left footed, From corner)" minute="3" period="1" second="55" time="3" type="attempt blocked" type_id="15"/>
	<message comment="Charles N'Zogbia wins a corner (To the left)" minute="3" period="1" second="29" time="3" type="corner" type_id="6"/>
	<message comment="Marc Tierney blocks a shot" minute="3" period="1" second="27" time="3" type="save made" type_id="10"/>
	<message comment="Charles N'Zogbia has shot blocked (18-yard box, Left footed, Throw-in)" minute="3" period="1" second="27" time="3" type="attempt blocked" type_id="15"/>
	<message comment="Steve Morison has shot blocked (18-yard box, Left footed, Open play)" minute="1" period="1" second="32" time="1" type="attempt blocked" type_id="15"/>
	<message comment="Richard Dunne blocks a shot" minute="1" period="1" second="32" time="1" type="save made" type_id="10"/>
	<message comment="Darren Bent is caught offside" minute="0" period="1" time="0" type="offside" type_id="10000"/>
	<message comment="First half begins!" minute="0" period="1" second="0" time="0" type="start" type_id="32"/>
</Commentary>
