<?xml version="1.0" ?>
<Commentary away_team_name="Aston Villa" competition="English Premier League" game_date="2012-05-06" home_team_name="Tottenham" lang_id="en" season="Season 2011/2012" season_id="2011" sport_id="1" sport_name="Football">
	<message comment="Second half ends" minute="96" period="2" second="27" time="101" type="end" type_id="30"/>
	<message comment="Sandro recieves a yellow card" minute="95" period="2" second="31" time="100" type="card received" type_id="17"/>
	<message comment="Ciaran Clark blocks a shot" minute="94" period="2" second="20" time="99" type="save made" type_id="10"/>
	<message comment="Sandro has shot blocked (Out of box, Right footed, Open play)" minute="94" period="2" second="20" time="99" type="attempt blocked" type_id="15"/>
	<message comment="Gareth Bale wins a corner (To the left)" minute="93" period="2" second="10" time="98" type="corner" type_id="6"/>
	<message comment="Rafael van der Vaart is substituted off" minute="88" period="2" second="23" time="93" type="substitution off" type_id="18"/>
	<message comment="Scott Parker is substituted on" minute="88" period="2" second="23" time="93" type="substitution on" type_id="19"/>
	<message comment="Emmanuel Adebayor misses attempt (High, 18-yard box, Head, Open play)" minute="87" period="2" second="59" time="92" type="attempt missed" type_id="13"/>
	<message comment="Rafael van der Vaart wins a corner (To the right)" minute="86" period="2" second="20" time="91" type="corner" type_id="6"/>
	<message comment="Rafael van der Vaart wins a corner (To the right)" minute="85" period="2" second="53" time="90" type="corner" type_id="6"/>
	<message comment="Gareth Bale wins a corner (To the left)" minute="84" period="2" second="56" time="89" type="corner" type_id="6"/>
	<message comment="Shay Given makes a save (Standing)" minute="81" period="2" second="4" time="86" type="save made" type_id="10"/>
	<message comment="Gareth Bale has attempt saved (Low to the left, 18-yard box, Right footed, Open play)" minute="81" period="2" second="4" time="86" type="attempt blocked" type_id="15"/>
	<message comment="Rafael van der Vaart misses attempt (High to the right, 18-yard box, Right footed, Open play)" minute="79" period="2" second="55" time="84" type="attempt missed" type_id="13"/>
	<message comment="Sandro wins a corner (To the left)" minute="77" period="2" second="52" time="82" type="corner" type_id="6"/>
	<message comment="Rafael van der Vaart wins a corner (To the left)" minute="77" period="2" second="11" time="82" type="corner" type_id="6"/>
	<message comment="Younes Kaboul blocks a shot" minute="75" period="2" second="55" time="80" type="save made" type_id="10"/>
	<message comment="Richard Dunne has shot blocked (6-yard box, Big Chance, Head, From corner)" minute="75" period="2" second="52" time="80" type="attempt blocked" type_id="15"/>
	<message comment="Charles N'Zogbia wins a corner (To the right)" minute="75" period="2" second="32" time="80" type="corner" type_id="6"/>
	<message comment="James Collins blocks a shot" minute="73" period="2" second="0" time="78" type="save made" type_id="10"/>
	<message comment="Emmanuel Adebayor has shot blocked (Out of box, Right footed, Open play)" minute="73" period="2" second="0" time="78" type="attempt blocked" type_id="15"/>
	<message comment="Aaron Lennon misses attempt (To the left, Out of box, Right footed, Open play)" minute="72" period="2" second="25" time="77" type="attempt missed" type_id="13"/>
	<message comment="Nathan Delfouneso is substituted on" minute="69" period="2" second="44" time="74" type="substitution on" type_id="19"/>
	<message comment="Andreas Weimann is substituted off" minute="69" period="2" second="44" time="74" type="substitution off" type_id="18"/>
	<message comment="James Collins blocks a shot" minute="67" period="2" second="42" time="72" type="save made" type_id="10"/>
	<message comment="Luka Modric has shot blocked (Out of box, Left footed, From corner)" minute="67" period="2" second="42" time="72" type="attempt blocked" type_id="15"/>
	<message comment="Aaron Lennon wins a corner (To the right)" minute="67" period="2" second="22" time="72" type="corner" type_id="6"/>
	<message comment="Aaron Lennon wins a corner (To the right)" minute="63" period="2" second="56" time="68" type="corner" type_id="6"/>
	<message comment="GOAL! Emmanuel Adebayor scores  (Low to the right, 18-yard box, Penalty, Big Chance, Right footed)" minute="60" period="2" second="42" time="65" type="goal scored" type_id="16"/>
	<message comment="Richard Dunne recieves a yellow card" minute="59" period="2" second="58" time="64" type="card received" type_id="17"/>
	<message comment="Sandro wins a corner (To the right)" minute="59" period="2" second="16" time="64" type="corner" type_id="6"/>
	<message comment="Richard Dunne blocks a shot" minute="59" period="2" second="15" time="64" type="save made" type_id="10"/>
	<message comment="Sandro has shot blocked (Out of box, Right footed, Open play)" minute="59" period="2" second="15" time="64" type="attempt blocked" type_id="15"/>
	<message comment="Charles N'Zogbia is caught offside" minute="55" period="2" time="60" type="offside" type_id="10000"/>
	<message comment="Shay Given makes a save (Diving, Collected)" minute="54" period="2" second="25" time="59" type="save made" type_id="10"/>
	<message comment="Emmanuel Adebayor has attempt saved (Low to the right, Out of box, Right footed, Open play)" minute="54" period="2" second="25" time="59" type="attempt blocked" type_id="15"/>
	<message comment="Alan Hutton is substituted off" minute="52" period="2" second="56" time="57" type="substitution off" type_id="18"/>
	<message comment="James Collins is substituted on" minute="52" period="2" second="56" time="57" type="substitution on" type_id="19"/>
	<message comment="Emile Heskey is substituted off" minute="52" period="2" second="26" time="57" type="substitution off" type_id="18"/>
	<message comment="Andreas Weimann is substituted on" minute="52" period="2" second="26" time="57" type="substitution on" type_id="19"/>
	<message comment="Danny Rose recieves a red card" minute="49" period="2" second="4" time="54" type="card received" type_id="17"/>
	<message comment="Danny Rose wins a corner (To the right)" minute="47" period="2" second="23" time="52" type="corner" type_id="6"/>
	<message comment="Second half begins!" minute="45" period="2" second="0" time="50" type="start" type_id="32"/>
	<message comment="First half ends" minute="49" period="1" second="35" time="49" type="end" type_id="30"/>
	<message comment="Stephen Ireland wins a corner (To the right)" minute="49" period="1" second="14" time="49" type="corner" type_id="6"/>
	<message comment="Emmanuel Adebayor wins a corner (To the right)" minute="47" period="1" second="8" time="47" type="corner" type_id="6"/>
	<message comment="Rafael van der Vaart misses attempt (Out of box, Left footed, From corner)" minute="42" period="1" second="34" time="42" type="attempt missed" type_id="13"/>
	<message comment="Gareth Bale wins a corner (To the left)" minute="42" period="1" second="6" time="42" type="corner" type_id="6"/>
	<message comment="Rafael van der Vaart wins a corner (To the right)" minute="39" period="1" second="51" time="39" type="corner" type_id="6"/>
	<message comment="Gareth Bale wins a corner (To the left)" minute="37" period="1" second="13" time="37" type="corner" type_id="6"/>
	<message comment="Shay Given makes a save (Diving)" minute="37" period="1" second="11" time="37" type="save made" type_id="10"/>
	<message comment="Gareth Bale has attempt saved (High to the left, 18-yard box, Left footed, Open play)" minute="37" period="1" second="11" time="37" type="attempt blocked" type_id="15"/>
	<message comment="GOAL! Ciaran Clark scores , Assisted by Charles N'Zogbia (High to the right, Out of box, Left footed, Open play)" minute="34" period="1" second="18" time="34" type="goal scored" type_id="16"/>
	<message comment="Rafael van der Vaart misses attempt (Out of box, Left footed, Open play)" minute="33" period="1" second="28" time="33" type="attempt missed" type_id="13"/>
	<message comment="Stephen Ireland is caught offside" minute="32" period="1" time="32" type="offside" type_id="10000"/>
	<message comment="Kyle Walker wins a corner (To the right)" minute="30" period="1" second="57" time="30" type="corner" type_id="6"/>
	<message comment="Gareth Bale misses attempt (To the left, 6-yard box, Head, Open play)" minute="29" period="1" second="3" time="29" type="attempt missed" type_id="13"/>
	<message comment="Emmanuel Adebayor is caught offside" minute="28" period="1" time="28" type="offside" type_id="10000"/>
	<message comment="Kyle Walker misses attempt (High, Out of box, Right footed, Open play)" minute="24" period="1" second="5" time="24" type="attempt missed" type_id="13"/>
	<message comment="Gareth Bale has shot blocked (Out of box, Left footed, Open play)" minute="24" period="1" second="3" time="24" type="attempt blocked" type_id="15"/>
	<message comment="Ciaran Clark blocks a shot" minute="24" period="1" second="3" time="24" type="save made" type_id="10"/>
	<message comment="Kyle Walker misses attempt (To the right, 18-yard box, Right footed, From corner)" minute="20" period="1" second="27" time="20" type="attempt missed" type_id="13"/>
	<message comment="Luka Modric wins a corner (To the right)" minute="20" period="1" second="5" time="20" type="corner" type_id="6"/>
	<message comment="Richard Dunne blocks a shot" minute="20" period="1" second="3" time="20" type="save made" type_id="10"/>
	<message comment="Luka Modric has shot blocked (Out of box, Left footed, Open play)" minute="20" period="1" second="3" time="20" type="attempt blocked" type_id="15"/>
	<message comment="Ciaran Clark wins a corner (To the right)" minute="18" period="1" second="13" time="18" type="corner" type_id="6"/>
	<message comment="Younes Kaboul recieves a yellow card" minute="17" period="1" second="38" time="17" type="card received" type_id="17"/>
	<message comment="Rafael van der Vaart has shot blocked (18-yard box, Left footed, Open play)" minute="16" period="1" second="57" time="16" type="attempt blocked" type_id="15"/>
	<message comment="Alan Hutton blocks a shot" minute="16" period="1" second="57" time="16" type="save made" type_id="10"/>
	<message comment="Stephen Ireland blocks a shot" minute="15" period="1" second="46" time="15" type="save made" type_id="10"/>
	<message comment="Rafael van der Vaart has shot blocked (18-yard box, Left footed, From corner)" minute="15" period="1" second="46" time="15" type="attempt blocked" type_id="15"/>
	<message comment="Aaron Lennon wins a corner (To the right)" minute="15" period="1" second="21" time="15" type="corner" type_id="6"/>
	<message comment="Gareth Bale wins a corner (To the left)" minute="14" period="1" second="31" time="14" type="corner" type_id="6"/>
	<message comment="Kyle Walker misses attempt (High, Out of box, Right footed, Open play)" minute="13" period="1" second="39" time="13" type="attempt missed" type_id="13"/>
	<message comment="Kyle Walker wins a corner (To the right)" minute="12" period="1" second="48" time="12" type="corner" type_id="6"/>
	<message comment="Formation Set" minute="0" period="14" second="0" time="11" type="end" type_id="30"/>
	<message comment="Alan Hutton misses attempt (High to the left, Out of box, Left footed, Open play)" minute="8" period="1" second="39" time="8" type="attempt missed" type_id="13"/>
	<message comment="Emmanuel Adebayor misses attempt (To the left, 18-yard box, Right footed, Open play)" minute="4" period="1" second="42" time="4" type="attempt missed" type_id="13"/>
	<message comment="Charles N'Zogbia wins a corner (To the right)" minute="1" period="1" second="58" time="1" type="corner" type_id="6"/>
	<message comment="Danny Rose blocks a shot" minute="1" period="1" second="55" time="1" type="save made" type_id="10"/>
	<message comment="Charles N'Zogbia has shot blocked (18-yard box, Left footed, Open play)" minute="1" period="1" second="55" time="1" type="attempt blocked" type_id="15"/>
	<message comment="First half begins!" minute="0" period="1" second="0" time="0" type="start" type_id="32"/>
</Commentary>
