<?xml version="1.0" ?>
<Commentary away_team_name="Aston Villa" competition="English Premier League" game_date="2010-12-11" home_team_name="West Bromwich Albion" lang_id="en" season="Season 2010/2011" season_id="2010" sport_id="1" sport_name="Football">
	<message comment="Second half ends" minute="94" period="2" second="14" time="97" type="end" type_id="30"/>
	<message comment="Marc Albrighton is substituted off" minute="92" period="2" second="23" time="95" type="substitution off" type_id="18"/>
	<message comment="Chris Herd is substituted on" minute="92" period="2" second="23" time="95" type="substitution on" type_id="19"/>
	<message comment="Jerome Thomas misses attempt (18-yard box, Big Chance, Left footed, Open play)" minute="90" period="2" second="2" time="93" type="attempt missed" type_id="13"/>
	<message comment="GOAL! Paul Scharner scores , Assisted by Chris Brunt (Low to the left, 18-yard box, Head, From corner)" minute="89" period="2" second="0" time="92" type="goal scored" type_id="16"/>
	<message comment="Chris Brunt wins a corner (To the left)" minute="88" period="2" second="41" time="91" type="corner" type_id="6"/>
	<message comment="Chris Brunt has shot blocked (18-yard box, Right footed, Open play)" minute="88" period="2" second="39" time="91" type="attempt blocked" type_id="15"/>
	<message comment="James Collins blocks a shot" minute="88" period="2" second="39" time="91" type="save made" type_id="10"/>
	<message comment="Steven Reid misses attempt (To the right, 18-yard box, Head, From corner)" minute="88" period="2" second="25" time="91" type="attempt missed" type_id="13"/>
	<message comment="Chris Brunt wins a corner (To the left)" minute="88" period="2" second="5" time="91" type="corner" type_id="6"/>
	<message comment="Gonzalo Jara is substituted off" minute="87" period="2" second="12" time="90" type="substitution off" type_id="18"/>
	<message comment="Steven Reid is substituted on" minute="87" period="2" second="12" time="90" type="substitution on" type_id="19"/>
	<message comment="Marc-Antoine Fortuné is substituted off" minute="85" period="2" second="54" time="88" type="substitution off" type_id="18"/>
	<message comment="Simon Cox is substituted on" minute="85" period="2" second="54" time="88" type="substitution on" type_id="19"/>
	<message comment="Graham Dorrans misses attempt (To the left, Out of box, Right footed, From corner)" minute="84" period="2" second="30" time="87" type="attempt missed" type_id="13"/>
	<message comment="Jerome Thomas wins a corner (To the left)" minute="84" period="2" second="1" time="87" type="corner" type_id="6"/>
	<message comment="Emile Heskey is substituted off" minute="83" period="2" second="6" time="86" type="substitution off" type_id="18"/>
	<message comment="Nathan Delfouneso is substituted on" minute="83" period="2" second="6" time="86" type="substitution on" type_id="19"/>
	<message comment="GOAL! Emile Heskey scores  (Low to the right, 6-yard box, Big Chance, Head, Open play)" minute="79" period="2" second="6" time="82" type="goal scored" type_id="16"/>
	<message comment="Ashley Young wins a corner (To the right)" minute="78" period="2" second="26" time="81" type="corner" type_id="6"/>
	<message comment="James Collins has shot blocked (18-yard box, Right footed, Set piece)" minute="77" period="2" second="13" time="80" type="attempt blocked" type_id="15"/>
	<message comment="Somen Tchoyi blocks a shot" minute="77" period="2" second="13" time="80" type="save made" type_id="10"/>
	<message comment="James Morrison is substituted off" minute="75" period="2" second="23" time="78" type="substitution off" type_id="18"/>
	<message comment="Ishmael Miller is substituted on" minute="75" period="2" second="23" time="78" type="substitution on" type_id="19"/>
	<message comment="Somen Tchoyi wins a corner (To the left)" minute="74" period="2" second="44" time="77" type="corner" type_id="6"/>
	<message comment="James Collins blocks a shot" minute="74" period="2" second="42" time="77" type="save made" type_id="10"/>
	<message comment="Somen Tchoyi has shot blocked (Out of box, Left footed, Open play)" minute="74" period="2" second="42" time="77" type="attempt blocked" type_id="15"/>
	<message comment="Barry Bannan is substituted off" minute="72" period="2" second="45" time="75" type="substitution off" type_id="18"/>
	<message comment="Nigel Reo-Coker is substituted on" minute="72" period="2" second="45" time="75" type="substitution on" type_id="19"/>
	<message comment="Ashley Young is caught offside" minute="71" period="2" time="74" type="offside" type_id="10000"/>
	<message comment="Marc-Antoine Fortuné is caught offside" minute="69" period="2" time="72" type="offside" type_id="10000"/>
	<message comment="Jerome Thomas is caught offside" minute="64" period="2" time="67" type="offside" type_id="10000"/>
	<message comment="Gonzalo Jara recieves a yellow card" minute="63" period="2" second="6" time="66" type="card received" type_id="17"/>
	<message comment="Jerome Thomas recieves a yellow card" minute="60" period="2" second="1" time="63" type="card received" type_id="17"/>
	<message comment="Stewart Downing wins a corner (To the right)" minute="58" period="2" second="17" time="61" type="corner" type_id="6"/>
	<message comment="James Morrison misses attempt (18-yard box, Big Chance, Right footed, Open play)" minute="56" period="2" second="53" time="59" type="attempt missed" type_id="13"/>
	<message comment="Gonzalo Jara misses attempt (To the left, 18-yard box, Key pass, Right footed, Open play)" minute="56" period="2" second="52" time="59" type="attempt missed" type_id="13"/>
	<message comment="Marc Albrighton misses attempt (18-yard box, Head, Open play)" minute="54" period="2" second="24" time="57" type="attempt missed" type_id="13"/>
	<message comment="Ashley Young is caught offside" minute="52" period="2" time="55" type="offside" type_id="10000"/>
	<message comment="Gabriel Tamas blocks a shot" minute="48" period="2" second="31" time="51" type="save made" type_id="10"/>
	<message comment="Carlos Cuellar has shot blocked (18-yard box, Right footed, Set piece)" minute="48" period="2" second="31" time="51" type="attempt blocked" type_id="15"/>
	<message comment="Barry Bannan misses attempt (To the left, Out of box, Left footed, Set piece)" minute="48" period="2" second="30" time="51" type="attempt missed" type_id="13"/>
	<message comment="Second half begins!" minute="45" period="2" second="0" time="48" type="start" type_id="32"/>
	<message comment="First half ends" minute="47" period="1" second="5" time="47" type="end" type_id="30"/>
	<message comment="James Morrison wins a corner (To the left)" minute="46" period="1" second="34" time="46" type="corner" type_id="6"/>
	<message comment="Paul Scharner misses attempt (18-yard box, Head, From corner)" minute="44" period="1" second="50" time="44" type="attempt missed" type_id="13"/>
	<message comment="Somen Tchoyi wins a corner (To the right)" minute="44" period="1" second="21" time="44" type="corner" type_id="6"/>
	<message comment="Marek Cech wins a corner (To the left)" minute="41" period="1" second="36" time="41" type="corner" type_id="6"/>
	<message comment="Gabriel Tamas blocks a shot" minute="36" period="1" second="41" time="36" type="save made" type_id="10"/>
	<message comment="Marc Albrighton has shot blocked (18-yard box, Right footed, From corner)" minute="36" period="1" second="41" time="36" type="attempt blocked" type_id="15"/>
	<message comment="Marc Albrighton wins a corner (To the right)" minute="36" period="1" second="5" time="36" type="corner" type_id="6"/>
	<message comment="Emile Heskey has shot blocked (18-yard box, Right footed, Open play)" minute="35" period="1" second="12" time="35" type="attempt blocked" type_id="15"/>
	<message comment="Gabriel Tamas blocks a shot" minute="35" period="1" second="12" time="35" type="save made" type_id="10"/>
	<message comment="Somen Tchoyi is caught offside" minute="33" period="1" time="33" type="offside" type_id="10000"/>
	<message comment="Ashley Young is caught offside" minute="33" period="1" time="33" type="offside" type_id="10000"/>
	<message comment="Barry Bannan misses attempt (High to the right, Out of box, Right footed, Open play)" minute="32" period="1" second="40" time="32" type="attempt missed" type_id="13"/>
	<message comment="Jerome Thomas wins a corner (To the left)" minute="30" period="1" second="29" time="30" type="corner" type_id="6"/>
	<message comment="GOAL! Stewart Downing scores , Assisted by Ashley Young (Low to the left, 6-yard box, Left footed, Open play)" minute="24" period="1" second="23" time="24" type="goal scored" type_id="16"/>
	<message comment="Ashley Young misses attempt (To the left, 6-yard box, Big Chance, Key pass, Head, Open play)" minute="24" period="1" second="22" time="24" type="attempt missed" type_id="13"/>
	<message comment="Marc-Antoine Fortuné wins a corner (To the left)" minute="22" period="1" second="51" time="22" type="corner" type_id="6"/>
	<message comment="Marc-Antoine Fortuné misses attempt (To the left, 18-yard box, Right footed, Open play)" minute="21" period="1" second="25" time="21" type="attempt missed" type_id="13"/>
	<message comment="Jerome Thomas has shot blocked (18-yard box, Right footed, Open play)" minute="20" period="1" second="31" time="20" type="attempt blocked" type_id="15"/>
	<message comment="Somen Tchoyi hits the woodwork (High, 18-yard box, Left footed, Open play)" minute="20" period="1" second="27" time="20" type="woodwork hit" type_id="14"/>
	<message comment="Emile Heskey is caught offside" minute="20" period="1" time="20" type="offside" type_id="10000"/>
	<message comment="Emile Heskey misses attempt (To the right, 18-yard box, Head, Set piece)" minute="19" period="1" second="21" time="19" type="attempt missed" type_id="13"/>
	<message comment="Marc Albrighton wins a corner (To the right)" minute="17" period="1" second="39" time="17" type="corner" type_id="6"/>
	<message comment="Chris Brunt misses attempt (18-yard box, Left footed, Open play)" minute="17" period="1" second="2" time="17" type="attempt missed" type_id="13"/>
	<message comment="Jerome Thomas wins a corner (To the left)" minute="13" period="1" second="0" time="13" type="corner" type_id="6"/>
	<message comment="Ashley Young is caught offside" minute="11" period="1" time="11" type="offside" type_id="10000"/>
	<message comment="Stewart Downing wins a corner (To the left)" minute="9" period="1" second="53" time="9" type="corner" type_id="6"/>
	<message comment="Emile Heskey wins a corner (To the right)" minute="9" period="1" second="25" time="9" type="corner" type_id="6"/>
	<message comment="James Morrison misses attempt (High to the right, 6-yard box, Head, From corner)" minute="8" period="1" second="17" time="8" type="attempt missed" type_id="13"/>
	<message comment="Paul Scharner wins a corner (To the right)" minute="7" period="1" second="54" time="7" type="corner" type_id="6"/>
	<message comment="Carlos Cuellar blocks a shot" minute="7" period="1" second="52" time="7" type="save made" type_id="10"/>
	<message comment="Paul Scharner has shot blocked (6-yard box, Head, From corner)" minute="7" period="1" second="52" time="7" type="attempt blocked" type_id="15"/>
	<message comment="Jerome Thomas wins a corner (To the right)" minute="7" period="1" second="22" time="7" type="corner" type_id="6"/>
	<message comment="Eric Lichaj blocks a shot" minute="7" period="1" second="18" time="7" type="save made" type_id="10"/>
	<message comment="Jerome Thomas has shot blocked (Out of box, Right footed, Throw-in)" minute="7" period="1" second="18" time="7" type="attempt blocked" type_id="15"/>
	<message comment="Formation Set" minute="0" period="14" second="0" time="7" type="end" type_id="30"/>
	<message comment="Marc-Antoine Fortuné has attempt saved (Low to the centre, 18-yard box, Right footed, From corner)" minute="2" period="1" second="19" time="2" type="attempt blocked" type_id="15"/>
	<message comment="Brad Friedel makes a save" minute="2" period="1" second="19" time="2" type="save made" type_id="10"/>
	<message comment="Somen Tchoyi wins a corner (To the right)" minute="1" period="1" second="48" time="1" type="corner" type_id="6"/>
	<message comment="First half begins!" minute="0" period="1" second="0" time="0" type="start" type_id="32"/>
</Commentary>
