<?xml version="1.0" ?>
<Commentary away_team_name="Aston Villa" competition="English Premier League" game_date="2011-04-10" home_team_name="Newcastle United" lang_id="en" season="Season 2010/2011" season_id="2010" sport_id="1" sport_name="Football">
	<message comment="Second half ends" minute="94" period="2" second="49" time="97" type="end" type_id="30"/>
	<message comment="Ryan Taylor misses attempt (Out of box, Right footed, Free kick)" minute="93" period="2" second="58" time="96" type="attempt missed" type_id="13"/>
	<message comment="Carlos Cuellar recieves a yellow card" minute="93" period="2" second="3" time="96" type="card received" type_id="17"/>
	<message comment="Peter Løvenkrands has attempt saved (Low to the centre, 18-yard box, Left footed, Open play)" minute="92" period="2" second="35" time="95" type="attempt blocked" type_id="15"/>
	<message comment="Brad Friedel makes a save (Feet, Parried safe)" minute="92" period="2" second="35" time="95" type="save made" type_id="10"/>
	<message comment="Darren Bent is caught offside" minute="91" period="2" time="94" type="offside" type_id="10000"/>
	<message comment="Joey Barton recieves a yellow card" minute="89" period="2" second="28" time="92" type="card received" type_id="17"/>
	<message comment="Peter Løvenkrands has attempt saved (Low to the right, 18-yard box, Head, Open play)" minute="88" period="2" second="25" time="91" type="attempt blocked" type_id="15"/>
	<message comment="Brad Friedel makes a save (Diving)" minute="88" period="2" second="25" time="91" type="save made" type_id="10"/>
	<message comment="Gabriel Agbonlahor is substituted off" minute="85" period="2" second="46" time="88" type="substitution off" type_id="18"/>
	<message comment="Robert Pires is substituted on" minute="85" period="2" second="46" time="88" type="substitution on" type_id="19"/>
	<message comment="Shefki Kuqi wins a corner (To the left)" minute="84" period="2" second="30" time="87" type="corner" type_id="6"/>
	<message comment="Nile Ranger is substituted off" minute="82" period="2" second="38" time="85" type="substitution off" type_id="18"/>
	<message comment="Shefki Kuqi is substituted on" minute="82" period="2" second="38" time="85" type="substitution on" type_id="19"/>
	<message comment="Stewart Downing wins a corner (To the right)" minute="80" period="2" second="28" time="83" type="corner" type_id="6"/>
	<message comment="Stiliyan Petrov recieves a yellow card" minute="78" period="2" second="54" time="81" type="card received" type_id="17"/>
	<message comment="Kyle Walker is substituted off" minute="77" period="2" second="11" time="80" type="substitution off" type_id="18"/>
	<message comment="Carlos Cuellar is substituted on" minute="77" period="2" second="11" time="80" type="substitution on" type_id="19"/>
	<message comment="Darren Bent is caught offside" minute="76" period="2" time="79" type="offside" type_id="10000"/>
	<message comment="Stiliyan Petrov is caught offside" minute="75" period="2" time="78" type="offside" type_id="10000"/>
	<message comment="Joey Barton blocks a shot" minute="74" period="2" second="25" time="77" type="save made" type_id="10"/>
	<message comment="James Collins has shot blocked (18-yard box, Head, From corner)" minute="74" period="2" second="25" time="77" type="attempt blocked" type_id="15"/>
	<message comment="Gabriel Agbonlahor wins a corner (To the left)" minute="73" period="2" second="45" time="76" type="corner" type_id="6"/>
	<message comment="Gabriel Agbonlahor wins a corner (To the left)" minute="69" period="2" second="56" time="72" type="corner" type_id="6"/>
	<message comment="Ashley Young wins a corner (To the left)" minute="68" period="2" second="42" time="71" type="corner" type_id="6"/>
	<message comment="Ashley Young misses attempt (To the right, Out of box, Right footed, Open play)" minute="68" period="2" second="41" time="71" type="attempt missed" type_id="13"/>
	<message comment="Stiliyan Petrov misses attempt (To the left, Out of box, Right footed, Open play)" minute="66" period="2" second="43" time="69" type="attempt missed" type_id="13"/>
	<message comment="Jean Makoun is substituted off" minute="66" period="2" second="17" time="69" type="substitution off" type_id="18"/>
	<message comment="Nigel Reo-Coker is substituted on" minute="66" period="2" second="17" time="69" type="substitution on" type_id="19"/>
	<message comment="Steven Taylor is substituted off" minute="62" period="2" second="34" time="65" type="substitution off" type_id="18"/>
	<message comment="Ryan Taylor is substituted on" minute="62" period="2" second="34" time="65" type="substitution on" type_id="19"/>
	<message comment="Nile Ranger is caught offside" minute="58" period="2" time="61" type="offside" type_id="10000"/>
	<message comment="Steve Harper makes a save (Collected, Diving)" minute="57" period="2" second="57" time="60" type="save made" type_id="10"/>
	<message comment="Gabriel Agbonlahor has attempt saved (Low to the right, Out of box, Left footed, Open play)" minute="57" period="2" second="57" time="60" type="attempt blocked" type_id="15"/>
	<message comment="Ashley Young misses attempt (Out of box, Right footed, Open play)" minute="53" period="2" second="49" time="56" type="attempt missed" type_id="13"/>
	<message comment="Kyle Walker misses attempt (High to the right, Out of box, Right footed, From corner)" minute="50" period="2" second="6" time="53" type="attempt missed" type_id="13"/>
	<message comment="Stewart Downing wins a corner (To the left)" minute="49" period="2" second="36" time="52" type="corner" type_id="6"/>
	<message comment="Steve Harper makes a save (Diving, Parried safe)" minute="48" period="2" second="31" time="51" type="save made" type_id="10"/>
	<message comment="Gabriel Agbonlahor has attempt saved (Low to the centre, 18-yard box, Right footed, Open play)" minute="48" period="2" second="31" time="51" type="attempt blocked" type_id="15"/>
	<message comment="Second half begins!" minute="45" period="2" second="0" time="48" type="start" type_id="32"/>
	<message comment="First half ends" minute="47" period="1" second="0" time="47" type="end" type_id="30"/>
	<message comment="Darren Bent is caught offside" minute="44" period="1" time="44" type="offside" type_id="10000"/>
	<message comment="Richard Dunne misses attempt (To the right, 18-yard box, Head, From corner)" minute="43" period="1" second="47" time="43" type="attempt missed" type_id="13"/>
	<message comment="Jean Makoun wins a corner (To the left)" minute="43" period="1" second="22" time="43" type="corner" type_id="6"/>
	<message comment="Luke Young blocks a shot" minute="42" period="1" second="42" time="42" type="save made" type_id="10"/>
	<message comment="Jonás Gutiérrez has shot blocked (Out of box, Left footed, From corner)" minute="42" period="1" second="42" time="42" type="attempt blocked" type_id="15"/>
	<message comment="José Enrique wins a corner (To the left)" minute="42" period="1" second="11" time="42" type="corner" type_id="6"/>
	<message comment="Darren Bent misses attempt (High, 6-yard box, Big Chance, Head, Open play)" minute="37" period="1" second="0" time="37" type="attempt missed" type_id="13"/>
	<message comment="Nile Ranger is caught offside" minute="35" period="1" time="35" type="offside" type_id="10000"/>
	<message comment="Gabriel Agbonlahor has shot blocked (6-yard box, Right footed, From corner)" minute="32" period="1" second="3" time="32" type="attempt blocked" type_id="15"/>
	<message comment="Danny Simpson blocks a shot" minute="32" period="1" second="3" time="32" type="save made" type_id="10"/>
	<message comment="Richard Dunne misses attempt (18-yard box, Key pass, Head, From corner)" minute="32" period="1" second="1" time="32" type="attempt missed" type_id="13"/>
	<message comment="Ashley Young wins a corner (To the right)" minute="31" period="1" second="31" time="31" type="corner" type_id="6"/>
	<message comment="Danny Guthrie blocks a shot" minute="31" period="1" second="27" time="31" type="save made" type_id="10"/>
	<message comment="Ashley Young has shot blocked (Out of box, Right footed, Open play)" minute="31" period="1" second="27" time="31" type="attempt blocked" type_id="15"/>
	<message comment="Stewart Downing misses attempt (High, Out of box, Left footed, Open play)" minute="29" period="1" second="18" time="29" type="attempt missed" type_id="13"/>
	<message comment="Steven Taylor blocks a shot" minute="25" period="1" second="43" time="25" type="save made" type_id="10"/>
	<message comment="Darren Bent has shot blocked (Out of box, Right footed, Open play)" minute="25" period="1" second="43" time="25" type="attempt blocked" type_id="15"/>
	<message comment="Nile Ranger is caught offside" minute="24" period="1" time="24" type="offside" type_id="10000"/>
	<message comment="GOAL! James Collins scores , Assisted by Ashley Young (Low to the right, 18-yard box, Head, Set piece)" minute="23" period="1" second="26" time="23" type="goal scored" type_id="16"/>
	<message comment="Mike Williamson recieves a yellow card" minute="22" period="1" second="5" time="22" type="card received" type_id="17"/>
	<message comment="Nile Ranger has attempt saved (Low to the centre, 18-yard box, Right footed, Open play)" minute="19" period="1" second="6" time="19" type="attempt blocked" type_id="15"/>
	<message comment="Brad Friedel makes a save (Diving)" minute="19" period="1" second="6" time="19" type="save made" type_id="10"/>
	<message comment="Joey Barton misses attempt (High to the right, 18-yard box, Head, Open play)" minute="13" period="1" second="18" time="13" type="attempt missed" type_id="13"/>
	<message comment="Kyle Walker wins a corner (To the right)" minute="12" period="1" second="24" time="12" type="corner" type_id="6"/>
	<message comment="Nile Ranger has shot blocked (Out of box, Right footed, Open play)" minute="8" period="1" second="49" time="8" type="attempt blocked" type_id="15"/>
	<message comment="Richard Dunne blocks a shot" minute="8" period="1" second="49" time="8" type="save made" type_id="10"/>
	<message comment="Formation Set" minute="0" period="14" second="0" time="7" type="end" type_id="30"/>
	<message comment="Stiliyan Petrov has shot blocked (Out of box, Right footed, From corner)" minute="3" period="1" second="0" time="3" type="attempt blocked" type_id="15"/>
	<message comment="Steven Taylor blocks a shot" minute="3" period="1" second="0" time="3" type="save made" type_id="10"/>
	<message comment="Stiliyan Petrov wins a corner (To the left)" minute="2" period="1" second="27" time="2" type="corner" type_id="6"/>
	<message comment="First half begins!" minute="0" period="1" second="0" time="0" type="start" type_id="32"/>
</Commentary>
