<?xml version="1.0" ?>
<Commentary away_team_name="Aston Villa" competition="English Premier League" game_date="2012-09-15" home_team_name="Swansea" lang_id="en" season="Season 2012/2013" season_id="2012" sport_id="1" sport_name="Football">
	<message comment="Second half ends" minute="94" period="2" second="2" time="97" type="end" type_id="30"/>
	<message comment="Luke Moore misses attempt (18-yard box, Right footed, Open play)" minute="89" period="2" second="21" time="92" type="attempt missed" type_id="13"/>
	<message comment="Ben Davies misses attempt (To the right, 18-yard box, Left footed, Open play)" minute="88" period="2" second="15" time="91" type="attempt missed" type_id="13"/>
	<message comment="GOAL! Christian Benteke scores  (Low to the right, 6-yard box, Big Chance, Right footed, Open play)" minute="87" period="2" second="4" time="90" type="goal scored" type_id="16"/>
	<message comment="Luke Moore has attempt saved (Low to the centre, 18-yard box, Head, Open play)" minute="86" period="2" second="40" time="89" type="attempt blocked" type_id="15"/>
	<message comment="Brad Guzan makes a save (Standing)" minute="86" period="2" second="40" time="89" type="save made" type_id="10"/>
	<message comment="Luke Moore misses attempt (Out of box, Right footed, Open play)" minute="84" period="2" second="54" time="87" type="attempt missed" type_id="13"/>
	<message comment="Michel Vorm makes a save (Collected)" minute="83" period="2" second="53" time="86" type="save made" type_id="10"/>
	<message comment="Matthew Lowton has attempt saved (Low to the centre, Out of box, Right footed, Open play)" minute="83" period="2" second="52" time="86" type="attempt blocked" type_id="15"/>
	<message comment="Karim El Ahmadi has attempt saved (Low to the right, 18-yard box, Right footed, Open play)" minute="82" period="2" second="17" time="85" type="attempt blocked" type_id="15"/>
	<message comment="Michel Vorm makes a save (Standing, Parried safe)" minute="82" period="2" second="16" time="85" type="save made" type_id="10"/>
	<message comment="Ron Vlaar blocks a shot" minute="80" period="2" second="48" time="83" type="save made" type_id="10"/>
	<message comment="Luke Moore has shot blocked (Out of box, Right footed, Open play)" minute="80" period="2" second="45" time="83" type="attempt blocked" type_id="15"/>
	<message comment="Itay Shechter is caught offside" minute="80" period="2" time="83" type="offside" type_id="10000"/>
	<message comment="Eric Lichaj recieves a yellow card" minute="79" period="2" second="58" time="82" type="card received" type_id="17"/>
	<message comment="Leon Britton is substituted off" minute="79" period="2" second="5" time="82" type="substitution off" type_id="18"/>
	<message comment="Itay Shechter is substituted on" minute="79" period="2" second="5" time="82" type="substitution on" type_id="19"/>
	<message comment="Brett Holman is substituted off" minute="78" period="2" second="48" time="81" type="substitution off" type_id="18"/>
	<message comment="Charles N'Zogbia is substituted on" minute="78" period="2" second="48" time="81" type="substitution on" type_id="19"/>
	<message comment="Darren Bent misses attempt (To the left, 18-yard box, Head, From corner)" minute="78" period="2" second="8" time="81" type="attempt missed" type_id="13"/>
	<message comment="Christian Benteke wins a corner (To the right)" minute="77" period="2" second="30" time="80" type="corner" type_id="6"/>
	<message comment="Ashley Williams blocks a shot" minute="77" period="2" second="29" time="80" type="save made" type_id="10"/>
	<message comment="Christian Benteke has shot blocked (18-yard box, Right footed, Open play)" minute="77" period="2" second="28" time="80" type="attempt blocked" type_id="15"/>
	<message comment="Michel Vorm makes a save" minute="73" period="2" second="57" time="76" type="save made" type_id="10"/>
	<message comment="Ciaran Clark has attempt saved (High to the centre, 18-yard box, Head, From corner)" minute="73" period="2" second="57" time="76" type="attempt blocked" type_id="15"/>
	<message comment="Ciaran Clark wins a corner (To the left)" minute="73" period="2" second="57" time="76" type="corner" type_id="6"/>
	<message comment="Christian Benteke wins a corner (To the right)" minute="73" period="2" second="27" time="76" type="corner" type_id="6"/>
	<message comment="Angel Rangel blocks a shot" minute="73" period="2" second="26" time="76" type="save made" type_id="10"/>
	<message comment="Christian Benteke has shot blocked (18-yard box, Right footed, Open play)" minute="73" period="2" second="25" time="76" type="attempt blocked" type_id="15"/>
	<message comment="Danny Graham is substituted off" minute="70" period="2" second="58" time="73" type="substitution off" type_id="18"/>
	<message comment="Luke Moore is substituted on" minute="70" period="2" second="58" time="73" type="substitution on" type_id="19"/>
	<message comment="Andreas Weimann is substituted off" minute="70" period="2" second="46" time="73" type="substitution off" type_id="18"/>
	<message comment="Christian Benteke is substituted on" minute="70" period="2" second="46" time="73" type="substitution on" type_id="19"/>
	<message comment="Stephen Ireland is substituted off" minute="70" period="2" second="21" time="73" type="substitution off" type_id="18"/>
	<message comment="Ashley Westwood is substituted on" minute="70" period="2" second="21" time="73" type="substitution on" type_id="19"/>
	<message comment="Ciaran Clark blocks a shot" minute="59" period="2" second="34" time="62" type="save made" type_id="10"/>
	<message comment="Danny Graham has shot blocked (18-yard box, Right footed, Open play)" minute="59" period="2" second="33" time="62" type="attempt blocked" type_id="15"/>
	<message comment="Wayne Routledge is substituted off" minute="57" period="2" second="6" time="60" type="substitution off" type_id="18"/>
	<message comment="Pablo Hernández is substituted on" minute="57" period="2" second="6" time="60" type="substitution on" type_id="19"/>
	<message comment="Andreas Weimann misses attempt (To the right, 18-yard box, Left footed, Open play)" minute="55" period="2" second="40" time="58" type="attempt missed" type_id="13"/>
	<message comment="Andreas Weimann has shot blocked (6-yard box, Right footed, From corner)" minute="53" period="2" second="53" time="56" type="attempt blocked" type_id="15"/>
	<message comment="Leon Britton blocks a shot (Last line)" minute="53" period="2" second="52" time="56" type="save made" type_id="10"/>
	<message comment="Ciaran Clark wins a corner (To the left)" minute="53" period="2" second="25" time="56" type="corner" type_id="6"/>
	<message comment="Ashley Williams blocks a shot" minute="53" period="2" second="24" time="56" type="save made" type_id="10"/>
	<message comment="Ciaran Clark has shot blocked (18-yard box, Head, From corner)" minute="53" period="2" second="22" time="56" type="attempt blocked" type_id="15"/>
	<message comment="Darren Bent wins a corner (To the right)" minute="52" period="2" second="55" time="55" type="corner" type_id="6"/>
	<message comment="Alan Tate blocks a shot" minute="52" period="2" second="54" time="55" type="save made" type_id="10"/>
	<message comment="Darren Bent has shot blocked (Out of box, Right footed, Open play)" minute="52" period="2" second="53" time="55" type="attempt blocked" type_id="15"/>
	<message comment="Ciaran Clark wins a corner (To the right)" minute="52" period="2" second="1" time="55" type="corner" type_id="6"/>
	<message comment="Michel Vorm makes a save (Feet, Parried safe)" minute="51" period="2" second="59" time="54" type="save made" type_id="10"/>
	<message comment="Ciaran Clark has attempt saved (Low to the right, 6-yard box, Left footed, From corner)" minute="51" period="2" second="59" time="54" type="attempt blocked" type_id="15"/>
	<message comment="Barry Bannan wins a corner (To the left)" minute="51" period="2" second="28" time="54" type="corner" type_id="6"/>
	<message comment="Second half begins!" minute="45" period="2" second="0" time="48" type="start" type_id="32"/>
	<message comment="First half ends" minute="47" period="1" second="5" time="47" type="end" type_id="30"/>
	<message comment="Darren Bent is caught offside" minute="43" period="1" time="43" type="offside" type_id="10000"/>
	<message comment="Michu recieves a yellow card" minute="39" period="1" second="27" time="39" type="card received" type_id="17"/>
	<message comment="Andreas Weimann wins a corner (To the right)" minute="38" period="1" second="23" time="38" type="corner" type_id="6"/>
	<message comment="Andreas Weimann has attempt saved (Low to the right, 18-yard box, Right footed, Open play)" minute="38" period="1" second="21" time="38" type="attempt blocked" type_id="15"/>
	<message comment="Michel Vorm makes a save (Parried safe, Diving)" minute="38" period="1" second="21" time="38" type="save made" type_id="10"/>
	<message comment="Matthew Lowton recieves a yellow card" minute="36" period="1" second="32" time="36" type="card received" type_id="17"/>
	<message comment="Brett Holman misses attempt (High, Out of box, Left footed, Open play)" minute="27" period="1" second="51" time="27" type="attempt missed" type_id="13"/>
	<message comment="Michu misses attempt (High to the right, 18-yard box, Right footed, From corner)" minute="26" period="1" second="31" time="26" type="attempt missed" type_id="13"/>
	<message comment="Wayne Routledge wins a corner (To the right)" minute="26" period="1" second="5" time="26" type="corner" type_id="6"/>
	<message comment="Ciaran Clark recieves a yellow card" minute="24" period="1" second="29" time="24" type="card received" type_id="17"/>
	<message comment="Ron Vlaar blocks a shot" minute="17" period="1" second="49" time="17" type="save made" type_id="10"/>
	<message comment="Michu has shot blocked (Out of box, Left footed, Open play)" minute="17" period="1" second="49" time="17" type="attempt blocked" type_id="15"/>
	<message comment="Andreas Weimann is caught offside" minute="17" period="1" time="17" type="offside" type_id="10000"/>
	<message comment="GOAL! Matthew Lowton scores  (Low to the centre, Out of box, Left footed, From corner)" minute="15" period="1" second="15" time="15" type="goal scored" type_id="16"/>
	<message comment="Stephen Ireland wins a corner (To the right)" minute="14" period="1" second="45" time="14" type="corner" type_id="6"/>
	<message comment="Brett Holman wins a corner (To the right)" minute="13" period="1" second="6" time="13" type="corner" type_id="6"/>
	<message comment="Jonathan de Guzmán wins a corner (To the right)" minute="9" period="1" second="49" time="9" type="corner" type_id="6"/>
	<message comment="Brad Guzan makes a save (Parried safe, Diving)" minute="9" period="1" second="47" time="9" type="save made" type_id="10"/>
	<message comment="Nathan Dyer has attempt saved (High to the right, Out of box, Right footed, Open play)" minute="9" period="1" second="47" time="9" type="attempt blocked" type_id="15"/>
	<message comment="Brad Guzan makes a save (Parried into danger)" minute="9" period="1" second="37" time="9" type="save made" type_id="10"/>
	<message comment="Ashley Williams has attempt saved (High to the left, 18-yard box, Head, From corner)" minute="9" period="1" second="37" time="9" type="attempt blocked" type_id="15"/>
	<message comment="Nathan Dyer wins a corner (To the right)" minute="9" period="1" second="12" time="9" type="corner" type_id="6"/>
	<message comment="Formation Set" minute="0" period="14" second="0" time="7" type="end" type_id="30"/>
	<message comment="Angel Rangel wins a corner (To the right)" minute="5" period="1" second="25" time="5" type="corner" type_id="6"/>
	<message comment="Ashley Williams blocks a shot" minute="0" period="1" second="43" time="0" type="save made" type_id="10"/>
	<message comment="Andreas Weimann has shot blocked (18-yard box, Right footed, Open play)" minute="0" period="1" second="43" time="0" type="attempt blocked" type_id="15"/>
	<message comment="First half begins!" minute="0" period="1" second="0" time="0" type="start" type_id="32"/>
</Commentary>
