<?xml version="1.0" ?>
<Commentary away_team_name="Birmingham" competition="English Premier League" game_date="2010-12-04" home_team_name="Tottenham" lang_id="en" season="Season 2010/2011" season_id="2010" sport_id="1" sport_name="Football">
	<message comment="Second half ends" minute="94" period="2" second="0" time="96" type="end" type_id="30"/>
	<message comment="William Gallas is caught offside" minute="86" period="2" time="88" type="offside" type_id="10000"/>
	<message comment="Ben Foster makes a save" minute="84" period="2" second="9" time="86" type="save made" type_id="10"/>
	<message comment="Peter Crouch has attempt saved (High to the centre, 18-yard box, Right footed, Open play)" minute="84" period="2" second="9" time="86" type="attempt blocked" type_id="15"/>
	<message comment="Roman Pavlyuchenko wins a corner (To the right)" minute="83" period="2" second="16" time="85" type="corner" type_id="6"/>
	<message comment="Roman Pavlyuchenko misses attempt (To the left, Out of box, Left footed, Open play)" minute="81" period="2" second="40" time="83" type="attempt missed" type_id="13"/>
	<message comment="GOAL! Craig Gardner scores , Assisted by Nikola Zigic (Low to the left, 18-yard box, Big Chance, Head, Open play)" minute="80" period="2" second="36" time="82" type="goal scored" type_id="16"/>
	<message comment="Jean Beausejour is substituted off" minute="80" period="2" second="8" time="82" type="substitution off" type_id="18"/>
	<message comment="David Murphy is substituted on" minute="80" period="2" second="8" time="82" type="substitution on" type_id="19"/>
	<message comment="Liam Ridgewell has attempt saved (Low to the centre, 18-yard box, Big Chance, Right footed, Set piece)" minute="78" period="2" second="18" time="80" type="attempt blocked" type_id="15"/>
	<message comment="Heurelho Gomes makes a save (Diving, Parried into danger)" minute="78" period="2" second="18" time="80" type="save made" type_id="10"/>
	<message comment="Jermain Defoe is substituted off" minute="78" period="2" second="3" time="80" type="substitution off" type_id="18"/>
	<message comment="Roman Pavlyuchenko is substituted on" minute="78" period="2" second="3" time="80" type="substitution on" type_id="19"/>
	<message comment="Cameron Jerome misses attempt (High to the right, Out of box, Right footed, Open play)" minute="76" period="2" second="23" time="78" type="attempt missed" type_id="13"/>
	<message comment="Sebastian Larsson has attempt saved (Low to the left, Out of box, Right footed, Open play)" minute="74" period="2" second="18" time="76" type="attempt blocked" type_id="15"/>
	<message comment="Heurelho Gomes makes a save (Collected, Diving)" minute="74" period="2" second="18" time="76" type="save made" type_id="10"/>
	<message comment="Jermain Defoe misses attempt (To the left, 18-yard box, Right footed, Open play)" minute="73" period="2" second="57" time="75" type="attempt missed" type_id="13"/>
	<message comment="Gareth Bale has attempt saved (Low to the left, 18-yard box, Left footed, Open play)" minute="72" period="2" second="45" time="74" type="attempt blocked" type_id="15"/>
	<message comment="Ben Foster makes a save (Parried safe, Diving)" minute="72" period="2" second="45" time="74" type="save made" type_id="10"/>
	<message comment="Sebastian Larsson is substituted on" minute="71" period="2" second="20" time="73" type="substitution on" type_id="19"/>
	<message comment="Lee Bowyer is substituted off" minute="71" period="2" second="20" time="73" type="substitution off" type_id="18"/>
	<message comment="Liam Ridgewell misses attempt (To the left, 18-yard box, Head, From corner)" minute="67" period="2" second="25" time="69" type="attempt missed" type_id="13"/>
	<message comment="Cameron Jerome wins a corner (To the left)" minute="67" period="2" second="8" time="69" type="corner" type_id="6"/>
	<message comment="Cameron Jerome has shot blocked (18-yard box, Right footed, Set piece)" minute="67" period="2" second="6" time="69" type="attempt blocked" type_id="15"/>
	<message comment="William Gallas blocks a shot" minute="67" period="2" second="6" time="69" type="save made" type_id="10"/>
	<message comment="Craig Gardner misses attempt (High, Out of box, Right footed, Open play)" minute="63" period="2" second="51" time="65" type="attempt missed" type_id="13"/>
	<message comment="Jermain Defoe misses attempt (18-yard box, Left footed, Open play)" minute="63" period="2" second="7" time="65" type="attempt missed" type_id="13"/>
	<message comment="Peter Crouch misses attempt (To the right, 18-yard box, Head, From corner)" minute="61" period="2" second="51" time="63" type="attempt missed" type_id="13"/>
	<message comment="Gareth Bale wins a corner (To the left)" minute="61" period="2" second="30" time="63" type="corner" type_id="6"/>
	<message comment="Gareth Bale wins a corner (To the left)" minute="61" period="2" second="13" time="63" type="corner" type_id="6"/>
	<message comment="Gareth Bale wins a corner (To the left)" minute="60" period="2" second="25" time="62" type="corner" type_id="6"/>
	<message comment="Nikola Zigic is substituted on" minute="59" period="2" second="58" time="61" type="substitution on" type_id="19"/>
	<message comment="Keith Fahey is substituted off" minute="59" period="2" second="58" time="61" type="substitution off" type_id="18"/>
	<message comment="Jermain Defoe is caught offside" minute="58" period="2" time="60" type="offside" type_id="10000"/>
	<message comment="Luka Modric wins a corner (To the right)" minute="56" period="2" second="56" time="58" type="corner" type_id="6"/>
	<message comment="Craig Gardner has attempt saved (Low to the right, 18-yard box, Head, Open play)" minute="56" period="2" second="23" time="58" type="attempt blocked" type_id="15"/>
	<message comment="Heurelho Gomes makes a save (Diving)" minute="56" period="2" second="23" time="58" type="save made" type_id="10"/>
	<message comment="Ben Foster makes a save (Standing)" minute="55" period="2" second="9" time="57" type="save made" type_id="10"/>
	<message comment="Gareth Bale has attempt saved (High to the right, Out of box, Left footed, Free kick)" minute="55" period="2" second="9" time="57" type="attempt blocked" type_id="15"/>
	<message comment="Jermain Defoe wins a corner (To the right)" minute="52" period="2" second="39" time="54" type="corner" type_id="6"/>
	<message comment="Ben Foster makes a save (Parried safe, Diving, From shot off target)" minute="52" period="2" second="36" time="54" type="save made" type_id="10"/>
	<message comment="Liam Ridgewell blocks a shot" minute="52" period="2" second="35" time="54" type="save made" type_id="10"/>
	<message comment="Jermain Defoe has shot blocked (Out of box, Right footed, Open play)" minute="52" period="2" second="35" time="54" type="attempt blocked" type_id="15"/>
	<message comment="Jean Beausejour wins a corner (To the left)" minute="50" period="2" second="23" time="52" type="corner" type_id="6"/>
	<message comment="Lee Bowyer misses attempt (High to the right, Out of box, Right footed, Open play)" minute="49" period="2" second="41" time="51" type="attempt missed" type_id="13"/>
	<message comment="Second half begins!" minute="45" period="2" second="0" time="47" type="start" type_id="32"/>
	<message comment="First half ends" minute="46" period="1" second="7" time="46" type="end" type_id="30"/>
	<message comment="Lee Bowyer misses attempt (High to the left, Out of box, Left footed, Throw-in)" minute="43" period="1" second="41" time="43" type="attempt missed" type_id="13"/>
	<message comment="Wilson Palacios recieves a yellow card" minute="35" period="1" second="30" time="35" type="card received" type_id="17"/>
	<message comment="Craig Gardner misses attempt (Out of box, Right footed, Set piece)" minute="32" period="1" second="41" time="32" type="attempt missed" type_id="13"/>
	<message comment="Keith Fahey wins a corner (To the right)" minute="30" period="1" second="52" time="30" type="corner" type_id="6"/>
	<message comment="Jean Beausejour misses attempt (To the right, 18-yard box, Head, Open play)" minute="29" period="1" second="53" time="29" type="attempt missed" type_id="13"/>
	<message comment="Roger Johnson blocks a shot" minute="26" period="1" second="6" time="26" type="save made" type_id="10"/>
	<message comment="Luka Modric has shot blocked (18-yard box, Right footed, From corner)" minute="26" period="1" second="6" time="26" type="attempt blocked" type_id="15"/>
	<message comment="Aaron Lennon wins a corner (To the left)" minute="25" period="1" second="26" time="25" type="corner" type_id="6"/>
	<message comment="Gareth Bale wins a corner (To the left)" minute="24" period="1" second="50" time="24" type="corner" type_id="6"/>
	<message comment="Alan Hutton wins a corner (To the left)" minute="20" period="1" second="42" time="20" type="corner" type_id="6"/>
	<message comment="GOAL! Sebastien Bassong scores  (High to the centre, 6-yard box, Big Chance, Left footed, Set piece)" minute="18" period="1" second="18" time="18" type="goal scored" type_id="16"/>
	<message comment="Liam Ridgewell recieves a yellow card" minute="17" period="1" second="41" time="17" type="card received" type_id="17"/>
	<message comment="Wilson Palacios wins a corner (To the right)" minute="16" period="1" second="6" time="16" type="corner" type_id="6"/>
	<message comment="Barry Ferguson blocks a shot" minute="16" period="1" second="4" time="16" type="save made" type_id="10"/>
	<message comment="Wilson Palacios has shot blocked (Out of box, Right footed, Open play)" minute="16" period="1" second="4" time="16" type="attempt blocked" type_id="15"/>
	<message comment="Roger Johnson misses attempt (To the left, 18-yard box, Head, From corner)" minute="10" period="1" second="1" time="10" type="attempt missed" type_id="13"/>
	<message comment="Stephen Carr wins a corner (To the right)" minute="9" period="1" second="37" time="9" type="corner" type_id="6"/>
	<message comment="Peter Crouch misses attempt (To the left, Out of box, Right footed, Open play)" minute="8" period="1" second="41" time="8" type="attempt missed" type_id="13"/>
	<message comment="Lee Bowyer wins a corner (To the left)" minute="7" period="1" second="53" time="7" type="corner" type_id="6"/>
	<message comment="Jean Beausejour wins a corner (To the left)" minute="7" period="1" second="28" time="7" type="corner" type_id="6"/>
	<message comment="Formation Set" minute="0" period="14" second="0" time="6" type="end" type_id="30"/>
	<message comment="Stephen Carr misses attempt (High to the left, 18-yard box, Right footed, Open play)" minute="5" period="1" second="28" time="5" type="attempt missed" type_id="13"/>
	<message comment="Jermain Defoe is caught offside" minute="5" period="1" time="5" type="offside" type_id="10000"/>
	<message comment="Peter Crouch misses attempt (To the right, 18-yard box, Head, From corner)" minute="4" period="1" second="0" time="4" type="attempt missed" type_id="13"/>
	<message comment="Peter Crouch wins a corner (To the left)" minute="3" period="1" second="35" time="3" type="corner" type_id="6"/>
	<message comment="Peter Crouch misses attempt (18-yard box, Right footed, Open play)" minute="3" period="1" second="34" time="3" type="attempt missed" type_id="13"/>
	<message comment="Ben Foster makes a save (Diving, Parried safe, From shot off target)" minute="3" period="1" second="34" time="3" type="save made" type_id="10"/>
	<message comment="First half begins!" minute="0" period="1" second="0" time="0" type="start" type_id="32"/>
</Commentary>
