<?xml version="1.0" ?>
<Commentary away_team_name="Birmingham" competition="English Premier League" game_date="2011-05-15" home_team_name="Fulham" lang_id="en" season="Season 2010/2011" season_id="2010" sport_id="1" sport_name="Football">
	<message comment="Second half ends" minute="92" period="2" second="7" time="94" type="end" type_id="30"/>
	<message comment="Kevin Phillips is caught offside" minute="91" period="2" time="93" type="offside" type_id="10000"/>
	<message comment="Clint Dempsey is substituted off" minute="88" period="2" second="49" time="90" type="substitution off" type_id="18"/>
	<message comment="Zoltán Gera is substituted on" minute="88" period="2" second="49" time="90" type="substitution on" type_id="19"/>
	<message comment="Clint Dempsey recieves a yellow card" minute="87" period="2" second="56" time="89" type="card received" type_id="17"/>
	<message comment="Eidur Gudjohnsen recieves a yellow card" minute="77" period="2" second="9" time="79" type="card received" type_id="17"/>
	<message comment="Kevin Phillips misses attempt (High to the right, 18-yard box, Head, Open play)" minute="76" period="2" second="7" time="78" type="attempt missed" type_id="13"/>
	<message comment="Danny Murphy is substituted off" minute="71" period="2" second="23" time="73" type="substitution off" type_id="18"/>
	<message comment="Dickson Etuhu is substituted on" minute="71" period="2" second="23" time="73" type="substitution on" type_id="19"/>
	<message comment="Matt Derbyshire is caught offside" minute="71" period="2" time="73" type="offside" type_id="10000"/>
	<message comment="Kevin Phillips is caught offside" minute="68" period="2" time="70" type="offside" type_id="10000"/>
	<message comment="Martin Jiranek is substituted off" minute="66" period="2" second="39" time="68" type="substitution off" type_id="18"/>
	<message comment="Curtis Davies is substituted on" minute="66" period="2" second="39" time="68" type="substitution on" type_id="19"/>
	<message comment="David Bentley misses attempt (To the left, Out of box, Right footed, Throw-in)" minute="66" period="2" second="22" time="68" type="attempt missed" type_id="13"/>
	<message comment="Danny Murphy recieves a yellow card" minute="66" period="2" second="0" time="68" type="card received" type_id="17"/>
	<message comment="David Bentley wins a corner (To the left)" minute="65" period="2" second="9" time="67" type="corner" type_id="6"/>
	<message comment="Brede Hangeland blocks a shot" minute="65" period="2" second="8" time="67" type="save made" type_id="10"/>
	<message comment="David Bentley has shot blocked (Out of box, Left footed, Open play)" minute="65" period="2" second="8" time="67" type="attempt blocked" type_id="15"/>
	<message comment="Jean Beausejour misses attempt (18-yard box, Head, From corner)" minute="63" period="2" second="21" time="65" type="attempt missed" type_id="13"/>
	<message comment="Roger Johnson wins a corner (To the right)" minute="62" period="2" second="58" time="64" type="corner" type_id="6"/>
	<message comment="Carlos Salcido recieves a yellow card" minute="62" period="2" second="20" time="64" type="card received" type_id="17"/>
	<message comment="Jean Beausejour misses attempt (High to the left, Out of box, Left footed, Open play)" minute="60" period="2" second="29" time="62" type="attempt missed" type_id="13"/>
	<message comment="Andrew Johnson recieves a yellow card" minute="59" period="2" second="9" time="61" type="card received" type_id="17"/>
	<message comment="Clint Dempsey has attempt saved (Low to the centre, 18-yard box, Right footed, Open play)" minute="57" period="2" second="33" time="59" type="attempt blocked" type_id="15"/>
	<message comment="Ben Foster makes a save" minute="57" period="2" second="33" time="59" type="save made" type_id="10"/>
	<message comment="Steve Sidwell has shot blocked (Out of box, Right footed, Open play)" minute="57" period="2" second="27" time="59" type="attempt blocked" type_id="15"/>
	<message comment="Martin Jiranek blocks a shot" minute="57" period="2" second="27" time="59" type="save made" type_id="10"/>
	<message comment="Stuart Parnaby is substituted off" minute="55" period="2" second="20" time="57" type="substitution off" type_id="18"/>
	<message comment="Jean Beausejour is substituted on" minute="55" period="2" second="20" time="57" type="substitution on" type_id="19"/>
	<message comment="Jonathan Greening wins a corner (To the left)" minute="52" period="2" second="37" time="54" type="corner" type_id="6"/>
	<message comment="Steve Sidwell misses attempt (High to the right, Out of box, Right footed, Open play)" minute="51" period="2" second="47" time="53" type="attempt missed" type_id="13"/>
	<message comment="Ben Foster makes a save (Diving, Parried safe)" minute="50" period="2" second="51" time="52" type="save made" type_id="10"/>
	<message comment="Eidur Gudjohnsen has attempt saved (Low to the left, 18-yard box, Right footed, Open play)" minute="50" period="2" second="51" time="52" type="attempt blocked" type_id="15"/>
	<message comment="Lee Bowyer is substituted off" minute="49" period="2" second="36" time="51" type="substitution off" type_id="18"/>
	<message comment="Aliaksandr Hleb is substituted on" minute="49" period="2" second="36" time="51" type="substitution on" type_id="19"/>
	<message comment="Bobby Zamora is substituted off" minute="49" period="2" second="10" time="51" type="substitution off" type_id="18"/>
	<message comment="Eidur Gudjohnsen is substituted on" minute="49" period="2" second="10" time="51" type="substitution on" type_id="19"/>
	<message comment="GOAL! Brede Hangeland scores  (High to the right, 18-yard box, Big Chance, Left footed, From corner)" minute="48" period="2" second="10" time="50" type="goal scored" type_id="16"/>
	<message comment="Bobby Zamora has shot blocked (6-yard box, Big Chance, Head, From corner)" minute="48" period="2" second="8" time="50" type="attempt blocked" type_id="15"/>
	<message comment="Barry Ferguson blocks a shot (Last line)" minute="48" period="2" second="8" time="50" type="save made" type_id="10"/>
	<message comment="Steve Sidwell wins a corner (To the right)" minute="47" period="2" second="31" time="49" type="corner" type_id="6"/>
	<message comment="Steve Sidwell hits the woodwork (To the right, 18-yard box, Right footed, Open play)" minute="47" period="2" second="27" time="49" type="woodwork hit" type_id="14"/>
	<message comment="Bobby Zamora has attempt saved (Low to the centre, Out of box, Right footed, Open play)" minute="47" period="2" second="5" time="49" type="attempt blocked" type_id="15"/>
	<message comment="Ben Foster makes a save" minute="47" period="2" second="5" time="49" type="save made" type_id="10"/>
	<message comment="Bobby Zamora has attempt saved (Low to the centre, 18-yard box, Big Chance, Head, Open play)" minute="46" period="2" second="30" time="48" type="attempt blocked" type_id="15"/>
	<message comment="Ben Foster makes a save (Standing)" minute="46" period="2" second="30" time="48" type="save made" type_id="10"/>
	<message comment="Second half begins!" minute="45" period="2" second="0" time="47" type="start" type_id="32"/>
	<message comment="First half ends" minute="46" period="1" second="28" time="46" type="end" type_id="30"/>
	<message comment="Sebastian Larsson wins a corner (To the right)" minute="40" period="1" second="57" time="40" type="corner" type_id="6"/>
	<message comment="Kevin Phillips wins a corner (To the left)" minute="40" period="1" second="33" time="40" type="corner" type_id="6"/>
	<message comment="Kevin Phillips misses attempt (To the left, 18-yard box, Head, Open play)" minute="40" period="1" second="30" time="40" type="attempt missed" type_id="13"/>
	<message comment="Sebastian Larsson is caught offside" minute="37" period="1" time="37" type="offside" type_id="10000"/>
	<message comment="Matt Derbyshire is caught offside" minute="34" period="1" time="34" type="offside" type_id="10000"/>
	<message comment="Martin Jiranek hits the woodwork (To the right, 18-yard box, Other body part, Open play)" minute="33" period="1" second="6" time="33" type="woodwork hit" type_id="14"/>
	<message comment="Roger Johnson wins a corner (To the right)" minute="32" period="1" second="19" time="32" type="corner" type_id="6"/>
	<message comment="Roger Johnson misses attempt (18-yard box, Head, Set piece)" minute="32" period="1" second="17" time="32" type="attempt missed" type_id="13"/>
	<message comment="Jonathan Greening wins a corner (To the right)" minute="30" period="1" second="52" time="30" type="corner" type_id="6"/>
	<message comment="Jonathan Greening has attempt saved (Low to the left, Out of box, Right footed, Open play)" minute="30" period="1" second="47" time="30" type="attempt blocked" type_id="15"/>
	<message comment="Ben Foster makes a save (Parried into danger, Diving)" minute="30" period="1" second="47" time="30" type="save made" type_id="10"/>
	<message comment="Bobby Zamora hits the woodwork (To the left, 18-yard box, Big Chance, Head, Set piece)" minute="29" period="1" second="45" time="29" type="woodwork hit" type_id="14"/>
	<message comment="Steve Sidwell has attempt saved (Low to the centre, Out of box, Right footed, Open play)" minute="17" period="1" second="22" time="17" type="attempt blocked" type_id="15"/>
	<message comment="Ben Foster makes a save" minute="17" period="1" second="22" time="17" type="save made" type_id="10"/>
	<message comment="Clint Dempsey misses attempt (To the right, 18-yard box, Head, Open play)" minute="16" period="1" second="4" time="16" type="attempt missed" type_id="13"/>
	<message comment="Aaron Hughes blocks a shot" minute="13" period="1" second="3" time="13" type="save made" type_id="10"/>
	<message comment="Stuart Parnaby has shot blocked (Out of box, Right footed, Open play)" minute="13" period="1" second="3" time="13" type="attempt blocked" type_id="15"/>
	<message comment="Andrew Johnson has shot blocked (Out of box, Right footed, Open play)" minute="12" period="1" second="30" time="12" type="attempt blocked" type_id="15"/>
	<message comment="Roger Johnson blocks a shot" minute="12" period="1" second="30" time="12" type="save made" type_id="10"/>
	<message comment="Mark Schwarzer makes a save (Standing)" minute="12" period="1" second="10" time="12" type="save made" type_id="10"/>
	<message comment="David Bentley has attempt saved (High to the centre, Out of box, Right footed, Open play)" minute="12" period="1" second="10" time="12" type="attempt blocked" type_id="15"/>
	<message comment="Andrew Johnson misses attempt (To the right, 6-yard box, Big Chance, Head, Open play)" minute="11" period="1" second="12" time="11" type="attempt missed" type_id="13"/>
	<message comment="David Bentley misses attempt (Out of box, Right footed, Open play)" minute="9" period="1" second="49" time="9" type="attempt missed" type_id="13"/>
	<message comment="Clint Dempsey misses attempt (To the right, Out of box, Right footed, Open play)" minute="8" period="1" second="42" time="8" type="attempt missed" type_id="13"/>
	<message comment="Clint Dempsey has shot blocked (Out of box, Left footed, Open play)" minute="8" period="1" second="23" time="8" type="attempt blocked" type_id="15"/>
	<message comment="Stephen Carr blocks a shot" minute="8" period="1" second="23" time="8" type="save made" type_id="10"/>
	<message comment="Andrew Johnson wins a corner (To the right)" minute="5" period="1" second="10" time="5" type="corner" type_id="6"/>
	<message comment="Andrew Johnson has shot blocked (Out of box, Right footed, Open play)" minute="5" period="1" second="7" time="5" type="attempt blocked" type_id="15"/>
	<message comment="Roger Johnson blocks a shot" minute="5" period="1" second="7" time="5" type="save made" type_id="10"/>
	<message comment="GOAL! Brede Hangeland scores , Assisted by Jonathan Greening (High to the right, 6-yard box, Big Chance, Head, From corner)" minute="4" period="1" second="17" time="4" type="goal scored" type_id="16"/>
	<message comment="Formation Set" minute="0" period="14" second="0" time="4" type="end" type_id="30"/>
	<message comment="Mark Schwarzer wins a corner (To the left)" minute="3" period="1" second="53" time="3" type="corner" type_id="6"/>
	<message comment="Clint Dempsey misses attempt (High, 6-yard box, Big Chance, Right footed, Open play)" minute="1" period="1" second="13" time="1" type="attempt missed" type_id="13"/>
	<message comment="Ben Foster makes a save (Standing)" minute="0" period="1" second="11" time="0" type="save made" type_id="10"/>
	<message comment="Danny Murphy has attempt saved (High to the right, Out of box, Right footed, Open play)" minute="0" period="1" second="11" time="0" type="attempt blocked" type_id="15"/>
	<message comment="First half begins!" minute="0" period="1" second="0" time="0" type="start" type_id="32"/>
</Commentary>
