<?xml version="1.0" ?>
<Commentary away_team_name="Birmingham" competition="English Premier League" game_date="2011-01-16" home_team_name="Aston Villa" lang_id="en" season="Season 2010/2011" season_id="2010" sport_id="1" sport_name="Football">
	<message comment="Second half ends" minute="93" period="2" second="37" time="96" type="end" type_id="30"/>
	<message comment="Nikola Zigic misses attempt (18-yard box, Big Chance, Head, Set piece)" minute="91" period="2" second="52" time="94" type="attempt missed" type_id="13"/>
	<message comment="Nikola Zigic is caught offside" minute="89" period="2" time="92" type="offside" type_id="10000"/>
	<message comment="David Bentley misses attempt (High, Out of box, Right footed, Open play)" minute="88" period="2" second="22" time="91" type="attempt missed" type_id="13"/>
	<message comment="Barry Bannan wins a corner (To the right)" minute="87" period="2" second="20" time="90" type="corner" type_id="6"/>
	<message comment="James Collins recieves a yellow card" minute="85" period="2" second="35" time="88" type="card received" type_id="17"/>
	<message comment="James Collins misses attempt (18-yard box, Head, From corner)" minute="85" period="2" second="24" time="88" type="attempt missed" type_id="13"/>
	<message comment="Nathan Delfouneso wins a corner (To the left)" minute="84" period="2" second="56" time="87" type="corner" type_id="6"/>
	<message comment="Ben Foster makes a save" minute="84" period="2" second="52" time="87" type="save made" type_id="10"/>
	<message comment="Nathan Delfouneso has attempt saved (High to the centre, Out of box, Right footed, Open play)" minute="84" period="2" second="52" time="87" type="attempt blocked" type_id="15"/>
	<message comment="Matt Derbyshire is substituted off" minute="83" period="2" second="42" time="86" type="substitution off" type_id="18"/>
	<message comment="Lee Bowyer is substituted on" minute="83" period="2" second="42" time="86" type="substitution on" type_id="19"/>
	<message comment="James Collins misses attempt (6-yard box, Big Chance, Right footed, From corner)" minute="83" period="2" second="10" time="86" type="attempt missed" type_id="13"/>
	<message comment="Richard Dunne has shot blocked (6-yard box, Head, From corner)" minute="83" period="2" second="8" time="86" type="attempt blocked" type_id="15"/>
	<message comment="Liam Ridgewell blocks a shot (Last line)" minute="83" period="2" second="8" time="86" type="save made" type_id="10"/>
	<message comment="Marc Albrighton wins a corner (To the right)" minute="82" period="2" second="27" time="85" type="corner" type_id="6"/>
	<message comment="David Bentley misses attempt (Out of box, Right footed, Free kick)" minute="80" period="2" second="50" time="83" type="attempt missed" type_id="13"/>
	<message comment="David Bentley misses attempt (Out of box, Left footed, Open play)" minute="79" period="2" second="2" time="82" type="attempt missed" type_id="13"/>
	<message comment="Barry Ferguson has shot blocked (Out of box, Right footed, Open play)" minute="78" period="2" second="46" time="81" type="attempt blocked" type_id="15"/>
	<message comment="James Collins blocks a shot" minute="78" period="2" second="46" time="81" type="save made" type_id="10"/>
	<message comment="David Murphy wins a corner (To the left)" minute="77" period="2" second="39" time="80" type="corner" type_id="6"/>
	<message comment="David Murphy has shot blocked (18-yard box, Left footed, Open play)" minute="77" period="2" second="36" time="80" type="attempt blocked" type_id="15"/>
	<message comment="James Collins blocks a shot" minute="77" period="2" second="36" time="80" type="save made" type_id="10"/>
	<message comment="Matt Derbyshire has shot blocked (6-yard box, Left footed, Open play)" minute="77" period="2" second="33" time="80" type="attempt blocked" type_id="15"/>
	<message comment="Richard Dunne blocks a shot (Last line)" minute="77" period="2" second="33" time="80" type="save made" type_id="10"/>
	<message comment="Aliaksandr Hleb is substituted off" minute="75" period="2" second="48" time="78" type="substitution off" type_id="18"/>
	<message comment="Nikola Zigic is substituted on" minute="75" period="2" second="48" time="78" type="substitution on" type_id="19"/>
	<message comment="Stewart Downing has attempt saved (Low to the centre, 18-yard box, Big Chance, Left footed, Open play)" minute="75" period="2" second="20" time="78" type="attempt blocked" type_id="15"/>
	<message comment="Ben Foster makes a save (Diving, Feet, Parried safe)" minute="75" period="2" second="20" time="78" type="save made" type_id="10"/>
	<message comment="GOAL! James Collins scores  (Low to the right, 18-yard box, Right footed, Open play)" minute="72" period="2" second="23" time="75" type="goal scored" type_id="16"/>
	<message comment="John Carew is substituted off" minute="70" period="2" second="56" time="73" type="substitution off" type_id="18"/>
	<message comment="Nathan Delfouneso is substituted on" minute="70" period="2" second="56" time="73" type="substitution on" type_id="19"/>
	<message comment="Nigel Reo-Coker is substituted off" minute="70" period="2" second="42" time="73" type="substitution off" type_id="18"/>
	<message comment="Barry Bannan is substituted on" minute="70" period="2" second="42" time="73" type="substitution on" type_id="19"/>
	<message comment="Ben Foster makes a save (Diving, From shot off target)" minute="64" period="2" second="9" time="67" type="save made" type_id="10"/>
	<message comment="Stewart Downing misses attempt (Out of box, Left footed, Open play)" minute="64" period="2" second="7" time="67" type="attempt missed" type_id="13"/>
	<message comment="Marc Albrighton wins a corner (To the right)" minute="63" period="2" second="37" time="66" type="corner" type_id="6"/>
	<message comment="Stephen Carr recieves a yellow card" minute="63" period="2" second="7" time="66" type="card received" type_id="17"/>
	<message comment="Stewart Downing misses attempt (Out of box, Left footed, Free kick)" minute="60" period="2" second="35" time="63" type="attempt missed" type_id="13"/>
	<message comment="Craig Gardner misses attempt (To the right, 18-yard box, Left footed, Open play)" minute="59" period="2" second="20" time="62" type="attempt missed" type_id="13"/>
	<message comment="Brad Friedel makes a save (Parried into danger, Diving)" minute="58" period="2" second="49" time="61" type="save made" type_id="10"/>
	<message comment="Matt Derbyshire has attempt saved (Low to the left, 18-yard box, Right footed, Open play)" minute="58" period="2" second="49" time="61" type="attempt blocked" type_id="15"/>
	<message comment="Stiliyan Petrov misses attempt (Out of box, Right footed, Free kick)" minute="55" period="2" second="2" time="58" type="attempt missed" type_id="13"/>
	<message comment="Ciaran Clark wins a corner (To the right)" minute="53" period="2" second="56" time="56" type="corner" type_id="6"/>
	<message comment="James Collins misses attempt (To the right, Out of box, Right footed, Open play)" minute="51" period="2" second="58" time="54" type="attempt missed" type_id="13"/>
	<message comment="GOAL! Roger Johnson scores  (Low to the left, 18-yard box, Big Chance, Right footed, Set piece)" minute="48" period="2" second="35" time="51" type="goal scored" type_id="16"/>
	<message comment="Kyle Walker blocks a shot" minute="48" period="2" second="34" time="51" type="save made" type_id="10"/>
	<message comment="David Murphy has shot blocked (18-yard box, Right footed, Set piece)" minute="48" period="2" second="34" time="51" type="attempt blocked" type_id="15"/>
	<message comment="Craig Gardner misses attempt (To the left, Out of box, Key pass, Right footed, Free kick)" minute="48" period="2" second="32" time="51" type="attempt missed" type_id="13"/>
	<message comment="Liam Ridgewell blocks a shot" minute="47" period="2" second="6" time="50" type="save made" type_id="10"/>
	<message comment="John Carew has shot blocked (18-yard box, Right footed, Open play)" minute="47" period="2" second="6" time="50" type="attempt blocked" type_id="15"/>
	<message comment="Second half begins!" minute="45" period="2" second="0" time="48" type="start" type_id="32"/>
	<message comment="First half ends" minute="47" period="1" second="57" time="47" type="end" type_id="30"/>
	<message comment="John Carew is caught offside" minute="46" period="1" time="46" type="offside" type_id="10000"/>
	<message comment="Ciaran Clark blocks a shot" minute="45" period="1" second="58" time="45" type="save made" type_id="10"/>
	<message comment="David Bentley has shot blocked (Out of box, Left footed, Open play)" minute="45" period="1" second="58" time="45" type="attempt blocked" type_id="15"/>
	<message comment="Marc Albrighton misses attempt (Out of box, Right footed, Fast break)" minute="43" period="1" second="5" time="43" type="attempt missed" type_id="13"/>
	<message comment="Aliaksandr Hleb wins a corner (To the right)" minute="42" period="1" second="14" time="42" type="corner" type_id="6"/>
	<message comment="Aliaksandr Hleb misses attempt (18-yard box, Right footed, Open play)" minute="42" period="1" second="13" time="42" type="attempt missed" type_id="13"/>
	<message comment="Keith Fahey wins a corner (To the right)" minute="37" period="1" second="55" time="37" type="corner" type_id="6"/>
	<message comment="Stiliyan Petrov blocks a shot" minute="37" period="1" second="54" time="37" type="save made" type_id="10"/>
	<message comment="Keith Fahey has shot blocked (Out of box, Right footed, From corner)" minute="37" period="1" second="54" time="37" type="attempt blocked" type_id="15"/>
	<message comment="David Murphy wins a corner (To the left)" minute="37" period="1" second="24" time="37" type="corner" type_id="6"/>
	<message comment="Kyle Walker wins a corner (To the right)" minute="27" period="1" second="53" time="27" type="corner" type_id="6"/>
	<message comment="Keith Fahey has attempt saved (Low to the left, Out of box, Right footed, Open play)" minute="27" period="1" second="6" time="27" type="attempt blocked" type_id="15"/>
	<message comment="Brad Friedel makes a save (Collected)" minute="27" period="1" second="6" time="27" type="save made" type_id="10"/>
	<message comment="Keith Fahey misses attempt (High to the right, Out of box, Right footed, Open play)" minute="13" period="1" second="44" time="13" type="attempt missed" type_id="13"/>
	<message comment="John Carew hits the woodwork (High, 6-yard box, Head, Open play)" minute="8" period="1" second="2" time="8" type="woodwork hit" type_id="14"/>
	<message comment="Gabriel Agbonlahor has shot blocked (18-yard box, Key pass, Head, Open play)" minute="8" period="1" second="0" time="8" type="attempt blocked" type_id="15"/>
	<message comment="Richard Dunne misses attempt (18-yard box, Head, From corner)" minute="6" period="1" second="27" time="6" type="attempt missed" type_id="13"/>
	<message comment="Marc Albrighton wins a corner (To the right)" minute="6" period="1" second="4" time="6" type="corner" type_id="6"/>
	<message comment="Formation Set" minute="0" period="14" second="0" time="6" type="end" type_id="30"/>
	<message comment="Roger Johnson misses attempt (18-yard box, Head, From corner)" minute="5" period="1" second="11" time="5" type="attempt missed" type_id="13"/>
	<message comment="Matt Derbyshire wins a corner (To the left)" minute="4" period="1" second="51" time="4" type="corner" type_id="6"/>
	<message comment="Craig Gardner misses attempt (Out of box, Right footed, Set piece)" minute="3" period="1" second="35" time="3" type="attempt missed" type_id="13"/>
	<message comment="Richard Dunne recieves a yellow card" minute="2" period="1" second="59" time="2" type="card received" type_id="17"/>
	<message comment="Stewart Downing misses attempt (Out of box, Right footed, Open play)" minute="1" period="1" second="48" time="1" type="attempt missed" type_id="13"/>
	<message comment="Gabriel Agbonlahor misses attempt (High, 18-yard box, Big Chance, Right footed, Open play)" minute="0" period="1" second="31" time="0" type="attempt missed" type_id="13"/>
	<message comment="First half begins!" minute="0" period="1" second="0" time="0" type="start" type_id="32"/>
</Commentary>
