<?xml version="1.0" ?>
<Commentary away_team_name="Birmingham" competition="English Premier League" game_date="2011-04-16" home_team_name="Sunderland" lang_id="en" season="Season 2010/2011" season_id="2010" sport_id="1" sport_name="Football">
	<message comment="Second half ends" minute="94" period="2" second="7" time="97" type="end" type_id="30"/>
	<message comment="Matt Derbyshire misses attempt (To the right, 18-yard box, Big Chance, Left footed, Fast break)" minute="93" period="2" second="3" time="96" type="attempt missed" type_id="13"/>
	<message comment="Cameron Jerome is substituted off" minute="89" period="2" second="39" time="92" type="substitution off" type_id="18"/>
	<message comment="Matt Derbyshire is substituted on" minute="89" period="2" second="39" time="92" type="substitution on" type_id="19"/>
	<message comment="Sebastian Larsson is substituted off" minute="87" period="2" second="49" time="90" type="substitution off" type_id="18"/>
	<message comment="Keith Fahey is substituted on" minute="87" period="2" second="49" time="90" type="substitution on" type_id="19"/>
	<message comment="Asamoah Gyan is caught offside" minute="82" period="2" time="85" type="offside" type_id="10000"/>
	<message comment="Ryan Noble misses attempt (High, 18-yard box, Right footed, Open play)" minute="80" period="2" second="7" time="83" type="attempt missed" type_id="13"/>
	<message comment="Ben Foster makes a save (Standing)" minute="76" period="2" second="30" time="79" type="save made" type_id="10"/>
	<message comment="Ryan Noble has attempt saved (High to the centre, Out of box, Right footed, Open play)" minute="76" period="2" second="30" time="79" type="attempt blocked" type_id="15"/>
	<message comment="Jack Colback is substituted off" minute="76" period="2" second="4" time="79" type="substitution off" type_id="18"/>
	<message comment="Steed Malbranque is substituted on" minute="76" period="2" second="4" time="79" type="substitution on" type_id="19"/>
	<message comment="Stéphane Sessegnon misses attempt (To the right, 18-yard box, Right footed, Open play)" minute="75" period="2" second="40" time="78" type="attempt missed" type_id="13"/>
	<message comment="Stephen Carr wins a corner (To the right)" minute="74" period="2" second="40" time="77" type="corner" type_id="6"/>
	<message comment="Asamoah Gyan misses attempt (Out of box, Right footed, Open play)" minute="73" period="2" second="50" time="76" type="attempt missed" type_id="13"/>
	<message comment="Phil Bardsley wins a corner (To the right)" minute="71" period="2" second="28" time="74" type="corner" type_id="6"/>
	<message comment="Sebastian Larsson blocks a shot" minute="71" period="2" second="25" time="74" type="save made" type_id="10"/>
	<message comment="Phil Bardsley has shot blocked (Out of box, Right footed, Open play)" minute="71" period="2" second="25" time="74" type="attempt blocked" type_id="15"/>
	<message comment="Liam Ridgewell blocks a shot" minute="71" period="2" second="21" time="74" type="save made" type_id="10"/>
	<message comment="Jordan Henderson has shot blocked (18-yard box, Right footed, Open play)" minute="71" period="2" second="21" time="74" type="attempt blocked" type_id="15"/>
	<message comment="Danny Welbeck is substituted off" minute="70" period="2" second="27" time="73" type="substitution off" type_id="18"/>
	<message comment="Ryan Noble is substituted on" minute="70" period="2" second="27" time="73" type="substitution on" type_id="19"/>
	<message comment="Aliaksandr Hleb is caught offside" minute="67" period="2" time="70" type="offside" type_id="10000"/>
	<message comment="GOAL! Craig Gardner scores , Assisted by Aliaksandr Hleb (Low to the left, Out of box, Left footed, Open play)" minute="65" period="2" second="45" time="68" type="goal scored" type_id="16"/>
	<message comment="Stéphane Sessegnon misses attempt (To the left, 18-yard box, Head, Open play)" minute="63" period="2" second="50" time="66" type="attempt missed" type_id="13"/>
	<message comment="Kevin Phillips is substituted off" minute="62" period="2" second="26" time="65" type="substitution off" type_id="18"/>
	<message comment="Aliaksandr Hleb is substituted on" minute="62" period="2" second="26" time="65" type="substitution on" type_id="19"/>
	<message comment="Craig Gardner misses attempt (To the right, Out of box, Right footed, Free kick)" minute="61" period="2" second="53" time="64" type="attempt missed" type_id="13"/>
	<message comment="Phil Bardsley misses attempt (6-yard box, Head, From corner)" minute="59" period="2" second="2" time="62" type="attempt missed" type_id="13"/>
	<message comment="Danny Welbeck wins a corner (To the right)" minute="58" period="2" second="24" time="61" type="corner" type_id="6"/>
	<message comment="Stuart Parnaby blocks a shot" minute="58" period="2" second="17" time="61" type="save made" type_id="10"/>
	<message comment="Danny Welbeck has shot blocked (6-yard box, Head, From corner)" minute="58" period="2" second="17" time="61" type="attempt blocked" type_id="15"/>
	<message comment="Michael Turner wins a corner (To the right)" minute="57" period="2" second="53" time="60" type="corner" type_id="6"/>
	<message comment="Barry Ferguson blocks a shot" minute="57" period="2" second="51" time="60" type="save made" type_id="10"/>
	<message comment="Michael Turner has shot blocked (18-yard box, Head, From corner)" minute="57" period="2" second="51" time="60" type="attempt blocked" type_id="15"/>
	<message comment="Phil Bardsley wins a corner (To the left)" minute="57" period="2" second="20" time="60" type="corner" type_id="6"/>
	<message comment="Asamoah Gyan misses attempt (High, Out of box, Left footed, Open play)" minute="55" period="2" second="26" time="58" type="attempt missed" type_id="13"/>
	<message comment="Ben Foster makes a save (Parried safe, Diving)" minute="54" period="2" second="56" time="57" type="save made" type_id="10"/>
	<message comment="Lee Cattermole has attempt saved (Low to the left, Out of box, Right footed, Open play)" minute="54" period="2" second="56" time="57" type="attempt blocked" type_id="15"/>
	<message comment="Phil Bardsley has shot blocked (18-yard box, Right footed, Open play)" minute="54" period="2" second="54" time="57" type="attempt blocked" type_id="15"/>
	<message comment="Stephen Carr blocks a shot" minute="54" period="2" second="54" time="57" type="save made" type_id="10"/>
	<message comment="Jordan Henderson misses attempt (Out of box, Right footed, Open play)" minute="50" period="2" second="45" time="53" type="attempt missed" type_id="13"/>
	<message comment="Roger Johnson misses attempt (High, 6-yard box, Head, From corner)" minute="48" period="2" second="10" time="51" type="attempt missed" type_id="13"/>
	<message comment="Cameron Jerome wins a corner (To the right)" minute="47" period="2" second="41" time="50" type="corner" type_id="6"/>
	<message comment="Danny Welbeck misses attempt (To the right, Out of box, Left footed, Fast break)" minute="45" period="2" second="21" time="48" type="attempt missed" type_id="13"/>
	<message comment="Second half begins!" minute="45" period="2" second="0" time="48" type="start" type_id="32"/>
	<message comment="First half ends" minute="47" period="1" second="29" time="47" type="end" type_id="30"/>
	<message comment="Craig Gardner misses attempt (To the right, 18-yard box, Right footed, Open play)" minute="45" period="1" second="0" time="45" type="attempt missed" type_id="13"/>
	<message comment="Nedum Onuoha misses attempt (High, 18-yard box, Head, From corner)" minute="42" period="1" second="55" time="42" type="attempt missed" type_id="13"/>
	<message comment="Asamoah Gyan wins a corner (To the right)" minute="42" period="1" second="24" time="42" type="corner" type_id="6"/>
	<message comment="Ben Foster makes a save (From shot off target, Diving, Parried safe)" minute="42" period="1" second="23" time="42" type="save made" type_id="10"/>
	<message comment="Asamoah Gyan misses attempt (Out of box, Right footed, Open play)" minute="42" period="1" second="21" time="42" type="attempt missed" type_id="13"/>
	<message comment="Danny Welbeck has attempt saved (High to the right, 18-yard box, Head, Open play)" minute="41" period="1" second="42" time="41" type="attempt blocked" type_id="15"/>
	<message comment="Ben Foster makes a save (Standing)" minute="41" period="1" second="42" time="41" type="save made" type_id="10"/>
	<message comment="GOAL! Sebastian Larsson scores , Assisted by Cameron Jerome (Low to the right, 18-yard box, Right footed, Open play)" minute="40" period="1" second="6" time="40" type="goal scored" type_id="16"/>
	<message comment="Danny Welbeck wins a corner (To the left)" minute="37" period="1" second="14" time="37" type="corner" type_id="6"/>
	<message comment="Danny Welbeck wins a corner (To the right)" minute="35" period="1" second="29" time="35" type="corner" type_id="6"/>
	<message comment="Phil Bardsley misses attempt (Out of box, Right footed, Open play)" minute="34" period="1" second="11" time="34" type="attempt missed" type_id="13"/>
	<message comment="Jack Colback has shot blocked (Out of box, Right footed, From corner)" minute="33" period="1" second="29" time="33" type="attempt blocked" type_id="15"/>
	<message comment="Kevin Phillips blocks a shot" minute="33" period="1" second="29" time="33" type="save made" type_id="10"/>
	<message comment="Jordan Henderson wins a corner (To the left)" minute="33" period="1" second="3" time="33" type="corner" type_id="6"/>
	<message comment="Danny Welbeck wins a corner (To the left)" minute="32" period="1" second="30" time="32" type="corner" type_id="6"/>
	<message comment="Stephen Carr is caught offside" minute="29" period="1" time="29" type="offside" type_id="10000"/>
	<message comment="Danny Welbeck has shot blocked (Out of box, Right footed, Open play)" minute="25" period="1" second="16" time="25" type="attempt blocked" type_id="15"/>
	<message comment="Craig Gardner blocks a shot" minute="25" period="1" second="16" time="25" type="save made" type_id="10"/>
	<message comment="Craig Gardner misses attempt (To the left, Out of box, Right footed, Open play)" minute="24" period="1" second="35" time="24" type="attempt missed" type_id="13"/>
	<message comment="Sebastian Larsson wins a corner (To the right)" minute="22" period="1" second="8" time="22" type="corner" type_id="6"/>
	<message comment="Danny Welbeck has shot blocked (18-yard box, Right footed, Open play)" minute="17" period="1" second="0" time="17" type="attempt blocked" type_id="15"/>
	<message comment="Stéphane Sessegnon has shot blocked (18-yard box, Big Chance, Right footed, Open play)" minute="14" period="1" second="12" time="14" type="attempt blocked" type_id="15"/>
	<message comment="Roger Johnson blocks a shot (Last line)" minute="14" period="1" second="12" time="14" type="save made" type_id="10"/>
	<message comment="Kevin Phillips is caught offside" minute="13" period="1" time="13" type="offside" type_id="10000"/>
	<message comment="Formation Set" minute="0" period="14" second="0" time="7" type="end" type_id="30"/>
	<message comment="Roger Johnson misses attempt (To the right, 6-yard box, Head, From corner)" minute="5" period="1" second="36" time="5" type="attempt missed" type_id="13"/>
	<message comment="Cameron Jerome wins a corner (To the left)" minute="5" period="1" second="7" time="5" type="corner" type_id="6"/>
	<message comment="Kevin Phillips is caught offside" minute="2" period="1" time="2" type="offside" type_id="10000"/>
	<message comment="Craig Gardner has shot blocked (18-yard box, Left footed, Open play)" minute="1" period="1" second="28" time="1" type="attempt blocked" type_id="15"/>
	<message comment="Michael Turner blocks a shot" minute="1" period="1" second="28" time="1" type="save made" type_id="10"/>
	<message comment="Cameron Jerome has attempt saved (Low to the centre, 18-yard box, Big Chance, Right footed, Open play)" minute="1" period="1" second="24" time="1" type="attempt blocked" type_id="15"/>
	<message comment="Simon Mignolet makes a save (Diving, Parried into danger, Feet)" minute="1" period="1" second="24" time="1" type="save made" type_id="10"/>
	<message comment="First half begins!" minute="0" period="1" second="0" time="0" type="start" type_id="32"/>
</Commentary>
