<?xml version="1.0" ?>
<Commentary away_team_name="Birmingham" competition="English Premier League" game_date="2011-03-05" home_team_name="West Bromwich Albion" lang_id="en" season="Season 2010/2011" season_id="2010" sport_id="1" sport_name="Football">
	<message comment="Second half ends" minute="94" period="2" second="1" time="96" type="end" type_id="30"/>
	<message comment="Youssouf Mulumbu wins a corner (To the left)" minute="90" period="2" second="25" time="92" type="corner" type_id="6"/>
	<message comment="Keith Fahey recieves a yellow card" minute="87" period="2" second="21" time="89" type="card received" type_id="17"/>
	<message comment="Lee Bowyer has attempt saved (High to the centre, Out of box, Right footed, From corner)" minute="83" period="2" second="36" time="85" type="attempt blocked" type_id="15"/>
	<message comment="Scott Carson makes a save (Standing)" minute="83" period="2" second="36" time="85" type="save made" type_id="10"/>
	<message comment="Stephen Carr wins a corner (To the right)" minute="83" period="2" second="11" time="85" type="corner" type_id="6"/>
	<message comment="Peter Odemwingie misses attempt (To the left, 18-yard box, Head, Open play)" minute="81" period="2" second="31" time="83" type="attempt missed" type_id="13"/>
	<message comment="Liam Ridgewell is substituted off" minute="79" period="2" second="15" time="81" type="substitution off" type_id="18"/>
	<message comment="David Murphy is substituted on" minute="79" period="2" second="15" time="81" type="substitution on" type_id="19"/>
	<message comment="Ben Foster makes a save" minute="77" period="2" second="52" time="79" type="save made" type_id="10"/>
	<message comment="Paul Scharner has attempt saved (High to the right, Out of box, Right footed, Open play)" minute="77" period="2" second="52" time="79" type="attempt blocked" type_id="15"/>
	<message comment="James Morrison is substituted off" minute="77" period="2" second="12" time="79" type="substitution off" type_id="18"/>
	<message comment="Gabriel Tamas is substituted on" minute="77" period="2" second="12" time="79" type="substitution on" type_id="19"/>
	<message comment="Obafemi Martins misses attempt (18-yard box, Head, Open play)" minute="76" period="2" second="35" time="78" type="attempt missed" type_id="13"/>
	<message comment="Curtis Davies misses attempt (High, 18-yard box, Head, From corner)" minute="73" period="2" second="10" time="75" type="attempt missed" type_id="13"/>
	<message comment="Stephen Carr wins a corner (To the right)" minute="72" period="2" second="53" time="74" type="corner" type_id="6"/>
	<message comment="GOAL! Paul Scharner scores , Assisted by James Morrison (Low to the centre, 6-yard box, Head, From corner)" minute="71" period="2" second="33" time="73" type="goal scored" type_id="16"/>
	<message comment="Nicky Shorey wins a corner (To the left)" minute="71" period="2" second="10" time="73" type="corner" type_id="6"/>
	<message comment="Cameron Jerome wins a corner (To the right)" minute="68" period="2" second="50" time="70" type="corner" type_id="6"/>
	<message comment="Peter Odemwingie misses attempt (High, 18-yard box, Big Chance, Right footed, Open play)" minute="67" period="2" second="7" time="69" type="attempt missed" type_id="13"/>
	<message comment="Chris Brunt hits the woodwork (To the right, Out of box, Right footed, Open play)" minute="67" period="2" second="5" time="69" type="woodwork hit" type_id="14"/>
	<message comment="Jean Beausejour is substituted off" minute="66" period="2" second="40" time="68" type="substitution off" type_id="18"/>
	<message comment="Kevin Phillips is substituted on" minute="66" period="2" second="40" time="68" type="substitution on" type_id="19"/>
	<message comment="Jerome Thomas is substituted off" minute="66" period="2" second="31" time="68" type="substitution off" type_id="18"/>
	<message comment="Gonzalo Jara is substituted on" minute="66" period="2" second="31" time="68" type="substitution on" type_id="19"/>
	<message comment="Peter Odemwingie is caught offside" minute="61" period="2" time="63" type="offside" type_id="10000"/>
	<message comment="James Morrison wins a corner (To the right)" minute="58" period="2" second="49" time="60" type="corner" type_id="6"/>
	<message comment="David Bentley has attempt saved (High to the centre, Out of box, Right footed, Open play)" minute="58" period="2" second="24" time="60" type="attempt blocked" type_id="15"/>
	<message comment="Scott Carson makes a save (Parried into danger, Standing)" minute="58" period="2" second="24" time="60" type="save made" type_id="10"/>
	<message comment="GOAL! James Morrison scores , Assisted by Steven Reid (High to the left, Out of box, Left footed, Open play)" minute="57" period="2" second="17" time="59" type="goal scored" type_id="16"/>
	<message comment="David Bentley wins a corner (To the left)" minute="54" period="2" second="21" time="56" type="corner" type_id="6"/>
	<message comment="David Bentley misses attempt (To the left, Out of box, Right footed, Open play)" minute="53" period="2" second="28" time="55" type="attempt missed" type_id="13"/>
	<message comment="Paul Scharner recieves a yellow card" minute="51" period="2" second="49" time="53" type="card received" type_id="17"/>
	<message comment="Liam Ridgewell recieves a yellow card" minute="51" period="2" second="48" time="53" type="card received" type_id="17"/>
	<message comment="Lee Bowyer recieves a yellow card" minute="50" period="2" second="45" time="52" type="card received" type_id="17"/>
	<message comment="GOAL! Jean Beausejour scores , Assisted by Lee Bowyer (Low to the left, 6-yard box, Big Chance, Left footed, Open play)" minute="47" period="2" second="43" time="49" type="goal scored" type_id="16"/>
	<message comment="GOAL! Youssouf Mulumbu scores , Assisted by Peter Odemwingie (High to the centre, 18-yard box, Big Chance, Right footed, Open play)" minute="46" period="2" second="23" time="48" type="goal scored" type_id="16"/>
	<message comment="Marc-Antoine Fortuné is substituted off" minute="45" period="2" second="0" time="47" type="substitution off" type_id="18"/>
	<message comment="Peter Odemwingie is substituted on" minute="45" period="2" second="0" time="47" type="substitution on" type_id="19"/>
	<message comment="Second half begins!" minute="45" period="2" second="0" time="47" type="start" type_id="32"/>
	<message comment="First half ends" minute="46" period="1" second="20" time="46" type="end" type_id="30"/>
	<message comment="Cameron Jerome is caught offside" minute="45" period="1" time="45" type="offside" type_id="10000"/>
	<message comment="Cameron Jerome misses attempt (18-yard box, Head, Open play)" minute="36" period="1" second="32" time="36" type="attempt missed" type_id="13"/>
	<message comment="Cameron Jerome has shot blocked (Out of box, Right footed, Open play)" minute="35" period="1" second="15" time="35" type="attempt blocked" type_id="15"/>
	<message comment="Chris Brunt misses attempt (High to the left, Out of box, Left footed, Open play)" minute="33" period="1" second="51" time="33" type="attempt missed" type_id="13"/>
	<message comment="Cameron Jerome has attempt saved (Low to the centre, Out of box, Right footed, Open play)" minute="29" period="1" second="14" time="29" type="attempt blocked" type_id="15"/>
	<message comment="Scott Carson makes a save (Collected)" minute="29" period="1" second="14" time="29" type="save made" type_id="10"/>
	<message comment="Cameron Jerome misses attempt (Out of box, Right footed, Open play)" minute="27" period="1" second="8" time="27" type="attempt missed" type_id="13"/>
	<message comment="Keith Fahey misses attempt (High, Out of box, Right footed, Set piece)" minute="21" period="1" second="1" time="21" type="attempt missed" type_id="13"/>
	<message comment="Marc-Antoine Fortuné is caught offside" minute="21" period="1" time="21" type="offside" type_id="10000"/>
	<message comment="Lee Bowyer has shot blocked (18-yard box, Right footed, From corner)" minute="16" period="1" second="37" time="16" type="attempt blocked" type_id="15"/>
	<message comment="Abdoulaye Méité blocks a shot" minute="16" period="1" second="37" time="16" type="save made" type_id="10"/>
	<message comment="Cameron Jerome wins a corner (To the right)" minute="16" period="1" second="13" time="16" type="corner" type_id="6"/>
	<message comment="Ben Foster wins a corner (To the left)" minute="13" period="1" second="48" time="13" type="corner" type_id="6"/>
	<message comment="David Bentley wins a corner (To the left)" minute="10" period="1" second="54" time="10" type="corner" type_id="6"/>
	<message comment="Formation Set" minute="0" period="14" second="0" time="6" type="end" type_id="30"/>
	<message comment="Roger Johnson blocks a shot" minute="5" period="1" second="42" time="5" type="save made" type_id="10"/>
	<message comment="Jerome Thomas has shot blocked (Out of box, Right footed, Open play)" minute="5" period="1" second="42" time="5" type="attempt blocked" type_id="15"/>
	<message comment="Ben Foster makes a save (Standing)" minute="4" period="1" second="25" time="4" type="save made" type_id="10"/>
	<message comment="Chris Brunt has attempt saved (Low to the centre, 18-yard box, Head, Open play)" minute="4" period="1" second="25" time="4" type="attempt blocked" type_id="15"/>
	<message comment="First half begins!" minute="0" period="1" second="0" time="0" type="start" type_id="32"/>
</Commentary>
