<?xml version="1.0" ?>
<Commentary away_team_name="Birmingham" competition="English Premier League" game_date="2010-12-28" home_team_name="Manchester United" lang_id="en" season="Season 2010/2011" season_id="2010" sport_id="1" sport_name="Football">
	<message comment="Second half ends" minute="94" period="2" second="18" time="97" type="end" type_id="30"/>
	<message comment="Scott Dann wins a corner (To the right)" minute="90" period="2" second="47" time="93" type="corner" type_id="6"/>
	<message comment="Darron Gibson is substituted off" minute="90" period="2" second="29" time="93" type="substitution off" type_id="18"/>
	<message comment="Chicharito is substituted on" minute="90" period="2" second="29" time="93" type="substitution on" type_id="19"/>
	<message comment="Ryan Giggs recieves a yellow card" minute="90" period="2" second="2" time="93" type="card received" type_id="17"/>
	<message comment="GOAL! Lee Bowyer scores , Assisted by Nikola Zigic (Low to the right, 6-yard box, Big Chance, Right footed, Open play)" minute="88" period="2" second="59" time="91" type="goal scored" type_id="16"/>
	<message comment="Cameron Jerome is substituted off" minute="84" period="2" second="55" time="87" type="substitution off" type_id="18"/>
	<message comment="Kevin Phillips is substituted on" minute="84" period="2" second="55" time="87" type="substitution on" type_id="19"/>
	<message comment="Nemanja Vidic misses attempt (To the right, 18-yard box, Head, From corner)" minute="83" period="2" second="36" time="86" type="attempt missed" type_id="13"/>
	<message comment="Nemanja Vidic wins a corner (To the left)" minute="82" period="2" second="48" time="85" type="corner" type_id="6"/>
	<message comment="Nemanja Vidic has attempt saved (High to the centre, 18-yard box, Head, From corner)" minute="82" period="2" second="46" time="85" type="attempt blocked" type_id="15"/>
	<message comment="Ben Foster makes a save (Parried safe)" minute="82" period="2" second="46" time="85" type="save made" type_id="10"/>
	<message comment="Wayne Rooney wins a corner (To the left)" minute="82" period="2" second="8" time="85" type="corner" type_id="6"/>
	<message comment="Jean Beausejour is substituted off" minute="81" period="2" second="30" time="84" type="substitution off" type_id="18"/>
	<message comment="Nikola Zigic is substituted on" minute="81" period="2" second="30" time="84" type="substitution on" type_id="19"/>
	<message comment="Darron Gibson misses attempt (To the right, Out of box, Right footed, Open play)" minute="75" period="2" second="52" time="78" type="attempt missed" type_id="13"/>
	<message comment="Scott Dann recieves a yellow card" minute="75" period="2" second="10" time="78" type="card received" type_id="17"/>
	<message comment="Anderson is substituted off" minute="72" period="2" second="32" time="75" type="substitution off" type_id="18"/>
	<message comment="Darren Fletcher is substituted on" minute="72" period="2" second="32" time="75" type="substitution on" type_id="19"/>
	<message comment="Sebastian Larsson is substituted off" minute="69" period="2" second="20" time="72" type="substitution off" type_id="18"/>
	<message comment="Aliaksandr Hleb is substituted on" minute="69" period="2" second="20" time="72" type="substitution on" type_id="19"/>
	<message comment="Sebastian Larsson blocks a shot" minute="68" period="2" second="7" time="71" type="save made" type_id="10"/>
	<message comment="Wayne Rooney has shot blocked (Out of box, Right footed, Open play)" minute="68" period="2" second="7" time="71" type="attempt blocked" type_id="15"/>
	<message comment="Anderson misses attempt (To the left, Out of box, Left footed, Open play)" minute="67" period="2" second="30" time="70" type="attempt missed" type_id="13"/>
	<message comment="Roger Johnson blocks a shot" minute="62" period="2" second="53" time="65" type="save made" type_id="10"/>
	<message comment="Ryan Giggs has shot blocked (18-yard box, Left footed, Open play)" minute="62" period="2" second="53" time="65" type="attempt blocked" type_id="15"/>
	<message comment="Dimitar Berbatov hits the woodwork (To the left, Out of box, Right footed, Open play)" minute="60" period="2" second="16" time="63" type="woodwork hit" type_id="14"/>
	<message comment="GOAL! Dimitar Berbatov scores , Assisted by Darron Gibson (Low to the right, 18-yard box, Right footed, Open play)" minute="57" period="2" second="44" time="60" type="goal scored" type_id="16"/>
	<message comment="Wayne Rooney misses attempt (High, 18-yard box, Head, From corner)" minute="54" period="2" second="47" time="57" type="attempt missed" type_id="13"/>
	<message comment="Darron Gibson wins a corner (To the left)" minute="54" period="2" second="29" time="57" type="corner" type_id="6"/>
	<message comment="Patrice Evra wins a corner (To the left)" minute="54" period="2" second="8" time="57" type="corner" type_id="6"/>
	<message comment="Wayne Rooney misses attempt (To the left, 18-yard box, Other body part, Open play)" minute="53" period="2" second="8" time="56" type="attempt missed" type_id="13"/>
	<message comment="Craig Gardner has attempt saved (Low to the centre, 18-yard box, Left footed, From corner)" minute="52" period="2" second="31" time="55" type="attempt blocked" type_id="15"/>
	<message comment="Edwin van der Sar makes a save (Standing)" minute="52" period="2" second="31" time="55" type="save made" type_id="10"/>
	<message comment="Darron Gibson blocks a shot" minute="52" period="2" second="29" time="55" type="save made" type_id="10"/>
	<message comment="Jean Beausejour has shot blocked (18-yard box, Left footed, From corner)" minute="52" period="2" second="29" time="55" type="attempt blocked" type_id="15"/>
	<message comment="Jean Beausejour has shot blocked (18-yard box, Left footed, From corner)" minute="52" period="2" second="28" time="55" type="attempt blocked" type_id="15"/>
	<message comment="Lee Bowyer wins a corner (To the left)" minute="51" period="2" second="59" time="54" type="corner" type_id="6"/>
	<message comment="Lee Bowyer has shot blocked (Out of box, Right footed, Open play)" minute="51" period="2" second="54" time="54" type="attempt blocked" type_id="15"/>
	<message comment="Rio Ferdinand blocks a shot" minute="51" period="2" second="54" time="54" type="save made" type_id="10"/>
	<message comment="Wayne Rooney is caught offside" minute="51" period="2" time="54" type="offside" type_id="10000"/>
	<message comment="Sebastian Larsson misses attempt (To the left, 18-yard box, Head, Open play)" minute="48" period="2" second="15" time="51" type="attempt missed" type_id="13"/>
	<message comment="Second half begins!" minute="45" period="2" second="0" time="48" type="start" type_id="32"/>
	<message comment="First half ends" minute="47" period="1" second="9" time="47" type="end" type_id="30"/>
	<message comment="Craig Gardner misses attempt (High to the left, Out of box, Left footed, Open play)" minute="40" period="1" second="33" time="40" type="attempt missed" type_id="13"/>
	<message comment="Craig Gardner misses attempt (To the left, Out of box, Left footed, Open play)" minute="37" period="1" second="24" time="37" type="attempt missed" type_id="13"/>
	<message comment="Craig Gardner wins a corner (To the left)" minute="32" period="1" second="53" time="32" type="corner" type_id="6"/>
	<message comment="Craig Gardner wins a corner (To the left)" minute="30" period="1" second="53" time="30" type="corner" type_id="6"/>
	<message comment="Craig Gardner has shot blocked (Out of box, Right footed, Free kick)" minute="30" period="1" second="49" time="30" type="attempt blocked" type_id="15"/>
	<message comment="Wayne Rooney blocks a shot" minute="30" period="1" second="49" time="30" type="save made" type_id="10"/>
	<message comment="Nemanja Vidic recieves a yellow card" minute="29" period="1" second="37" time="29" type="card received" type_id="17"/>
	<message comment="Ben Foster makes a save" minute="28" period="1" second="58" time="28" type="save made" type_id="10"/>
	<message comment="Ryan Giggs has attempt saved (Low to the centre, Out of box, Left footed, Open play)" minute="28" period="1" second="58" time="28" type="attempt blocked" type_id="15"/>
	<message comment="Lee Bowyer recieves a yellow card" minute="28" period="1" second="28" time="28" type="card received" type_id="17"/>
	<message comment="Craig Gardner recieves a yellow card" minute="25" period="1" second="53" time="25" type="card received" type_id="17"/>
	<message comment="Anderson recieves a yellow card" minute="25" period="1" second="49" time="25" type="card received" type_id="17"/>
	<message comment="Sebastian Larsson misses attempt (Out of box, Right footed, Free kick)" minute="21" period="1" second="18" time="21" type="attempt missed" type_id="13"/>
	<message comment="Ben Foster makes a save (From shot off target, Diving)" minute="17" period="1" second="44" time="17" type="save made" type_id="10"/>
	<message comment="Wayne Rooney misses attempt (High to the right, Out of box, Right footed, Open play)" minute="16" period="1" second="46" time="16" type="attempt missed" type_id="13"/>
	<message comment="Wayne Rooney has attempt saved (Low to the right, 18-yard box, Right footed, Open play)" minute="11" period="1" second="45" time="11" type="attempt blocked" type_id="15"/>
	<message comment="Ben Foster makes a save" minute="11" period="1" second="45" time="11" type="save made" type_id="10"/>
	<message comment="Wayne Rooney misses attempt (Out of box, Right footed, Open play)" minute="7" period="1" second="7" time="7" type="attempt missed" type_id="13"/>
	<message comment="Formation Set" minute="0" period="14" second="0" time="7" type="end" type_id="30"/>
	<message comment="Cameron Jerome misses attempt (High, 18-yard box, Head, Open play)" minute="1" period="1" second="44" time="1" type="attempt missed" type_id="13"/>
	<message comment="First half begins!" minute="0" period="1" second="0" time="0" type="start" type_id="32"/>
</Commentary>
