<?xml version="1.0" ?>
<Commentary away_team_name="Birmingham" competition="English Premier League" game_date="2010-10-23" home_team_name="Blackpool" lang_id="en" season="Season 2010/2011" season_id="2010" sport_id="1" sport_name="Football">
	<message comment="Second half ends" minute="93" period="2" second="17" time="95" type="end" type_id="30"/>
	<message comment="David Vaughan wins a corner (To the left)" minute="92" period="2" second="56" time="94" type="corner" type_id="6"/>
	<message comment="Ben Foster makes a save (Diving, Parried safe)" minute="92" period="2" second="52" time="94" type="save made" type_id="10"/>
	<message comment="David Vaughan has attempt saved (Low to the left, Out of box, Left footed, Open play)" minute="92" period="2" second="52" time="94" type="attempt blocked" type_id="15"/>
	<message comment="Keith Southern misses attempt (High, 18-yard box, Left footed, From corner)" minute="90" period="2" second="22" time="92" type="attempt missed" type_id="13"/>
	<message comment="David Vaughan wins a corner (To the left)" minute="90" period="2" second="12" time="92" type="corner" type_id="6"/>
	<message comment="Stephen Crainey wins a corner (To the left)" minute="87" period="2" second="30" time="89" type="corner" type_id="6"/>
	<message comment="David Vaughan wins a corner (To the left)" minute="87" period="2" second="11" time="89" type="corner" type_id="6"/>
	<message comment="Matt Phillips wins a corner (To the right)" minute="86" period="2" second="24" time="88" type="corner" type_id="6"/>
	<message comment="DJ Campbell has shot blocked (18-yard box, Right footed, Open play)" minute="86" period="2" second="13" time="88" type="attempt blocked" type_id="15"/>
	<message comment="Scott Dann blocks a shot" minute="86" period="2" second="13" time="88" type="save made" type_id="10"/>
	<message comment="Ian Evatt wins a corner (To the right)" minute="85" period="2" second="33" time="87" type="corner" type_id="6"/>
	<message comment="Ben Foster makes a save (Parried safe, Standing)" minute="83" period="2" second="6" time="85" type="save made" type_id="10"/>
	<message comment="Keith Southern has attempt saved (Low to the centre, 6-yard box, Head, From corner)" minute="83" period="2" second="5" time="85" type="attempt blocked" type_id="15"/>
	<message comment="Ian Evatt wins a corner (To the left)" minute="82" period="2" second="46" time="84" type="corner" type_id="6"/>
	<message comment="Garry O'Connor is substituted off" minute="82" period="2" second="34" time="84" type="substitution off" type_id="18"/>
	<message comment="Matt Derbyshire is substituted on" minute="82" period="2" second="34" time="84" type="substitution on" type_id="19"/>
	<message comment="Ian Evatt blocks a shot" minute="81" period="2" second="48" time="83" type="save made" type_id="10"/>
	<message comment="Garry O'Connor has shot blocked (18-yard box, Right footed, Open play)" minute="81" period="2" second="48" time="83" type="attempt blocked" type_id="15"/>
	<message comment="Craig Cathcart blocks a shot" minute="81" period="2" second="45" time="83" type="save made" type_id="10"/>
	<message comment="Garry O'Connor has shot blocked (18-yard box, Right footed, Fast break)" minute="81" period="2" second="45" time="83" type="attempt blocked" type_id="15"/>
	<message comment="Neal Eardley has shot blocked (Out of box, Right footed, From corner)" minute="81" period="2" second="18" time="83" type="attempt blocked" type_id="15"/>
	<message comment="Nikola Zigic blocks a shot" minute="81" period="2" second="18" time="83" type="save made" type_id="10"/>
	<message comment="Gary Taylor-Fletcher wins a corner (To the left)" minute="81" period="2" second="2" time="83" type="corner" type_id="6"/>
	<message comment="Lee Bowyer misses attempt (High to the left, 18-yard box, Left footed, From corner)" minute="76" period="2" second="33" time="78" type="attempt missed" type_id="13"/>
	<message comment="Sebastian Larsson wins a corner (To the right)" minute="75" period="2" second="57" time="77" type="corner" type_id="6"/>
	<message comment="Ben Foster wins a corner (To the right)" minute="75" period="2" second="17" time="77" type="corner" type_id="6"/>
	<message comment="Ben Foster makes a save" minute="75" period="2" second="2" time="77" type="save made" type_id="10"/>
	<message comment="Keith Southern has attempt saved (Low to the centre, 6-yard box, Head, Set piece)" minute="75" period="2" second="2" time="77" type="attempt blocked" type_id="15"/>
	<message comment="Aliaksandr Hleb is substituted off" minute="73" period="2" second="31" time="75" type="substitution off" type_id="18"/>
	<message comment="David Murphy is substituted on" minute="73" period="2" second="31" time="75" type="substitution on" type_id="19"/>
	<message comment="Luke Varney is substituted off" minute="73" period="2" second="13" time="75" type="substitution off" type_id="18"/>
	<message comment="Brett Ormerod is substituted on" minute="73" period="2" second="13" time="75" type="substitution on" type_id="19"/>
	<message comment="Keith Southern misses attempt (To the left, Out of box, Right footed, Open play)" minute="72" period="2" second="40" time="74" type="attempt missed" type_id="13"/>
	<message comment="Keith Southern is substituted on" minute="66" period="2" second="31" time="68" type="substitution on" type_id="19"/>
	<message comment="Charlie Adam is substituted off" minute="66" period="2" second="31" time="68" type="substitution off" type_id="18"/>
	<message comment="Matt Phillips is substituted on" minute="66" period="2" second="9" time="68" type="substitution on" type_id="19"/>
	<message comment="Marlon Harewood is substituted off" minute="66" period="2" second="9" time="68" type="substitution off" type_id="18"/>
	<message comment="Keith Fahey is substituted off" minute="65" period="2" second="50" time="67" type="substitution off" type_id="18"/>
	<message comment="Lee Bowyer is substituted on" minute="65" period="2" second="50" time="67" type="substitution on" type_id="19"/>
	<message comment="Ben Foster makes a save (Diving)" minute="64" period="2" second="35" time="66" type="save made" type_id="10"/>
	<message comment="Charlie Adam has attempt saved (Low to the centre, Out of box, Left footed, Open play)" minute="64" period="2" second="33" time="66" type="attempt blocked" type_id="15"/>
	<message comment="Aliaksandr Hleb wins a corner (To the right)" minute="59" period="2" second="41" time="61" type="corner" type_id="6"/>
	<message comment="Ian Evatt blocks a shot" minute="59" period="2" second="38" time="61" type="save made" type_id="10"/>
	<message comment="Aliaksandr Hleb has shot blocked (Out of box, Right footed, Open play)" minute="59" period="2" second="38" time="61" type="attempt blocked" type_id="15"/>
	<message comment="Charlie Adam misses attempt (High to the right, Out of box, Left footed, Free kick)" minute="58" period="2" second="58" time="60" type="attempt missed" type_id="13"/>
	<message comment="Nikola Zigic recieves a yellow card" minute="58" period="2" second="0" time="60" type="card received" type_id="17"/>
	<message comment="GOAL! Nikola Zigic scores  (Low to the left, 6-yard box, Right footed, From corner)" minute="55" period="2" second="59" time="57" type="goal scored" type_id="16"/>
	<message comment="Roger Johnson misses attempt (To the right, 18-yard box, Head, From corner)" minute="55" period="2" second="57" time="57" type="attempt missed" type_id="13"/>
	<message comment="Keith Fahey wins a corner (To the right)" minute="55" period="2" second="27" time="57" type="corner" type_id="6"/>
	<message comment="Craig Cathcart blocks a shot" minute="55" period="2" second="24" time="57" type="save made" type_id="10"/>
	<message comment="Keith Fahey has shot blocked (Out of box, Right footed, Throw-in)" minute="55" period="2" second="24" time="57" type="attempt blocked" type_id="15"/>
	<message comment="Craig Cathcart blocks a shot" minute="55" period="2" second="7" time="57" type="save made" type_id="10"/>
	<message comment="Aliaksandr Hleb has shot blocked (18-yard box, Left footed, Open play)" minute="55" period="2" second="7" time="57" type="attempt blocked" type_id="15"/>
	<message comment="Garry O'Connor is caught offside" minute="53" period="2" time="55" type="offside" type_id="10000"/>
	<message comment="David Vaughan misses attempt (High, Out of box, Left footed, Open play)" minute="51" period="2" second="14" time="53" type="attempt missed" type_id="13"/>
	<message comment="Luke Varney misses attempt (18-yard box, Head, Open play)" minute="49" period="2" second="8" time="51" type="attempt missed" type_id="13"/>
	<message comment="Luke Varney has shot blocked (18-yard box, Right footed, Open play)" minute="48" period="2" second="54" time="50" type="attempt blocked" type_id="15"/>
	<message comment="Scott Dann blocks a shot" minute="48" period="2" second="54" time="50" type="save made" type_id="10"/>
	<message comment="Gary Taylor-Fletcher has shot blocked (Out of box, Right footed, Open play)" minute="47" period="2" second="26" time="49" type="attempt blocked" type_id="15"/>
	<message comment="Scott Dann blocks a shot" minute="47" period="2" second="26" time="49" type="save made" type_id="10"/>
	<message comment="Roger Johnson misses attempt (High, 6-yard box, Head, From corner)" minute="46" period="2" second="58" time="48" type="attempt missed" type_id="13"/>
	<message comment="Keith Fahey wins a corner (To the left)" minute="46" period="2" second="26" time="48" type="corner" type_id="6"/>
	<message comment="Second half begins!" minute="45" period="2" second="0" time="47" type="start" type_id="32"/>
	<message comment="First half ends" minute="46" period="1" second="7" time="46" type="end" type_id="30"/>
	<message comment="Nikola Zigic misses attempt (To the left, 6-yard box, Left footed, Open play)" minute="44" period="1" second="15" time="44" type="attempt missed" type_id="13"/>
	<message comment="GOAL! Liam Ridgewell scores  (Low to the right, 6-yard box, Big Chance, Head, From corner)" minute="35" period="1" second="59" time="35" type="goal scored" type_id="16"/>
	<message comment="Nikola Zigic hits the woodwork (High, 6-yard box, Head, From corner)" minute="35" period="1" second="57" time="35" type="woodwork hit" type_id="14"/>
	<message comment="Liam Ridgewell has shot blocked (18-yard box, Head, From corner)" minute="35" period="1" second="56" time="35" type="attempt blocked" type_id="15"/>
	<message comment="Craig Cathcart blocks a shot" minute="35" period="1" second="56" time="35" type="save made" type_id="10"/>
	<message comment="Liam Ridgewell wins a corner (To the right)" minute="35" period="1" second="29" time="35" type="corner" type_id="6"/>
	<message comment="Luke Varney has shot blocked (Out of box, Right footed, Open play)" minute="31" period="1" second="26" time="31" type="attempt blocked" type_id="15"/>
	<message comment="Scott Dann blocks a shot" minute="31" period="1" second="26" time="31" type="save made" type_id="10"/>
	<message comment="Garry O'Connor is caught offside" minute="31" period="1" time="31" type="offside" type_id="10000"/>
	<message comment="Neal Eardley wins a corner (To the left)" minute="28" period="1" second="12" time="28" type="corner" type_id="6"/>
	<message comment="Garry O'Connor misses attempt (High to the right, 18-yard box, Head, Open play)" minute="25" period="1" second="8" time="25" type="attempt missed" type_id="13"/>
	<message comment="Garry O'Connor misses attempt (Out of box, Left footed, Open play)" minute="21" period="1" second="49" time="21" type="attempt missed" type_id="13"/>
	<message comment="Keith Fahey misses attempt (High to the right, Out of box, Right footed, Open play)" minute="20" period="1" second="20" time="20" type="attempt missed" type_id="13"/>
	<message comment="Garry O'Connor has shot blocked (Out of box, Right footed, Open play)" minute="19" period="1" second="45" time="19" type="attempt blocked" type_id="15"/>
	<message comment="Craig Cathcart blocks a shot" minute="19" period="1" second="45" time="19" type="save made" type_id="10"/>
	<message comment="Ben Foster makes a save (Diving, Collected)" minute="19" period="1" second="21" time="19" type="save made" type_id="10"/>
	<message comment="DJ Campbell has attempt saved (Low to the centre, Out of box, Left footed, Open play)" minute="19" period="1" second="21" time="19" type="attempt blocked" type_id="15"/>
	<message comment="Keith Fahey misses attempt (Out of box, Right footed, Open play)" minute="13" period="1" second="25" time="13" type="attempt missed" type_id="13"/>
	<message comment="Garry O'Connor wins a corner (To the left)" minute="11" period="1" second="15" time="11" type="corner" type_id="6"/>
	<message comment="Nikola Zigic is caught offside" minute="10" period="1" time="10" type="offside" type_id="10000"/>
	<message comment="Nikola Zigic wins a corner (To the left)" minute="8" period="1" second="32" time="8" type="corner" type_id="6"/>
	<message comment="Keith Fahey has shot blocked (Out of box, Right footed, Open play)" minute="8" period="1" second="27" time="8" type="attempt blocked" type_id="15"/>
	<message comment="Ian Evatt blocks a shot" minute="8" period="1" second="27" time="8" type="save made" type_id="10"/>
	<message comment="Ian Evatt has shot blocked (18-yard box, Head, From corner)" minute="7" period="1" second="45" time="7" type="attempt blocked" type_id="15"/>
	<message comment="Barry Ferguson blocks a shot" minute="7" period="1" second="45" time="7" type="save made" type_id="10"/>
	<message comment="Luke Varney wins a corner (To the left)" minute="7" period="1" second="15" time="7" type="corner" type_id="6"/>
	<message comment="Roger Johnson blocks a shot" minute="7" period="1" second="12" time="7" type="save made" type_id="10"/>
	<message comment="Luke Varney has shot blocked (18-yard box, Right footed, Open play)" minute="7" period="1" second="12" time="7" type="attempt blocked" type_id="15"/>
	<message comment="Nikola Zigic has attempt saved (Low to the centre, 18-yard box, Right footed, Open play)" minute="6" period="1" second="43" time="6" type="attempt blocked" type_id="15"/>
	<message comment="Matthew Gilks makes a save (Diving)" minute="6" period="1" second="43" time="6" type="save made" type_id="10"/>
	<message comment="Sebastian Larsson has shot blocked (Out of box, Key pass, Right footed, Open play)" minute="6" period="1" second="42" time="6" type="attempt blocked" type_id="15"/>
	<message comment="Marlon Harewood misses attempt (To the right, 18-yard box, Left footed, Open play)" minute="6" period="1" second="1" time="6" type="attempt missed" type_id="13"/>
	<message comment="Formation Set" minute="0" period="14" second="0" time="5" type="end" type_id="30"/>
	<message comment="Sebastian Larsson wins a corner (To the right)" minute="4" period="1" second="24" time="4" type="corner" type_id="6"/>
	<message comment="Sebastian Larsson has attempt saved (High to the centre, Out of box, Right footed, Free kick)" minute="4" period="1" second="23" time="4" type="attempt blocked" type_id="15"/>
	<message comment="Matthew Gilks makes a save (Parried safe)" minute="4" period="1" second="23" time="4" type="save made" type_id="10"/>
	<message comment="Neal Eardley recieves a yellow card" minute="3" period="1" second="3" time="3" type="card received" type_id="17"/>
	<message comment="Nikola Zigic is caught offside" minute="2" period="1" time="2" type="offside" type_id="10000"/>
	<message comment="Ben Foster makes a save (Standing)" minute="1" period="1" second="5" time="1" type="save made" type_id="10"/>
	<message comment="Gary Taylor-Fletcher has attempt saved (Low to the centre, 6-yard box, Head, Open play)" minute="1" period="1" second="5" time="1" type="attempt blocked" type_id="15"/>
	<message comment="Garry O'Connor has shot blocked (18-yard box, Left footed, Open play)" minute="0" period="1" second="39" time="0" type="attempt blocked" type_id="15"/>
	<message comment="Ian Evatt blocks a shot" minute="0" period="1" second="39" time="0" type="save made" type_id="10"/>
	<message comment="First half begins!" minute="0" period="1" second="0" time="0" type="start" type_id="32"/>
</Commentary>
