<?xml version="1.0" ?>
<Commentary away_team_name="Blackburn" competition="English Premier League" game_date="2011-12-03" home_team_name="Swansea" lang_id="en" season="Season 2011/2012" season_id="2011" sport_id="1" sport_name="Football">
	<message comment="Second half ends" minute="93" period="2" second="28" time="96" type="end" type_id="30"/>
	<message comment="Gaël Givet wins a corner (To the left)" minute="92" period="2" second="57" time="95" type="corner" type_id="6"/>
	<message comment="Scott Sinclair has attempt saved (Low to the centre, 18-yard box, Big Chance, Right footed, Open play)" minute="89" period="2" second="38" time="92" type="attempt blocked" type_id="15"/>
	<message comment="Paul Robinson makes a save (Parried safe, Diving)" minute="89" period="2" second="38" time="92" type="save made" type_id="10"/>
	<message comment="Yakubu is substituted off" minute="86" period="2" second="24" time="89" type="substitution off" type_id="18"/>
	<message comment="Jason Roberts is substituted on" minute="86" period="2" second="24" time="89" type="substitution on" type_id="19"/>
	<message comment="GOAL! Yakubu scores  (Low to the right, 18-yard box, Big Chance, Penalty, Right footed)" minute="81" period="2" second="45" time="84" type="goal scored" type_id="16"/>
	<message comment="Joe Allen recieves a red card after receiving second yellow card" minute="79" period="2" second="59" time="82" type="card received" type_id="17"/>
	<message comment="Scott Dann blocks a shot (Last line)" minute="79" period="2" second="50" time="82" type="save made" type_id="10"/>
	<message comment="Scott Sinclair has shot blocked (Out of box, Right footed, From corner)" minute="79" period="2" second="47" time="82" type="attempt blocked" type_id="15"/>
	<message comment="Scott Sinclair wins a corner (To the left)" minute="79" period="2" second="32" time="82" type="corner" type_id="6"/>
	<message comment="Leroy Lita wins a corner (To the left)" minute="77" period="2" second="17" time="80" type="corner" type_id="6"/>
	<message comment="David Dunn is substituted off" minute="75" period="2" second="22" time="78" type="substitution off" type_id="18"/>
	<message comment="Radosav Petrovic is substituted on" minute="75" period="2" second="22" time="78" type="substitution on" type_id="19"/>
	<message comment="Scott Sinclair misses attempt (High, 18-yard box, Right footed, Open play)" minute="74" period="2" second="19" time="77" type="attempt missed" type_id="13"/>
	<message comment="GOAL! Luke Moore scores  (High to the right, 6-yard box, Big Chance, Right footed, Open play)" minute="65" period="2" second="41" time="68" type="goal scored" type_id="16"/>
	<message comment="Joe Allen wins a corner (To the right)" minute="64" period="2" second="2" time="67" type="corner" type_id="6"/>
	<message comment="Wayne Routledge wins a corner (To the right)" minute="63" period="2" second="17" time="66" type="corner" type_id="6"/>
	<message comment="Mark Gower is substituted off" minute="60" period="2" second="45" time="63" type="substitution off" type_id="18"/>
	<message comment="Luke Moore is substituted on" minute="60" period="2" second="45" time="63" type="substitution on" type_id="19"/>
	<message comment="David Junior Hoilett misses attempt (Out of box, Right footed, Set piece)" minute="59" period="2" second="27" time="62" type="attempt missed" type_id="13"/>
	<message comment="Joe Allen recieves a yellow card" minute="58" period="2" second="49" time="61" type="card received" type_id="17"/>
	<message comment="GOAL! Yakubu scores , Assisted by Christopher Samba (Low to the left, 6-yard box, Big Chance, Head, From corner)" minute="56" period="2" second="48" time="59" type="goal scored" type_id="16"/>
	<message comment="Paul Robinson wins a corner (To the left)" minute="55" period="2" second="51" time="58" type="corner" type_id="6"/>
	<message comment="Yakubu is caught offside" minute="54" period="2" time="57" type="offside" type_id="10000"/>
	<message comment="Mauro Formica misses attempt (Out of box, Right footed, Open play)" minute="53" period="2" second="22" time="56" type="attempt missed" type_id="13"/>
	<message comment="Scott Sinclair misses attempt (18-yard box, Right footed, Open play)" minute="52" period="2" second="44" time="55" type="attempt missed" type_id="13"/>
	<message comment="Leroy Lita misses attempt (High to the right, Out of box, Right footed, Open play)" minute="50" period="2" second="30" time="53" type="attempt missed" type_id="13"/>
	<message comment="Nathan Dyer is substituted off" minute="45" period="2" second="0" time="48" type="substitution off" type_id="18"/>
	<message comment="Wayne Routledge is substituted on" minute="45" period="2" second="0" time="48" type="substitution on" type_id="19"/>
	<message comment="Second half begins!" minute="45" period="2" second="0" time="48" type="start" type_id="32"/>
	<message comment="First half ends" minute="47" period="1" second="51" time="47" type="end" type_id="30"/>
	<message comment="GOAL! Yakubu scores , Assisted by Simon Vukcevic (Low to the centre, 6-yard box, Big Chance, Head, From corner)" minute="46" period="1" second="34" time="46" type="goal scored" type_id="16"/>
	<message comment="Simon Vukcevic misses attempt (To the left, 18-yard box, Key pass, Left footed, From corner)" minute="46" period="1" second="32" time="46" type="attempt missed" type_id="13"/>
	<message comment="David Junior Hoilett wins a corner (To the left)" minute="46" period="1" second="5" time="46" type="corner" type_id="6"/>
	<message comment="David Junior Hoilett misses attempt (18-yard box, Right footed, Throw-in)" minute="45" period="1" second="4" time="45" type="attempt missed" type_id="13"/>
	<message comment="David Junior Hoilett recieves a yellow card" minute="43" period="1" second="49" time="43" type="card received" type_id="17"/>
	<message comment="Scott Sinclair misses attempt (High to the right, 18-yard box, Right footed, Open play)" minute="42" period="1" second="38" time="42" type="attempt missed" type_id="13"/>
	<message comment="Scott Dann blocks a shot" minute="41" period="1" second="41" time="41" type="save made" type_id="10"/>
	<message comment="Mark Gower has shot blocked (Out of box, Right footed, Open play)" minute="41" period="1" second="41" time="41" type="attempt blocked" type_id="15"/>
	<message comment="Rubén Rochina is substituted off" minute="39" period="1" second="58" time="39" type="substitution off" type_id="18"/>
	<message comment="Simon Vukcevic is substituted on" minute="39" period="1" second="58" time="39" type="substitution on" type_id="19"/>
	<message comment="GOAL! Leroy Lita scores , Assisted by Mark Gower (Low to the right, 6-yard box, Big Chance, Head, Open play)" minute="34" period="1" second="10" time="34" type="goal scored" type_id="16"/>
	<message comment="Mauro Formica misses attempt (To the left, 18-yard box, Right footed, Open play)" minute="32" period="1" second="9" time="32" type="attempt missed" type_id="13"/>
	<message comment="Mauro Formica has shot blocked (18-yard box, Left footed, Throw-in)" minute="28" period="1" second="6" time="28" type="attempt blocked" type_id="15"/>
	<message comment="Leon Britton blocks a shot" minute="28" period="1" second="6" time="28" type="save made" type_id="10"/>
	<message comment="Yakubu misses attempt (Out of box, Right footed, Open play)" minute="25" period="1" second="23" time="25" type="attempt missed" type_id="13"/>
	<message comment="David Junior Hoilett has shot blocked (Out of box, Right footed, Open play)" minute="24" period="1" second="9" time="24" type="attempt blocked" type_id="15"/>
	<message comment="Jazz Richards blocks a shot" minute="24" period="1" second="9" time="24" type="save made" type_id="10"/>
	<message comment="Michel Vorm makes a save" minute="23" period="1" second="8" time="23" type="save made" type_id="10"/>
	<message comment="Gaël Givet has attempt saved (Low to the right, 18-yard box, Head, Set piece)" minute="23" period="1" second="8" time="23" type="attempt blocked" type_id="15"/>
	<message comment="Morten Gamst Pedersen has shot blocked (Out of box, Left footed, Free kick)" minute="22" period="1" second="55" time="22" type="attempt blocked" type_id="15"/>
	<message comment="Garry Monk blocks a shot" minute="22" period="1" second="55" time="22" type="save made" type_id="10"/>
	<message comment="GOAL! Yakubu scores , Assisted by Gaël Givet (High to the right, 18-yard box, Big Chance, Left footed, Open play)" minute="19" period="1" second="51" time="19" type="goal scored" type_id="16"/>
	<message comment="Morten Gamst Pedersen has shot blocked (Out of box, Left footed, Open play)" minute="13" period="1" second="45" time="13" type="attempt blocked" type_id="15"/>
	<message comment="Garry Monk blocks a shot" minute="13" period="1" second="45" time="13" type="save made" type_id="10"/>
	<message comment="Scott Sinclair misses attempt (18-yard box, Right footed, Open play)" minute="7" period="1" second="31" time="7" type="attempt missed" type_id="13"/>
	<message comment="Formation Set" minute="0" period="14" second="0" time="6" type="end" type_id="30"/>
	<message comment="First half begins!" minute="0" period="1" second="0" time="0" type="start" type_id="32"/>
</Commentary>
