<?xml version="1.0" ?>
<Commentary away_team_name="Blackburn" competition="English Premier League" game_date="2012-04-10" home_team_name="Liverpool" lang_id="en" season="Season 2011/2012" season_id="2011" sport_id="1" sport_name="Football">
	<message comment="Second half ends" minute="95" period="2" second="24" time="98" type="end" type_id="30"/>
	<message comment="Craig Bellamy is caught offside" minute="94" period="2" time="97" type="offside" type_id="10000"/>
	<message comment="GOAL! Andy Carroll scores , Assisted by Daniel Agger (High to the left, 18-yard box, Big Chance, Head, From corner)" minute="90" period="2" second="41" time="93" type="goal scored" type_id="16"/>
	<message comment="Daniel Agger wins a corner (To the left)" minute="89" period="2" second="54" time="92" type="corner" type_id="6"/>
	<message comment="Daniel Agger has shot blocked (Out of box, Left footed, Free kick)" minute="89" period="2" second="51" time="92" type="attempt blocked" type_id="15"/>
	<message comment="Yakubu blocks a shot" minute="89" period="2" second="51" time="92" type="save made" type_id="10"/>
	<message comment="Grant Hanley recieves a yellow card" minute="89" period="2" second="6" time="92" type="card received" type_id="17"/>
	<message comment="Steven Nzonzi wins a corner (To the right)" minute="87" period="2" second="37" time="90" type="corner" type_id="6"/>
	<message comment="Yakubu misses attempt (To the right, 18-yard box, Head, Set piece)" minute="86" period="2" second="6" time="89" type="attempt missed" type_id="13"/>
	<message comment="Jordan Henderson recieves a yellow card" minute="85" period="2" second="35" time="88" type="card received" type_id="17"/>
	<message comment="Jordan Henderson misses attempt (18-yard box, Right footed, Open play)" minute="84" period="2" second="6" time="87" type="attempt missed" type_id="13"/>
	<message comment="José Enrique blocks a shot" minute="83" period="2" second="7" time="86" type="save made" type_id="10"/>
	<message comment="Rubén Rochina has shot blocked (Out of box, Left footed, Open play)" minute="83" period="2" second="7" time="86" type="attempt blocked" type_id="15"/>
	<message comment="Rubén Rochina misses attempt (To the right, Out of box, Left footed, Open play)" minute="79" period="2" second="59" time="82" type="attempt missed" type_id="13"/>
	<message comment="Sebastián Coates blocks a shot" minute="79" period="2" second="55" time="82" type="save made" type_id="10"/>
	<message comment="David Junior Hoilett has shot blocked (18-yard box, Right footed, Open play)" minute="79" period="2" second="55" time="82" type="attempt blocked" type_id="15"/>
	<message comment="Scott Dann blocks a shot" minute="78" period="2" second="26" time="81" type="save made" type_id="10"/>
	<message comment="Daniel Agger has shot blocked (Out of box, Left footed, Open play)" minute="78" period="2" second="26" time="81" type="attempt blocked" type_id="15"/>
	<message comment="Grant Hanley misses attempt (18-yard box, Head, Open play)" minute="77" period="2" second="41" time="80" type="attempt missed" type_id="13"/>
	<message comment="Maxi Rodríguez is substituted off" minute="77" period="2" second="21" time="80" type="substitution off" type_id="18"/>
	<message comment="José Enrique is substituted on" minute="77" period="2" second="21" time="80" type="substitution on" type_id="19"/>
	<message comment="Marcus Olsson has shot blocked (Out of box, Left footed, From corner)" minute="76" period="2" second="25" time="79" type="attempt blocked" type_id="15"/>
	<message comment="Jordan Henderson blocks a shot" minute="76" period="2" second="25" time="79" type="save made" type_id="10"/>
	<message comment="Brad Jones makes a save (Parried safe, Diving)" minute="75" period="2" second="54" time="78" type="save made" type_id="10"/>
	<message comment="Paul Robinson wins a corner (To the left)" minute="75" period="2" second="53" time="78" type="corner" type_id="6"/>
	<message comment="Andy Carroll is caught offside" minute="75" period="2" time="78" type="offside" type_id="10000"/>
	<message comment="David Dunn is substituted off" minute="74" period="2" second="59" time="77" type="substitution off" type_id="18"/>
	<message comment="Jason Lowe is substituted on" minute="74" period="2" second="59" time="77" type="substitution on" type_id="19"/>
	<message comment="Jonjo Shelvey blocks a shot" minute="74" period="2" second="10" time="77" type="save made" type_id="10"/>
	<message comment="Steven Nzonzi has shot blocked (Out of box, Right footed, Open play)" minute="74" period="2" second="10" time="77" type="attempt blocked" type_id="15"/>
	<message comment="David Junior Hoilett is caught offside" minute="74" period="2" time="77" type="offside" type_id="10000"/>
	<message comment="David Dunn blocks a shot (Last line)" minute="73" period="2" second="36" time="76" type="save made" type_id="10"/>
	<message comment="Daniel Agger has shot blocked (18-yard box, Head, Open play)" minute="73" period="2" second="36" time="76" type="attempt blocked" type_id="15"/>
	<message comment="Craig Bellamy wins a corner (To the right)" minute="72" period="2" second="59" time="75" type="corner" type_id="6"/>
	<message comment="Mauro Formica is substituted off" minute="72" period="2" second="30" time="75" type="substitution off" type_id="18"/>
	<message comment="Rubén Rochina is substituted on" minute="72" period="2" second="30" time="75" type="substitution on" type_id="19"/>
	<message comment="Bradley Orr wins a corner (To the right)" minute="71" period="2" second="35" time="74" type="corner" type_id="6"/>
	<message comment="Craig Bellamy recieves a yellow card" minute="71" period="2" second="2" time="74" type="card received" type_id="17"/>
	<message comment="Andy Carroll is caught offside" minute="65" period="2" time="68" type="offside" type_id="10000"/>
	<message comment="Mauro Formica recieves a yellow card" minute="63" period="2" second="46" time="66" type="card received" type_id="17"/>
	<message comment="David Junior Hoilett recieves a yellow card" minute="61" period="2" second="36" time="64" type="card received" type_id="17"/>
	<message comment="GOAL! Yakubu scores  (Low to the centre, 18-yard box, Big Chance, Penalty, Right footed)" minute="60" period="2" second="52" time="63" type="goal scored" type_id="16"/>
	<message comment="Brad Jones recieves a yellow card" minute="60" period="2" second="18" time="63" type="card received" type_id="17"/>
	<message comment="Jonjo Shelvey misses attempt (High, Out of box, Left footed, Open play)" minute="57" period="2" second="56" time="60" type="attempt missed" type_id="13"/>
	<message comment="Brad Jones makes a save (Diving)" minute="57" period="2" second="17" time="60" type="save made" type_id="10"/>
	<message comment="Grant Hanley has attempt saved (Low to the right, 18-yard box, Head, Set piece)" minute="57" period="2" second="17" time="60" type="attempt blocked" type_id="15"/>
	<message comment="Craig Bellamy misses attempt (High, Out of box, Right footed, Free kick)" minute="56" period="2" second="4" time="59" type="attempt missed" type_id="13"/>
	<message comment="Brad Jones makes a save (Parried safe)" minute="54" period="2" second="43" time="57" type="save made" type_id="10"/>
	<message comment="David Dunn has attempt saved (Low to the centre, Out of box, Right footed, Open play)" minute="54" period="2" second="43" time="57" type="attempt blocked" type_id="15"/>
	<message comment="Glen Johnson is substituted off" minute="52" period="2" second="40" time="55" type="substitution off" type_id="18"/>
	<message comment="Daniel Agger is substituted on" minute="52" period="2" second="40" time="55" type="substitution on" type_id="19"/>
	<message comment="Craig Bellamy wins a corner (To the right)" minute="51" period="2" second="49" time="54" type="corner" type_id="6"/>
	<message comment="Martin Olsson wins a corner (To the left)" minute="51" period="2" second="12" time="54" type="corner" type_id="6"/>
	<message comment="Andy Carroll misses attempt (To the right, 6-yard box, Head, From corner)" minute="47" period="2" second="23" time="50" type="attempt missed" type_id="13"/>
	<message comment="Craig Bellamy wins a corner (To the left)" minute="46" period="2" second="49" time="49" type="corner" type_id="6"/>
	<message comment="Craig Bellamy has shot blocked (Out of box, Right footed, Free kick)" minute="46" period="2" second="47" time="49" type="attempt blocked" type_id="15"/>
	<message comment="Grant Hanley blocks a shot" minute="46" period="2" second="47" time="49" type="save made" type_id="10"/>
	<message comment="Yakubu is caught offside" minute="45" period="2" time="48" type="offside" type_id="10000"/>
	<message comment="Second half begins!" minute="45" period="2" second="0" time="48" type="start" type_id="32"/>
	<message comment="First half ends" minute="47" period="1" second="5" time="47" type="end" type_id="30"/>
	<message comment="Maxi Rodríguez recieves a yellow card" minute="45" period="1" second="28" time="45" type="card received" type_id="17"/>
	<message comment="Jonjo Shelvey has shot blocked (Out of box, Right footed, Open play)" minute="44" period="1" second="53" time="44" type="attempt blocked" type_id="15"/>
	<message comment="David Dunn blocks a shot" minute="44" period="1" second="53" time="44" type="save made" type_id="10"/>
	<message comment="Glen Johnson is caught offside" minute="42" period="1" time="42" type="offside" type_id="10000"/>
	<message comment="Brad Jones makes a save (Collected)" minute="40" period="1" second="50" time="40" type="save made" type_id="10"/>
	<message comment="David Dunn has attempt saved (Low to the right, Out of box, Left footed, Open play)" minute="40" period="1" second="50" time="40" type="attempt blocked" type_id="15"/>
	<message comment="GOAL! Yakubu scores , Assisted by David Dunn (Low to the left, 18-yard box, Big Chance, Head, Set piece)" minute="35" period="1" second="52" time="35" type="goal scored" type_id="16"/>
	<message comment="Bradley Orr recieves a yellow card" minute="27" period="1" second="54" time="27" type="card received" type_id="17"/>
	<message comment="Paul Robinson makes a save (Diving)" minute="26" period="1" second="45" time="26" type="save made" type_id="10"/>
	<message comment="Craig Bellamy has attempt saved (Low to the left, Out of box, Right footed, Fast break)" minute="26" period="1" second="45" time="26" type="attempt blocked" type_id="15"/>
	<message comment="Yakubu has attempt saved (Low to the centre, 18-yard box, Penalty, Big Chance, Right footed)" minute="26" period="1" second="14" time="26" type="attempt blocked" type_id="15"/>
	<message comment="Brad Jones makes a save (Diving, Penalty)" minute="26" period="1" second="14" time="26" type="save made" type_id="10"/>
	<message comment="Jon Flanagan is substituted off" minute="25" period="1" second="33" time="25" type="substitution off" type_id="18"/>
	<message comment="Brad Jones is substituted on" minute="25" period="1" second="33" time="25" type="substitution on" type_id="19"/>
	<message comment="Doni recieves a red card" minute="24" period="1" second="10" time="24" type="card received" type_id="17"/>
	<message comment="Craig Bellamy misses attempt (High to the right, Out of box, Right footed, Open play)" minute="23" period="1" second="1" time="23" type="attempt missed" type_id="13"/>
	<message comment="GOAL! Maxi Rodríguez scores  (High to the left, 18-yard box, Big Chance, Left footed, Open play)" minute="15" period="1" second="9" time="15" type="goal scored" type_id="16"/>
	<message comment="Andy Carroll has shot blocked (18-yard box, Right footed, Open play)" minute="15" period="1" second="7" time="15" type="attempt blocked" type_id="15"/>
	<message comment="Bradley Orr blocks a shot" minute="15" period="1" second="7" time="15" type="save made" type_id="10"/>
	<message comment="Jonjo Shelvey has attempt saved (Low to the centre, Out of box, Right footed, Fast break)" minute="15" period="1" second="5" time="15" type="attempt blocked" type_id="15"/>
	<message comment="Paul Robinson makes a save (Parried into danger, Diving)" minute="15" period="1" second="5" time="15" type="save made" type_id="10"/>
	<message comment="GOAL! Maxi Rodríguez scores , Assisted by Craig Bellamy (Low to the left, 6-yard box, Big Chance, Right footed, Fast break)" minute="12" period="1" second="38" time="12" type="goal scored" type_id="16"/>
	<message comment="Jon Flanagan recieves a yellow card" minute="11" period="1" second="44" time="11" type="card received" type_id="17"/>
	<message comment="Mauro Formica misses attempt (To the right, 18-yard box, Head, Open play)" minute="9" period="1" second="43" time="9" type="attempt missed" type_id="13"/>
	<message comment="Formation Set" minute="0" period="14" second="0" time="8" type="end" type_id="30"/>
	<message comment="Martin Olsson misses attempt (Out of box, Left footed, Free kick)" minute="6" period="1" second="4" time="6" type="attempt missed" type_id="13"/>
	<message comment="Andy Carroll is caught offside" minute="1" period="1" time="1" type="offside" type_id="10000"/>
	<message comment="First half begins!" minute="0" period="1" second="0" time="0" type="start" type_id="32"/>
</Commentary>
