<?xml version="1.0" ?>
<Commentary away_team_name="Blackpool" competition="English Premier League" game_date="2010-09-25" home_team_name="Blackburn" lang_id="en" season="Season 2010/2011" season_id="2010" sport_id="1" sport_name="Football">
	<message comment="Second half ends" minute="94" period="2" second="29" time="97" type="end" type_id="30"/>
	<message comment="Brett Emerton wins a corner (To the left)" minute="94" period="2" second="4" time="97" type="corner" type_id="6"/>
	<message comment="Brett Emerton has attempt saved (High to the left, Out of box, Right footed, Open play)" minute="94" period="2" second="0" time="97" type="attempt blocked" type_id="15"/>
	<message comment="Matthew Gilks makes a save (Parried safe, Diving)" minute="94" period="2" second="0" time="97" type="save made" type_id="10"/>
	<message comment="DJ Campbell misses attempt (Out of box, Right footed, Open play)" minute="93" period="2" second="29" time="96" type="attempt missed" type_id="13"/>
	<message comment="Gary Taylor-Fletcher recieves a yellow card" minute="93" period="2" second="0" time="96" type="card received" type_id="17"/>
	<message comment="GOAL! Brett Emerton scores  (Low to the left, 18-yard box, Left footed, Open play)" minute="92" period="2" second="25" time="95" type="goal scored" type_id="16"/>
	<message comment="Benjani has shot blocked (18-yard box, Right footed, Open play)" minute="92" period="2" second="23" time="95" type="attempt blocked" type_id="15"/>
	<message comment="Craig Cathcart blocks a shot" minute="92" period="2" second="23" time="95" type="save made" type_id="10"/>
	<message comment="El Hadji Diouf has shot blocked (Out of box, Right footed, Open play)" minute="92" period="2" second="17" time="95" type="attempt blocked" type_id="15"/>
	<message comment="Craig Cathcart blocks a shot" minute="92" period="2" second="17" time="95" type="save made" type_id="10"/>
	<message comment="Ryan Nelsen blocks a shot" minute="86" period="2" second="47" time="89" type="save made" type_id="10"/>
	<message comment="Luke Varney has shot blocked (18-yard box, Right footed, Open play)" minute="86" period="2" second="47" time="89" type="attempt blocked" type_id="15"/>
	<message comment="GOAL! Matt Phillips scores , Assisted by Luke Varney (Low to the left, 18-yard box, Right footed, Open play)" minute="84" period="2" second="20" time="87" type="goal scored" type_id="16"/>
	<message comment="Neal Eardley is substituted off" minute="82" period="2" second="45" time="85" type="substitution off" type_id="18"/>
	<message comment="Matt Phillips is substituted on" minute="82" period="2" second="45" time="85" type="substitution on" type_id="19"/>
	<message comment="Charlie Adam wins a corner (To the left)" minute="82" period="2" second="33" time="85" type="corner" type_id="6"/>
	<message comment="Paul Robinson makes a save (Diving, Parried safe)" minute="82" period="2" second="30" time="85" type="save made" type_id="10"/>
	<message comment="Charlie Adam has attempt saved (High to the left, Out of box, Left footed, From corner)" minute="82" period="2" second="30" time="85" type="attempt blocked" type_id="15"/>
	<message comment="Christopher Samba blocks a shot" minute="82" period="2" second="27" time="85" type="save made" type_id="10"/>
	<message comment="Ian Evatt has shot blocked (18-yard box, Right footed, From corner)" minute="82" period="2" second="27" time="85" type="attempt blocked" type_id="15"/>
	<message comment="Gary Taylor-Fletcher wins a corner (To the right)" minute="82" period="2" second="6" time="85" type="corner" type_id="6"/>
	<message comment="Paul Robinson makes a save (Parried safe, Diving)" minute="81" period="2" second="59" time="84" type="save made" type_id="10"/>
	<message comment="Gary Taylor-Fletcher has attempt saved (High to the right, Out of box, Right footed, Throw-in)" minute="81" period="2" second="59" time="84" type="attempt blocked" type_id="15"/>
	<message comment="Nikola Kalinic is substituted off" minute="75" period="2" second="39" time="78" type="substitution off" type_id="18"/>
	<message comment="Benjani is substituted on" minute="75" period="2" second="39" time="78" type="substitution on" type_id="19"/>
	<message comment="Charlie Adam misses attempt (To the right, 6-yard box, Big Chance, Head, Open play)" minute="74" period="2" second="35" time="77" type="attempt missed" type_id="13"/>
	<message comment="Nikola Kalinic is caught offside" minute="73" period="2" time="76" type="offside" type_id="10000"/>
	<message comment="Brett Emerton has shot blocked (Out of box, Right footed, Open play)" minute="72" period="2" second="3" time="75" type="attempt blocked" type_id="15"/>
	<message comment="Ian Evatt blocks a shot" minute="72" period="2" second="3" time="75" type="save made" type_id="10"/>
	<message comment="El Hadji Diouf wins a corner (To the left)" minute="69" period="2" second="37" time="72" type="corner" type_id="6"/>
	<message comment="Steven Nzonzi is substituted off" minute="66" period="2" second="5" time="69" type="substitution off" type_id="18"/>
	<message comment="Keith Andrews is substituted on" minute="66" period="2" second="5" time="69" type="substitution on" type_id="19"/>
	<message comment="Marlon Harewood is substituted off" minute="65" period="2" second="31" time="68" type="substitution off" type_id="18"/>
	<message comment="Elliot Grandin is substituted on" minute="65" period="2" second="31" time="68" type="substitution on" type_id="19"/>
	<message comment="Brett Ormerod is substituted off" minute="64" period="2" second="37" time="67" type="substitution off" type_id="18"/>
	<message comment="Luke Varney is substituted on" minute="64" period="2" second="37" time="67" type="substitution on" type_id="19"/>
	<message comment="Matthew Gilks makes a save (Diving)" minute="63" period="2" second="35" time="66" type="save made" type_id="10"/>
	<message comment="Nikola Kalinic has attempt saved (Low to the right, 18-yard box, Left footed, Open play)" minute="63" period="2" second="35" time="66" type="attempt blocked" type_id="15"/>
	<message comment="Brett Ormerod misses attempt (6-yard box, Right footed, Open play)" minute="61" period="2" second="56" time="64" type="attempt missed" type_id="13"/>
	<message comment="Phil Jones has attempt saved (Low to the centre, 18-yard box, Big Chance, Head, Fast break)" minute="60" period="2" second="25" time="63" type="attempt blocked" type_id="15"/>
	<message comment="Matthew Gilks makes a save (Parried safe, Standing, Feet)" minute="60" period="2" second="25" time="63" type="save made" type_id="10"/>
	<message comment="DJ Campbell wins a corner (To the left)" minute="59" period="2" second="49" time="62" type="corner" type_id="6"/>
	<message comment="Phil Jones blocks a shot" minute="58" period="2" second="53" time="61" type="save made" type_id="10"/>
	<message comment="Charlie Adam has shot blocked (18-yard box, Left footed, Open play)" minute="58" period="2" second="53" time="61" type="attempt blocked" type_id="15"/>
	<message comment="Brett Emerton has attempt saved (Low to the left, 18-yard box, Right footed, Open play)" minute="56" period="2" second="36" time="59" type="attempt blocked" type_id="15"/>
	<message comment="Matthew Gilks makes a save (Diving, Parried safe)" minute="56" period="2" second="36" time="59" type="save made" type_id="10"/>
	<message comment="Nikola Kalinic is caught offside" minute="56" period="2" time="59" type="offside" type_id="10000"/>
	<message comment="Marlon Harewood is caught offside" minute="55" period="2" time="58" type="offside" type_id="10000"/>
	<message comment="Craig Cathcart misses attempt (High to the right, 6-yard box, Head, Set piece)" minute="51" period="2" second="11" time="54" type="attempt missed" type_id="13"/>
	<message comment="Morten Gamst Pedersen wins a corner (To the right)" minute="49" period="2" second="35" time="52" type="corner" type_id="6"/>
	<message comment="Mame Biram Diouf is substituted off" minute="45" period="2" second="0" time="48" type="substitution off" type_id="18"/>
	<message comment="Brett Emerton is substituted on" minute="45" period="2" second="0" time="48" type="substitution on" type_id="19"/>
	<message comment="Second half begins!" minute="45" period="2" second="0" time="48" type="start" type_id="32"/>
	<message comment="First half ends" minute="47" period="1" second="22" time="47" type="end" type_id="30"/>
	<message comment="Christopher Samba has shot blocked (6-yard box, Head, Set piece)" minute="47" period="1" second="16" time="47" type="attempt blocked" type_id="15"/>
	<message comment="Ian Evatt blocks a shot" minute="47" period="1" second="16" time="47" type="save made" type_id="10"/>
	<message comment="Marlon Harewood recieves a yellow card" minute="46" period="1" second="49" time="46" type="card received" type_id="17"/>
	<message comment="Nikola Kalinic wins a corner (To the left)" minute="42" period="1" second="16" time="42" type="corner" type_id="6"/>
	<message comment="Craig Cathcart blocks a shot" minute="42" period="1" second="15" time="42" type="save made" type_id="10"/>
	<message comment="Nikola Kalinic has shot blocked (Out of box, Right footed, Open play)" minute="42" period="1" second="15" time="42" type="attempt blocked" type_id="15"/>
	<message comment="Míchel Salgado wins a corner (To the right)" minute="38" period="1" second="31" time="38" type="corner" type_id="6"/>
	<message comment="Christopher Samba misses attempt (High to the right, 18-yard box, Head, Set piece)" minute="37" period="1" second="20" time="37" type="attempt missed" type_id="13"/>
	<message comment="El Hadji Diouf is caught offside" minute="36" period="1" time="36" type="offside" type_id="10000"/>
	<message comment="Charlie Adam misses attempt (High to the right, 18-yard box, Left footed, From corner)" minute="35" period="1" second="37" time="35" type="attempt missed" type_id="13"/>
	<message comment="Charlie Adam wins a corner (To the left)" minute="35" period="1" second="9" time="35" type="corner" type_id="6"/>
	<message comment="Charlie Adam wins a corner (To the left)" minute="34" period="1" second="13" time="34" type="corner" type_id="6"/>
	<message comment="Phil Jones blocks a shot" minute="34" period="1" second="9" time="34" type="save made" type_id="10"/>
	<message comment="Charlie Adam has shot blocked (Out of box, Left footed, Free kick)" minute="34" period="1" second="9" time="34" type="attempt blocked" type_id="15"/>
	<message comment="Charlie Adam wins a corner (To the right)" minute="29" period="1" second="54" time="29" type="corner" type_id="6"/>
	<message comment="Míchel Salgado recieves a yellow card" minute="29" period="1" second="27" time="29" type="card received" type_id="17"/>
	<message comment="Nikola Kalinic misses attempt (18-yard box, Left footed, Set piece)" minute="27" period="1" second="9" time="27" type="attempt missed" type_id="13"/>
	<message comment="Christopher Samba hits the woodwork (To the right, 18-yard box, Head, Set piece)" minute="27" period="1" second="5" time="27" type="woodwork hit" type_id="14"/>
	<message comment="Ian Evatt misses attempt (To the right, Out of box, Right footed, Open play)" minute="25" period="1" second="58" time="25" type="attempt missed" type_id="13"/>
	<message comment="Paul Robinson makes a save (From shot off target, Diving)" minute="24" period="1" second="41" time="24" type="save made" type_id="10"/>
	<message comment="Marlon Harewood misses attempt (18-yard box, Right footed, Open play)" minute="24" period="1" second="40" time="24" type="attempt missed" type_id="13"/>
	<message comment="Charlie Adam scores an OWN GOAL!  (Low to the left, 6-yard box, Head, Open play)" minute="19" period="1" second="54" time="19" type="goal scored" type_id="16"/>
	<message comment="Phil Jones misses attempt (High to the left, 18-yard box, Left footed, Open play)" minute="17" period="1" second="57" time="17" type="attempt missed" type_id="13"/>
	<message comment="Mame Biram Diouf misses attempt (To the right, 18-yard box, Head, Open play)" minute="17" period="1" second="8" time="17" type="attempt missed" type_id="13"/>
	<message comment="Brett Ormerod wins a corner (To the right)" minute="11" period="1" second="25" time="11" type="corner" type_id="6"/>
	<message comment="El Hadji Diouf misses attempt (High to the right, Out of box, Right footed, From corner)" minute="7" period="1" second="36" time="7" type="attempt missed" type_id="13"/>
	<message comment="El Hadji Diouf wins a corner (To the left)" minute="7" period="1" second="4" time="7" type="corner" type_id="6"/>
	<message comment="Formation Set" minute="0" period="14" second="0" time="7" type="end" type_id="30"/>
	<message comment="El Hadji Diouf wins a corner (To the left)" minute="5" period="1" second="17" time="5" type="corner" type_id="6"/>
	<message comment="Mame Biram Diouf wins a corner (To the right)" minute="2" period="1" second="29" time="2" type="corner" type_id="6"/>
	<message comment="Míchel Salgado blocks a shot (Last line)" minute="1" period="1" second="54" time="1" type="save made" type_id="10"/>
	<message comment="Ian Evatt has shot blocked (6-yard box, Big Chance, Head, From corner)" minute="1" period="1" second="54" time="1" type="attempt blocked" type_id="15"/>
	<message comment="Neal Eardley wins a corner (To the left)" minute="1" period="1" second="26" time="1" type="corner" type_id="6"/>
	<message comment="First half begins!" minute="0" period="1" second="0" time="0" type="start" type_id="32"/>
</Commentary>
