<?xml version="1.0" ?>
<Commentary away_team_name="Blackpool" competition="English Premier League" game_date="2011-01-22" home_team_name="Sunderland" lang_id="en" season="Season 2010/2011" season_id="2010" sport_id="1" sport_name="Football">
	<message comment="Second half ends" minute="96" period="2" second="10" time="99" type="end" type_id="30"/>
	<message comment="Luke Varney recieves a yellow card" minute="92" period="2" second="55" time="95" type="card received" type_id="17"/>
	<message comment="Craig Gordon makes a save (Collected, Diving)" minute="89" period="2" second="11" time="92" type="save made" type_id="10"/>
	<message comment="Ian Evatt has attempt saved (Low to the right, Out of box, Right footed, Open play)" minute="89" period="2" second="11" time="92" type="attempt blocked" type_id="15"/>
	<message comment="Boudewijn Zenden blocks a shot" minute="89" period="2" second="4" time="92" type="save made" type_id="10"/>
	<message comment="David Vaughan has shot blocked (Out of box, Left footed, Open play)" minute="89" period="2" second="4" time="92" type="attempt blocked" type_id="15"/>
	<message comment="Kieran Richardson is caught offside" minute="88" period="2" time="91" type="offside" type_id="10000"/>
	<message comment="Craig Gordon makes a save (Diving, Collected)" minute="87" period="2" second="54" time="90" type="save made" type_id="10"/>
	<message comment="Charlie Adam has attempt saved (Low to the right, Out of box, Left footed, Open play)" minute="87" period="2" second="54" time="90" type="attempt blocked" type_id="15"/>
	<message comment="Marlon Harewood misses attempt (To the right, 6-yard box, Head, From corner)" minute="86" period="2" second="51" time="89" type="attempt missed" type_id="13"/>
	<message comment="Luke Varney wins a corner (To the left)" minute="86" period="2" second="40" time="89" type="corner" type_id="6"/>
	<message comment="GOAL! Charlie Adam scores  (Low to the left, 18-yard box, Big Chance, Penalty, Left footed)" minute="85" period="2" second="5" time="88" type="goal scored" type_id="16"/>
	<message comment="Asamoah Gyan has attempt saved (Low to the left, 18-yard box, Left footed, Open play)" minute="83" period="2" second="36" time="86" type="attempt blocked" type_id="15"/>
	<message comment="Paul Rachubka makes a save (Diving)" minute="83" period="2" second="36" time="86" type="save made" type_id="10"/>
	<message comment="Asamoah Gyan is caught offside" minute="82" period="2" time="85" type="offside" type_id="10000"/>
	<message comment="Steed Malbranque is substituted off" minute="79" period="2" second="46" time="82" type="substitution off" type_id="18"/>
	<message comment="Cristian Riveros is substituted on" minute="79" period="2" second="46" time="82" type="substitution on" type_id="19"/>
	<message comment="Matt Phillips wins a corner (To the right)" minute="75" period="2" second="47" time="78" type="corner" type_id="6"/>
	<message comment="Brett Ormerod is caught offside" minute="70" period="2" time="73" type="offside" type_id="10000"/>
	<message comment="Jordan Henderson misses attempt (18-yard box, Right footed, Open play)" minute="68" period="2" second="35" time="71" type="attempt missed" type_id="13"/>
	<message comment="Marlon Harewood misses attempt (18-yard box, Right footed, Open play)" minute="65" period="2" second="55" time="68" type="attempt missed" type_id="13"/>
	<message comment="Boudewijn Zenden has attempt saved (Low to the centre, Out of box, Left footed, Open play)" minute="64" period="2" second="2" time="67" type="attempt blocked" type_id="15"/>
	<message comment="Paul Rachubka makes a save (Diving)" minute="64" period="2" second="2" time="67" type="save made" type_id="10"/>
	<message comment="Phil Bardsley is substituted off" minute="62" period="2" second="33" time="65" type="substitution off" type_id="18"/>
	<message comment="Jack Colback is substituted on" minute="62" period="2" second="33" time="65" type="substitution on" type_id="19"/>
	<message comment="Elliot Grandin is substituted off" minute="61" period="2" second="47" time="64" type="substitution off" type_id="18"/>
	<message comment="Marlon Harewood is substituted on" minute="61" period="2" second="47" time="64" type="substitution on" type_id="19"/>
	<message comment="Charlie Adam wins a corner (To the left)" minute="58" period="2" second="59" time="61" type="corner" type_id="6"/>
	<message comment="Titus Bramble blocks a shot" minute="58" period="2" second="57" time="61" type="save made" type_id="10"/>
	<message comment="Charlie Adam has shot blocked (18-yard box, Left footed, Open play)" minute="58" period="2" second="57" time="61" type="attempt blocked" type_id="15"/>
	<message comment="Boudewijn Zenden has attempt saved (Low to the right, Out of box, Left footed, Open play)" minute="57" period="2" second="32" time="60" type="attempt blocked" type_id="15"/>
	<message comment="Paul Rachubka makes a save (Diving)" minute="57" period="2" second="32" time="60" type="save made" type_id="10"/>
	<message comment="Asamoah Gyan is caught offside" minute="57" period="2" time="60" type="offside" type_id="10000"/>
	<message comment="Richard Kingson is substituted off" minute="55" period="2" second="35" time="58" type="substitution off" type_id="18"/>
	<message comment="Paul Rachubka is substituted on" minute="55" period="2" second="35" time="58" type="substitution on" type_id="19"/>
	<message comment="Kieran Richardson wins a corner (To the left)" minute="51" period="2" second="31" time="54" type="corner" type_id="6"/>
	<message comment="Luke Varney wins a corner (To the left)" minute="50" period="2" second="49" time="53" type="corner" type_id="6"/>
	<message comment="Kieran Richardson misses attempt (Out of box, Left footed, Open play)" minute="49" period="2" second="47" time="52" type="attempt missed" type_id="13"/>
	<message comment="Anton Ferdinand wins a corner (To the left)" minute="49" period="2" second="0" time="52" type="corner" type_id="6"/>
	<message comment="Stephen Crainey is substituted off" minute="48" period="2" second="38" time="51" type="substitution off" type_id="18"/>
	<message comment="Brett Ormerod is substituted on" minute="48" period="2" second="38" time="51" type="substitution on" type_id="19"/>
	<message comment="Jordan Henderson wins a corner (To the left)" minute="48" period="2" second="21" time="51" type="corner" type_id="6"/>
	<message comment="Steed Malbranque has shot blocked (Out of box, Right footed, Open play)" minute="48" period="2" second="11" time="51" type="attempt blocked" type_id="15"/>
	<message comment="Craig Cathcart blocks a shot" minute="48" period="2" second="11" time="51" type="save made" type_id="10"/>
	<message comment="Second half begins!" minute="45" period="2" second="0" time="48" type="start" type_id="32"/>
	<message comment="First half ends" minute="47" period="1" second="3" time="47" type="end" type_id="30"/>
	<message comment="Asamoah Gyan is caught offside" minute="45" period="1" time="45" type="offside" type_id="10000"/>
	<message comment="Luke Varney misses attempt (High, 6-yard box, Head, From corner)" minute="43" period="1" second="33" time="43" type="attempt missed" type_id="13"/>
	<message comment="Charlie Adam wins a corner (To the right)" minute="43" period="1" second="10" time="43" type="corner" type_id="6"/>
	<message comment="Craig Gordon makes a save (Diving, Parried safe)" minute="43" period="1" second="6" time="43" type="save made" type_id="10"/>
	<message comment="Charlie Adam has attempt saved (High to the right, Out of box, Left footed, Free kick)" minute="43" period="1" second="6" time="43" type="attempt blocked" type_id="15"/>
	<message comment="Asamoah Gyan is caught offside" minute="39" period="1" time="39" type="offside" type_id="10000"/>
	<message comment="Charlie Adam wins a corner (To the left)" minute="37" period="1" second="3" time="37" type="corner" type_id="6"/>
	<message comment="Stephen Crainey wins a corner (To the left)" minute="36" period="1" second="38" time="36" type="corner" type_id="6"/>
	<message comment="GOAL! Kieran Richardson scores , Assisted by Steed Malbranque (Low to the left, 18-yard box, Big Chance, Left footed, Open play)" minute="35" period="1" second="18" time="35" type="goal scored" type_id="16"/>
	<message comment="Charlie Adam recieves a yellow card" minute="33" period="1" second="56" time="33" type="card received" type_id="17"/>
	<message comment="Craig Gordon makes a save (Collected)" minute="31" period="1" second="12" time="31" type="save made" type_id="10"/>
	<message comment="Matt Phillips has attempt saved (Low to the centre, Out of box, Right footed, Open play)" minute="31" period="1" second="12" time="31" type="attempt blocked" type_id="15"/>
	<message comment="Charlie Adam wins a corner (To the right)" minute="29" period="1" second="3" time="29" type="corner" type_id="6"/>
	<message comment="Craig Gordon makes a save (Diving, Parried safe)" minute="28" period="1" second="59" time="28" type="save made" type_id="10"/>
	<message comment="Charlie Adam has attempt saved (High to the centre, Out of box, Left footed, Open play)" minute="28" period="1" second="59" time="28" type="attempt blocked" type_id="15"/>
	<message comment="Gary Taylor-Fletcher wins a corner (To the right)" minute="27" period="1" second="59" time="27" type="corner" type_id="6"/>
	<message comment="Craig Gordon makes a save (Diving, Parried safe, Other body part)" minute="27" period="1" second="57" time="27" type="save made" type_id="10"/>
	<message comment="Luke Varney has attempt saved (Low to the centre, 18-yard box, Big Chance, Right footed, Open play)" minute="27" period="1" second="57" time="27" type="attempt blocked" type_id="15"/>
	<message comment="Kieran Richardson misses attempt (To the left, 6-yard box, Big Chance, Left footed, Open play)" minute="26" period="1" second="40" time="26" type="attempt missed" type_id="13"/>
	<message comment="Kieran Richardson misses attempt (High, Out of box, Left footed, Open play)" minute="23" period="1" second="11" time="23" type="attempt missed" type_id="13"/>
	<message comment="Steed Malbranque blocks a shot" minute="19" period="1" second="42" time="19" type="save made" type_id="10"/>
	<message comment="Neal Eardley has shot blocked (Out of box, Right footed, Free kick)" minute="19" period="1" second="42" time="19" type="attempt blocked" type_id="15"/>
	<message comment="GOAL! Kieran Richardson scores , Assisted by Asamoah Gyan (Low to the right, 18-yard box, Big Chance, Left footed, Open play)" minute="14" period="1" second="49" time="14" type="goal scored" type_id="16"/>
	<message comment="Gary Taylor-Fletcher wins a corner (To the right)" minute="9" period="1" second="31" time="9" type="corner" type_id="6"/>
	<message comment="Gary Taylor-Fletcher has attempt saved (High to the right, 18-yard box, Other body part, Open play)" minute="9" period="1" second="30" time="9" type="attempt blocked" type_id="15"/>
	<message comment="Craig Gordon makes a save (Parried safe)" minute="9" period="1" second="30" time="9" type="save made" type_id="10"/>
	<message comment="Formation Set" minute="0" period="14" second="0" time="9" type="end" type_id="30"/>
	<message comment="Asamoah Gyan misses attempt (To the right, 18-yard box, Right footed, Open play)" minute="8" period="1" second="44" time="8" type="attempt missed" type_id="13"/>
	<message comment="Asamoah Gyan is caught offside" minute="8" period="1" time="8" type="offside" type_id="10000"/>
	<message comment="Steed Malbranque misses attempt (High, 18-yard box, Big Chance, Head, Open play)" minute="7" period="1" second="19" time="7" type="attempt missed" type_id="13"/>
	<message comment="Titus Bramble misses attempt (High to the left, 18-yard box, Head, From corner)" minute="1" period="1" second="39" time="1" type="attempt missed" type_id="13"/>
	<message comment="Jordan Henderson wins a corner (To the right)" minute="1" period="1" second="11" time="1" type="corner" type_id="6"/>
	<message comment="First half begins!" minute="0" period="1" second="0" time="0" type="start" type_id="32"/>
</Commentary>
