<?xml version="1.0" ?>
<Commentary away_team_name="Blackburn" competition="English Premier League" game_date="2010-12-04" home_team_name="Wolverhampton Wanderers" lang_id="en" season="Season 2010/2011" season_id="2010" sport_id="1" sport_name="Football">
	<message comment="Second half ends" minute="93" period="2" second="6" time="96" type="end" type_id="30"/>
	<message comment="Morten Gamst Pedersen has attempt saved (Low to the left, 18-yard box, Left footed, Open play)" minute="92" period="2" second="43" time="95" type="attempt blocked" type_id="15"/>
	<message comment="Wayne Hennessey makes a save" minute="92" period="2" second="43" time="95" type="save made" type_id="10"/>
	<message comment="Wayne Hennessey makes a save (Standing, Parried into danger)" minute="92" period="2" second="41" time="95" type="save made" type_id="10"/>
	<message comment="Mame Biram Diouf has attempt saved (High to the centre, 18-yard box, Big Chance, Left footed, Fast break)" minute="92" period="2" second="41" time="95" type="attempt blocked" type_id="15"/>
	<message comment="Stephen Hunt wins a corner (To the left)" minute="91" period="2" second="54" time="94" type="corner" type_id="6"/>
	<message comment="Paul Robinson makes a save (Diving, Parried safe)" minute="91" period="2" second="51" time="94" type="save made" type_id="10"/>
	<message comment="Stephen Hunt has attempt saved (High to the left, Out of box, Left footed, Open play)" minute="91" period="2" second="51" time="94" type="attempt blocked" type_id="15"/>
	<message comment="Morten Gamst Pedersen blocks a shot" minute="91" period="2" second="17" time="94" type="save made" type_id="10"/>
	<message comment="Nenad Milijas has shot blocked (Out of box, Left footed, From corner)" minute="91" period="2" second="17" time="94" type="attempt blocked" type_id="15"/>
	<message comment="Sylvan Ebanks-Blake wins a corner (To the right)" minute="91" period="2" second="4" time="94" type="corner" type_id="6"/>
	<message comment="Sylvan Ebanks-Blake has shot blocked (Out of box, Right footed, Open play)" minute="91" period="2" second="0" time="94" type="attempt blocked" type_id="15"/>
	<message comment="Ryan Nelsen blocks a shot" minute="91" period="2" second="0" time="94" type="save made" type_id="10"/>
	<message comment="Mame Biram Diouf has shot blocked (18-yard box, Right footed, Open play)" minute="89" period="2" second="38" time="92" type="attempt blocked" type_id="15"/>
	<message comment="Kevin Foley blocks a shot" minute="89" period="2" second="38" time="92" type="save made" type_id="10"/>
	<message comment="Kevin Foley wins a corner (To the right)" minute="85" period="2" second="20" time="88" type="corner" type_id="6"/>
	<message comment="Kevin Foley wins a corner (To the right)" minute="85" period="2" second="1" time="88" type="corner" type_id="6"/>
	<message comment="Stephen Hunt recieves a yellow card" minute="83" period="2" second="45" time="86" type="card received" type_id="17"/>
	<message comment="Jason Roberts is substituted off" minute="82" period="2" second="16" time="85" type="substitution off" type_id="18"/>
	<message comment="Benjani is substituted on" minute="82" period="2" second="16" time="85" type="substitution on" type_id="19"/>
	<message comment="Christophe Berra misses attempt (High to the left, 6-yard box, Left footed, From corner)" minute="78" period="2" second="5" time="81" type="attempt missed" type_id="13"/>
	<message comment="Nenad Milijas misses attempt (To the left, Out of box, Key pass, Left footed, From corner)" minute="78" period="2" second="4" time="81" type="attempt missed" type_id="13"/>
	<message comment="Stephen Hunt wins a corner (To the left)" minute="77" period="2" second="36" time="80" type="corner" type_id="6"/>
	<message comment="Paul Robinson makes a save (Parried safe, Diving)" minute="77" period="2" second="33" time="80" type="save made" type_id="10"/>
	<message comment="Stephen Hunt has attempt saved (Low to the centre, 18-yard box, Left footed, Open play)" minute="77" period="2" second="33" time="80" type="attempt blocked" type_id="15"/>
	<message comment="Kevin Doyle wins a corner (To the left)" minute="76" period="2" second="42" time="79" type="corner" type_id="6"/>
	<message comment="El Hadji Diouf is substituted off" minute="71" period="2" second="58" time="74" type="substitution off" type_id="18"/>
	<message comment="Josh Morris is substituted on" minute="71" period="2" second="58" time="74" type="substitution on" type_id="19"/>
	<message comment="Mame Biram Diouf is caught offside" minute="71" period="2" time="74" type="offside" type_id="10000"/>
	<message comment="Stephen Hunt misses attempt (To the left, 18-yard box, Left footed, Open play)" minute="70" period="2" second="36" time="73" type="attempt missed" type_id="13"/>
	<message comment="Paul Robinson makes a save (Diving, Parried safe)" minute="70" period="2" second="9" time="73" type="save made" type_id="10"/>
	<message comment="George Elokobi has attempt saved (High to the right, Out of box, Left footed, From corner)" minute="70" period="2" second="9" time="73" type="attempt blocked" type_id="15"/>
	<message comment="Kevin Doyle wins a corner (To the left)" minute="69" period="2" second="32" time="72" type="corner" type_id="6"/>
	<message comment="Phil Jones has attempt saved (Low to the centre, 18-yard box, Left footed, Open play)" minute="68" period="2" second="45" time="71" type="attempt blocked" type_id="15"/>
	<message comment="Wayne Hennessey makes a save (Parried safe, Standing, Feet)" minute="68" period="2" second="45" time="71" type="save made" type_id="10"/>
	<message comment="Morten Gamst Pedersen misses attempt (High to the left, Out of box, Left footed, Free kick)" minute="68" period="2" second="4" time="71" type="attempt missed" type_id="13"/>
	<message comment="Christophe Berra recieves a yellow card" minute="66" period="2" second="59" time="69" type="card received" type_id="17"/>
	<message comment="Stephen Ward wins a corner (To the left)" minute="65" period="2" second="43" time="68" type="corner" type_id="6"/>
	<message comment="Jason Roberts is caught offside" minute="63" period="2" time="66" type="offside" type_id="10000"/>
	<message comment="Brett Emerton is caught offside" minute="58" period="2" time="61" type="offside" type_id="10000"/>
	<message comment="Mame Biram Diouf wins a corner (To the left)" minute="56" period="2" second="17" time="59" type="corner" type_id="6"/>
	<message comment="GOAL! Ryan Nelsen scores , Assisted by Morten Gamst Pedersen (Low to the right, 18-yard box, Big Chance, Right footed, Set piece)" minute="54" period="2" second="27" time="57" type="goal scored" type_id="16"/>
	<message comment="Kevin Foley wins a corner (To the right)" minute="51" period="2" second="56" time="54" type="corner" type_id="6"/>
	<message comment="Michael Mancienne is substituted off" minute="51" period="2" second="40" time="54" type="substitution off" type_id="18"/>
	<message comment="Stephen Hunt is substituted on" minute="51" period="2" second="40" time="54" type="substitution on" type_id="19"/>
	<message comment="David Dunn is substituted off" minute="51" period="2" second="27" time="54" type="substitution off" type_id="18"/>
	<message comment="Mame Biram Diouf is substituted on" minute="51" period="2" second="27" time="54" type="substitution on" type_id="19"/>
	<message comment="Christophe Berra misses attempt (18-yard box, Head, Throw-in)" minute="49" period="2" second="18" time="52" type="attempt missed" type_id="13"/>
	<message comment="Sylvan Ebanks-Blake wins a corner (To the left)" minute="48" period="2" second="22" time="51" type="corner" type_id="6"/>
	<message comment="Jason Roberts is caught offside" minute="47" period="2" time="50" type="offside" type_id="10000"/>
	<message comment="Morten Gamst Pedersen wins a corner (To the left)" minute="46" period="2" second="26" time="49" type="corner" type_id="6"/>
	<message comment="Steven Mouyokolo is substituted off" minute="45" period="2" second="0" time="48" type="substitution off" type_id="18"/>
	<message comment="Sylvan Ebanks-Blake is substituted on" minute="45" period="2" second="0" time="48" type="substitution on" type_id="19"/>
	<message comment="Second half begins!" minute="45" period="2" second="0" time="48" type="start" type_id="32"/>
	<message comment="First half ends" minute="47" period="1" second="11" time="47" type="end" type_id="30"/>
	<message comment="Brett Emerton misses attempt (To the left, Out of box, Left footed, From corner)" minute="45" period="1" second="9" time="45" type="attempt missed" type_id="13"/>
	<message comment="Míchel Salgado wins a corner (To the right)" minute="44" period="1" second="38" time="44" type="corner" type_id="6"/>
	<message comment="GOAL! Brett Emerton scores , Assisted by Jason Roberts (High to the left, 18-yard box, Big Chance, Left footed, Open play)" minute="42" period="1" second="3" time="42" type="goal scored" type_id="16"/>
	<message comment="Matthew Jarvis misses attempt (To the right, 18-yard box, Right footed, Throw-in)" minute="40" period="1" second="25" time="40" type="attempt missed" type_id="13"/>
	<message comment="Jason Roberts is caught offside" minute="38" period="1" time="38" type="offside" type_id="10000"/>
	<message comment="Gaël Givet misses attempt (To the right, 18-yard box, Head, From corner)" minute="34" period="1" second="51" time="34" type="attempt missed" type_id="13"/>
	<message comment="Morten Gamst Pedersen wins a corner (To the left)" minute="34" period="1" second="21" time="34" type="corner" type_id="6"/>
	<message comment="Brett Emerton wins a corner (To the right)" minute="32" period="1" second="4" time="32" type="corner" type_id="6"/>
	<message comment="Nenad Milijas has attempt saved (Low to the left, Out of box, Left footed, Open play)" minute="30" period="1" second="34" time="30" type="attempt blocked" type_id="15"/>
	<message comment="Paul Robinson makes a save (Diving, Parried into danger)" minute="30" period="1" second="34" time="30" type="save made" type_id="10"/>
	<message comment="GOAL! David Dunn scores , Assisted by Ryan Nelsen (Low to the centre, 6-yard box, Big Chance, Head, From corner)" minute="28" period="1" second="33" time="28" type="goal scored" type_id="16"/>
	<message comment="Morten Gamst Pedersen wins a corner (To the right)" minute="27" period="1" second="56" time="27" type="corner" type_id="6"/>
	<message comment="David Dunn wins a corner (To the left)" minute="11" period="1" second="45" time="11" type="corner" type_id="6"/>
	<message comment="Morten Gamst Pedersen wins a corner (To the right)" minute="10" period="1" second="11" time="10" type="corner" type_id="6"/>
	<message comment="Brett Emerton misses attempt (High to the left, 18-yard box, Left footed, Open play)" minute="8" period="1" second="54" time="8" type="attempt missed" type_id="13"/>
	<message comment="Formation Set" minute="0" period="14" second="0" time="6" type="end" type_id="30"/>
	<message comment="Ronald Zubar hits the woodwork (High, 18-yard box, Left footed, Open play)" minute="4" period="1" second="47" time="4" type="woodwork hit" type_id="14"/>
	<message comment="Paul Robinson makes a save (Diving)" minute="4" period="1" second="40" time="4" type="save made" type_id="10"/>
	<message comment="Stephen Ward has attempt saved (Low to the right, 18-yard box, Left footed, Open play)" minute="4" period="1" second="40" time="4" type="attempt blocked" type_id="15"/>
	<message comment="David Dunn is caught offside" minute="4" period="1" time="4" type="offside" type_id="10000"/>
	<message comment="Nenad Milijas wins a corner (To the left)" minute="1" period="1" second="49" time="1" type="corner" type_id="6"/>
	<message comment="Paul Robinson makes a save (Parried safe)" minute="1" period="1" second="13" time="1" type="save made" type_id="10"/>
	<message comment="Matthew Jarvis has attempt saved (High to the left, 18-yard box, Right footed, Open play)" minute="1" period="1" second="13" time="1" type="attempt blocked" type_id="15"/>
	<message comment="First half begins!" minute="0" period="1" second="0" time="0" type="start" type_id="32"/>
</Commentary>
