<?xml version="1.0" ?>
<Commentary away_team_name="Blackpool" competition="English Premier League" game_date="2010-11-20" home_team_name="Wolverhampton Wanderers" lang_id="en" season="Season 2010/2011" season_id="2010" sport_id="1" sport_name="Football">
	<message comment="Second half ends" minute="94" period="2" second="43" time="96" type="end" type_id="30"/>
	<message comment="Steven Fletcher wins a corner (To the left)" minute="94" period="2" second="22" time="96" type="corner" type_id="6"/>
	<message comment="DJ Campbell misses attempt (Out of box, Right footed, Open play)" minute="93" period="2" second="49" time="95" type="attempt missed" type_id="13"/>
	<message comment="Luke Varney is caught offside" minute="93" period="2" time="95" type="offside" type_id="10000"/>
	<message comment="Kevin Doyle misses attempt (Out of box, Left footed, Throw-in)" minute="91" period="2" second="31" time="93" type="attempt missed" type_id="13"/>
	<message comment="Charlie Adam wins a corner (To the left)" minute="89" period="2" second="46" time="91" type="corner" type_id="6"/>
	<message comment="Stephen Crainey is substituted off" minute="89" period="2" second="32" time="91" type="substitution off" type_id="18"/>
	<message comment="David Carney is substituted on" minute="89" period="2" second="32" time="91" type="substitution on" type_id="19"/>
	<message comment="GOAL! Kevin Doyle scores , Assisted by George Elokobi (Low to the centre, 6-yard box, Big Chance, Head, Throw-in)" minute="85" period="2" second="56" time="87" type="goal scored" type_id="16"/>
	<message comment="Richard Kingson makes a save" minute="83" period="2" second="36" time="85" type="save made" type_id="10"/>
	<message comment="David Jones has attempt saved (Low to the centre, Out of box, Left footed, Open play)" minute="83" period="2" second="36" time="85" type="attempt blocked" type_id="15"/>
	<message comment="Richard Kingson makes a save (Diving)" minute="82" period="2" second="0" time="84" type="save made" type_id="10"/>
	<message comment="Sylvan Ebanks-Blake has attempt saved (Low to the left, Out of box, Right footed, Open play)" minute="82" period="2" second="0" time="84" type="attempt blocked" type_id="15"/>
	<message comment="Neal Eardley misses attempt (High, Out of box, Right footed, Free kick)" minute="80" period="2" second="29" time="82" type="attempt missed" type_id="13"/>
	<message comment="Christophe Berra recieves a yellow card" minute="79" period="2" second="45" time="81" type="card received" type_id="17"/>
	<message comment="Gary Taylor-Fletcher misses attempt (18-yard box, Right footed, From corner)" minute="78" period="2" second="10" time="80" type="attempt missed" type_id="13"/>
	<message comment="David Vaughan wins a corner (To the left)" minute="77" period="2" second="46" time="79" type="corner" type_id="6"/>
	<message comment="Charlie Adam has shot blocked (18-yard box, Left footed, Fast break)" minute="77" period="2" second="18" time="79" type="attempt blocked" type_id="15"/>
	<message comment="Steven Fletcher blocks a shot" minute="77" period="2" second="18" time="79" type="save made" type_id="10"/>
	<message comment="Sylvan Ebanks-Blake wins a corner (To the left)" minute="76" period="2" second="42" time="78" type="corner" type_id="6"/>
	<message comment="Sylvan Ebanks-Blake has attempt saved (Low to the left, 6-yard box, Right footed, Open play)" minute="76" period="2" second="37" time="78" type="attempt blocked" type_id="15"/>
	<message comment="Richard Kingson makes a save (Parried safe, Diving)" minute="76" period="2" second="37" time="78" type="save made" type_id="10"/>
	<message comment="Matthew Jarvis misses attempt (To the right, 18-yard box, Key pass, Left footed, Open play)" minute="76" period="2" second="35" time="78" type="attempt missed" type_id="13"/>
	<message comment="Steven Fletcher has shot blocked (18-yard box, Left footed, Open play)" minute="76" period="2" second="32" time="78" type="attempt blocked" type_id="15"/>
	<message comment="Stephen Crainey blocks a shot" minute="76" period="2" second="32" time="78" type="save made" type_id="10"/>
	<message comment="Steven Fletcher misses attempt (High, 18-yard box, Head, Open play)" minute="72" period="2" second="30" time="74" type="attempt missed" type_id="13"/>
	<message comment="Luke Varney misses attempt (To the right, 18-yard box, Right footed, Open play)" minute="69" period="2" second="13" time="71" type="attempt missed" type_id="13"/>
	<message comment="Charlie Adam has shot blocked (18-yard box, Left footed, Open play)" minute="68" period="2" second="18" time="70" type="attempt blocked" type_id="15"/>
	<message comment="Christophe Berra blocks a shot" minute="68" period="2" second="18" time="70" type="save made" type_id="10"/>
	<message comment="Richard Kingson makes a save (Collected, Diving)" minute="67" period="2" second="31" time="69" type="save made" type_id="10"/>
	<message comment="Matthew Jarvis has attempt saved (Low to the centre, Out of box, Right footed, Open play)" minute="67" period="2" second="31" time="69" type="attempt blocked" type_id="15"/>
	<message comment="Neal Eardley misses attempt (High to the left, 18-yard box, Left footed, Open play)" minute="66" period="2" second="33" time="68" type="attempt missed" type_id="13"/>
	<message comment="Kevin Doyle wins a corner (To the right)" minute="65" period="2" second="43" time="67" type="corner" type_id="6"/>
	<message comment="Michael Mancienne wins a corner (To the right)" minute="65" period="2" second="20" time="67" type="corner" type_id="6"/>
	<message comment="Marlon Harewood is substituted off" minute="64" period="2" second="38" time="66" type="substitution off" type_id="18"/>
	<message comment="Gary Taylor-Fletcher is substituted on" minute="64" period="2" second="38" time="66" type="substitution on" type_id="19"/>
	<message comment="Ludovic Sylvestre is substituted on" minute="64" period="2" second="19" time="66" type="substitution on" type_id="19"/>
	<message comment="Matt Phillips is substituted off" minute="64" period="2" second="18" time="66" type="substitution off" type_id="18"/>
	<message comment="Luke Varney is caught offside" minute="63" period="2" time="65" type="offside" type_id="10000"/>
	<message comment="Stephen Crainey blocks a shot" minute="62" period="2" second="21" time="64" type="save made" type_id="10"/>
	<message comment="Michael Mancienne has shot blocked (Out of box, Right footed, Open play)" minute="62" period="2" second="21" time="64" type="attempt blocked" type_id="15"/>
	<message comment="Nenad Milijas misses attempt (High, Out of box, Left footed, Open play)" minute="60" period="2" second="49" time="62" type="attempt missed" type_id="13"/>
	<message comment="Richard Kingson makes a save (Diving, Parried into danger)" minute="59" period="2" second="51" time="61" type="save made" type_id="10"/>
	<message comment="Nenad Milijas has attempt saved (Low to the right, Out of box, Left footed, Open play)" minute="59" period="2" second="51" time="61" type="attempt blocked" type_id="15"/>
	<message comment="Karl Henry is substituted off" minute="59" period="2" second="23" time="61" type="substitution off" type_id="18"/>
	<message comment="Steven Fletcher is substituted on" minute="59" period="2" second="23" time="61" type="substitution on" type_id="19"/>
	<message comment="Kevin Doyle misses attempt (6-yard box, Head, Open play)" minute="59" period="2" second="1" time="61" type="attempt missed" type_id="13"/>
	<message comment="Karl Henry recieves a yellow card" minute="56" period="2" second="41" time="58" type="card received" type_id="17"/>
	<message comment="Christophe Berra misses attempt (To the right, 6-yard box, Big Chance, Head, From corner)" minute="56" period="2" second="2" time="58" type="attempt missed" type_id="13"/>
	<message comment="Michael Mancienne wins a corner (To the right)" minute="55" period="2" second="45" time="57" type="corner" type_id="6"/>
	<message comment="Kevin Doyle has attempt saved (Low to the left, Out of box, Left footed, Open play)" minute="53" period="2" second="11" time="55" type="attempt blocked" type_id="15"/>
	<message comment="Richard Kingson makes a save (Collected)" minute="53" period="2" second="11" time="55" type="save made" type_id="10"/>
	<message comment="Stephen Crainey blocks a shot" minute="50" period="2" second="7" time="52" type="save made" type_id="10"/>
	<message comment="Kevin Doyle has shot blocked (Out of box, Left footed, Open play)" minute="50" period="2" second="7" time="52" type="attempt blocked" type_id="15"/>
	<message comment="DJ Campbell has shot blocked (Out of box, Right footed, Open play)" minute="48" period="2" second="29" time="50" type="attempt blocked" type_id="15"/>
	<message comment="George Elokobi blocks a shot" minute="48" period="2" second="29" time="50" type="save made" type_id="10"/>
	<message comment="David Jones misses attempt (High to the right, 18-yard box, Right footed, Open play)" minute="47" period="2" second="18" time="49" type="attempt missed" type_id="13"/>
	<message comment="Richard Kingson makes a save (Standing)" minute="46" period="2" second="15" time="48" type="save made" type_id="10"/>
	<message comment="Sylvan Ebanks-Blake has attempt saved (Low to the right, Out of box, Right footed, Open play)" minute="46" period="2" second="15" time="48" type="attempt blocked" type_id="15"/>
	<message comment="Stephen Hunt is substituted off" minute="45" period="2" second="0" time="47" type="substitution off" type_id="18"/>
	<message comment="Sylvan Ebanks-Blake is substituted on" minute="45" period="2" second="0" time="47" type="substitution on" type_id="19"/>
	<message comment="Second half begins!" minute="45" period="2" second="0" time="47" type="start" type_id="32"/>
	<message comment="First half ends" minute="46" period="1" second="13" time="46" type="end" type_id="30"/>
	<message comment="Matthew Jarvis wins a corner (To the right)" minute="45" period="1" second="1" time="45" type="corner" type_id="6"/>
	<message comment="Matt Phillips is caught offside" minute="45" period="1" time="45" type="offside" type_id="10000"/>
	<message comment="GOAL! Marlon Harewood scores , Assisted by Luke Varney (Low to the centre, 6-yard box, Big Chance, Right footed, From corner)" minute="43" period="1" second="51" time="43" type="goal scored" type_id="16"/>
	<message comment="Neal Eardley wins a corner (To the right)" minute="43" period="1" second="30" time="43" type="corner" type_id="6"/>
	<message comment="Ian Evatt wins a corner (To the right)" minute="43" period="1" second="13" time="43" type="corner" type_id="6"/>
	<message comment="Stephen Hunt misses attempt (To the right, 18-yard box, Head, Throw-in)" minute="41" period="1" second="48" time="41" type="attempt missed" type_id="13"/>
	<message comment="Stephen Hunt is caught offside" minute="40" period="1" time="40" type="offside" type_id="10000"/>
	<message comment="Ian Evatt has attempt saved (Low to the left, Out of box, Right footed, Open play)" minute="37" period="1" second="47" time="37" type="attempt blocked" type_id="15"/>
	<message comment="Marcus Hahnemann makes a save (Standing, Parried into danger)" minute="37" period="1" second="47" time="37" type="save made" type_id="10"/>
	<message comment="Stephen Hunt is caught offside" minute="32" period="1" time="32" type="offside" type_id="10000"/>
	<message comment="David Jones misses attempt (High to the left, Out of box, Left footed, Open play)" minute="31" period="1" second="8" time="31" type="attempt missed" type_id="13"/>
	<message comment="Kevin Doyle misses attempt (To the right, 18-yard box, Head, Throw-in)" minute="29" period="1" second="50" time="29" type="attempt missed" type_id="13"/>
	<message comment="Matthew Jarvis wins a corner (To the left)" minute="29" period="1" second="13" time="29" type="corner" type_id="6"/>
	<message comment="Nenad Milijas is substituted on" minute="28" period="1" second="12" time="28" type="substitution on" type_id="19"/>
	<message comment="Kevin Foley is substituted off" minute="28" period="1" second="12" time="28" type="substitution off" type_id="18"/>
	<message comment="Richard Kingson makes a save" minute="27" period="1" second="23" time="27" type="save made" type_id="10"/>
	<message comment="Christophe Berra has attempt saved (High to the right, 18-yard box, Head, From corner)" minute="27" period="1" second="23" time="27" type="attempt blocked" type_id="15"/>
	<message comment="Matthew Jarvis wins a corner (To the right)" minute="26" period="1" second="49" time="26" type="corner" type_id="6"/>
	<message comment="Marlon Harewood is caught offside" minute="18" period="1" time="18" type="offside" type_id="10000"/>
	<message comment="DJ Campbell has shot blocked (Out of box, Left footed, Fast break)" minute="13" period="1" second="58" time="13" type="attempt blocked" type_id="15"/>
	<message comment="Michael Mancienne blocks a shot" minute="13" period="1" second="58" time="13" type="save made" type_id="10"/>
	<message comment="Marcus Hahnemann makes a save (Diving)" minute="7" period="1" second="52" time="7" type="save made" type_id="10"/>
	<message comment="Marlon Harewood has attempt saved (Low to the left, Out of box, Right footed, Open play)" minute="7" period="1" second="52" time="7" type="attempt blocked" type_id="15"/>
	<message comment="George Elokobi has shot blocked (18-yard box, Right footed, From corner)" minute="6" period="1" second="6" time="6" type="attempt blocked" type_id="15"/>
	<message comment="Stephen Crainey blocks a shot" minute="6" period="1" second="6" time="6" type="save made" type_id="10"/>
	<message comment="Formation Set" minute="0" period="14" second="0" time="6" type="end" type_id="30"/>
	<message comment="Matthew Jarvis wins a corner (To the left)" minute="5" period="1" second="42" time="5" type="corner" type_id="6"/>
	<message comment="Kevin Doyle wins a corner (To the left)" minute="5" period="1" second="11" time="5" type="corner" type_id="6"/>
	<message comment="Kevin Doyle has shot blocked (6-yard box, Head, From corner)" minute="5" period="1" second="6" time="5" type="attempt blocked" type_id="15"/>
	<message comment="Stephen Crainey blocks a shot" minute="5" period="1" second="6" time="5" type="save made" type_id="10"/>
	<message comment="Stephen Hunt wins a corner (To the right)" minute="4" period="1" second="48" time="4" type="corner" type_id="6"/>
	<message comment="GOAL! Luke Varney scores , Assisted by Ian Evatt (High to the right, Out of box, Right footed, Open play)" minute="2" period="1" second="30" time="2" type="goal scored" type_id="16"/>
	<message comment="First half begins!" minute="0" period="1" second="0" time="0" type="start" type_id="32"/>
</Commentary>
