<?xml version="1.0" ?>
<Commentary away_team_name="Blackburn" competition="English Premier League" game_date="2011-12-17" home_team_name="West Bromwich Albion" lang_id="en" season="Season 2011/2012" season_id="2011" sport_id="1" sport_name="Football">
	<message comment="Second half ends" minute="93" period="2" second="21" time="97" type="end" type_id="30"/>
	<message comment="Mauro Formica has shot blocked (Out of box, Right footed, From corner)" minute="92" period="2" second="48" time="96" type="attempt blocked" type_id="15"/>
	<message comment="Steven Reid blocks a shot" minute="92" period="2" second="48" time="96" type="save made" type_id="10"/>
	<message comment="David Goodwillie wins a corner (To the left)" minute="92" period="2" second="25" time="96" type="corner" type_id="6"/>
	<message comment="David Goodwillie has shot blocked (18-yard box, Right footed, Open play)" minute="92" period="2" second="23" time="96" type="attempt blocked" type_id="15"/>
	<message comment="Steven Reid blocks a shot" minute="92" period="2" second="23" time="96" type="save made" type_id="10"/>
	<message comment="Peter Odemwingie is substituted off" minute="91" period="2" second="59" time="95" type="substitution off" type_id="18"/>
	<message comment="Craig Dawson is substituted on" minute="91" period="2" second="59" time="95" type="substitution on" type_id="19"/>
	<message comment="Grant Hanley has shot blocked (6-yard box, Head, From corner)" minute="90" period="2" second="59" time="94" type="attempt blocked" type_id="15"/>
	<message comment="Gareth McAuley blocks a shot" minute="90" period="2" second="59" time="94" type="save made" type_id="10"/>
	<message comment="Jason Roberts wins a corner (To the right)" minute="90" period="2" second="37" time="94" type="corner" type_id="6"/>
	<message comment="Jason Roberts has shot blocked (Out of box, Left footed, Open play)" minute="90" period="2" second="35" time="94" type="attempt blocked" type_id="15"/>
	<message comment="Gareth McAuley blocks a shot" minute="90" period="2" second="35" time="94" type="save made" type_id="10"/>
	<message comment="James Morrison is substituted off" minute="89" period="2" second="0" time="93" type="substitution off" type_id="18"/>
	<message comment="Jerome Thomas is substituted on" minute="89" period="2" second="0" time="93" type="substitution on" type_id="19"/>
	<message comment="GOAL! Peter Odemwingie scores , Assisted by Steven Reid (Low to the left, Out of box, Left footed, Open play)" minute="88" period="2" second="31" time="92" type="goal scored" type_id="16"/>
	<message comment="Yakubu has attempt saved (Low to the left, 18-yard box, Left footed, Open play)" minute="88" period="2" second="3" time="92" type="attempt blocked" type_id="15"/>
	<message comment="Ben Foster makes a save (Collected)" minute="88" period="2" second="3" time="92" type="save made" type_id="10"/>
	<message comment="Steven Nzonzi has attempt saved (Low to the right, Out of box, Right footed, Open play)" minute="87" period="2" second="34" time="91" type="attempt blocked" type_id="15"/>
	<message comment="Ben Foster makes a save (Diving)" minute="87" period="2" second="34" time="91" type="save made" type_id="10"/>
	<message comment="Paul Robinson makes a save (Parried into danger, Standing)" minute="86" period="2" second="58" time="90" type="save made" type_id="10"/>
	<message comment="James Morrison has attempt saved (Low to the centre, Out of box, Right footed, Open play)" minute="86" period="2" second="58" time="90" type="attempt blocked" type_id="15"/>
	<message comment="Peter Odemwingie wins a corner (To the right)" minute="85" period="2" second="10" time="89" type="corner" type_id="6"/>
	<message comment="Grant Hanley blocks a shot" minute="85" period="2" second="8" time="89" type="save made" type_id="10"/>
	<message comment="Peter Odemwingie has shot blocked (18-yard box, Left footed, Open play)" minute="85" period="2" second="8" time="89" type="attempt blocked" type_id="15"/>
	<message comment="David Goodwillie has attempt saved (Low to the centre, 18-yard box, Right footed, Open play)" minute="82" period="2" second="36" time="86" type="attempt blocked" type_id="15"/>
	<message comment="Ben Foster makes a save (Collected)" minute="82" period="2" second="36" time="86" type="save made" type_id="10"/>
	<message comment="James Morrison misses attempt (High, Out of box, Right footed, Open play)" minute="82" period="2" second="4" time="86" type="attempt missed" type_id="13"/>
	<message comment="Christopher Samba has attempt saved (Low to the centre, 18-yard box, Head, Throw-in)" minute="81" period="2" second="37" time="85" type="attempt blocked" type_id="15"/>
	<message comment="Ben Foster makes a save (Collected, Standing)" minute="81" period="2" second="37" time="85" type="save made" type_id="10"/>
	<message comment="Paul Scharner is substituted off" minute="80" period="2" second="38" time="84" type="substitution off" type_id="18"/>
	<message comment="Graham Dorrans is substituted on" minute="80" period="2" second="38" time="84" type="substitution on" type_id="19"/>
	<message comment="Peter Odemwingie misses attempt (To the right, Out of box, Left footed, Open play)" minute="79" period="2" second="22" time="83" type="attempt missed" type_id="13"/>
	<message comment="Rubén Rochina is substituted off" minute="78" period="2" second="39" time="82" type="substitution off" type_id="18"/>
	<message comment="David Goodwillie is substituted on" minute="78" period="2" second="39" time="82" type="substitution on" type_id="19"/>
	<message comment="Morten Gamst Pedersen recieves a yellow card" minute="77" period="2" second="5" time="81" type="card received" type_id="17"/>
	<message comment="Shane Long is caught offside" minute="72" period="2" time="76" type="offside" type_id="10000"/>
	<message comment="GOAL! Scott Dann scores , Assisted by Christopher Samba (Low to the right, 6-yard box, Big Chance, Right footed, Open play)" minute="71" period="2" second="23" time="75" type="goal scored" type_id="16"/>
	<message comment="Yakubu is caught offside" minute="67" period="2" time="71" type="offside" type_id="10000"/>
	<message comment="Shane Long wins a corner (To the left)" minute="63" period="2" second="12" time="67" type="corner" type_id="6"/>
	<message comment="David Dunn is substituted off" minute="61" period="2" second="54" time="65" type="substitution off" type_id="18"/>
	<message comment="Grant Hanley is substituted on" minute="61" period="2" second="54" time="65" type="substitution on" type_id="19"/>
	<message comment="Simon Vukcevic is substituted off" minute="61" period="2" second="34" time="65" type="substitution off" type_id="18"/>
	<message comment="Jason Roberts is substituted on" minute="61" period="2" second="34" time="65" type="substitution on" type_id="19"/>
	<message comment="Chris Brunt wins a corner (To the right)" minute="57" period="2" second="33" time="61" type="corner" type_id="6"/>
	<message comment="Mauro Formica misses attempt (To the right, Out of box, Right footed, Open play)" minute="54" period="2" second="13" time="58" type="attempt missed" type_id="13"/>
	<message comment="GOAL! James Morrison scores  (Low to the left, Out of box, Right footed, From corner)" minute="51" period="2" second="46" time="55" type="goal scored" type_id="16"/>
	<message comment="Shane Long wins a corner (To the right)" minute="51" period="2" second="13" time="55" type="corner" type_id="6"/>
	<message comment="Christopher Samba blocks a shot" minute="51" period="2" second="12" time="55" type="save made" type_id="10"/>
	<message comment="Shane Long has shot blocked (18-yard box, Right footed, Open play)" minute="51" period="2" second="12" time="55" type="attempt blocked" type_id="15"/>
	<message comment="Paul Scharner misses attempt (18-yard box, Right footed, Open play)" minute="49" period="2" second="26" time="53" type="attempt missed" type_id="13"/>
	<message comment="Steven Nzonzi misses attempt (To the left, Out of box, Right footed, Open play)" minute="46" period="2" second="19" time="50" type="attempt missed" type_id="13"/>
	<message comment="Second half begins!" minute="45" period="2" second="0" time="49" type="start" type_id="32"/>
	<message comment="First half ends" minute="48" period="1" second="0" time="48" type="end" type_id="30"/>
	<message comment="Yakubu misses attempt (High, Out of box, Right footed, Open play)" minute="41" period="1" second="28" time="41" type="attempt missed" type_id="13"/>
	<message comment="Shane Long misses attempt (High, 18-yard box, Head, Set piece)" minute="40" period="1" second="38" time="40" type="attempt missed" type_id="13"/>
	<message comment="Morten Gamst Pedersen wins a corner (To the left)" minute="37" period="1" second="56" time="37" type="corner" type_id="6"/>
	<message comment="Morten Gamst Pedersen has attempt saved (High to the left, Out of box, Left footed, Free kick)" minute="37" period="1" second="53" time="37" type="attempt blocked" type_id="15"/>
	<message comment="Ben Foster makes a save (Parried safe)" minute="37" period="1" second="53" time="37" type="save made" type_id="10"/>
	<message comment="Paul Scharner recieves a yellow card" minute="37" period="1" second="7" time="37" type="card received" type_id="17"/>
	<message comment="Shane Long is caught offside" minute="35" period="1" time="35" type="offside" type_id="10000"/>
	<message comment="Yakubu is caught offside" minute="33" period="1" time="33" type="offside" type_id="10000"/>
	<message comment="Peter Odemwingie is caught offside" minute="31" period="1" time="31" type="offside" type_id="10000"/>
	<message comment="Yakubu is caught offside" minute="31" period="1" time="31" type="offside" type_id="10000"/>
	<message comment="Peter Odemwingie wins a corner (To the left)" minute="30" period="1" second="45" time="30" type="corner" type_id="6"/>
	<message comment="Yakubu is caught offside" minute="27" period="1" time="27" type="offside" type_id="10000"/>
	<message comment="Morten Gamst Pedersen blocks a shot" minute="26" period="1" second="58" time="26" type="save made" type_id="10"/>
	<message comment="Peter Odemwingie has shot blocked (18-yard box, Left footed, Open play)" minute="26" period="1" second="58" time="26" type="attempt blocked" type_id="15"/>
	<message comment="Shane Long is caught offside" minute="25" period="1" time="25" type="offside" type_id="10000"/>
	<message comment="Rubén Rochina has shot blocked (18-yard box, Right footed, Open play)" minute="20" period="1" second="28" time="20" type="attempt blocked" type_id="15"/>
	<message comment="Paul Scharner blocks a shot" minute="20" period="1" second="28" time="20" type="save made" type_id="10"/>
	<message comment="Peter Odemwingie wins a corner (To the right)" minute="19" period="1" second="20" time="19" type="corner" type_id="6"/>
	<message comment="Paul Robinson makes a save (Parried safe)" minute="19" period="1" second="16" time="19" type="save made" type_id="10"/>
	<message comment="Peter Odemwingie has attempt saved (Low to the right, Out of box, Left footed, Open play)" minute="19" period="1" second="16" time="19" type="attempt blocked" type_id="15"/>
	<message comment="Yakubu misses attempt (18-yard box, Right footed, Open play)" minute="16" period="1" second="43" time="16" type="attempt missed" type_id="13"/>
	<message comment="Chris Brunt blocks a shot" minute="16" period="1" second="41" time="16" type="save made" type_id="10"/>
	<message comment="Jason Lowe has shot blocked (Out of box, Left footed, Open play)" minute="16" period="1" second="41" time="16" type="attempt blocked" type_id="15"/>
	<message comment="Peter Odemwingie misses attempt (To the right, 6-yard box, Big Chance, Head, Open play)" minute="14" period="1" second="5" time="14" type="attempt missed" type_id="13"/>
	<message comment="Scott Dann blocks a shot" minute="13" period="1" second="30" time="13" type="save made" type_id="10"/>
	<message comment="James Morrison has shot blocked (18-yard box, Right footed, Set piece)" minute="13" period="1" second="30" time="13" type="attempt blocked" type_id="15"/>
	<message comment="Yakubu is caught offside" minute="7" period="1" time="7" type="offside" type_id="10000"/>
	<message comment="Formation Set" minute="0" period="14" second="0" time="7" type="end" type_id="30"/>
	<message comment="Christopher Samba is caught offside" minute="6" period="1" time="6" type="offside" type_id="10000"/>
	<message comment="Peter Odemwingie misses attempt (To the left, 18-yard box, Left footed, Open play)" minute="4" period="1" second="44" time="4" type="attempt missed" type_id="13"/>
	<message comment="James Morrison wins a corner (To the left)" minute="2" period="1" second="59" time="2" type="corner" type_id="6"/>
	<message comment="First half begins!" minute="0" period="1" second="0" time="0" type="start" type_id="32"/>
</Commentary>
