<?xml version="1.0" ?>
<Commentary away_team_name="Blackpool" competition="English Premier League" game_date="2011-02-22" home_team_name="Tottenham" lang_id="en" season="Season 2010/2011" season_id="2010" sport_id="1" sport_name="Football">
	<message comment="Second half ends" minute="93" period="2" second="37" time="96" type="end" type_id="30"/>
	<message comment="Craig Cathcart scores an OWN GOAL!  (High to the left, Out of box, Other body part, Open play)" minute="92" period="2" second="50" time="95" type="goal scored" type_id="16"/>
	<message comment="Roman Pavlyuchenko has shot blocked (Out of box, Right footed, Open play)" minute="92" period="2" second="49" time="95" type="attempt blocked" type_id="15"/>
	<message comment="Charlie Adam recieves a yellow card" minute="91" period="2" second="4" time="94" type="card received" type_id="17"/>
	<message comment="Jermain Defoe is caught offside" minute="91" period="2" time="94" type="offside" type_id="10000"/>
	<message comment="Aaron Lennon wins a corner (To the right)" minute="88" period="2" second="25" time="91" type="corner" type_id="6"/>
	<message comment="Matt Phillips has shot blocked (Out of box, Left footed, Open play)" minute="87" period="2" second="37" time="90" type="attempt blocked" type_id="15"/>
	<message comment="Michael Dawson blocks a shot" minute="87" period="2" second="37" time="90" type="save made" type_id="10"/>
	<message comment="David Vaughan has shot blocked (Out of box, Left footed, From corner)" minute="87" period="2" second="32" time="90" type="attempt blocked" type_id="15"/>
	<message comment="Michael Dawson blocks a shot" minute="87" period="2" second="32" time="90" type="save made" type_id="10"/>
	<message comment="Matt Phillips wins a corner (To the right)" minute="86" period="2" second="59" time="89" type="corner" type_id="6"/>
	<message comment="Niko Kranjcar misses attempt (High to the left, 18-yard box, Left footed, Open play)" minute="85" period="2" second="24" time="88" type="attempt missed" type_id="13"/>
	<message comment="Niko Kranjcar misses attempt (High, Out of box, Right footed, Open play)" minute="81" period="2" second="56" time="84" type="attempt missed" type_id="13"/>
	<message comment="GOAL! Brett Ormerod scores  (Low to the centre, 18-yard box, Big Chance, Right footed, Open play)" minute="79" period="2" second="34" time="82" type="goal scored" type_id="16"/>
	<message comment="Peter Crouch misses attempt (To the left, 18-yard box, Head, Open play)" minute="78" period="2" second="29" time="81" type="attempt missed" type_id="13"/>
	<message comment="Sebastien Bassong is substituted off" minute="72" period="2" second="40" time="75" type="substitution off" type_id="18"/>
	<message comment="Peter Crouch is substituted on" minute="72" period="2" second="40" time="75" type="substitution on" type_id="19"/>
	<message comment="Luka Modric has shot blocked (18-yard box, Big Chance, Right footed, Open play)" minute="71" period="2" second="57" time="74" type="attempt blocked" type_id="15"/>
	<message comment="Alex Baptiste blocks a shot (Last line)" minute="71" period="2" second="57" time="74" type="save made" type_id="10"/>
	<message comment="Richard Kingson makes a save (Collected, Diving)" minute="69" period="2" second="57" time="72" type="save made" type_id="10"/>
	<message comment="Roman Pavlyuchenko has attempt saved (Low to the centre, 6-yard box, Head, Open play)" minute="69" period="2" second="57" time="72" type="attempt blocked" type_id="15"/>
	<message comment="Aaron Lennon wins a corner (To the right)" minute="69" period="2" second="20" time="72" type="corner" type_id="6"/>
	<message comment="Neal Eardley blocks a shot" minute="69" period="2" second="3" time="72" type="save made" type_id="10"/>
	<message comment="Jermain Defoe has shot blocked (Out of box, Right footed, Open play)" minute="69" period="2" second="3" time="72" type="attempt blocked" type_id="15"/>
	<message comment="Jermaine Jenas misses attempt (To the right, 18-yard box, Right footed, Open play)" minute="66" period="2" second="19" time="69" type="attempt missed" type_id="13"/>
	<message comment="James Beattie is substituted off" minute="62" period="2" second="34" time="65" type="substitution off" type_id="18"/>
	<message comment="Matt Phillips is substituted on" minute="62" period="2" second="34" time="65" type="substitution on" type_id="19"/>
	<message comment="Sergei Kornilenko is substituted off" minute="62" period="2" second="16" time="65" type="substitution off" type_id="18"/>
	<message comment="Brett Ormerod is substituted on" minute="62" period="2" second="16" time="65" type="substitution on" type_id="19"/>
	<message comment="Niko Kranjcar misses attempt (Out of box, Right footed, From corner)" minute="61" period="2" second="48" time="64" type="attempt missed" type_id="13"/>
	<message comment="Niko Kranjcar wins a corner (To the right)" minute="61" period="2" second="13" time="64" type="corner" type_id="6"/>
	<message comment="William Gallas misses attempt (High to the left, Out of box, Left footed, Open play)" minute="60" period="2" second="22" time="63" type="attempt missed" type_id="13"/>
	<message comment="Niko Kranjcar wins a corner (To the left)" minute="59" period="2" second="27" time="62" type="corner" type_id="6"/>
	<message comment="Steven Pienaar is substituted off" minute="58" period="2" second="28" time="61" type="substitution off" type_id="18"/>
	<message comment="Niko Kranjcar is substituted on" minute="58" period="2" second="28" time="61" type="substitution on" type_id="19"/>
	<message comment="Keith Southern is substituted on" minute="57" period="2" second="48" time="60" type="substitution on" type_id="19"/>
	<message comment="Ludovic Sylvestre is substituted off" minute="57" period="2" second="47" time="60" type="substitution off" type_id="18"/>
	<message comment="Jermain Defoe misses attempt (High to the right, 18-yard box, Right footed, Open play)" minute="56" period="2" second="10" time="59" type="attempt missed" type_id="13"/>
	<message comment="Charlie Adam misses attempt (18-yard box, Left footed, Open play)" minute="55" period="2" second="13" time="58" type="attempt missed" type_id="13"/>
	<message comment="Roman Pavlyuchenko misses attempt (High to the left, Out of box, Left footed, Open play)" minute="54" period="2" second="20" time="57" type="attempt missed" type_id="13"/>
	<message comment="Luka Modric misses attempt (Out of box, Left footed, Open play)" minute="52" period="2" second="0" time="55" type="attempt missed" type_id="13"/>
	<message comment="Steven Pienaar misses attempt (High to the right, 18-yard box, Right footed, Open play)" minute="50" period="2" second="42" time="53" type="attempt missed" type_id="13"/>
	<message comment="Richard Kingson makes a save (Parried into danger, Diving)" minute="49" period="2" second="32" time="52" type="save made" type_id="10"/>
	<message comment="Roman Pavlyuchenko has attempt saved (Low to the centre, 18-yard box, Big Chance, Head, Open play)" minute="49" period="2" second="32" time="52" type="attempt blocked" type_id="15"/>
	<message comment="Jermaine Jenas misses attempt (To the right, Out of box, Right footed, From corner)" minute="48" period="2" second="23" time="51" type="attempt missed" type_id="13"/>
	<message comment="Benoit Assou-Ekotto wins a corner (To the right)" minute="48" period="2" second="4" time="51" type="corner" type_id="6"/>
	<message comment="DJ Campbell has attempt saved (Low to the left, 18-yard box, Left footed, Open play)" minute="46" period="2" second="58" time="49" type="attempt blocked" type_id="15"/>
	<message comment="Heurelho Gomes makes a save (Collected, Diving)" minute="46" period="2" second="58" time="49" type="save made" type_id="10"/>
	<message comment="Steven Pienaar misses attempt (To the left, 18-yard box, Big Chance, Right footed, Open play)" minute="45" period="2" second="37" time="48" type="attempt missed" type_id="13"/>
	<message comment="Wilson Palacios is substituted off" minute="45" period="2" second="0" time="48" type="substitution off" type_id="18"/>
	<message comment="Jermaine Jenas is substituted on" minute="45" period="2" second="0" time="48" type="substitution on" type_id="19"/>
	<message comment="Second half begins!" minute="45" period="2" second="0" time="48" type="start" type_id="32"/>
	<message comment="First half ends" minute="47" period="1" second="8" time="47" type="end" type_id="30"/>
	<message comment="Craig Cathcart blocks a shot" minute="46" period="1" second="51" time="46" type="save made" type_id="10"/>
	<message comment="Jermain Defoe has shot blocked (18-yard box, Right footed, Open play)" minute="46" period="1" second="51" time="46" type="attempt blocked" type_id="15"/>
	<message comment="Benoit Assou-Ekotto misses attempt (To the right, Out of box, Left footed, Open play)" minute="45" period="1" second="58" time="45" type="attempt missed" type_id="13"/>
	<message comment="GOAL! DJ Campbell scores , Assisted by James Beattie (High to the left, 6-yard box, Big Chance, Left footed, Open play)" minute="43" period="1" second="48" time="43" type="goal scored" type_id="16"/>
	<message comment="Alex Baptiste blocks a shot (Last line)" minute="42" period="1" second="56" time="42" type="save made" type_id="10"/>
	<message comment="Jermain Defoe has shot blocked (18-yard box, Big Chance, Right footed, Set piece)" minute="42" period="1" second="56" time="42" type="attempt blocked" type_id="15"/>
	<message comment="Aaron Lennon has shot blocked (Out of box, Right footed, Free kick)" minute="42" period="1" second="49" time="42" type="attempt blocked" type_id="15"/>
	<message comment="David Vaughan blocks a shot" minute="42" period="1" second="49" time="42" type="save made" type_id="10"/>
	<message comment="Ian Evatt recieves a yellow card" minute="41" period="1" second="51" time="41" type="card received" type_id="17"/>
	<message comment="Charlie Adam misses attempt (High to the left, Out of box, Left footed, Free kick)" minute="36" period="1" second="33" time="36" type="attempt missed" type_id="13"/>
	<message comment="Craig Cathcart blocks a shot (Last line)" minute="33" period="1" second="41" time="33" type="save made" type_id="10"/>
	<message comment="Jermain Defoe has shot blocked (18-yard box, Right footed, Open play)" minute="33" period="1" second="41" time="33" type="attempt blocked" type_id="15"/>
	<message comment="Craig Cathcart blocks a shot" minute="27" period="1" second="44" time="27" type="save made" type_id="10"/>
	<message comment="Steven Pienaar has shot blocked (18-yard box, Right footed, Open play)" minute="27" period="1" second="44" time="27" type="attempt blocked" type_id="15"/>
	<message comment="Sergei Kornilenko misses attempt (To the right, 18-yard box, Head, Open play)" minute="26" period="1" second="52" time="26" type="attempt missed" type_id="13"/>
	<message comment="Steven Pienaar has shot blocked (Out of box, Right footed, Throw-in)" minute="26" period="1" second="21" time="26" type="attempt blocked" type_id="15"/>
	<message comment="Craig Cathcart blocks a shot" minute="26" period="1" second="21" time="26" type="save made" type_id="10"/>
	<message comment="Aaron Lennon wins a corner (To the right)" minute="24" period="1" second="22" time="24" type="corner" type_id="6"/>
	<message comment="Jermain Defoe is caught offside" minute="23" period="1" time="23" type="offside" type_id="10000"/>
	<message comment="Jermain Defoe is caught offside" minute="20" period="1" time="20" type="offside" type_id="10000"/>
	<message comment="GOAL! Charlie Adam scores  (Low to the left, 18-yard box, Big Chance, Penalty, Left footed)" minute="17" period="1" second="51" time="17" type="goal scored" type_id="16"/>
	<message comment="Roman Pavlyuchenko misses attempt (To the left, Out of box, Left footed, Open play)" minute="15" period="1" second="50" time="15" type="attempt missed" type_id="13"/>
	<message comment="Steven Pienaar misses attempt (High to the right, Out of box, Right footed, Open play)" minute="12" period="1" second="38" time="12" type="attempt missed" type_id="13"/>
	<message comment="Jermain Defoe wins a corner (To the left)" minute="11" period="1" second="44" time="11" type="corner" type_id="6"/>
	<message comment="Formation Set" minute="0" period="14" second="0" time="6" type="end" type_id="30"/>
	<message comment="Ian Evatt misses attempt (18-yard box, Head, Set piece)" minute="3" period="1" second="13" time="3" type="attempt missed" type_id="13"/>
	<message comment="First half begins!" minute="0" period="1" second="0" time="0" type="start" type_id="32"/>
</Commentary>
