<?xml version="1.0" ?>
<Commentary away_team_name="Blackpool" competition="English Premier League" game_date="2011-04-30" home_team_name="Stoke" lang_id="en" season="Season 2010/2011" season_id="2010" sport_id="1" sport_name="Football">
	<message comment="Second half ends" minute="94" period="2" second="22" time="96" type="end" type_id="30"/>
	<message comment="Glenn Whelan blocks a shot" minute="91" period="2" second="1" time="93" type="save made" type_id="10"/>
	<message comment="Charlie Adam has shot blocked (Out of box, Left footed, Set piece)" minute="91" period="2" second="1" time="93" type="attempt blocked" type_id="15"/>
	<message comment="Jermaine Pennant is substituted off" minute="90" period="2" second="29" time="92" type="substitution off" type_id="18"/>
	<message comment="Salif Diao is substituted on" minute="90" period="2" second="29" time="92" type="substitution on" type_id="19"/>
	<message comment="Asmir Begovic makes a save (Standing)" minute="89" period="2" second="27" time="91" type="save made" type_id="10"/>
	<message comment="Sergei Kornilenko has attempt saved (Low to the right, 18-yard box, Head, Open play)" minute="89" period="2" second="27" time="91" type="attempt blocked" type_id="15"/>
	<message comment="Glenn Whelan misses attempt (Out of box, Right footed, Open play)" minute="84" period="2" second="20" time="86" type="attempt missed" type_id="13"/>
	<message comment="Rory Delap is substituted off" minute="80" period="2" second="52" time="82" type="substitution off" type_id="18"/>
	<message comment="John Carew is substituted on" minute="80" period="2" second="52" time="82" type="substitution on" type_id="19"/>
	<message comment="Robert Huth has shot blocked (18-yard box, Right footed, Open play)" minute="75" period="2" second="26" time="77" type="attempt blocked" type_id="15"/>
	<message comment="Alex Baptiste blocks a shot" minute="75" period="2" second="26" time="77" type="save made" type_id="10"/>
	<message comment="Gary Taylor-Fletcher is substituted off" minute="72" period="2" second="18" time="74" type="substitution off" type_id="18"/>
	<message comment="Sergei Kornilenko is substituted on" minute="72" period="2" second="18" time="74" type="substitution on" type_id="19"/>
	<message comment="Matt Phillips is substituted off" minute="72" period="2" second="1" time="74" type="substitution off" type_id="18"/>
	<message comment="Luke Varney is substituted on" minute="72" period="2" second="1" time="74" type="substitution on" type_id="19"/>
	<message comment="Gary Taylor-Fletcher wins a corner (To the left)" minute="71" period="2" second="30" time="73" type="corner" type_id="6"/>
	<message comment="Marc Wilson has shot blocked (Out of box, Right footed, Free kick)" minute="70" period="2" second="8" time="72" type="attempt blocked" type_id="15"/>
	<message comment="Gary Taylor-Fletcher blocks a shot" minute="70" period="2" second="8" time="72" type="save made" type_id="10"/>
	<message comment="Jermaine Pennant wins a corner (To the right)" minute="67" period="2" second="35" time="69" type="corner" type_id="6"/>
	<message comment="Jermaine Pennant wins a corner (To the right)" minute="67" period="2" second="6" time="69" type="corner" type_id="6"/>
	<message comment="Glenn Whelan has shot blocked (Out of box, Right footed, From corner)" minute="66" period="2" second="38" time="68" type="attempt blocked" type_id="15"/>
	<message comment="David Vaughan blocks a shot" minute="66" period="2" second="38" time="68" type="save made" type_id="10"/>
	<message comment="Jermaine Pennant wins a corner (To the right)" minute="66" period="2" second="14" time="68" type="corner" type_id="6"/>
	<message comment="Jonathan Walters misses attempt (18-yard box, Left footed, Set piece)" minute="65" period="2" second="15" time="67" type="attempt missed" type_id="13"/>
	<message comment="Asmir Begovic makes a save" minute="63" period="2" second="49" time="65" type="save made" type_id="10"/>
	<message comment="Gary Taylor-Fletcher has attempt saved (Low to the right, 18-yard box, Right footed, Throw-in)" minute="63" period="2" second="49" time="65" type="attempt blocked" type_id="15"/>
	<message comment="David Vaughan misses attempt (High to the left, Out of box, Left footed, Open play)" minute="61" period="2" second="16" time="63" type="attempt missed" type_id="13"/>
	<message comment="Kenwyne Jones has shot blocked (18-yard box, Head, From corner)" minute="57" period="2" second="8" time="59" type="attempt blocked" type_id="15"/>
	<message comment="Stephen Crainey blocks a shot (Last line)" minute="57" period="2" second="8" time="59" type="save made" type_id="10"/>
	<message comment="Jonathan Walters wins a corner (To the left)" minute="56" period="2" second="53" time="58" type="corner" type_id="6"/>
	<message comment="Ryan Shawcross wins a corner (To the left)" minute="56" period="2" second="17" time="58" type="corner" type_id="6"/>
	<message comment="Andy Wilkinson is substituted off" minute="55" period="2" second="47" time="57" type="substitution off" type_id="18"/>
	<message comment="Ryan Shotton is substituted on" minute="55" period="2" second="47" time="57" type="substitution on" type_id="19"/>
	<message comment="Glenn Whelan wins a corner (To the right)" minute="55" period="2" second="17" time="57" type="corner" type_id="6"/>
	<message comment="Glenn Whelan has attempt saved (High to the right, Out of box, Right footed, Open play)" minute="55" period="2" second="15" time="57" type="attempt blocked" type_id="15"/>
	<message comment="Matthew Gilks makes a save (Parried safe, Diving)" minute="55" period="2" second="15" time="57" type="save made" type_id="10"/>
	<message comment="Rory Delap wins a corner (To the right)" minute="53" period="2" second="58" time="55" type="corner" type_id="6"/>
	<message comment="Keith Southern has shot blocked (Out of box, Left footed, Open play)" minute="52" period="2" second="27" time="54" type="attempt blocked" type_id="15"/>
	<message comment="Asmir Begovic makes a save (Parried into danger, Diving)" minute="46" period="2" second="7" time="48" type="save made" type_id="10"/>
	<message comment="Matt Phillips has attempt saved (Low to the centre, 6-yard box, Big Chance, Right footed, From corner)" minute="46" period="2" second="7" time="48" type="attempt blocked" type_id="15"/>
	<message comment="Glenn Whelan blocks a shot" minute="46" period="2" second="6" time="48" type="save made" type_id="10"/>
	<message comment="Alex Baptiste has shot blocked (6-yard box, Right footed, From corner)" minute="46" period="2" second="6" time="48" type="attempt blocked" type_id="15"/>
	<message comment="Charlie Adam wins a corner (To the left)" minute="45" period="2" second="48" time="47" type="corner" type_id="6"/>
	<message comment="Stephen Crainey wins a corner (To the left)" minute="45" period="2" second="30" time="47" type="corner" type_id="6"/>
	<message comment="Second half begins!" minute="45" period="2" second="0" time="47" type="start" type_id="32"/>
	<message comment="First half ends" minute="46" period="1" second="15" time="46" type="end" type_id="30"/>
	<message comment="Kenwyne Jones misses attempt (To the right, 18-yard box, Big Chance, Right footed, Open play)" minute="45" period="1" second="27" time="45" type="attempt missed" type_id="13"/>
	<message comment="Jonathan Walters is caught offside" minute="43" period="1" time="43" type="offside" type_id="10000"/>
	<message comment="Glenn Whelan wins a corner (To the left)" minute="36" period="1" second="23" time="36" type="corner" type_id="6"/>
	<message comment="Matt Phillips wins a corner (To the right)" minute="35" period="1" second="36" time="35" type="corner" type_id="6"/>
	<message comment="Neal Eardley misses attempt (To the left, Out of box, Right footed, Set piece)" minute="29" period="1" second="55" time="29" type="attempt missed" type_id="13"/>
	<message comment="Robert Huth blocks a shot" minute="29" period="1" second="51" time="29" type="save made" type_id="10"/>
	<message comment="Charlie Adam has shot blocked (Out of box, Left footed, Free kick)" minute="29" period="1" second="51" time="29" type="attempt blocked" type_id="15"/>
	<message comment="Neal Eardley misses attempt (18-yard box, Right footed, Open play)" minute="26" period="1" second="58" time="26" type="attempt missed" type_id="13"/>
	<message comment="Ryan Shawcross blocks a shot" minute="18" period="1" second="30" time="18" type="save made" type_id="10"/>
	<message comment="DJ Campbell has shot blocked (Out of box, Right footed, Open play)" minute="18" period="1" second="30" time="18" type="attempt blocked" type_id="15"/>
	<message comment="Charlie Adam misses attempt (To the left, Out of box, Left footed, Open play)" minute="13" period="1" second="16" time="13" type="attempt missed" type_id="13"/>
	<message comment="Robert Huth misses attempt (18-yard box, Right footed, Throw-in)" minute="11" period="1" second="53" time="11" type="attempt missed" type_id="13"/>
	<message comment="Matt Phillips misses attempt (To the right, Out of box, Left footed, Open play)" minute="7" period="1" second="29" time="7" type="attempt missed" type_id="13"/>
	<message comment="Formation Set" minute="0" period="14" second="0" time="6" type="end" type_id="30"/>
	<message comment="DJ Campbell misses attempt (High to the right, 18-yard box, Head, Open play)" minute="5" period="1" second="26" time="5" type="attempt missed" type_id="13"/>
	<message comment="First half begins!" minute="0" period="1" second="0" time="0" type="start" type_id="32"/>
</Commentary>
