<?xml version="1.0" ?>
<Commentary away_team_name="Blackpool" competition="English Premier League" game_date="2011-01-12" home_team_name="Liverpool" lang_id="en" season="Season 2010/2011" season_id="2010" sport_id="1" sport_name="Football">
	<message comment="Second half ends" minute="94" period="2" second="7" time="96" type="end" type_id="30"/>
	<message comment="DJ Campbell is caught offside" minute="85" period="2" time="87" type="offside" type_id="10000"/>
	<message comment="Christian Poulsen is substituted off" minute="84" period="2" second="30" time="86" type="substitution off" type_id="18"/>
	<message comment="David N'Gog is substituted on" minute="84" period="2" second="30" time="86" type="substitution on" type_id="19"/>
	<message comment="Gary Taylor-Fletcher is substituted off" minute="83" period="2" second="40" time="85" type="substitution off" type_id="18"/>
	<message comment="Alex Baptiste is substituted on" minute="83" period="2" second="40" time="85" type="substitution on" type_id="19"/>
	<message comment="Keith Southern is substituted on" minute="83" period="2" second="33" time="85" type="substitution on" type_id="19"/>
	<message comment="Luke Varney is substituted off" minute="83" period="2" second="33" time="85" type="substitution off" type_id="18"/>
	<message comment="Charlie Adam recieves a yellow card" minute="81" period="2" second="45" time="83" type="card received" type_id="17"/>
	<message comment="Fernando Torres recieves a yellow card" minute="78" period="2" second="41" time="80" type="card received" type_id="17"/>
	<message comment="Charlie Adam misses attempt (Out of box, Left footed, Open play)" minute="76" period="2" second="42" time="78" type="attempt missed" type_id="13"/>
	<message comment="Dirk Kuyt is substituted off" minute="75" period="2" second="30" time="77" type="substitution off" type_id="18"/>
	<message comment="Jonjo Shelvey is substituted on" minute="75" period="2" second="30" time="77" type="substitution on" type_id="19"/>
	<message comment="DJ Campbell has attempt saved (Low to the left, 18-yard box, Right footed, Open play)" minute="74" period="2" second="20" time="76" type="attempt blocked" type_id="15"/>
	<message comment="Pepe Reina makes a save (Parried safe, Standing)" minute="74" period="2" second="20" time="76" type="save made" type_id="10"/>
	<message comment="Matt Phillips misses attempt (High, Out of box, Right footed, Open play)" minute="72" period="2" second="47" time="74" type="attempt missed" type_id="13"/>
	<message comment="Raul Meireles misses attempt (18-yard box, Head, Open play)" minute="70" period="2" second="28" time="72" type="attempt missed" type_id="13"/>
	<message comment="Charlie Adam blocks a shot" minute="69" period="2" second="57" time="71" type="save made" type_id="10"/>
	<message comment="Dirk Kuyt has shot blocked (Out of box, Right footed, Open play)" minute="69" period="2" second="57" time="71" type="attempt blocked" type_id="15"/>
	<message comment="GOAL! DJ Campbell scores , Assisted by Ian Evatt (High to the centre, 18-yard box, Big Chance, Head, Open play)" minute="68" period="2" second="40" time="70" type="goal scored" type_id="16"/>
	<message comment="Matt Phillips wins a corner (To the left)" minute="68" period="2" second="0" time="70" type="corner" type_id="6"/>
	<message comment="Matt Phillips has shot blocked (18-yard box, Right footed, Open play)" minute="67" period="2" second="58" time="69" type="attempt blocked" type_id="15"/>
	<message comment="Daniel Agger blocks a shot" minute="67" period="2" second="58" time="69" type="save made" type_id="10"/>
	<message comment="Dirk Kuyt wins a corner (To the right)" minute="66" period="2" second="18" time="68" type="corner" type_id="6"/>
	<message comment="Dirk Kuyt has attempt saved (Low to the right, Out of box, Right footed, Open play)" minute="66" period="2" second="15" time="68" type="attempt blocked" type_id="15"/>
	<message comment="Richard Kingson makes a save (Parried safe, Diving)" minute="66" period="2" second="15" time="68" type="save made" type_id="10"/>
	<message comment="Raul Meireles misses attempt (18-yard box, Left footed, Throw-in)" minute="64" period="2" second="14" time="66" type="attempt missed" type_id="13"/>
	<message comment="Elliot Grandin is substituted off" minute="63" period="2" second="58" time="65" type="substitution off" type_id="18"/>
	<message comment="Matt Phillips is substituted on" minute="63" period="2" second="58" time="65" type="substitution on" type_id="19"/>
	<message comment="DJ Campbell is caught offside" minute="62" period="2" time="64" type="offside" type_id="10000"/>
	<message comment="Raul Meireles wins a corner (To the left)" minute="61" period="2" second="40" time="63" type="corner" type_id="6"/>
	<message comment="Richard Kingson makes a save" minute="59" period="2" second="38" time="61" type="save made" type_id="10"/>
	<message comment="Fernando Torres has attempt saved (Low to the left, 18-yard box, Right footed, Open play)" minute="59" period="2" second="38" time="61" type="attempt blocked" type_id="15"/>
	<message comment="Fernando Torres misses attempt (High, 18-yard box, Right footed, Open play)" minute="56" period="2" second="39" time="58" type="attempt missed" type_id="13"/>
	<message comment="David Vaughan wins a corner (To the left)" minute="55" period="2" second="25" time="57" type="corner" type_id="6"/>
	<message comment="David Vaughan has attempt saved (High to the centre, 18-yard box, Left footed, Open play)" minute="55" period="2" second="20" time="57" type="attempt blocked" type_id="15"/>
	<message comment="Pepe Reina makes a save (Parried safe, Diving)" minute="55" period="2" second="20" time="57" type="save made" type_id="10"/>
	<message comment="Lucas Leiva has shot blocked (Out of box, Right footed, Open play)" minute="54" period="2" second="34" time="56" type="attempt blocked" type_id="15"/>
	<message comment="Stephen Crainey blocks a shot" minute="54" period="2" second="34" time="56" type="save made" type_id="10"/>
	<message comment="Charlie Adam has attempt saved (Low to the right, 18-yard box, Left footed, Open play)" minute="54" period="2" second="16" time="56" type="attempt blocked" type_id="15"/>
	<message comment="Pepe Reina makes a save (Diving, Parried safe)" minute="54" period="2" second="16" time="56" type="save made" type_id="10"/>
	<message comment="DJ Campbell has shot blocked (Out of box, Right footed, Open play)" minute="54" period="2" second="11" time="56" type="attempt blocked" type_id="15"/>
	<message comment="Daniel Agger blocks a shot" minute="54" period="2" second="11" time="56" type="save made" type_id="10"/>
	<message comment="Craig Cathcart blocks a shot" minute="52" period="2" second="15" time="54" type="save made" type_id="10"/>
	<message comment="Fernando Torres has shot blocked (Out of box, Right footed, Open play)" minute="52" period="2" second="15" time="54" type="attempt blocked" type_id="15"/>
	<message comment="DJ Campbell wins a corner (To the left)" minute="49" period="2" second="8" time="51" type="corner" type_id="6"/>
	<message comment="Second half begins!" minute="45" period="2" second="0" time="47" type="start" type_id="32"/>
	<message comment="First half ends" minute="46" period="1" second="17" time="46" type="end" type_id="30"/>
	<message comment="Richard Kingson makes a save (Standing, Parried safe, Other body part)" minute="45" period="1" second="19" time="45" type="save made" type_id="10"/>
	<message comment="Lucas Leiva has attempt saved (Low to the left, 18-yard box, Right footed, From corner)" minute="45" period="1" second="19" time="45" type="attempt blocked" type_id="15"/>
	<message comment="Dirk Kuyt wins a corner (To the left)" minute="44" period="1" second="57" time="44" type="corner" type_id="6"/>
	<message comment="Richard Kingson makes a save (Standing)" minute="43" period="1" second="47" time="43" type="save made" type_id="10"/>
	<message comment="Daniel Agger has attempt saved (Low to the right, 18-yard box, Head, Set piece)" minute="43" period="1" second="47" time="43" type="attempt blocked" type_id="15"/>
	<message comment="Fernando Torres is caught offside" minute="42" period="1" time="42" type="offside" type_id="10000"/>
	<message comment="Fernando Torres misses attempt (High to the right, Out of box, Right footed, Open play)" minute="36" period="1" second="36" time="36" type="attempt missed" type_id="13"/>
	<message comment="Gary Taylor-Fletcher misses attempt (To the left, Out of box, Right footed, Open play)" minute="29" period="1" second="43" time="29" type="attempt missed" type_id="13"/>
	<message comment="Pepe Reina makes a save" minute="28" period="1" second="23" time="28" type="save made" type_id="10"/>
	<message comment="Charlie Adam has attempt saved (Low to the left, Out of box, Left footed, Open play)" minute="28" period="1" second="23" time="28" type="attempt blocked" type_id="15"/>
	<message comment="Martin Kelly recieves a yellow card" minute="27" period="1" second="56" time="27" type="card received" type_id="17"/>
	<message comment="Milan Jovanovic recieves a yellow card" minute="23" period="1" second="35" time="23" type="card received" type_id="17"/>
	<message comment="Luke Varney is caught offside" minute="17" period="1" time="17" type="offside" type_id="10000"/>
	<message comment="Milan Jovanovic is caught offside" minute="16" period="1" time="16" type="offside" type_id="10000"/>
	<message comment="DJ Campbell misses attempt (18-yard box, Big Chance, Head, Set piece)" minute="14" period="1" second="43" time="14" type="attempt missed" type_id="13"/>
	<message comment="GOAL! Gary Taylor-Fletcher scores , Assisted by David Vaughan (Low to the right, 18-yard box, Big Chance, Right footed, Open play)" minute="11" period="1" second="26" time="11" type="goal scored" type_id="16"/>
	<message comment="Formation Set" minute="0" period="14" second="0" time="6" type="end" type_id="30"/>
	<message comment="GOAL! Fernando Torres scores , Assisted by Martin Kelly (High to the right, 18-yard box, Right footed, Open play)" minute="2" period="1" second="13" time="2" type="goal scored" type_id="16"/>
	<message comment="First half begins!" minute="0" period="1" second="0" time="0" type="start" type_id="32"/>
</Commentary>
