<?xml version="1.0" ?>
<Commentary away_team_name="Blackpool" competition="English Premier League" game_date="2010-10-17" home_team_name="Manchester City" lang_id="en" season="Season 2010/2011" season_id="2010" sport_id="1" sport_name="Football">
	<message comment="Second half ends" minute="94" period="2" second="43" time="96" type="end" type_id="30"/>
	<message comment="GOAL! Gary Taylor-Fletcher scores , Assisted by Luke Varney (Low to the centre, 6-yard box, Big Chance, Right footed, From corner)" minute="93" period="2" second="0" time="95" type="goal scored" type_id="16"/>
	<message comment="Luke Varney misses attempt (18-yard box, Key pass, Right footed, From corner)" minute="92" period="2" second="59" time="94" type="attempt missed" type_id="13"/>
	<message comment="DJ Campbell wins a corner (To the right)" minute="92" period="2" second="42" time="94" type="corner" type_id="6"/>
	<message comment="David Silva recieves a yellow card" minute="90" period="2" second="30" time="92" type="card received" type_id="17"/>
	<message comment="GOAL! David Silva scores , Assisted by James Milner (Low to the left, 18-yard box, Left footed, Set piece)" minute="89" period="2" second="45" time="91" type="goal scored" type_id="16"/>
	<message comment="David Silva has shot blocked (18-yard box, Left footed, From corner)" minute="87" period="2" second="30" time="89" type="attempt blocked" type_id="15"/>
	<message comment="Craig Cathcart blocks a shot" minute="87" period="2" second="30" time="89" type="save made" type_id="10"/>
	<message comment="David Silva wins a corner (To the left)" minute="87" period="2" second="13" time="89" type="corner" type_id="6"/>
	<message comment="Carlos Tevez wins a corner (To the left)" minute="86" period="2" second="36" time="88" type="corner" type_id="6"/>
	<message comment="Ian Evatt blocks a shot" minute="86" period="2" second="34" time="88" type="save made" type_id="10"/>
	<message comment="Carlos Tevez has shot blocked (18-yard box, Right footed, Open play)" minute="86" period="2" second="34" time="88" type="attempt blocked" type_id="15"/>
	<message comment="Adam Johnson is substituted off" minute="84" period="2" second="18" time="86" type="substitution off" type_id="18"/>
	<message comment="Patrick Vieira is substituted on" minute="84" period="2" second="18" time="86" type="substitution on" type_id="19"/>
	<message comment="Carlos Tevez misses attempt (To the right, Out of box, Right footed, Open play)" minute="83" period="2" second="27" time="85" type="attempt missed" type_id="13"/>
	<message comment="Carlos Tevez is caught offside" minute="81" period="2" time="83" type="offside" type_id="10000"/>
	<message comment="GOAL! Carlos Tevez scores  (Low to the left, Out of box, Left footed, Open play)" minute="78" period="2" second="51" time="80" type="goal scored" type_id="16"/>
	<message comment="GOAL! Marlon Harewood scores , Assisted by Charlie Adam (Low to the left, 18-yard box, Head, Set piece)" minute="77" period="2" second="58" time="79" type="goal scored" type_id="16"/>
	<message comment="Adam Johnson is caught offside" minute="76" period="2" time="78" type="offside" type_id="10000"/>
	<message comment="Neal Eardley is substituted off" minute="75" period="2" second="50" time="77" type="substitution off" type_id="18"/>
	<message comment="Matt Phillips is substituted on" minute="75" period="2" second="50" time="77" type="substitution on" type_id="19"/>
	<message comment="Jérôme Boateng is substituted off" minute="75" period="2" second="24" time="77" type="substitution off" type_id="18"/>
	<message comment="Micah Richards is substituted on" minute="75" period="2" second="24" time="77" type="substitution on" type_id="19"/>
	<message comment="James Milner hits the woodwork (High, Out of box, Right footed, Open play)" minute="71" period="2" second="23" time="73" type="woodwork hit" type_id="14"/>
	<message comment="James Milner has shot blocked (18-yard box, Left footed, Open play)" minute="70" period="2" second="22" time="72" type="attempt blocked" type_id="15"/>
	<message comment="Neal Eardley blocks a shot (Last line)" minute="70" period="2" second="22" time="72" type="save made" type_id="10"/>
	<message comment="Charlie Adam misses attempt (Out of box, Left footed, Free kick)" minute="69" period="2" second="11" time="71" type="attempt missed" type_id="13"/>
	<message comment="Carlos Tevez recieves a yellow card" minute="67" period="2" second="35" time="69" type="card received" type_id="17"/>
	<message comment="GOAL! Carlos Tevez scores , Assisted by David Silva (Low to the right, 6-yard box, Right footed, Open play)" minute="66" period="2" second="39" time="68" type="goal scored" type_id="16"/>
	<message comment="Elliot Grandin is substituted off" minute="65" period="2" second="32" time="67" type="substitution off" type_id="18"/>
	<message comment="Marlon Harewood is substituted on" minute="65" period="2" second="32" time="67" type="substitution on" type_id="19"/>
	<message comment="Emmanuel Adebayor is substituted off" minute="65" period="2" second="10" time="67" type="substitution off" type_id="18"/>
	<message comment="David Silva is substituted on" minute="65" period="2" second="10" time="67" type="substitution on" type_id="19"/>
	<message comment="Carlos Tevez is caught offside" minute="65" period="2" time="67" type="offside" type_id="10000"/>
	<message comment="Neal Eardley wins a corner (To the left)" minute="64" period="2" second="6" time="66" type="corner" type_id="6"/>
	<message comment="Joe Hart makes a save (Parried safe, Diving)" minute="64" period="2" second="5" time="66" type="save made" type_id="10"/>
	<message comment="Neal Eardley has attempt saved (Low to the left, Out of box, Right footed, Open play)" minute="64" period="2" second="5" time="66" type="attempt blocked" type_id="15"/>
	<message comment="Gary Taylor-Fletcher misses attempt (High to the right, 18-yard box, Right footed, From corner)" minute="63" period="2" second="13" time="65" type="attempt missed" type_id="13"/>
	<message comment="Charlie Adam wins a corner (To the left)" minute="62" period="2" second="51" time="64" type="corner" type_id="6"/>
	<message comment="Joe Hart makes a save (Parried safe)" minute="62" period="2" second="49" time="64" type="save made" type_id="10"/>
	<message comment="Charlie Adam has attempt saved (High to the centre, Out of box, Left footed, Open play)" minute="62" period="2" second="49" time="64" type="attempt blocked" type_id="15"/>
	<message comment="DJ Campbell misses attempt (High, Out of box, Right footed, Open play)" minute="58" period="2" second="4" time="60" type="attempt missed" type_id="13"/>
	<message comment="Carlos Tevez is caught offside" minute="58" period="2" time="60" type="offside" type_id="10000"/>
	<message comment="Joleon Lescott misses attempt (High, 18-yard box, Right footed, From corner)" minute="57" period="2" second="33" time="59" type="attempt missed" type_id="13"/>
	<message comment="Adam Johnson wins a corner (To the right)" minute="57" period="2" second="10" time="59" type="corner" type_id="6"/>
	<message comment="DJ Campbell is caught offside" minute="56" period="2" time="58" type="offside" type_id="10000"/>
	<message comment="Elliot Grandin is caught offside" minute="54" period="2" time="56" type="offside" type_id="10000"/>
	<message comment="DJ Campbell misses attempt (18-yard box, Big Chance, Right footed, Fast break)" minute="53" period="2" second="3" time="55" type="attempt missed" type_id="13"/>
	<message comment="Carlos Tevez wins a corner (To the left)" minute="50" period="2" second="53" time="52" type="corner" type_id="6"/>
	<message comment="Adam Johnson is caught offside" minute="50" period="2" time="52" type="offside" type_id="10000"/>
	<message comment="Vincent Kompany misses attempt (To the left, 18-yard box, Head, From corner)" minute="46" period="2" second="59" time="48" type="attempt missed" type_id="13"/>
	<message comment="Wayne Bridge wins a corner (To the left)" minute="46" period="2" second="39" time="48" type="corner" type_id="6"/>
	<message comment="Second half begins!" minute="45" period="2" second="0" time="47" type="start" type_id="32"/>
	<message comment="First half ends" minute="46" period="1" second="9" time="46" type="end" type_id="30"/>
	<message comment="James Milner wins a corner (To the right)" minute="43" period="1" second="56" time="43" type="corner" type_id="6"/>
	<message comment="Nigel de Jong wins a corner (To the right)" minute="42" period="1" second="54" time="42" type="corner" type_id="6"/>
	<message comment="Emmanuel Adebayor is caught offside" minute="40" period="1" time="40" type="offside" type_id="10000"/>
	<message comment="Elliot Grandin is caught offside" minute="37" period="1" time="37" type="offside" type_id="10000"/>
	<message comment="Carlos Tevez wins a corner (To the right)" minute="34" period="1" second="37" time="34" type="corner" type_id="6"/>
	<message comment="DJ Campbell misses attempt (To the left, 18-yard box, Head, Open play)" minute="33" period="1" second="16" time="33" type="attempt missed" type_id="13"/>
	<message comment="Gary Taylor-Fletcher misses attempt (To the right, Out of box, Right footed, Open play)" minute="30" period="1" second="24" time="30" type="attempt missed" type_id="13"/>
	<message comment="Emmanuel Adebayor is caught offside" minute="27" period="1" time="27" type="offside" type_id="10000"/>
	<message comment="Stephen Crainey is caught offside" minute="27" period="1" time="27" type="offside" type_id="10000"/>
	<message comment="Vincent Kompany blocks a shot" minute="26" period="1" second="13" time="26" type="save made" type_id="10"/>
	<message comment="Elliot Grandin has shot blocked (Out of box, Left footed, Open play)" minute="26" period="1" second="13" time="26" type="attempt blocked" type_id="15"/>
	<message comment="Emmanuel Adebayor is caught offside" minute="23" period="1" time="23" type="offside" type_id="10000"/>
	<message comment="Luke Varney misses attempt (To the left, Out of box, Left footed, Open play)" minute="21" period="1" second="39" time="21" type="attempt missed" type_id="13"/>
	<message comment="Charlie Adam misses attempt (To the left, Out of box, Right footed, Open play)" minute="20" period="1" second="21" time="20" type="attempt missed" type_id="13"/>
	<message comment="Vincent Kompany has attempt saved (Low to the centre, 18-yard box, Head, Set piece)" minute="18" period="1" second="59" time="18" type="attempt blocked" type_id="15"/>
	<message comment="Matthew Gilks makes a save (Standing)" minute="18" period="1" second="59" time="18" type="save made" type_id="10"/>
	<message comment="Charlie Adam misses attempt (To the right, Out of box, Left footed, Open play)" minute="12" period="1" second="24" time="12" type="attempt missed" type_id="13"/>
	<message comment="DJ Campbell misses attempt (To the left, Out of box, Right footed, Open play)" minute="8" period="1" second="6" time="8" type="attempt missed" type_id="13"/>
	<message comment="Formation Set" minute="0" period="14" second="0" time="6" type="end" type_id="30"/>
	<message comment="Adam Johnson wins a corner (To the left)" minute="5" period="1" second="29" time="5" type="corner" type_id="6"/>
	<message comment="Matthew Gilks makes a save (Diving)" minute="5" period="1" second="26" time="5" type="save made" type_id="10"/>
	<message comment="Adam Johnson has attempt saved (High to the centre, Out of box, Left footed, Open play)" minute="5" period="1" second="26" time="5" type="attempt blocked" type_id="15"/>
	<message comment="Matthew Gilks makes a save (Standing, Parried safe)" minute="0" period="1" second="31" time="0" type="save made" type_id="10"/>
	<message comment="James Milner has attempt saved (High to the centre, Out of box, Right footed, Open play)" minute="0" period="1" second="31" time="0" type="attempt blocked" type_id="15"/>
	<message comment="First half begins!" minute="0" period="1" second="0" time="0" type="start" type_id="32"/>
</Commentary>
