<?xml version="1.0" ?>
<Commentary away_team_name="Blackburn" competition="English Premier League" game_date="2011-10-01" home_team_name="Manchester City" lang_id="en" season="Season 2011/2012" season_id="2011" sport_id="1" sport_name="Football">
	<message comment="Second half ends" minute="92" period="2" second="2" time="95" type="end" type_id="30"/>
	<message comment="Joe Hart makes a save" minute="91" period="2" second="44" time="94" type="save made" type_id="10"/>
	<message comment="Steven Nzonzi has attempt saved (Low to the right, Out of box, Right footed, Open play)" minute="91" period="2" second="44" time="94" type="attempt blocked" type_id="15"/>
	<message comment="Yakubu has attempt saved (High to the centre, Out of box, Right footed, Open play)" minute="89" period="2" second="53" time="92" type="attempt blocked" type_id="15"/>
	<message comment="Joe Hart makes a save (Standing)" minute="89" period="2" second="53" time="92" type="save made" type_id="10"/>
	<message comment="Mario Balotelli is substituted off" minute="87" period="2" second="20" time="90" type="substitution off" type_id="18"/>
	<message comment="Edin Dzeko is substituted on" minute="87" period="2" second="20" time="90" type="substitution on" type_id="19"/>
	<message comment="GOAL! Stefan Savic scores , Assisted by Samir Nasri (High to the left, 18-yard box, Head, From corner)" minute="86" period="2" second="25" time="89" type="goal scored" type_id="16"/>
	<message comment="Aleksandar Kolarov wins a corner (To the left)" minute="85" period="2" second="58" time="88" type="corner" type_id="6"/>
	<message comment="Christopher Samba blocks a shot" minute="85" period="2" second="54" time="88" type="save made" type_id="10"/>
	<message comment="Aleksandar Kolarov has shot blocked (18-yard box, Right footed, Open play)" minute="85" period="2" second="54" time="88" type="attempt blocked" type_id="15"/>
	<message comment="Yakubu misses attempt (Out of box, Right footed, Open play)" minute="84" period="2" second="47" time="87" type="attempt missed" type_id="13"/>
	<message comment="Mario Balotelli misses attempt (Out of box, Right footed, Open play)" minute="83" period="2" second="14" time="86" type="attempt missed" type_id="13"/>
	<message comment="Jason Lowe blocks a shot" minute="83" period="2" second="6" time="86" type="save made" type_id="10"/>
	<message comment="David Silva has shot blocked (18-yard box, Left footed, Set piece)" minute="83" period="2" second="6" time="86" type="attempt blocked" type_id="15"/>
	<message comment="Gaël Givet misses attempt (To the right, 18-yard box, Left footed, From corner)" minute="80" period="2" second="1" time="83" type="attempt missed" type_id="13"/>
	<message comment="Mauro Formica wins a corner (To the right)" minute="79" period="2" second="36" time="82" type="corner" type_id="6"/>
	<message comment="Adam Johnson is substituted off" minute="78" period="2" second="30" time="81" type="substitution off" type_id="18"/>
	<message comment="Stefan Savic is substituted on" minute="78" period="2" second="30" time="81" type="substitution on" type_id="19"/>
	<message comment="Mauro Formica wins a corner (To the right)" minute="75" period="2" second="59" time="78" type="corner" type_id="6"/>
	<message comment="Mauro Formica has attempt saved (High to the right, Out of box, Right footed, Open play)" minute="75" period="2" second="56" time="78" type="attempt blocked" type_id="15"/>
	<message comment="Joe Hart makes a save (Standing, Parried safe)" minute="75" period="2" second="56" time="78" type="save made" type_id="10"/>
	<message comment="Paul Robinson makes a save (Standing)" minute="75" period="2" second="27" time="78" type="save made" type_id="10"/>
	<message comment="Aleksandar Kolarov has attempt saved (Low to the centre, Out of box, Left footed, Open play)" minute="75" period="2" second="27" time="78" type="attempt blocked" type_id="15"/>
	<message comment="GOAL! Samir Nasri scores , Assisted by David Silva (Low to the left, 18-yard box, Right footed, Fast break)" minute="72" period="2" second="31" time="75" type="goal scored" type_id="16"/>
	<message comment="David Junior Hoilett wins a corner (To the left)" minute="71" period="2" second="48" time="74" type="corner" type_id="6"/>
	<message comment="Pablo Zabaleta recieves a yellow card" minute="68" period="2" second="44" time="71" type="card received" type_id="17"/>
	<message comment="David Goodwillie is substituted off" minute="60" period="2" second="25" time="63" type="substitution off" type_id="18"/>
	<message comment="Mauro Formica is substituted on" minute="60" period="2" second="25" time="63" type="substitution on" type_id="19"/>
	<message comment="GOAL! Mario Balotelli scores , Assisted by Samir Nasri (Low to the left, 6-yard box, Right footed, Open play)" minute="58" period="2" second="50" time="61" type="goal scored" type_id="16"/>
	<message comment="Gaël Givet recieves a yellow card" minute="58" period="2" second="5" time="61" type="card received" type_id="17"/>
	<message comment="GOAL! Adam Johnson scores  (High to the left, Out of box, Left footed, From corner)" minute="55" period="2" second="57" time="58" type="goal scored" type_id="16"/>
	<message comment="Aleksandar Kolarov wins a corner (To the left)" minute="55" period="2" second="30" time="58" type="corner" type_id="6"/>
	<message comment="Mario Balotelli hits the woodwork (To the right, 18-yard box, Right footed, Open play)" minute="51" period="2" second="9" time="54" type="woodwork hit" type_id="14"/>
	<message comment="David Silva wins a corner (To the right)" minute="45" period="2" second="55" time="48" type="corner" type_id="6"/>
	<message comment="David Silva has shot blocked (18-yard box, Left footed, Throw-in)" minute="45" period="2" second="53" time="48" type="attempt blocked" type_id="15"/>
	<message comment="Christopher Samba blocks a shot" minute="45" period="2" second="53" time="48" type="save made" type_id="10"/>
	<message comment="Second half begins!" minute="45" period="2" second="0" time="48" type="start" type_id="32"/>
	<message comment="First half ends" minute="47" period="1" second="9" time="47" type="end" type_id="30"/>
	<message comment="Mario Balotelli misses attempt (18-yard box, Big Chance, Right footed, Open play)" minute="44" period="1" second="8" time="44" type="attempt missed" type_id="13"/>
	<message comment="Mario Balotelli misses attempt (To the left, 18-yard box, Right footed, From corner)" minute="42" period="1" second="25" time="42" type="attempt missed" type_id="13"/>
	<message comment="Aleksandar Kolarov wins a corner (To the left)" minute="42" period="1" second="0" time="42" type="corner" type_id="6"/>
	<message comment="Yakubu has attempt saved (Low to the right, 18-yard box, Right footed, Open play)" minute="37" period="1" second="21" time="37" type="attempt blocked" type_id="15"/>
	<message comment="Joe Hart makes a save" minute="37" period="1" second="21" time="37" type="save made" type_id="10"/>
	<message comment="Mario Balotelli misses attempt (Out of box, Right footed, Open play)" minute="36" period="1" second="43" time="36" type="attempt missed" type_id="13"/>
	<message comment="James Milner misses attempt (To the right, Out of box, Left footed, Open play)" minute="34" period="1" second="46" time="34" type="attempt missed" type_id="13"/>
	<message comment="Samir Nasri wins a corner (To the right)" minute="28" period="1" second="59" time="28" type="corner" type_id="6"/>
	<message comment="Scott Dann blocks a shot" minute="28" period="1" second="56" time="28" type="save made" type_id="10"/>
	<message comment="Samir Nasri has shot blocked (18-yard box, Right footed, Open play)" minute="28" period="1" second="56" time="28" type="attempt blocked" type_id="15"/>
	<message comment="Morten Gamst Pedersen wins a corner (To the right)" minute="27" period="1" second="39" time="27" type="corner" type_id="6"/>
	<message comment="Sergio Agüero is substituted off" minute="27" period="1" second="10" time="27" type="substitution off" type_id="18"/>
	<message comment="Samir Nasri is substituted on" minute="27" period="1" second="10" time="27" type="substitution on" type_id="19"/>
	<message comment="Jason Lowe blocks a shot" minute="23" period="1" second="55" time="23" type="save made" type_id="10"/>
	<message comment="Mario Balotelli has shot blocked (18-yard box, Right footed, Open play)" minute="23" period="1" second="55" time="23" type="attempt blocked" type_id="15"/>
	<message comment="Paul Robinson makes a save (Collected, Diving)" minute="16" period="1" second="50" time="16" type="save made" type_id="10"/>
	<message comment="Adam Johnson has attempt saved (Low to the centre, 18-yard box, Left footed, Open play)" minute="16" period="1" second="50" time="16" type="attempt blocked" type_id="15"/>
	<message comment="Mario Balotelli misses attempt (High, 18-yard box, Left footed, Open play)" minute="9" period="1" second="38" time="9" type="attempt missed" type_id="13"/>
	<message comment="Paul Robinson makes a save (Parried into danger, Diving)" minute="9" period="1" second="35" time="9" type="save made" type_id="10"/>
	<message comment="David Silva has attempt saved (Low to the right, 18-yard box, Left footed, Open play)" minute="9" period="1" second="35" time="9" type="attempt blocked" type_id="15"/>
	<message comment="Formation Set" minute="0" period="14" second="0" time="5" type="end" type_id="30"/>
	<message comment="First half begins!" minute="0" period="1" second="0" time="0" type="start" type_id="32"/>
</Commentary>
