<?xml version="1.0" ?>
<Commentary away_team_name="Blackburn" competition="English Premier League" game_date="2012-04-21" home_team_name="Norwich" lang_id="en" season="Season 2011/2012" season_id="2011" sport_id="1" sport_name="Football">
	<message comment="Second half ends" minute="94" period="2" second="1" time="97" type="end" type_id="30"/>
	<message comment="Aaron Wilbraham is caught offside" minute="91" period="2" time="94" type="offside" type_id="10000"/>
	<message comment="Radosav Petrovic has attempt saved (Low to the left, Out of box, Right footed, Open play)" minute="84" period="2" second="37" time="87" type="attempt blocked" type_id="15"/>
	<message comment="John Ruddy makes a save (Standing)" minute="84" period="2" second="37" time="87" type="save made" type_id="10"/>
	<message comment="Elliott Ward misses attempt (To the right, 18-yard box, Head, Open play)" minute="83" period="2" second="52" time="86" type="attempt missed" type_id="13"/>
	<message comment="David Junior Hoilett is substituted off" minute="82" period="2" second="29" time="85" type="substitution off" type_id="18"/>
	<message comment="Radosav Petrovic is substituted on" minute="82" period="2" second="29" time="85" type="substitution on" type_id="19"/>
	<message comment="Scott Dann misses attempt (18-yard box, Head, From corner)" minute="80" period="2" second="25" time="83" type="attempt missed" type_id="13"/>
	<message comment="Anthony Modeste wins a corner (To the left)" minute="80" period="2" second="10" time="83" type="corner" type_id="6"/>
	<message comment="Anthony Modeste has shot blocked (18-yard box, Head, From corner)" minute="80" period="2" second="8" time="83" type="attempt blocked" type_id="15"/>
	<message comment="Ryan Bennett blocks a shot" minute="80" period="2" second="8" time="83" type="save made" type_id="10"/>
	<message comment="David Junior Hoilett wins a corner (To the left)" minute="79" period="2" second="43" time="82" type="corner" type_id="6"/>
	<message comment="Yakubu is substituted off" minute="75" period="2" second="35" time="78" type="substitution off" type_id="18"/>
	<message comment="Anthony Modeste is substituted on" minute="75" period="2" second="35" time="78" type="substitution on" type_id="19"/>
	<message comment="Ryan Bennett misses attempt (18-yard box, Left footed, From corner)" minute="73" period="2" second="19" time="76" type="attempt missed" type_id="13"/>
	<message comment="Steve Morison wins a corner (To the left)" minute="72" period="2" second="50" time="75" type="corner" type_id="6"/>
	<message comment="Paul Robinson makes a save (Diving, Parried safe)" minute="72" period="2" second="47" time="75" type="save made" type_id="10"/>
	<message comment="Aaron Wilbraham has attempt saved (Low to the left, 18-yard box, Right footed, Open play)" minute="72" period="2" second="47" time="75" type="attempt blocked" type_id="15"/>
	<message comment="Anthony Pilkington misses attempt (To the right, 18-yard box, Left footed, Set piece)" minute="71" period="2" second="5" time="74" type="attempt missed" type_id="13"/>
	<message comment="Yakubu is caught offside" minute="66" period="2" time="69" type="offside" type_id="10000"/>
	<message comment="Grant Holt is substituted off" minute="65" period="2" second="52" time="68" type="substitution off" type_id="18"/>
	<message comment="Aaron Wilbraham is substituted on" minute="65" period="2" second="52" time="68" type="substitution on" type_id="19"/>
	<message comment="Mauro Formica wins a corner (To the right)" minute="63" period="2" second="18" time="66" type="corner" type_id="6"/>
	<message comment="David Dunn is substituted off" minute="61" period="2" second="40" time="64" type="substitution off" type_id="18"/>
	<message comment="Martin Olsson is substituted on" minute="61" period="2" second="40" time="64" type="substitution on" type_id="19"/>
	<message comment="Wes Hoolahan is substituted off" minute="58" period="2" second="40" time="61" type="substitution off" type_id="18"/>
	<message comment="Anthony Pilkington is substituted on" minute="58" period="2" second="40" time="61" type="substitution on" type_id="19"/>
	<message comment="James Vaughan is substituted off" minute="58" period="2" second="22" time="61" type="substitution off" type_id="18"/>
	<message comment="Steve Morison is substituted on" minute="58" period="2" second="22" time="61" type="substitution on" type_id="19"/>
	<message comment="Elliott Bennett wins a corner (To the right)" minute="57" period="2" second="58" time="60" type="corner" type_id="6"/>
	<message comment="Mauro Formica wins a corner (To the right)" minute="51" period="2" second="52" time="54" type="corner" type_id="6"/>
	<message comment="GOAL! David Junior Hoilett scores , Assisted by Marcus Olsson (High to the right, Out of box, Right footed, Open play)" minute="48" period="2" second="39" time="51" type="goal scored" type_id="16"/>
	<message comment="Second half begins!" minute="45" period="2" second="0" time="48" type="start" type_id="32"/>
	<message comment="First half ends" minute="47" period="1" second="1" time="47" type="end" type_id="30"/>
	<message comment="Elliott Bennett misses attempt (To the left, Out of box, Right footed, Open play)" minute="46" period="1" second="43" time="46" type="attempt missed" type_id="13"/>
	<message comment="GOAL! Mauro Formica scores , Assisted by Morten Gamst Pedersen (Low to the right, 6-yard box, Big Chance, Right footed, Open play)" minute="40" period="1" second="23" time="40" type="goal scored" type_id="16"/>
	<message comment="Yakubu hits the woodwork (To the left, 6-yard box, Big Chance, Left footed, Open play)" minute="37" period="1" second="21" time="37" type="woodwork hit" type_id="14"/>
	<message comment="David Junior Hoilett is caught offside" minute="37" period="1" time="37" type="offside" type_id="10000"/>
	<message comment="Grant Holt misses attempt (To the left, 6-yard box, Head, Open play)" minute="36" period="1" second="18" time="36" type="attempt missed" type_id="13"/>
	<message comment="Mauro Formica wins a corner (To the right)" minute="34" period="1" second="18" time="34" type="corner" type_id="6"/>
	<message comment="Jonny Howson recieves a yellow card" minute="33" period="1" second="25" time="33" type="card received" type_id="17"/>
	<message comment="Adam Drury wins a corner (To the left)" minute="32" period="1" second="39" time="32" type="corner" type_id="6"/>
	<message comment="Ryan Bennett misses attempt (18-yard box, Head, From corner)" minute="31" period="1" second="42" time="31" type="attempt missed" type_id="13"/>
	<message comment="Wes Hoolahan wins a corner (To the right)" minute="31" period="1" second="18" time="31" type="corner" type_id="6"/>
	<message comment="Gaël Givet blocks a shot" minute="31" period="1" second="16" time="31" type="save made" type_id="10"/>
	<message comment="Wes Hoolahan has shot blocked (Out of box, Left footed, Open play)" minute="31" period="1" second="16" time="31" type="attempt blocked" type_id="15"/>
	<message comment="Jonny Howson wins a corner (To the right)" minute="30" period="1" second="43" time="30" type="corner" type_id="6"/>
	<message comment="Paul Robinson makes a save (Parried safe, Diving)" minute="30" period="1" second="40" time="30" type="save made" type_id="10"/>
	<message comment="Jonny Howson has attempt saved (High to the right, Out of box, Left footed, Open play)" minute="30" period="1" second="40" time="30" type="attempt blocked" type_id="15"/>
	<message comment="Mauro Formica wins a corner (To the right)" minute="28" period="1" second="55" time="28" type="corner" type_id="6"/>
	<message comment="Mauro Formica has shot blocked (18-yard box, Right footed, Open play)" minute="28" period="1" second="53" time="28" type="attempt blocked" type_id="15"/>
	<message comment="Adam Drury blocks a shot" minute="28" period="1" second="53" time="28" type="save made" type_id="10"/>
	<message comment="Russell Martin wins a corner (To the left)" minute="27" period="1" second="37" time="27" type="corner" type_id="6"/>
	<message comment="David Dunn recieves a yellow card" minute="27" period="1" second="13" time="27" type="card received" type_id="17"/>
	<message comment="Yakubu is caught offside" minute="23" period="1" time="23" type="offside" type_id="10000"/>
	<message comment="David Dunn wins a corner (To the right)" minute="18" period="1" second="33" time="18" type="corner" type_id="6"/>
	<message comment="Mauro Formica misses attempt (High to the left, Out of box, Left footed, Set piece)" minute="13" period="1" second="2" time="13" type="attempt missed" type_id="13"/>
	<message comment="Grant Holt has attempt saved (Low to the left, 18-yard box, Right footed, Open play)" minute="7" period="1" second="56" time="7" type="attempt blocked" type_id="15"/>
	<message comment="Paul Robinson makes a save (Parried safe, Diving)" minute="7" period="1" second="56" time="7" type="save made" type_id="10"/>
	<message comment="Formation Set" minute="0" period="14" second="0" time="7" type="end" type_id="30"/>
	<message comment="David Junior Hoilett wins a corner (To the right)" minute="6" period="1" second="18" time="6" type="corner" type_id="6"/>
	<message comment="Bradley Orr wins a corner (To the left)" minute="5" period="1" second="15" time="5" type="corner" type_id="6"/>
	<message comment="Elliott Bennett misses attempt (To the right, Out of box, Right footed, Open play)" minute="3" period="1" second="20" time="3" type="attempt missed" type_id="13"/>
	<message comment="Grant Holt misses attempt (To the left, 18-yard box, Right footed, Open play)" minute="3" period="1" second="12" time="3" type="attempt missed" type_id="13"/>
	<message comment="Yakubu is caught offside" minute="2" period="1" time="2" type="offside" type_id="10000"/>
	<message comment="Grant Holt misses attempt (High, 18-yard box, Head, From corner)" minute="0" period="1" second="56" time="0" type="attempt missed" type_id="13"/>
	<message comment="James Vaughan wins a corner (To the right)" minute="0" period="1" second="37" time="0" type="corner" type_id="6"/>
	<message comment="First half begins!" minute="0" period="1" second="0" time="0" type="start" type_id="32"/>
</Commentary>
