<?xml version="1.0" ?>
<Commentary away_team_name="Bolton" competition="English Premier League" game_date="2010-12-26" home_team_name="West Bromwich Albion" lang_id="en" season="Season 2010/2011" season_id="2010" sport_id="1" sport_name="Football">
	<message comment="Second half ends" minute="95" period="2" second="3" time="97" type="end" type_id="30"/>
	<message comment="Paul Robinson blocks a shot" minute="94" period="2" second="43" time="96" type="save made" type_id="10"/>
	<message comment="Ishmael Miller has shot blocked (Out of box, Left footed, Open play)" minute="94" period="2" second="43" time="96" type="attempt blocked" type_id="15"/>
	<message comment="Ivan Klasnic is caught offside" minute="94" period="2" time="96" type="offside" type_id="10000"/>
	<message comment="Stuart Holden wins a corner (To the right)" minute="90" period="2" second="44" time="92" type="corner" type_id="6"/>
	<message comment="Stuart Holden has attempt saved (Low to the right, 18-yard box, Right footed, Fast break)" minute="90" period="2" second="40" time="92" type="attempt blocked" type_id="15"/>
	<message comment="Scott Carson makes a save (Standing, Parried safe)" minute="90" period="2" second="40" time="92" type="save made" type_id="10"/>
	<message comment="Ivan Klasnic is caught offside" minute="89" period="2" time="91" type="offside" type_id="10000"/>
	<message comment="Chris Brunt recieves a yellow card" minute="88" period="2" second="21" time="90" type="card received" type_id="17"/>
	<message comment="Gary Cahill misses attempt (To the right, 18-yard box, Head, From corner)" minute="87" period="2" second="53" time="89" type="attempt missed" type_id="13"/>
	<message comment="Kevin Davies wins a corner (To the left)" minute="87" period="2" second="25" time="89" type="corner" type_id="6"/>
	<message comment="Kevin Davies has attempt saved (Low to the centre, Out of box, Right footed, Fast break)" minute="87" period="2" second="13" time="89" type="attempt blocked" type_id="15"/>
	<message comment="Scott Carson makes a save (Parried into danger)" minute="87" period="2" second="13" time="89" type="save made" type_id="10"/>
	<message comment="GOAL! Johan Elmander scores  (Low to the right, 6-yard box, Big Chance, Right footed, Open play)" minute="85" period="2" second="41" time="87" type="goal scored" type_id="16"/>
	<message comment="Youssouf Mulumbu is substituted off" minute="85" period="2" second="14" time="87" type="substitution off" type_id="18"/>
	<message comment="Simon Cox is substituted on" minute="85" period="2" second="14" time="87" type="substitution on" type_id="19"/>
	<message comment="Chris Brunt wins a corner (To the right)" minute="82" period="2" second="41" time="84" type="corner" type_id="6"/>
	<message comment="Kevin Davies misses attempt (To the left, 18-yard box, Head, Set piece)" minute="80" period="2" second="42" time="82" type="attempt missed" type_id="13"/>
	<message comment="Chung-Yong Lee is substituted off" minute="79" period="2" second="36" time="81" type="substitution off" type_id="18"/>
	<message comment="Ivan Klasnic is substituted on" minute="79" period="2" second="36" time="81" type="substitution on" type_id="19"/>
	<message comment="Stuart Holden wins a corner (To the left)" minute="78" period="2" second="39" time="80" type="corner" type_id="6"/>
	<message comment="Stuart Holden wins a corner (To the left)" minute="78" period="2" second="19" time="80" type="corner" type_id="6"/>
	<message comment="Stuart Holden has attempt saved (Low to the left, Out of box, Right footed, Free kick)" minute="78" period="2" second="15" time="80" type="attempt blocked" type_id="15"/>
	<message comment="Scott Carson makes a save (Parried safe, Diving)" minute="78" period="2" second="15" time="80" type="save made" type_id="10"/>
	<message comment="Gary Cahill has shot blocked (18-yard box, Right footed, From corner)" minute="77" period="2" second="18" time="79" type="attempt blocked" type_id="15"/>
	<message comment="Gabriel Tamas blocks a shot" minute="77" period="2" second="18" time="79" type="save made" type_id="10"/>
	<message comment="Stuart Holden wins a corner (To the right)" minute="76" period="2" second="44" time="78" type="corner" type_id="6"/>
	<message comment="Fabrice Muamba is substituted off" minute="75" period="2" second="36" time="77" type="substitution off" type_id="18"/>
	<message comment="Mark Davies is substituted on" minute="75" period="2" second="36" time="77" type="substitution on" type_id="19"/>
	<message comment="Peter Odemwingie is caught offside" minute="73" period="2" time="75" type="offside" type_id="10000"/>
	<message comment="Somen Tchoyi wins a corner (To the right)" minute="70" period="2" second="41" time="72" type="corner" type_id="6"/>
	<message comment="Gary Cahill blocks a shot" minute="70" period="2" second="36" time="72" type="save made" type_id="10"/>
	<message comment="Ishmael Miller has shot blocked (18-yard box, Right footed, Open play)" minute="70" period="2" second="36" time="72" type="attempt blocked" type_id="15"/>
	<message comment="James Morrison is substituted off" minute="69" period="2" second="56" time="71" type="substitution off" type_id="18"/>
	<message comment="Ishmael Miller is substituted on" minute="69" period="2" second="56" time="71" type="substitution on" type_id="19"/>
	<message comment="Johan Elmander misses attempt (18-yard box, Right footed, Open play)" minute="68" period="2" second="39" time="70" type="attempt missed" type_id="13"/>
	<message comment="Peter Odemwingie misses attempt (18-yard box, Right footed, Open play)" minute="67" period="2" second="32" time="69" type="attempt missed" type_id="13"/>
	<message comment="Somen Tchoyi wins a corner (To the right)" minute="66" period="2" second="52" time="68" type="corner" type_id="6"/>
	<message comment="Grétar Steinsson is substituted off" minute="63" period="2" second="38" time="65" type="substitution off" type_id="18"/>
	<message comment="Sam Ricketts is substituted on" minute="63" period="2" second="38" time="65" type="substitution on" type_id="19"/>
	<message comment="Gary Cahill blocks a shot" minute="57" period="2" second="7" time="59" type="save made" type_id="10"/>
	<message comment="Marek Cech has shot blocked (Out of box, Right footed, Open play)" minute="57" period="2" second="7" time="59" type="attempt blocked" type_id="15"/>
	<message comment="Gary Cahill blocks a shot" minute="57" period="2" second="5" time="59" type="save made" type_id="10"/>
	<message comment="Marek Cech has shot blocked (Out of box, Left footed, Throw-in)" minute="57" period="2" second="5" time="59" type="attempt blocked" type_id="15"/>
	<message comment="Paul Robinson blocks a shot" minute="56" period="2" second="48" time="58" type="save made" type_id="10"/>
	<message comment="Chris Brunt has shot blocked (18-yard box, Left footed, Set piece)" minute="56" period="2" second="48" time="58" type="attempt blocked" type_id="15"/>
	<message comment="Chris Brunt misses attempt (18-yard box, Left footed, From corner)" minute="49" period="2" second="29" time="51" type="attempt missed" type_id="13"/>
	<message comment="Somen Tchoyi wins a corner (To the left)" minute="49" period="2" second="19" time="51" type="corner" type_id="6"/>
	<message comment="Gary Cahill blocks a shot" minute="48" period="2" second="57" time="50" type="save made" type_id="10"/>
	<message comment="Somen Tchoyi has shot blocked (18-yard box, Right footed, Open play)" minute="48" period="2" second="57" time="50" type="attempt blocked" type_id="15"/>
	<message comment="Chris Brunt hits the woodwork (To the left, 6-yard box, Big Chance, Head, Open play)" minute="48" period="2" second="53" time="50" type="woodwork hit" type_id="14"/>
	<message comment="Somen Tchoyi wins a corner (To the left)" minute="46" period="2" second="21" time="48" type="corner" type_id="6"/>
	<message comment="Somen Tchoyi has attempt saved (Low to the centre, 18-yard box, Left footed, Open play)" minute="46" period="2" second="14" time="48" type="attempt blocked" type_id="15"/>
	<message comment="Jussi Jääskeläinen makes a save (Parried safe, Standing)" minute="46" period="2" second="14" time="48" type="save made" type_id="10"/>
	<message comment="Second half begins!" minute="45" period="2" second="0" time="47" type="start" type_id="32"/>
	<message comment="First half ends" minute="46" period="1" second="26" time="46" type="end" type_id="30"/>
	<message comment="Gonzalo Jara blocks a shot" minute="45" period="1" second="41" time="45" type="save made" type_id="10"/>
	<message comment="Johan Elmander has shot blocked (18-yard box, Left footed, Open play)" minute="45" period="1" second="41" time="45" type="attempt blocked" type_id="15"/>
	<message comment="Gonzalo Jara wins a corner (To the left)" minute="41" period="1" second="14" time="41" type="corner" type_id="6"/>
	<message comment="Gonzalo Jara has attempt saved (High to the centre, 18-yard box, Left footed, Open play)" minute="41" period="1" second="11" time="41" type="attempt blocked" type_id="15"/>
	<message comment="Jussi Jääskeläinen makes a save (Parried safe)" minute="41" period="1" second="11" time="41" type="save made" type_id="10"/>
	<message comment="GOAL! Matthew Taylor scores , Assisted by Chung-Yong Lee (Low to the right, 18-yard box, Big Chance, Right footed, Open play)" minute="39" period="1" second="3" time="39" type="goal scored" type_id="16"/>
	<message comment="Gary Cahill recieves a yellow card" minute="37" period="1" second="22" time="37" type="card received" type_id="17"/>
	<message comment="Chris Brunt misses attempt (High to the right, Out of box, Left footed, Free kick)" minute="34" period="1" second="19" time="34" type="attempt missed" type_id="13"/>
	<message comment="Stuart Holden misses attempt (To the left, Out of box, Right footed, Open play)" minute="32" period="1" second="22" time="32" type="attempt missed" type_id="13"/>
	<message comment="Scott Carson makes a save" minute="31" period="1" second="45" time="31" type="save made" type_id="10"/>
	<message comment="Johan Elmander has attempt saved (High to the left, 18-yard box, Head, Throw-in)" minute="31" period="1" second="45" time="31" type="attempt blocked" type_id="15"/>
	<message comment="Fabrice Muamba misses attempt (To the right, Out of box, Left footed, Open play)" minute="30" period="1" second="42" time="30" type="attempt missed" type_id="13"/>
	<message comment="Somen Tchoyi has attempt saved (Low to the left, Out of box, Right footed, Open play)" minute="29" period="1" second="32" time="29" type="attempt blocked" type_id="15"/>
	<message comment="Jussi Jääskeläinen makes a save (Parried into danger, Diving)" minute="29" period="1" second="32" time="29" type="save made" type_id="10"/>
	<message comment="Peter Odemwingie is caught offside" minute="27" period="1" time="27" type="offside" type_id="10000"/>
	<message comment="Peter Odemwingie misses attempt (18-yard box, Big Chance, Left footed, Open play)" minute="20" period="1" second="58" time="20" type="attempt missed" type_id="13"/>
	<message comment="Somen Tchoyi misses attempt (18-yard box, Right footed, Open play)" minute="20" period="1" second="23" time="20" type="attempt missed" type_id="13"/>
	<message comment="Johan Elmander misses attempt (High, 18-yard box, Big Chance, Right footed, Fast break)" minute="17" period="1" second="22" time="17" type="attempt missed" type_id="13"/>
	<message comment="Somen Tchoyi wins a corner (To the right)" minute="16" period="1" second="31" time="16" type="corner" type_id="6"/>
	<message comment="Graham Dorrans has attempt saved (Low to the right, Out of box, Right footed, Open play)" minute="15" period="1" second="21" time="15" type="attempt blocked" type_id="15"/>
	<message comment="Jussi Jääskeläinen makes a save (Standing)" minute="15" period="1" second="21" time="15" type="save made" type_id="10"/>
	<message comment="Johan Elmander is caught offside" minute="15" period="1" time="15" type="offside" type_id="10000"/>
	<message comment="Graham Dorrans is caught offside" minute="7" period="1" time="7" type="offside" type_id="10000"/>
	<message comment="Formation Set" minute="0" period="14" second="0" time="7" type="end" type_id="30"/>
	<message comment="First half begins!" minute="0" period="1" second="0" time="0" type="start" type_id="32"/>
</Commentary>
