<?xml version="1.0" ?>
<Commentary away_team_name="Bolton" competition="English Premier League" game_date="2011-10-22" home_team_name="Sunderland" lang_id="en" season="Season 2011/2012" season_id="2011" sport_id="1" sport_name="Football">
	<message comment="Second half ends" minute="94" period="2" second="32" time="96" type="end" type_id="30"/>
	<message comment="Nicklas Bendtner blocks a shot" minute="94" period="2" second="28" time="96" type="save made" type_id="10"/>
	<message comment="Chris Eagles has shot blocked (Out of box, Right footed, Free kick)" minute="94" period="2" second="28" time="96" type="attempt blocked" type_id="15"/>
	<message comment="GOAL! Nicklas Bendtner scores , Assisted by Stéphane Sessegnon (Low to the left, 18-yard box, Right footed, Fast break)" minute="92" period="2" second="38" time="94" type="goal scored" type_id="16"/>
	<message comment="Gaël Kakuta wins a corner (To the right)" minute="89" period="2" second="50" time="91" type="corner" type_id="6"/>
	<message comment="Simon Mignolet makes a save (Diving, Parried safe, Other body part)" minute="88" period="2" second="6" time="90" type="save made" type_id="10"/>
	<message comment="Darren Pratley has attempt saved (Low to the centre, 18-yard box, Right footed, Open play)" minute="88" period="2" second="6" time="90" type="attempt blocked" type_id="15"/>
	<message comment="Kieran Richardson is substituted off" minute="86" period="2" second="23" time="88" type="substitution off" type_id="18"/>
	<message comment="Phil Bardsley is substituted on" minute="86" period="2" second="23" time="88" type="substitution on" type_id="19"/>
	<message comment="Gaël Kakuta misses attempt (To the right, Out of box, Left footed, Open play)" minute="84" period="2" second="8" time="86" type="attempt missed" type_id="13"/>
	<message comment="Michael Turner blocks a shot" minute="83" period="2" second="2" time="85" type="save made" type_id="10"/>
	<message comment="Ivan Klasnic has shot blocked (Out of box, Right footed, Open play)" minute="83" period="2" second="2" time="85" type="attempt blocked" type_id="15"/>
	<message comment="GOAL! Stéphane Sessegnon scores  (Low to the right, 18-yard box, Right footed, From corner)" minute="81" period="2" second="47" time="83" type="goal scored" type_id="16"/>
	<message comment="Wes Brown has shot blocked (18-yard box, Head, From corner)" minute="81" period="2" second="45" time="83" type="attempt blocked" type_id="15"/>
	<message comment="Ricardo Gardner blocks a shot" minute="81" period="2" second="45" time="83" type="save made" type_id="10"/>
	<message comment="Kieran Richardson wins a corner (To the left)" minute="81" period="2" second="11" time="83" type="corner" type_id="6"/>
	<message comment="David Vaughan wins a corner (To the left)" minute="77" period="2" second="10" time="79" type="corner" type_id="6"/>
	<message comment="Nicklas Bendtner has shot blocked (18-yard box, Right footed, Open play)" minute="76" period="2" second="56" time="78" type="attempt blocked" type_id="15"/>
	<message comment="David Wheater blocks a shot" minute="76" period="2" second="56" time="78" type="save made" type_id="10"/>
	<message comment="David Vaughan misses attempt (High, 18-yard box, Right footed, From corner)" minute="74" period="2" second="26" time="76" type="attempt missed" type_id="13"/>
	<message comment="David Vaughan wins a corner (To the right)" minute="73" period="2" second="52" time="75" type="corner" type_id="6"/>
	<message comment="David Vaughan has shot blocked (Out of box, Left footed, Open play)" minute="73" period="2" second="49" time="75" type="attempt blocked" type_id="15"/>
	<message comment="Paul Robinson blocks a shot" minute="73" period="2" second="49" time="75" type="save made" type_id="10"/>
	<message comment="Connor Wickham has shot blocked (6-yard box, Left footed, Open play)" minute="73" period="2" second="47" time="75" type="attempt blocked" type_id="15"/>
	<message comment="Gary Cahill blocks a shot" minute="73" period="2" second="47" time="75" type="save made" type_id="10"/>
	<message comment="Connor Wickham misses attempt (High to the right, 18-yard box, Right footed, From corner)" minute="72" period="2" second="15" time="74" type="attempt missed" type_id="13"/>
	<message comment="Stéphane Sessegnon wins a corner (To the right)" minute="71" period="2" second="51" time="73" type="corner" type_id="6"/>
	<message comment="Stéphane Sessegnon has attempt saved (Low to the centre, 18-yard box, Right footed, Set piece)" minute="71" period="2" second="48" time="73" type="attempt blocked" type_id="15"/>
	<message comment="Jussi Jääskeläinen makes a save (Diving, Parried safe)" minute="71" period="2" second="48" time="73" type="save made" type_id="10"/>
	<message comment="Simon Mignolet makes a save (Collected)" minute="68" period="2" second="14" time="70" type="save made" type_id="10"/>
	<message comment="Chris Eagles has attempt saved (Low to the right, Out of box, Right footed, Open play)" minute="68" period="2" second="14" time="70" type="attempt blocked" type_id="15"/>
	<message comment="Simon Mignolet makes a save" minute="67" period="2" second="42" time="69" type="save made" type_id="10"/>
	<message comment="David N'Gog has attempt saved (High to the left, 18-yard box, Head, Throw-in)" minute="67" period="2" second="42" time="69" type="attempt blocked" type_id="15"/>
	<message comment="Jack Colback recieves a yellow card" minute="66" period="2" second="24" time="68" type="card received" type_id="17"/>
	<message comment="Martin Petrov is substituted off" minute="64" period="2" second="57" time="66" type="substitution off" type_id="18"/>
	<message comment="Gaël Kakuta is substituted on" minute="64" period="2" second="57" time="66" type="substitution on" type_id="19"/>
	<message comment="Kevin Davies is substituted off" minute="64" period="2" second="45" time="66" type="substitution off" type_id="18"/>
	<message comment="Ivan Klasnic is substituted on" minute="64" period="2" second="45" time="66" type="substitution on" type_id="19"/>
	<message comment="Jack Colback wins a corner (To the left)" minute="60" period="2" second="41" time="62" type="corner" type_id="6"/>
	<message comment="Jack Colback wins a corner (To the left)" minute="59" period="2" second="41" time="61" type="corner" type_id="6"/>
	<message comment="Connor Wickham wins a corner (To the right)" minute="59" period="2" second="7" time="61" type="corner" type_id="6"/>
	<message comment="Chris Eagles misses attempt (To the left, 18-yard box, Right footed, Open play)" minute="57" period="2" second="1" time="59" type="attempt missed" type_id="13"/>
	<message comment="Nicklas Bendtner is caught offside" minute="54" period="2" time="56" type="offside" type_id="10000"/>
	<message comment="Darren Pratley is caught offside" minute="54" period="2" time="56" type="offside" type_id="10000"/>
	<message comment="Connor Wickham misses attempt (To the right, Out of box, Right footed, Open play)" minute="53" period="2" second="53" time="55" type="attempt missed" type_id="13"/>
	<message comment="Dedryck Boyata is substituted off" minute="53" period="2" second="23" time="55" type="substitution off" type_id="18"/>
	<message comment="Ricardo Gardner is substituted on" minute="53" period="2" second="23" time="55" type="substitution on" type_id="19"/>
	<message comment="Kieran Richardson wins a corner (To the right)" minute="51" period="2" second="49" time="53" type="corner" type_id="6"/>
	<message comment="Kieran Richardson has shot blocked (18-yard box, Right footed, Open play)" minute="51" period="2" second="47" time="53" type="attempt blocked" type_id="15"/>
	<message comment="David Wheater blocks a shot" minute="51" period="2" second="47" time="53" type="save made" type_id="10"/>
	<message comment="Dedryck Boyata blocks a shot" minute="51" period="2" second="45" time="53" type="save made" type_id="10"/>
	<message comment="Kieran Richardson has shot blocked (18-yard box, Right footed, Open play)" minute="51" period="2" second="45" time="53" type="attempt blocked" type_id="15"/>
	<message comment="Connor Wickham wins a corner (To the right)" minute="48" period="2" second="47" time="50" type="corner" type_id="6"/>
	<message comment="Simon Mignolet makes a save" minute="45" period="2" second="26" time="47" type="save made" type_id="10"/>
	<message comment="Martin Petrov has attempt saved (Low to the centre, Out of box, Right footed, Open play)" minute="45" period="2" second="26" time="47" type="attempt blocked" type_id="15"/>
	<message comment="Second half begins!" minute="45" period="2" second="0" time="47" type="start" type_id="32"/>
	<message comment="First half ends" minute="46" period="1" second="1" time="46" type="end" type_id="30"/>
	<message comment="John O'Shea misses attempt (18-yard box, Head, Set piece)" minute="43" period="1" second="7" time="43" type="attempt missed" type_id="13"/>
	<message comment="Stéphane Sessegnon misses attempt (High, 6-yard box, Right footed, From corner)" minute="37" period="1" second="47" time="37" type="attempt missed" type_id="13"/>
	<message comment="Nicklas Bendtner wins a corner (To the left)" minute="37" period="1" second="6" time="37" type="corner" type_id="6"/>
	<message comment="Sebastian Larsson misses attempt (Out of box, Right footed, Open play)" minute="35" period="1" second="57" time="35" type="attempt missed" type_id="13"/>
	<message comment="Kieran Richardson misses attempt (High to the left, Out of box, Left footed, From corner)" minute="30" period="1" second="33" time="30" type="attempt missed" type_id="13"/>
	<message comment="Stéphane Sessegnon wins a corner (To the right)" minute="29" period="1" second="52" time="29" type="corner" type_id="6"/>
	<message comment="Chris Eagles misses attempt (High, 18-yard box, Right footed, Open play)" minute="29" period="1" second="6" time="29" type="attempt missed" type_id="13"/>
	<message comment="Nicklas Bendtner has shot blocked (Out of box, Right footed, Open play)" minute="27" period="1" second="56" time="27" type="attempt blocked" type_id="15"/>
	<message comment="David Wheater blocks a shot" minute="27" period="1" second="56" time="27" type="save made" type_id="10"/>
	<message comment="Chris Eagles misses attempt (To the right, Out of box, Right footed, Open play)" minute="27" period="1" second="24" time="27" type="attempt missed" type_id="13"/>
	<message comment="Nicklas Bendtner blocks a shot" minute="22" period="1" second="34" time="22" type="save made" type_id="10"/>
	<message comment="Chris Eagles has shot blocked (Out of box, Right footed, Set piece)" minute="22" period="1" second="34" time="22" type="attempt blocked" type_id="15"/>
	<message comment="Kevin Davies has attempt saved (Low to the right, 18-yard box, Head, Set piece)" minute="19" period="1" second="38" time="19" type="attempt blocked" type_id="15"/>
	<message comment="Simon Mignolet makes a save (Collected)" minute="19" period="1" second="38" time="19" type="save made" type_id="10"/>
	<message comment="Stéphane Sessegnon recieves a yellow card" minute="19" period="1" second="8" time="19" type="card received" type_id="17"/>
	<message comment="David Vaughan is caught offside" minute="17" period="1" time="17" type="offside" type_id="10000"/>
	<message comment="Connor Wickham is caught offside" minute="13" period="1" time="13" type="offside" type_id="10000"/>
	<message comment="Darren Pratley misses attempt (Out of box, Right footed, Open play)" minute="12" period="1" second="43" time="12" type="attempt missed" type_id="13"/>
	<message comment="Michael Turner recieves a yellow card" minute="11" period="1" second="45" time="11" type="card received" type_id="17"/>
	<message comment="Nicklas Bendtner has attempt saved (Low to the centre, Out of box, Left footed, Open play)" minute="11" period="1" second="9" time="11" type="attempt blocked" type_id="15"/>
	<message comment="Jussi Jääskeläinen makes a save (Collected)" minute="11" period="1" second="9" time="11" type="save made" type_id="10"/>
	<message comment="Connor Wickham is caught offside" minute="7" period="1" time="7" type="offside" type_id="10000"/>
	<message comment="Formation Set" minute="0" period="14" second="0" time="6" type="end" type_id="30"/>
	<message comment="Jack Colback misses attempt (High, Out of box, Left footed, Open play)" minute="5" period="1" second="52" time="5" type="attempt missed" type_id="13"/>
	<message comment="Simon Mignolet makes a save" minute="3" period="1" second="36" time="3" type="save made" type_id="10"/>
	<message comment="Martin Petrov has attempt saved (Low to the left, Out of box, Left footed, Open play)" minute="3" period="1" second="36" time="3" type="attempt blocked" type_id="15"/>
	<message comment="Chris Eagles wins a corner (To the right)" minute="2" period="1" second="31" time="2" type="corner" type_id="6"/>
	<message comment="First half begins!" minute="0" period="1" second="0" time="0" type="start" type_id="32"/>
</Commentary>
