<?xml version="1.0" ?>
<Commentary away_team_name="Bolton" competition="English Premier League" game_date="2012-04-07" home_team_name="Fulham" lang_id="en" season="Season 2011/2012" season_id="2011" sport_id="1" sport_name="Football">
	<message comment="Second half ends" minute="93" period="2" second="0" time="95" type="end" type_id="30"/>
	<message comment="Sam Ricketts recieves a yellow card" minute="92" period="2" second="48" time="94" type="card received" type_id="17"/>
	<message comment="Brede Hangeland blocks a shot" minute="92" period="2" second="22" time="94" type="save made" type_id="10"/>
	<message comment="David Wheater has shot blocked (Out of box, Right footed, Open play)" minute="92" period="2" second="22" time="94" type="attempt blocked" type_id="15"/>
	<message comment="Martin Petrov wins a corner (To the left)" minute="91" period="2" second="31" time="93" type="corner" type_id="6"/>
	<message comment="Martin Petrov has shot blocked (18-yard box, Left footed, Open play)" minute="91" period="2" second="28" time="93" type="attempt blocked" type_id="15"/>
	<message comment="Marcello Trotta has attempt saved (Low to the centre, Out of box, Left footed, Open play)" minute="91" period="2" second="12" time="93" type="attempt blocked" type_id="15"/>
	<message comment="Adam Bogdan makes a save (Collected, Diving)" minute="91" period="2" second="12" time="93" type="save made" type_id="10"/>
	<message comment="Dickson Etuhu has shot blocked (Out of box, Left footed, Open play)" minute="90" period="2" second="55" time="92" type="attempt blocked" type_id="15"/>
	<message comment="Mark Davies blocks a shot" minute="90" period="2" second="55" time="92" type="save made" type_id="10"/>
	<message comment="Alexander Kacaniklic is substituted off" minute="87" period="2" second="53" time="89" type="substitution off" type_id="18"/>
	<message comment="Marcello Trotta is substituted on" minute="87" period="2" second="53" time="89" type="substitution on" type_id="19"/>
	<message comment="Damien Duff is substituted off" minute="82" period="2" second="43" time="84" type="substitution off" type_id="18"/>
	<message comment="Kerim Frei is substituted on" minute="82" period="2" second="43" time="84" type="substitution on" type_id="19"/>
	<message comment="Chris Eagles misses attempt (High, 18-yard box, Left footed, Open play)" minute="82" period="2" second="12" time="84" type="attempt missed" type_id="13"/>
	<message comment="GOAL! Mahamadou Diarra scores , Assisted by John Arne Riise (Low to the right, 6-yard box, Big Chance, Right footed, Open play)" minute="79" period="2" second="50" time="81" type="goal scored" type_id="16"/>
	<message comment="Brede Hangeland blocks a shot" minute="74" period="2" second="54" time="76" type="save made" type_id="10"/>
	<message comment="Chris Eagles has shot blocked (18-yard box, Right footed, Open play)" minute="74" period="2" second="54" time="76" type="attempt blocked" type_id="15"/>
	<message comment="Bryan Ruiz is substituted off" minute="72" period="2" second="12" time="74" type="substitution off" type_id="18"/>
	<message comment="Dickson Etuhu is substituted on" minute="72" period="2" second="12" time="74" type="substitution on" type_id="19"/>
	<message comment="Damien Duff wins a corner (To the right)" minute="65" period="2" second="25" time="67" type="corner" type_id="6"/>
	<message comment="Damien Duff has attempt saved (Low to the left, 18-yard box, Big Chance, Right footed, Open play)" minute="61" period="2" second="7" time="63" type="attempt blocked" type_id="15"/>
	<message comment="Adam Bogdan makes a save (Parried safe, Diving)" minute="61" period="2" second="7" time="63" type="save made" type_id="10"/>
	<message comment="David N'Gog is substituted off" minute="59" period="2" second="50" time="61" type="substitution off" type_id="18"/>
	<message comment="Ivan Klasnic is substituted on" minute="59" period="2" second="50" time="61" type="substitution on" type_id="19"/>
	<message comment="Clint Dempsey misses attempt (18-yard box, Big Chance, Left footed, Open play)" minute="59" period="2" second="31" time="61" type="attempt missed" type_id="13"/>
	<message comment="Adam Bogdan makes a save (Parried into danger, Diving)" minute="57" period="2" second="24" time="59" type="save made" type_id="10"/>
	<message comment="Damien Duff has attempt saved (Low to the left, 18-yard box, Left footed, Open play)" minute="57" period="2" second="24" time="59" type="attempt blocked" type_id="15"/>
	<message comment="David N'Gog misses attempt (18-yard box, Head, Open play)" minute="56" period="2" second="26" time="58" type="attempt missed" type_id="13"/>
	<message comment="Martin Petrov misses attempt (To the right, Out of box, Left footed, Open play)" minute="53" period="2" second="9" time="55" type="attempt missed" type_id="13"/>
	<message comment="Damien Duff is caught offside" minute="50" period="2" time="52" type="offside" type_id="10000"/>
	<message comment="Chris Eagles has shot blocked (18-yard box, Left footed, From corner)" minute="48" period="2" second="32" time="50" type="attempt blocked" type_id="15"/>
	<message comment="Mousa Dembélé blocks a shot" minute="48" period="2" second="32" time="50" type="save made" type_id="10"/>
	<message comment="Marcos Alonso misses attempt (To the left, 18-yard box, Head, From corner)" minute="48" period="2" second="24" time="50" type="attempt missed" type_id="13"/>
	<message comment="Chris Eagles wins a corner (To the right)" minute="48" period="2" second="7" time="50" type="corner" type_id="6"/>
	<message comment="Second half begins!" minute="45" period="2" second="0" time="47" type="start" type_id="32"/>
	<message comment="Ryo Miyaichi is substituted off" minute="45" period="2" second="0" time="47" type="substitution off" type_id="18"/>
	<message comment="Kevin Davies is substituted on" minute="45" period="2" second="0" time="47" type="substitution on" type_id="19"/>
	<message comment="Darren Pratley is substituted off" minute="45" period="2" second="0" time="47" type="substitution off" type_id="18"/>
	<message comment="Chris Eagles is substituted on" minute="45" period="2" second="0" time="47" type="substitution on" type_id="19"/>
	<message comment="First half ends" minute="46" period="1" second="14" time="46" type="end" type_id="30"/>
	<message comment="GOAL! Clint Dempsey scores , Assisted by Damien Duff (High to the left, 6-yard box, Big Chance, Head, Open play)" minute="44" period="1" second="54" time="44" type="goal scored" type_id="16"/>
	<message comment="Alexander Kacaniklic wins a corner (To the left)" minute="43" period="1" second="1" time="43" type="corner" type_id="6"/>
	<message comment="Clint Dempsey is caught offside" minute="42" period="1" time="42" type="offside" type_id="10000"/>
	<message comment="Nigel Reo-Coker has attempt saved (Low to the centre, Out of box, Right footed, Open play)" minute="39" period="1" second="51" time="39" type="attempt blocked" type_id="15"/>
	<message comment="Mark Schwarzer makes a save (Parried into danger)" minute="39" period="1" second="51" time="39" type="save made" type_id="10"/>
	<message comment="Mark Schwarzer makes a save (Collected, From shot off target, Diving)" minute="36" period="1" second="54" time="36" type="save made" type_id="10"/>
	<message comment="David N'Gog misses attempt (Out of box, Right footed, Open play)" minute="36" period="1" second="53" time="36" type="attempt missed" type_id="13"/>
	<message comment="Damien Duff is caught offside" minute="34" period="1" time="34" type="offside" type_id="10000"/>
	<message comment="Clint Dempsey misses attempt (To the left, 18-yard box, Right footed, Open play)" minute="33" period="1" second="9" time="33" type="attempt missed" type_id="13"/>
	<message comment="GOAL! Clint Dempsey scores  (High to the right, Out of box, Right footed, Free kick)" minute="29" period="1" second="17" time="29" type="goal scored" type_id="16"/>
	<message comment="Marcos Alonso misses attempt (To the left, 18-yard box, Left footed, From corner)" minute="24" period="1" second="54" time="24" type="attempt missed" type_id="13"/>
	<message comment="Martin Petrov wins a corner (To the left)" minute="24" period="1" second="32" time="24" type="corner" type_id="6"/>
	<message comment="Clint Dempsey is caught offside" minute="23" period="1" time="23" type="offside" type_id="10000"/>
	<message comment="Sam Ricketts blocks a shot" minute="23" period="1" second="0" time="23" type="save made" type_id="10"/>
	<message comment="Damien Duff has shot blocked (18-yard box, Left footed, Open play)" minute="23" period="1" second="0" time="23" type="attempt blocked" type_id="15"/>
	<message comment="Damien Duff misses attempt (Out of box, Left footed, Open play)" minute="18" period="1" second="14" time="18" type="attempt missed" type_id="13"/>
	<message comment="Ryo Miyaichi misses attempt (High, 18-yard box, Left footed, Open play)" minute="13" period="1" second="11" time="13" type="attempt missed" type_id="13"/>
	<message comment="Damien Duff wins a corner (To the left)" minute="12" period="1" second="14" time="12" type="corner" type_id="6"/>
	<message comment="Marcos Alonso wins a corner (To the left)" minute="8" period="1" second="17" time="8" type="corner" type_id="6"/>
	<message comment="Formation Set" minute="0" period="14" second="0" time="5" type="end" type_id="30"/>
	<message comment="Martin Petrov wins a corner (To the left)" minute="1" period="1" second="39" time="1" type="corner" type_id="6"/>
	<message comment="First half begins!" minute="0" period="1" second="0" time="0" type="start" type_id="32"/>
</Commentary>
