<?xml version="1.0" ?>
<Commentary away_team_name="Bolton" competition="English Premier League" game_date="2011-04-24" home_team_name="Arsenal" lang_id="en" season="Season 2010/2011" season_id="2010" sport_id="1" sport_name="Football">
	<message comment="Second half ends" minute="95" period="2" second="8" time="98" type="end" type_id="30"/>
	<message comment="Johan Elmander is substituted off" minute="91" period="2" second="6" time="94" type="substitution off" type_id="18"/>
	<message comment="Ivan Klasnic is substituted on" minute="91" period="2" second="6" time="94" type="substitution on" type_id="19"/>
	<message comment="Tamir Cohen recieves a yellow card" minute="90" period="2" second="4" time="93" type="card received" type_id="17"/>
	<message comment="GOAL! Tamir Cohen scores , Assisted by Matthew Taylor (High to the right, 6-yard box, Head, From corner)" minute="89" period="2" second="5" time="92" type="goal scored" type_id="16"/>
	<message comment="Johan Elmander wins a corner (To the right)" minute="88" period="2" second="39" time="91" type="corner" type_id="6"/>
	<message comment="Johan Elmander has attempt saved (High to the right, 18-yard box, Right footed, Fast break)" minute="88" period="2" second="37" time="91" type="attempt blocked" type_id="15"/>
	<message comment="Wojciech Szczesny makes a save (Diving, Parried safe)" minute="88" period="2" second="37" time="91" type="save made" type_id="10"/>
	<message comment="Kevin Davies recieves a yellow card" minute="87" period="2" second="58" time="90" type="card received" type_id="17"/>
	<message comment="Zat Knight blocks a shot" minute="85" period="2" second="27" time="88" type="save made" type_id="10"/>
	<message comment="Samir Nasri has shot blocked (Out of box, Right footed, From corner)" minute="85" period="2" second="27" time="88" type="attempt blocked" type_id="15"/>
	<message comment="Andrey Arshavin wins a corner (To the left)" minute="85" period="2" second="3" time="88" type="corner" type_id="6"/>
	<message comment="Daniel Sturridge is substituted off" minute="84" period="2" second="18" time="87" type="substitution off" type_id="18"/>
	<message comment="Tamir Cohen is substituted on" minute="84" period="2" second="18" time="87" type="substitution on" type_id="19"/>
	<message comment="Jack Wilshere is substituted off" minute="83" period="2" second="55" time="86" type="substitution off" type_id="18"/>
	<message comment="Aaron Ramsey is substituted on" minute="83" period="2" second="55" time="86" type="substitution on" type_id="19"/>
	<message comment="Mark Davies blocks a shot" minute="82" period="2" second="49" time="85" type="save made" type_id="10"/>
	<message comment="Robin van Persie has shot blocked (18-yard box, Left footed, Open play)" minute="82" period="2" second="49" time="85" type="attempt blocked" type_id="15"/>
	<message comment="Matthew Taylor blocks a shot" minute="82" period="2" second="47" time="85" type="save made" type_id="10"/>
	<message comment="Robin van Persie has shot blocked (18-yard box, Left footed, Open play)" minute="82" period="2" second="47" time="85" type="attempt blocked" type_id="15"/>
	<message comment="Robin van Persie wins a corner (To the right)" minute="81" period="2" second="46" time="84" type="corner" type_id="6"/>
	<message comment="Johan Elmander misses attempt (High to the right, Out of box, Right footed, Set piece)" minute="80" period="2" second="19" time="83" type="attempt missed" type_id="13"/>
	<message comment="Marouane Chamakh recieves a yellow card" minute="79" period="2" second="19" time="82" type="card received" type_id="17"/>
	<message comment="Robin van Persie misses attempt (High, 6-yard box, Head, From corner)" minute="76" period="2" second="22" time="79" type="attempt missed" type_id="13"/>
	<message comment="Andrey Arshavin wins a corner (To the left)" minute="76" period="2" second="0" time="79" type="corner" type_id="6"/>
	<message comment="Samir Nasri misses attempt (18-yard box, Right footed, Open play)" minute="74" period="2" second="53" time="77" type="attempt missed" type_id="13"/>
	<message comment="Bacary Sagna wins a corner (To the right)" minute="73" period="2" second="7" time="76" type="corner" type_id="6"/>
	<message comment="Theo Walcott is substituted off" minute="72" period="2" second="10" time="75" type="substitution off" type_id="18"/>
	<message comment="Andrey Arshavin is substituted on" minute="72" period="2" second="10" time="75" type="substitution on" type_id="19"/>
	<message comment="Fabrice Muamba is substituted off" minute="71" period="2" second="18" time="74" type="substitution off" type_id="18"/>
	<message comment="Mark Davies is substituted on" minute="71" period="2" second="18" time="74" type="substitution on" type_id="19"/>
	<message comment="Gary Cahill blocks a shot (Last line)" minute="69" period="2" second="19" time="72" type="save made" type_id="10"/>
	<message comment="Samir Nasri has shot blocked (6-yard box, Big Chance, Right footed, Open play)" minute="69" period="2" second="19" time="72" type="attempt blocked" type_id="15"/>
	<message comment="Jussi Jääskeläinen makes a save (Parried into danger)" minute="69" period="2" second="16" time="72" type="save made" type_id="10"/>
	<message comment="Samir Nasri has attempt saved (Low to the centre, 18-yard box, Big Chance, Right footed, Open play)" minute="69" period="2" second="16" time="72" type="attempt blocked" type_id="15"/>
	<message comment="Daniel Sturridge has shot blocked (Out of box, Left footed, Open play)" minute="68" period="2" second="32" time="71" type="attempt blocked" type_id="15"/>
	<message comment="Laurent Koscielny blocks a shot" minute="68" period="2" second="32" time="71" type="save made" type_id="10"/>
	<message comment="Robin van Persie misses attempt (To the right, Out of box, Left footed, Open play)" minute="66" period="2" second="24" time="69" type="attempt missed" type_id="13"/>
	<message comment="Robin van Persie wins a corner (To the left)" minute="65" period="2" second="26" time="68" type="corner" type_id="6"/>
	<message comment="Alexandre Song is substituted off" minute="64" period="2" second="35" time="67" type="substitution off" type_id="18"/>
	<message comment="Marouane Chamakh is substituted on" minute="64" period="2" second="35" time="67" type="substitution on" type_id="19"/>
	<message comment="Jack Wilshere recieves a yellow card" minute="63" period="2" second="5" time="66" type="card received" type_id="17"/>
	<message comment="Daniel Sturridge has shot blocked (Out of box, Left footed, Open play)" minute="61" period="2" second="30" time="64" type="attempt blocked" type_id="15"/>
	<message comment="Gaël Clichy blocks a shot" minute="61" period="2" second="30" time="64" type="save made" type_id="10"/>
	<message comment="Grétar Steinsson wins a corner (To the left)" minute="57" period="2" second="30" time="60" type="corner" type_id="6"/>
	<message comment="Gary Cahill misses attempt (To the left, 18-yard box, Head, Set piece)" minute="53" period="2" second="29" time="56" type="attempt missed" type_id="13"/>
	<message comment="Alexandre Song recieves a yellow card" minute="53" period="2" second="5" time="56" type="card received" type_id="17"/>
	<message comment="Theo Walcott wins a corner (To the left)" minute="50" period="2" second="31" time="53" type="corner" type_id="6"/>
	<message comment="GOAL! Robin van Persie scores , Assisted by Cesc Fàbregas (Low to the right, Out of box, Left footed, Open play)" minute="47" period="2" second="53" time="50" type="goal scored" type_id="16"/>
	<message comment="Kevin Davies has attempt saved (Low to the centre, 18-yard box, Big Chance, Penalty, Right footed)" minute="46" period="2" second="19" time="49" type="attempt blocked" type_id="15"/>
	<message comment="Wojciech Szczesny makes a save (Diving, Feet, Parried safe, Penalty)" minute="46" period="2" second="19" time="49" type="save made" type_id="10"/>
	<message comment="Second half begins!" minute="45" period="2" second="0" time="48" type="start" type_id="32"/>
	<message comment="First half ends" minute="47" period="1" second="0" time="47" type="end" type_id="30"/>
	<message comment="Robin van Persie misses attempt (High to the left, Out of box, Left footed, Free kick)" minute="46" period="1" second="27" time="46" type="attempt missed" type_id="13"/>
	<message comment="Zat Knight blocks a shot" minute="44" period="1" second="31" time="44" type="save made" type_id="10"/>
	<message comment="Cesc Fàbregas has shot blocked (Out of box, Right footed, Open play)" minute="44" period="1" second="31" time="44" type="attempt blocked" type_id="15"/>
	<message comment="Cesc Fàbregas hits the woodwork (To the left, Out of box, Right footed, Open play)" minute="43" period="1" second="24" time="43" type="woodwork hit" type_id="14"/>
	<message comment="GOAL! Daniel Sturridge scores  (Low to the right, 6-yard box, Big Chance, Head, From corner)" minute="37" period="1" second="27" time="37" type="goal scored" type_id="16"/>
	<message comment="Gary Cahill has shot blocked (18-yard box, Head, From corner)" minute="37" period="1" second="26" time="37" type="attempt blocked" type_id="15"/>
	<message comment="Samir Nasri blocks a shot (Last line)" minute="37" period="1" second="26" time="37" type="save made" type_id="10"/>
	<message comment="Chung-Yong Lee wins a corner (To the left)" minute="36" period="1" second="54" time="36" type="corner" type_id="6"/>
	<message comment="Chung-Yong Lee has attempt saved (Low to the centre, 18-yard box, Left footed, Open play)" minute="36" period="1" second="52" time="36" type="attempt blocked" type_id="15"/>
	<message comment="Wojciech Szczesny makes a save (Diving, Parried into danger, Feet)" minute="36" period="1" second="52" time="36" type="save made" type_id="10"/>
	<message comment="Samir Nasri misses attempt (Out of box, Right footed, Open play)" minute="36" period="1" second="9" time="36" type="attempt missed" type_id="13"/>
	<message comment="Daniel Sturridge is caught offside" minute="33" period="1" time="33" type="offside" type_id="10000"/>
	<message comment="Bacary Sagna wins a corner (To the right)" minute="27" period="1" second="26" time="27" type="corner" type_id="6"/>
	<message comment="Matthew Taylor has attempt saved (Low to the centre, 18-yard box, Left footed, Open play)" minute="24" period="1" second="37" time="24" type="attempt blocked" type_id="15"/>
	<message comment="Wojciech Szczesny makes a save (Parried into danger)" minute="24" period="1" second="37" time="24" type="save made" type_id="10"/>
	<message comment="Matthew Taylor recieves a yellow card" minute="19" period="1" second="36" time="19" type="card received" type_id="17"/>
	<message comment="Gary Cahill blocks a shot" minute="18" period="1" second="49" time="18" type="save made" type_id="10"/>
	<message comment="Robin van Persie has shot blocked (18-yard box, Right footed, Open play)" minute="18" period="1" second="49" time="18" type="attempt blocked" type_id="15"/>
	<message comment="Jussi Jääskeläinen makes a save" minute="15" period="1" second="45" time="15" type="save made" type_id="10"/>
	<message comment="Robin van Persie has attempt saved (High to the left, 18-yard box, Head, From corner)" minute="15" period="1" second="45" time="15" type="attempt blocked" type_id="15"/>
	<message comment="Cesc Fàbregas wins a corner (To the left)" minute="15" period="1" second="15" time="15" type="corner" type_id="6"/>
	<message comment="Jussi Jääskeläinen makes a save (Diving)" minute="15" period="1" second="14" time="15" type="save made" type_id="10"/>
	<message comment="Cesc Fàbregas has attempt saved (Low to the left, Out of box, Right footed, Open play)" minute="15" period="1" second="14" time="15" type="attempt blocked" type_id="15"/>
	<message comment="Kevin Davies misses attempt (18-yard box, Right footed, Open play)" minute="14" period="1" second="22" time="14" type="attempt missed" type_id="13"/>
	<message comment="Daniel Sturridge is caught offside" minute="13" period="1" time="13" type="offside" type_id="10000"/>
	<message comment="Formation Set" minute="0" period="14" second="0" time="8" type="end" type_id="30"/>
	<message comment="Fabrice Muamba recieves a yellow card" minute="7" period="1" second="57" time="7" type="card received" type_id="17"/>
	<message comment="Cesc Fàbregas misses attempt (High, Out of box, Right footed, Fast break)" minute="6" period="1" second="12" time="6" type="attempt missed" type_id="13"/>
	<message comment="Theo Walcott wins a corner (To the right)" minute="4" period="1" second="31" time="4" type="corner" type_id="6"/>
	<message comment="Gary Cahill blocks a shot" minute="3" period="1" second="38" time="3" type="save made" type_id="10"/>
	<message comment="Samir Nasri has shot blocked (18-yard box, Right footed, Open play)" minute="3" period="1" second="38" time="3" type="attempt blocked" type_id="15"/>
	<message comment="Jussi Jääskeläinen makes a save (Diving, Parried into danger)" minute="3" period="1" second="35" time="3" type="save made" type_id="10"/>
	<message comment="Theo Walcott has attempt saved (Low to the centre, 18-yard box, Right footed, Open play)" minute="3" period="1" second="35" time="3" type="attempt blocked" type_id="15"/>
	<message comment="First half begins!" minute="0" period="1" second="0" time="0" type="start" type_id="32"/>
</Commentary>
