<?xml version="1.0" ?>
<Commentary away_team_name="Bolton" competition="English Premier League" game_date="2010-11-20" home_team_name="Newcastle United" lang_id="en" season="Season 2010/2011" season_id="2010" sport_id="1" sport_name="Football">
	<message comment="Second half ends" minute="94" period="2" second="15" time="97" type="end" type_id="30"/>
	<message comment="GOAL! Kevin Davies scores  (Low to the right, 18-yard box, Big Chance, Penalty, Right footed)" minute="91" period="2" second="58" time="94" type="goal scored" type_id="16"/>
	<message comment="José Enrique recieves a yellow card" minute="91" period="2" second="17" time="94" type="card received" type_id="17"/>
	<message comment="Ivan Klasnic has attempt saved (Low to the right, 18-yard box, Big Chance, Left footed, Open play)" minute="88" period="2" second="52" time="91" type="attempt blocked" type_id="15"/>
	<message comment="Tim Krul makes a save (Parried safe, Diving)" minute="88" period="2" second="52" time="91" type="save made" type_id="10"/>
	<message comment="Ivan Klasnic misses attempt (Out of box, Right footed, Open play)" minute="86" period="2" second="48" time="89" type="attempt missed" type_id="13"/>
	<message comment="Andy Carroll is caught offside" minute="86" period="2" time="89" type="offside" type_id="10000"/>
	<message comment="Chung-Yong Lee is substituted off" minute="85" period="2" second="38" time="88" type="substitution off" type_id="18"/>
	<message comment="Rodrigo Moreno is substituted on" minute="85" period="2" second="38" time="88" type="substitution on" type_id="19"/>
	<message comment="Mike Williamson misses attempt (High, 18-yard box, Big Chance, Right footed, From corner)" minute="85" period="2" second="6" time="88" type="attempt missed" type_id="13"/>
	<message comment="Danny Simpson wins a corner (To the left)" minute="84" period="2" second="33" time="87" type="corner" type_id="6"/>
	<message comment="Kevin Davies has shot blocked (Out of box, Left footed, Open play)" minute="83" period="2" second="2" time="86" type="attempt blocked" type_id="15"/>
	<message comment="Alan Smith blocks a shot" minute="83" period="2" second="2" time="86" type="save made" type_id="10"/>
	<message comment="Jussi Jääskeläinen makes a save (Parried into danger, Diving, Feet)" minute="82" period="2" second="38" time="85" type="save made" type_id="10"/>
	<message comment="Peter Løvenkrands has attempt saved (Low to the left, 18-yard box, Big Chance, Left footed, Open play)" minute="82" period="2" second="38" time="85" type="attempt blocked" type_id="15"/>
	<message comment="Johan Elmander is substituted off" minute="79" period="2" second="34" time="82" type="substitution off" type_id="18"/>
	<message comment="Ivan Klasnic is substituted on" minute="79" period="2" second="34" time="82" type="substitution on" type_id="19"/>
	<message comment="Andy Carroll hits the woodwork (To the left, 18-yard box, Left footed, Open play)" minute="78" period="2" second="30" time="81" type="woodwork hit" type_id="14"/>
	<message comment="Matthew Taylor is substituted off" minute="77" period="2" second="42" time="80" type="substitution off" type_id="18"/>
	<message comment="Martin Petrov is substituted on" minute="77" period="2" second="42" time="80" type="substitution on" type_id="19"/>
	<message comment="Gary Cahill misses attempt (High, Out of box, Right footed, Open play)" minute="77" period="2" second="17" time="80" type="attempt missed" type_id="13"/>
	<message comment="Jonás Gutiérrez is substituted off" minute="76" period="2" second="34" time="79" type="substitution off" type_id="18"/>
	<message comment="Sol Campbell is substituted on" minute="76" period="2" second="34" time="79" type="substitution on" type_id="19"/>
	<message comment="Fabricio Coloccini recieves a red card" minute="75" period="2" second="11" time="78" type="card received" type_id="17"/>
	<message comment="Andy Carroll misses attempt (High to the left, 18-yard box, Head, Open play)" minute="72" period="2" second="52" time="75" type="attempt missed" type_id="13"/>
	<message comment="Shola Ameobi is substituted off" minute="71" period="2" second="8" time="74" type="substitution off" type_id="18"/>
	<message comment="Peter Løvenkrands is substituted on" minute="71" period="2" second="8" time="74" type="substitution on" type_id="19"/>
	<message comment="GOAL! Johan Elmander scores  (Low to the centre, 18-yard box, Big Chance, Right footed, Open play)" minute="71" period="2" second="5" time="74" type="goal scored" type_id="16"/>
	<message comment="Danny Guthrie is substituted off" minute="70" period="2" second="13" time="73" type="substitution off" type_id="18"/>
	<message comment="Wayne Routledge is substituted on" minute="70" period="2" second="13" time="73" type="substitution on" type_id="19"/>
	<message comment="Chung-Yong Lee misses attempt (18-yard box, Right footed, Fast break)" minute="65" period="2" second="7" time="68" type="attempt missed" type_id="13"/>
	<message comment="Danny Guthrie wins a corner (To the right)" minute="64" period="2" second="19" time="67" type="corner" type_id="6"/>
	<message comment="Stuart Holden misses attempt (To the right, 18-yard box, Right footed, Open play)" minute="61" period="2" second="46" time="64" type="attempt missed" type_id="13"/>
	<message comment="Johan Elmander misses attempt (To the right, 18-yard box, Right footed, Fast break)" minute="61" period="2" second="1" time="64" type="attempt missed" type_id="13"/>
	<message comment="Matthew Taylor has shot blocked (Out of box, Left footed, Free kick)" minute="59" period="2" second="55" time="62" type="attempt blocked" type_id="15"/>
	<message comment="Kevin Nolan blocks a shot" minute="59" period="2" second="55" time="62" type="save made" type_id="10"/>
	<message comment="Kevin Nolan recieves a yellow card" minute="58" period="2" second="56" time="61" type="card received" type_id="17"/>
	<message comment="Kevin Davies is caught offside" minute="57" period="2" time="60" type="offside" type_id="10000"/>
	<message comment="Gary Cahill misses attempt (High to the left, Out of box, Left footed, Open play)" minute="54" period="2" second="38" time="57" type="attempt missed" type_id="13"/>
	<message comment="GOAL! Andy Carroll scores  (Low to the right, 18-yard box, Big Chance, Right footed, Throw-in)" minute="51" period="2" second="42" time="54" type="goal scored" type_id="16"/>
	<message comment="GOAL! Johan Elmander scores , Assisted by Kevin Davies (Low to the centre, 6-yard box, Big Chance, Right footed, Open play)" minute="49" period="2" second="48" time="52" type="goal scored" type_id="16"/>
	<message comment="Johan Elmander is caught offside" minute="47" period="2" time="50" type="offside" type_id="10000"/>
	<message comment="Second half begins!" minute="45" period="2" second="0" time="48" type="start" type_id="32"/>
	<message comment="First half ends" minute="47" period="1" second="7" time="47" type="end" type_id="30"/>
	<message comment="Chung-Yong Lee recieves a yellow card" minute="43" period="1" second="6" time="43" type="card received" type_id="17"/>
	<message comment="Tim Krul makes a save (Parried into danger, Diving)" minute="42" period="1" second="48" time="42" type="save made" type_id="10"/>
	<message comment="Stuart Holden has attempt saved (Low to the left, 6-yard box, Big Chance, Right footed, Open play)" minute="42" period="1" second="48" time="42" type="attempt blocked" type_id="15"/>
	<message comment="Johan Elmander is caught offside" minute="41" period="1" time="41" type="offside" type_id="10000"/>
	<message comment="GOAL! Chung-Yong Lee scores , Assisted by Johan Elmander (Low to the left, 18-yard box, Big Chance, Left footed, Set piece)" minute="38" period="1" second="20" time="38" type="goal scored" type_id="16"/>
	<message comment="Matthew Taylor hits the woodwork (High, Out of box, Left footed, Free kick)" minute="38" period="1" second="9" time="38" type="woodwork hit" type_id="14"/>
	<message comment="Matthew Taylor misses attempt (To the right, 18-yard box, Head, Open play)" minute="36" period="1" second="31" time="36" type="attempt missed" type_id="13"/>
	<message comment="Andy Carroll misses attempt (High to the left, 18-yard box, Left footed, Open play)" minute="35" period="1" second="5" time="35" type="attempt missed" type_id="13"/>
	<message comment="Gary Cahill misses attempt (18-yard box, Head, From corner)" minute="30" period="1" second="51" time="30" type="attempt missed" type_id="13"/>
	<message comment="Matthew Taylor wins a corner (To the left)" minute="30" period="1" second="22" time="30" type="corner" type_id="6"/>
	<message comment="Johan Elmander has shot blocked (Out of box, Right footed, Open play)" minute="25" period="1" second="10" time="25" type="attempt blocked" type_id="15"/>
	<message comment="Mike Williamson blocks a shot" minute="25" period="1" second="10" time="25" type="save made" type_id="10"/>
	<message comment="Matthew Taylor has attempt saved (Low to the centre, 18-yard box, Left footed, Open play)" minute="22" period="1" second="53" time="22" type="attempt blocked" type_id="15"/>
	<message comment="Tim Krul makes a save (Collected)" minute="22" period="1" second="53" time="22" type="save made" type_id="10"/>
	<message comment="GOAL! Kevin Davies scores  (Low to the right, 18-yard box, Penalty, Big Chance, Right footed)" minute="17" period="1" second="43" time="17" type="goal scored" type_id="16"/>
	<message comment="Chung-Yong Lee misses attempt (To the left, 18-yard box, Right footed, Open play)" minute="14" period="1" second="52" time="14" type="attempt missed" type_id="13"/>
	<message comment="Shola Ameobi wins a corner (To the right)" minute="11" period="1" second="37" time="11" type="corner" type_id="6"/>
	<message comment="Shola Ameobi is caught offside" minute="10" period="1" time="10" type="offside" type_id="10000"/>
	<message comment="Matthew Taylor wins a corner (To the left)" minute="9" period="1" second="23" time="9" type="corner" type_id="6"/>
	<message comment="Formation Set" minute="0" period="14" second="0" time="7" type="end" type_id="30"/>
	<message comment="Johan Elmander is caught offside" minute="5" period="1" time="5" type="offside" type_id="10000"/>
	<message comment="Kevin Nolan misses attempt (High to the left, 18-yard box, Big Chance, Left footed, Open play)" minute="0" period="1" second="49" time="0" type="attempt missed" type_id="13"/>
	<message comment="First half begins!" minute="0" period="1" second="0" time="0" type="start" type_id="32"/>
</Commentary>
