<?xml version="1.0" ?>
<Commentary away_team_name="Cardiff" competition="English Premier League" game_date="2013-10-05" home_team_name="Newcastle United" lang_id="en" season="Season 2013/2014" season_id="2013" sport_id="1" sport_name="Football">
	<message comment="Second half ends" minute="94" period="2" second="12" time="97" type="end" type_id="30"/>
	<message comment="Kévin Théophile-Catherine misses attempt (High to the right, Out of box, Right footed, Open play)" minute="93" period="2" second="59" time="96" type="attempt missed" type_id="13"/>
	<message comment="Aron Gunnarsson recieves a yellow card" minute="89" period="2" second="33" time="92" type="card received" type_id="17"/>
	<message comment="Yohan Cabaye is substituted off" minute="85" period="2" second="35" time="88" type="substitution off" type_id="18"/>
	<message comment="Hatem Ben Arfa is substituted on" minute="85" period="2" second="35" time="88" type="substitution on" type_id="19"/>
	<message comment="Tim Krul makes a save (Standing, Parried into danger)" minute="82" period="2" second="35" time="85" type="save made" type_id="10"/>
	<message comment="Jordon Mutch has attempt saved (Low to the centre, 18-yard box, Big Chance, Right footed, Open play)" minute="82" period="2" second="35" time="85" type="attempt blocked" type_id="15"/>
	<message comment="Peter Odemwingie is substituted off" minute="80" period="2" second="34" time="83" type="substitution off" type_id="18"/>
	<message comment="Nicky Maynard is substituted on" minute="80" period="2" second="34" time="83" type="substitution on" type_id="19"/>
	<message comment="Papiss Demba Cissé has attempt saved (Low to the centre, 6-yard box, Big Chance, Right footed, Open play)" minute="79" period="2" second="47" time="82" type="attempt blocked" type_id="15"/>
	<message comment="David Marshall makes a save (Diving, Parried safe)" minute="79" period="2" second="47" time="82" type="save made" type_id="10"/>
	<message comment="Jonás Gutiérrez misses attempt (High, 6-yard box, Head, From corner)" minute="72" period="2" second="25" time="75" type="attempt missed" type_id="13"/>
	<message comment="Yohan Cabaye wins a corner (To the right)" minute="71" period="2" second="56" time="74" type="corner" type_id="6"/>
	<message comment="Loïc Rémy is substituted off" minute="70" period="2" second="50" time="73" type="substitution off" type_id="18"/>
	<message comment="Jonás Gutiérrez is substituted on" minute="70" period="2" second="50" time="73" type="substitution on" type_id="19"/>
	<message comment="Yohan Cabaye has shot blocked (18-yard box, Right footed, Open play)" minute="66" period="2" second="36" time="69" type="attempt blocked" type_id="15"/>
	<message comment="Steven Caulker blocks a shot" minute="66" period="2" second="36" time="69" type="save made" type_id="10"/>
	<message comment="Craig Bellamy is substituted on" minute="65" period="2" second="34" time="68" type="substitution on" type_id="19"/>
	<message comment="Fraizer Campbell is substituted off" minute="65" period="2" second="34" time="68" type="substitution off" type_id="18"/>
	<message comment="Moussa Sissoko has attempt saved (Low to the right, 18-yard box, Big Chance, Left footed, Fast break)" minute="62" period="2" second="59" time="65" type="attempt blocked" type_id="15"/>
	<message comment="David Marshall makes a save (Diving, Parried safe)" minute="62" period="2" second="59" time="65" type="save made" type_id="10"/>
	<message comment="Gary Medel wins a corner (To the left)" minute="62" period="2" second="28" time="65" type="corner" type_id="6"/>
	<message comment="Fraizer Campbell misses attempt (To the left, 18-yard box, Right footed, Open play)" minute="59" period="2" second="29" time="62" type="attempt missed" type_id="13"/>
	<message comment="GOAL! Peter Odemwingie scores , Assisted by Jordon Mutch (Low to the right, 18-yard box, Big Chance, Left footed, Open play)" minute="57" period="2" second="16" time="60" type="goal scored" type_id="16"/>
	<message comment="Peter Whittingham misses attempt (To the right, 18-yard box, Left footed, Open play)" minute="53" period="2" second="58" time="56" type="attempt missed" type_id="13"/>
	<message comment="Jordon Mutch misses attempt (High to the left, 18-yard box, Head, From corner)" minute="50" period="2" second="24" time="53" type="attempt missed" type_id="13"/>
	<message comment="Peter Whittingham wins a corner (To the left)" minute="50" period="2" second="3" time="53" type="corner" type_id="6"/>
	<message comment="Loïc Rémy has shot blocked (18-yard box, Right footed, Open play)" minute="49" period="2" second="14" time="52" type="attempt blocked" type_id="15"/>
	<message comment="Andrew Taylor blocks a shot" minute="49" period="2" second="14" time="52" type="save made" type_id="10"/>
	<message comment="Papiss Demba Cissé is caught offside" minute="49" period="2" time="52" type="offside" type_id="10000"/>
	<message comment="Peter Odemwingie is caught offside" minute="48" period="2" time="51" type="offside" type_id="10000"/>
	<message comment="David Marshall makes a save (Diving, Parried safe)" minute="46" period="2" second="33" time="49" type="save made" type_id="10"/>
	<message comment="Yohan Cabaye has attempt saved (Low to the left, Out of box, Right footed, Open play)" minute="46" period="2" second="33" time="49" type="attempt blocked" type_id="15"/>
	<message comment="Yoan Gouffran wins a corner (To the right)" minute="45" period="2" second="51" time="48" type="corner" type_id="6"/>
	<message comment="Kim Bo-Kyung is substituted off" minute="45" period="2" second="0" time="48" type="substitution off" type_id="18"/>
	<message comment="Jordon Mutch is substituted on" minute="45" period="2" second="0" time="48" type="substitution on" type_id="19"/>
	<message comment="Second half begins!" minute="45" period="2" second="0" time="48" type="start" type_id="32"/>
	<message comment="First half ends" minute="47" period="1" second="2" time="47" type="end" type_id="30"/>
	<message comment="Cheick Tioté misses attempt (High, Out of box, Right footed, Open play)" minute="42" period="1" second="13" time="42" type="attempt missed" type_id="13"/>
	<message comment="Yohan Cabaye hits the woodwork (To the right, Out of box, Right footed, Free kick)" minute="42" period="1" second="6" time="42" type="woodwork hit" type_id="14"/>
	<message comment="GOAL! Loïc Rémy scores  (Low to the right, Out of box, Right footed, Open play)" minute="37" period="1" second="38" time="37" type="goal scored" type_id="16"/>
	<message comment="David Marshall makes a save (Parried safe, Diving)" minute="37" period="1" second="35" time="37" type="save made" type_id="10"/>
	<message comment="Papiss Demba Cissé has attempt saved (Low to the centre, 18-yard box, Right footed, Open play)" minute="37" period="1" second="35" time="37" type="attempt blocked" type_id="15"/>
	<message comment="David Marshall makes a save" minute="32" period="1" second="1" time="32" type="save made" type_id="10"/>
	<message comment="Yohan Cabaye has attempt saved (High to the left, Out of box, Right footed, Open play)" minute="32" period="1" second="1" time="32" type="attempt blocked" type_id="15"/>
	<message comment="GOAL! Loïc Rémy scores , Assisted by Moussa Sissoko (Low to the left, Out of box, Right footed, Fast break)" minute="29" period="1" second="46" time="29" type="goal scored" type_id="16"/>
	<message comment="Kim Bo-Kyung misses attempt (High to the right, Out of box, Right footed, Open play)" minute="28" period="1" second="49" time="28" type="attempt missed" type_id="13"/>
	<message comment="Aron Gunnarsson blocks a shot" minute="27" period="1" second="56" time="27" type="save made" type_id="10"/>
	<message comment="Papiss Demba Cissé has shot blocked (18-yard box, Left footed, Open play)" minute="27" period="1" second="56" time="27" type="attempt blocked" type_id="15"/>
	<message comment="Gary Medel misses attempt (To the right, Out of box, Right footed, Open play)" minute="27" period="1" second="8" time="27" type="attempt missed" type_id="13"/>
	<message comment="David Marshall makes a save (Collected, Standing)" minute="26" period="1" second="15" time="26" type="save made" type_id="10"/>
	<message comment="Loïc Rémy has attempt saved (Low to the right, 18-yard box, Right footed, Open play)" minute="26" period="1" second="15" time="26" type="attempt blocked" type_id="15"/>
	<message comment="Yoan Gouffran has shot blocked (Out of box, Right footed, Open play)" minute="26" period="1" second="6" time="26" type="attempt blocked" type_id="15"/>
	<message comment="Andrew Taylor blocks a shot" minute="26" period="1" second="6" time="26" type="save made" type_id="10"/>
	<message comment="Peter Odemwingie wins a corner (To the right)" minute="24" period="1" second="3" time="24" type="corner" type_id="6"/>
	<message comment="Moussa Sissoko wins a corner (To the right)" minute="17" period="1" second="37" time="17" type="corner" type_id="6"/>
	<message comment="David Marshall makes a save (Diving)" minute="17" period="1" second="28" time="17" type="save made" type_id="10"/>
	<message comment="Moussa Sissoko has attempt saved (High to the right, Out of box, Left footed, Open play)" minute="17" period="1" second="28" time="17" type="attempt blocked" type_id="15"/>
	<message comment="Andrew Taylor blocks a shot" minute="17" period="1" second="10" time="17" type="save made" type_id="10"/>
	<message comment="Papiss Demba Cissé has shot blocked (18-yard box, Big Chance, Right footed, Set piece)" minute="17" period="1" second="10" time="17" type="attempt blocked" type_id="15"/>
	<message comment="Loïc Rémy has attempt saved (Low to the right, 18-yard box, Big Chance, Right footed, Set piece)" minute="17" period="1" second="8" time="17" type="attempt blocked" type_id="15"/>
	<message comment="David Marshall makes a save (Diving, Parried into danger)" minute="17" period="1" second="8" time="17" type="save made" type_id="10"/>
	<message comment="Yoan Gouffran misses attempt (High to the right, Out of box, Right footed, Open play)" minute="11" period="1" second="36" time="11" type="attempt missed" type_id="13"/>
	<message comment="Papiss Demba Cissé misses attempt (High to the right, Out of box, Right footed, Open play)" minute="10" period="1" second="21" time="10" type="attempt missed" type_id="13"/>
	<message comment="Formation Set" minute="0" period="14" second="0" time="7" type="end" type_id="30"/>
	<message comment="First half begins!" minute="0" period="1" second="0" time="0" type="start" type_id="32"/>
</Commentary>
