<?xml version="1.0" ?>
<Commentary away_team_name="Cardiff" competition="English Premier League" game_date="2013-11-24" home_team_name="Manchester United" lang_id="en" season="Season 2013/2014" season_id="2013" sport_id="1" sport_name="Football">
	<message comment="Second half ends" minute="94" period="2" second="7" time="96" type="end" type_id="30"/>
	<message comment="Andreas Cornelius has attempt saved (Low to the right, Out of box, Left footed, Open play)" minute="93" period="2" second="49" time="95" type="attempt blocked" type_id="15"/>
	<message comment="David de Gea makes a save (Collected)" minute="93" period="2" second="49" time="95" type="save made" type_id="10"/>
	<message comment="Chris Smalling misses attempt (To the left, 18-yard box, Right footed, Set piece)" minute="92" period="2" second="57" time="94" type="attempt missed" type_id="13"/>
	<message comment="Kévin Théophile-Catherine recieves a yellow card" minute="92" period="2" second="38" time="94" type="card received" type_id="17"/>
	<message comment="Kim Bo-Kyung recieves a yellow card" minute="91" period="2" second="19" time="93" type="card received" type_id="17"/>
	<message comment="GOAL! Kim Bo-Kyung scores , Assisted by Peter Whittingham (Low to the left, 18-yard box, Head, Set piece)" minute="90" period="2" second="21" time="92" type="goal scored" type_id="16"/>
	<message comment="Wayne Rooney is caught offside" minute="87" period="2" time="89" type="offside" type_id="10000"/>
	<message comment="Tom Cleverley recieves a yellow card" minute="85" period="2" second="51" time="87" type="card received" type_id="17"/>
	<message comment="Danny Welbeck misses attempt (To the right, 18-yard box, Head, From corner)" minute="83" period="2" second="28" time="85" type="attempt missed" type_id="13"/>
	<message comment="Fraizer Campbell is substituted off" minute="83" period="2" second="2" time="85" type="substitution off" type_id="18"/>
	<message comment="Andreas Cornelius is substituted on" minute="83" period="2" second="2" time="85" type="substitution on" type_id="19"/>
	<message comment="Wayne Rooney wins a corner (To the right)" minute="81" period="2" second="40" time="83" type="corner" type_id="6"/>
	<message comment="Danny Welbeck misses attempt (High to the left, 18-yard box, Big Chance, Right footed, Open play)" minute="80" period="2" second="21" time="82" type="attempt missed" type_id="13"/>
	<message comment="Ben Turner misses attempt (High, 18-yard box, Head, Set piece)" minute="79" period="2" second="39" time="81" type="attempt missed" type_id="13"/>
	<message comment="Jordon Mutch is substituted off" minute="76" period="2" second="14" time="78" type="substitution off" type_id="18"/>
	<message comment="Kim Bo-Kyung is substituted on" minute="76" period="2" second="14" time="78" type="substitution on" type_id="19"/>
	<message comment="Chicharito is substituted off" minute="72" period="2" second="54" time="74" type="substitution off" type_id="18"/>
	<message comment="Ryan Giggs is substituted on" minute="72" period="2" second="54" time="74" type="substitution on" type_id="19"/>
	<message comment="Steven Caulker wins a corner (To the right)" minute="71" period="2" second="9" time="73" type="corner" type_id="6"/>
	<message comment="Don Cowie has shot blocked (Out of box, Right footed, Open play)" minute="71" period="2" second="0" time="73" type="attempt blocked" type_id="15"/>
	<message comment="Wayne Rooney blocks a shot" minute="71" period="2" second="0" time="73" type="save made" type_id="10"/>
	<message comment="Peter Whittingham wins a corner (To the right)" minute="70" period="2" second="13" time="72" type="corner" type_id="6"/>
	<message comment="Danny Welbeck is substituted on" minute="67" period="2" second="2" time="69" type="substitution on" type_id="19"/>
	<message comment="Adnan Januzaj is substituted off" minute="67" period="2" second="2" time="69" type="substitution off" type_id="18"/>
	<message comment="Peter Whittingham misses attempt (To the right, Out of box, Left footed, Open play)" minute="64" period="2" second="56" time="66" type="attempt missed" type_id="13"/>
	<message comment="Peter Odemwingie is substituted off" minute="64" period="2" second="32" time="66" type="substitution off" type_id="18"/>
	<message comment="Craig Noone is substituted on" minute="64" period="2" second="32" time="66" type="substitution on" type_id="19"/>
	<message comment="Peter Odemwingie misses attempt (High to the right, Out of box, Right footed, Open play)" minute="64" period="2" second="1" time="66" type="attempt missed" type_id="13"/>
	<message comment="Luis Antonio Valencia is caught offside" minute="62" period="2" time="64" type="offside" type_id="10000"/>
	<message comment="Wayne Rooney misses attempt (High, 18-yard box, Head, Open play)" minute="58" period="2" second="43" time="60" type="attempt missed" type_id="13"/>
	<message comment="Peter Whittingham recieves a yellow card" minute="53" period="2" second="57" time="55" type="card received" type_id="17"/>
	<message comment="Fraizer Campbell hits the woodwork (High, Out of box, Right footed, Open play)" minute="53" period="2" second="35" time="55" type="woodwork hit" type_id="14"/>
	<message comment="Chris Smalling wins a corner (To the right)" minute="51" period="2" second="38" time="53" type="corner" type_id="6"/>
	<message comment="David Marshall makes a save (Parried safe, Diving)" minute="51" period="2" second="35" time="53" type="save made" type_id="10"/>
	<message comment="Chris Smalling has attempt saved (Low to the right, 18-yard box, Head, From corner)" minute="51" period="2" second="35" time="53" type="attempt blocked" type_id="15"/>
	<message comment="Marouane Fellaini wins a corner (To the right)" minute="51" period="2" second="0" time="53" type="corner" type_id="6"/>
	<message comment="David Marshall makes a save (Parried safe, Diving)" minute="50" period="2" second="58" time="52" type="save made" type_id="10"/>
	<message comment="Marouane Fellaini has attempt saved (Low to the right, 18-yard box, Head, Set piece)" minute="50" period="2" second="58" time="52" type="attempt blocked" type_id="15"/>
	<message comment="Steven Caulker recieves a yellow card" minute="50" period="2" second="30" time="52" type="card received" type_id="17"/>
	<message comment="Marouane Fellaini misses attempt (To the left, 6-yard box, Head, From corner)" minute="46" period="2" second="25" time="48" type="attempt missed" type_id="13"/>
	<message comment="Adnan Januzaj wins a corner (To the left)" minute="45" period="2" second="56" time="47" type="corner" type_id="6"/>
	<message comment="Steven Caulker blocks a shot" minute="45" period="2" second="54" time="47" type="save made" type_id="10"/>
	<message comment="Adnan Januzaj has shot blocked (18-yard box, Left footed, From corner)" minute="45" period="2" second="54" time="47" type="attempt blocked" type_id="15"/>
	<message comment="Peter Whittingham blocks a shot" minute="45" period="2" second="52" time="47" type="save made" type_id="10"/>
	<message comment="Chris Smalling has shot blocked (6-yard box, Head, From corner)" minute="45" period="2" second="52" time="47" type="attempt blocked" type_id="15"/>
	<message comment="Luis Antonio Valencia wins a corner (To the right)" minute="45" period="2" second="24" time="47" type="corner" type_id="6"/>
	<message comment="Second half begins!" minute="45" period="2" second="0" time="47" type="start" type_id="32"/>
	<message comment="First half ends" minute="46" period="1" second="30" time="46" type="end" type_id="30"/>
	<message comment="GOAL! Patrice Evra scores , Assisted by Wayne Rooney (High to the right, 6-yard box, Head, From corner)" minute="44" period="1" second="28" time="44" type="goal scored" type_id="16"/>
	<message comment="Wayne Rooney wins a corner (To the left)" minute="44" period="1" second="8" time="44" type="corner" type_id="6"/>
	<message comment="Peter Whittingham misses attempt (High, 18-yard box, Left footed, Set piece)" minute="40" period="1" second="20" time="40" type="attempt missed" type_id="13"/>
	<message comment="Don Cowie misses attempt (High to the left, 18-yard box, Right footed, Open play)" minute="38" period="1" second="10" time="38" type="attempt missed" type_id="13"/>
	<message comment="Fraizer Campbell misses attempt (High, 18-yard box, Left footed, Set piece)" minute="35" period="1" second="55" time="35" type="attempt missed" type_id="13"/>
	<message comment="GOAL! Fraizer Campbell scores , Assisted by Jordon Mutch (Low to the left, 18-yard box, Big Chance, Right footed, Open play)" minute="32" period="1" second="37" time="32" type="goal scored" type_id="16"/>
	<message comment="Fraizer Campbell misses attempt (To the left, 18-yard box, Head, Open play)" minute="26" period="1" second="58" time="26" type="attempt missed" type_id="13"/>
	<message comment="Peter Odemwingie misses attempt (High, 18-yard box, Left footed, Open play)" minute="22" period="1" second="30" time="22" type="attempt missed" type_id="13"/>
	<message comment="Tom Cleverley misses attempt (To the left, 18-yard box, Right footed, From corner)" minute="19" period="1" second="34" time="19" type="attempt missed" type_id="13"/>
	<message comment="Marouane Fellaini wins a corner (To the left)" minute="19" period="1" second="6" time="19" type="corner" type_id="6"/>
	<message comment="David Marshall makes a save (Parried into danger)" minute="19" period="1" second="0" time="19" type="save made" type_id="10"/>
	<message comment="Marouane Fellaini has attempt saved (High to the left, 6-yard box, Head, Set piece)" minute="19" period="1" second="0" time="19" type="attempt blocked" type_id="15"/>
	<message comment="Chicharito is caught offside" minute="16" period="1" time="16" type="offside" type_id="10000"/>
	<message comment="GOAL! Wayne Rooney scores , Assisted by Chicharito (Low to the left, 18-yard box, Right footed, Open play)" minute="14" period="1" second="52" time="14" type="goal scored" type_id="16"/>
	<message comment="Jonny Evans misses attempt (To the right, 18-yard box, Head, From corner)" minute="11" period="1" second="29" time="11" type="attempt missed" type_id="13"/>
	<message comment="Adnan Januzaj misses attempt (Out of box, Right footed, From corner)" minute="11" period="1" second="16" time="11" type="attempt missed" type_id="13"/>
	<message comment="Jonny Evans wins a corner (To the left)" minute="10" period="1" second="44" time="10" type="corner" type_id="6"/>
	<message comment="Wayne Rooney recieves a yellow card" minute="7" period="1" second="27" time="7" type="card received" type_id="17"/>
	<message comment="Jordon Mutch has attempt saved (Low to the centre, 18-yard box, Head, Set piece)" minute="6" period="1" second="47" time="6" type="attempt blocked" type_id="15"/>
	<message comment="David de Gea makes a save (Collected)" minute="6" period="1" second="47" time="6" type="save made" type_id="10"/>
	<message comment="Formation Set" minute="0" period="14" second="0" time="6" type="end" type_id="30"/>
	<message comment="Steven Caulker blocks a shot" minute="5" period="1" second="2" time="5" type="save made" type_id="10"/>
	<message comment="Wayne Rooney has shot blocked (18-yard box, Right footed, Open play)" minute="5" period="1" second="2" time="5" type="attempt blocked" type_id="15"/>
	<message comment="First half begins!" minute="0" period="1" second="0" time="0" type="start" type_id="32"/>
</Commentary>
