<?xml version="1.0" ?>
<Commentary away_team_name="Cardiff" competition="English Premier League" game_date="2013-12-26" home_team_name="Southampton" lang_id="en" season="Season 2013/2014" season_id="2013" sport_id="1" sport_name="Football">
	<message comment="Second half ends" minute="93" period="2" second="25" time="96" type="end" type_id="30"/>
	<message comment="Rickie Lambert is substituted off" minute="92" period="2" second="48" time="95" type="substitution off" type_id="18"/>
	<message comment="Sam Gallagher is substituted on" minute="92" period="2" second="48" time="95" type="substitution on" type_id="19"/>
	<message comment="Steven Caulker misses attempt (To the right, 18-yard box, Head, From corner)" minute="92" period="2" second="17" time="95" type="attempt missed" type_id="13"/>
	<message comment="Kim Bo-Kyung wins a corner (To the left)" minute="91" period="2" second="56" time="94" type="corner" type_id="6"/>
	<message comment="Kévin Théophile-Catherine misses attempt (High, Out of box, Right footed, Open play)" minute="90" period="2" second="41" time="93" type="attempt missed" type_id="13"/>
	<message comment="Jay Rodriguez is substituted off" minute="85" period="2" second="27" time="88" type="substitution off" type_id="18"/>
	<message comment="Gastón Ramírez is substituted on" minute="85" period="2" second="27" time="88" type="substitution on" type_id="19"/>
	<message comment="Craig Noone misses attempt (To the left, Out of box, Left footed, Open play)" minute="83" period="2" second="14" time="86" type="attempt missed" type_id="13"/>
	<message comment="Luke Shaw wins a corner (To the left)" minute="82" period="2" second="4" time="85" type="corner" type_id="6"/>
	<message comment="Aron Gunnarsson is substituted off" minute="79" period="2" second="59" time="82" type="substitution off" type_id="18"/>
	<message comment="Kim Bo-Kyung is substituted on" minute="79" period="2" second="59" time="82" type="substitution on" type_id="19"/>
	<message comment="Adam Lallana is substituted off" minute="79" period="2" second="55" time="82" type="substitution off" type_id="18"/>
	<message comment="James Ward-Prowse is substituted on" minute="79" period="2" second="55" time="82" type="substitution on" type_id="19"/>
	<message comment="Fraizer Campbell is caught offside" minute="70" period="2" time="73" type="offside" type_id="10000"/>
	<message comment="Jay Rodriguez misses attempt (To the right, 18-yard box, Head, Open play)" minute="68" period="2" second="50" time="71" type="attempt missed" type_id="13"/>
	<message comment="Morgan Schneiderlin misses attempt (High to the right, Out of box, Right footed, Open play)" minute="62" period="2" second="46" time="65" type="attempt missed" type_id="13"/>
	<message comment="Fraizer Campbell misses attempt (High, Out of box, Right footed, Open play)" minute="61" period="2" second="33" time="64" type="attempt missed" type_id="13"/>
	<message comment="Andrew Taylor is substituted off" minute="60" period="2" second="10" time="63" type="substitution off" type_id="18"/>
	<message comment="Declan John is substituted on" minute="60" period="2" second="10" time="63" type="substitution on" type_id="19"/>
	<message comment="Jay Rodriguez misses attempt (To the left, Out of box, Right footed, Open play)" minute="59" period="2" second="53" time="62" type="attempt missed" type_id="13"/>
	<message comment="Steven Caulker wins a corner (To the right)" minute="58" period="2" second="6" time="61" type="corner" type_id="6"/>
	<message comment="David Marshall makes a save (Collected)" minute="56" period="2" second="35" time="59" type="save made" type_id="10"/>
	<message comment="Luke Shaw has attempt saved (Low to the centre, Out of box, Right footed, Open play)" minute="56" period="2" second="35" time="59" type="attempt blocked" type_id="15"/>
	<message comment="Peter Whittingham has shot blocked (Out of box, Left footed, Open play)" minute="55" period="2" second="55" time="58" type="attempt blocked" type_id="15"/>
	<message comment="Steven Davis blocks a shot" minute="55" period="2" second="55" time="58" type="save made" type_id="10"/>
	<message comment="Jay Rodriguez is caught offside" minute="55" period="2" time="58" type="offside" type_id="10000"/>
	<message comment="Adam Lallana misses attempt (Out of box, Right footed, Set piece)" minute="54" period="2" second="33" time="57" type="attempt missed" type_id="13"/>
	<message comment="David Marshall makes a save (Collected)" minute="52" period="2" second="4" time="55" type="save made" type_id="10"/>
	<message comment="Jack Cork has attempt saved (Low to the centre, Out of box, Right footed, From corner)" minute="52" period="2" second="4" time="55" type="attempt blocked" type_id="15"/>
	<message comment="Luke Shaw wins a corner (To the left)" minute="51" period="2" second="28" time="54" type="corner" type_id="6"/>
	<message comment="David Marshall makes a save (Parried safe, Diving)" minute="51" period="2" second="27" time="54" type="save made" type_id="10"/>
	<message comment="Luke Shaw has attempt saved (Low to the right, 18-yard box, Left footed, Open play)" minute="51" period="2" second="27" time="54" type="attempt blocked" type_id="15"/>
	<message comment="Andreas Cornelius misses attempt (To the left, 6-yard box, Head, From corner)" minute="50" period="2" second="4" time="53" type="attempt missed" type_id="13"/>
	<message comment="Andreas Cornelius wins a corner (To the right)" minute="49" period="2" second="46" time="52" type="corner" type_id="6"/>
	<message comment="Kévin Théophile-Catherine wins a corner (To the right)" minute="49" period="2" second="20" time="52" type="corner" type_id="6"/>
	<message comment="Fraizer Campbell misses attempt (High, 6-yard box, Head, Set piece)" minute="47" period="2" second="59" time="50" type="attempt missed" type_id="13"/>
	<message comment="Morgan Schneiderlin recieves a yellow card" minute="47" period="2" second="18" time="50" type="card received" type_id="17"/>
	<message comment="Peter Odemwingie is substituted off" minute="45" period="2" second="0" time="48" type="substitution off" type_id="18"/>
	<message comment="Andreas Cornelius is substituted on" minute="45" period="2" second="0" time="48" type="substitution on" type_id="19"/>
	<message comment="Second half begins!" minute="45" period="2" second="0" time="48" type="start" type_id="32"/>
	<message comment="First half ends" minute="47" period="1" second="27" time="47" type="end" type_id="30"/>
	<message comment="Kévin Théophile-Catherine wins a corner (To the right)" minute="39" period="1" second="42" time="39" type="corner" type_id="6"/>
	<message comment="Andrew Taylor wins a corner (To the right)" minute="30" period="1" second="46" time="30" type="corner" type_id="6"/>
	<message comment="Paulo Gazzaniga makes a save (Diving, Parried safe)" minute="30" period="1" second="44" time="30" type="save made" type_id="10"/>
	<message comment="Andrew Taylor misses attempt (To the right, Out of box, Left footed, Open play)" minute="30" period="1" second="42" time="30" type="attempt missed" type_id="13"/>
	<message comment="GOAL! Rickie Lambert scores , Assisted by Jay Rodriguez (Low to the left, 18-yard box, Big Chance, Right footed, From corner)" minute="26" period="1" second="44" time="26" type="goal scored" type_id="16"/>
	<message comment="Calum Chambers wins a corner (To the right)" minute="26" period="1" second="9" time="26" type="corner" type_id="6"/>
	<message comment="Luke Shaw recieves a yellow card" minute="24" period="1" second="22" time="24" type="card received" type_id="17"/>
	<message comment="Jordon Mutch is caught offside" minute="22" period="1" time="22" type="offside" type_id="10000"/>
	<message comment="Rickie Lambert misses attempt (To the right, 6-yard box, Big Chance, Right footed, Open play)" minute="21" period="1" second="44" time="21" type="attempt missed" type_id="13"/>
	<message comment="Craig Noone recieves a yellow card" minute="21" period="1" second="6" time="21" type="card received" type_id="17"/>
	<message comment="GOAL! Jay Rodriguez scores , Assisted by Rickie Lambert (Low to the centre, 18-yard box, Big Chance, Right footed, Open play)" minute="19" period="1" second="23" time="19" type="goal scored" type_id="16"/>
	<message comment="GOAL! Jay Rodriguez scores , Assisted by Adam Lallana (Low to the left, 18-yard box, Big Chance, Left footed, Open play)" minute="13" period="1" second="41" time="13" type="goal scored" type_id="16"/>
	<message comment="Rickie Lambert is caught offside" minute="12" period="1" time="12" type="offside" type_id="10000"/>
	<message comment="Peter Whittingham misses attempt (To the right, 18-yard box, Big Chance, Left footed, Open play)" minute="10" period="1" second="52" time="10" type="attempt missed" type_id="13"/>
	<message comment="Formation Set" minute="0" period="14" second="0" time="6" type="end" type_id="30"/>
	<message comment="First half begins!" minute="0" period="1" second="0" time="0" type="start" type_id="32"/>
</Commentary>
