<?xml version="1.0" ?>
<Commentary away_team_name="Cardiff" competition="English Premier League" game_date="2014-02-01" home_team_name="Norwich" lang_id="en" season="Season 2013/2014" season_id="2013" sport_id="1" sport_name="Football">
	<message comment="Second half ends" minute="95" period="2" second="18" time="98" type="end" type_id="30"/>
	<message comment="Craig Noone wins a corner (To the right)" minute="94" period="2" second="40" time="97" type="corner" type_id="6"/>
	<message comment="Nathan Redmond has attempt saved (Low to the left, Out of box, Right footed, Open play)" minute="94" period="2" second="13" time="97" type="attempt blocked" type_id="15"/>
	<message comment="David Marshall makes a save (Collected)" minute="94" period="2" second="13" time="97" type="save made" type_id="10"/>
	<message comment="Sebastien Bassong misses attempt (High, 6-yard box, Big Chance, Head, Open play)" minute="92" period="2" second="32" time="95" type="attempt missed" type_id="13"/>
	<message comment="Robert Snodgrass wins a corner (To the right)" minute="91" period="2" second="28" time="94" type="corner" type_id="6"/>
	<message comment="Nathan Redmond wins a corner (To the right)" minute="91" period="2" second="2" time="94" type="corner" type_id="6"/>
	<message comment="Nathan Redmond has shot blocked (Out of box, Right footed, Open play)" minute="91" period="2" second="1" time="94" type="attempt blocked" type_id="15"/>
	<message comment="Kenwyne Jones blocks a shot" minute="91" period="2" second="1" time="94" type="save made" type_id="10"/>
	<message comment="Robert Snodgrass recieves a yellow card" minute="89" period="2" second="20" time="92" type="card received" type_id="17"/>
	<message comment="Robert Snodgrass is caught offside" minute="89" period="2" time="92" type="offside" type_id="10000"/>
	<message comment="Robert Snodgrass hits the woodwork (To the left, 18-yard box, Head, From corner)" minute="86" period="2" second="31" time="89" type="woodwork hit" type_id="14"/>
	<message comment="Robert Snodgrass wins a corner (To the left)" minute="86" period="2" second="14" time="89" type="corner" type_id="6"/>
	<message comment="Kenwyne Jones blocks a shot" minute="86" period="2" second="13" time="89" type="save made" type_id="10"/>
	<message comment="Robert Snodgrass has shot blocked (6-yard box, Head, From corner)" minute="86" period="2" second="13" time="89" type="attempt blocked" type_id="15"/>
	<message comment="Martin Olsson wins a corner (To the left)" minute="85" period="2" second="51" time="88" type="corner" type_id="6"/>
	<message comment="Leroy Fer has attempt saved (Low to the centre, 18-yard box, Big Chance, Head, Set piece)" minute="83" period="2" second="41" time="86" type="attempt blocked" type_id="15"/>
	<message comment="David Marshall makes a save (Parried into danger, Diving)" minute="83" period="2" second="41" time="86" type="save made" type_id="10"/>
	<message comment="Russell Martin wins a corner (To the right)" minute="82" period="2" second="42" time="85" type="corner" type_id="6"/>
	<message comment="Russell Martin has shot blocked (18-yard box, Right footed, Open play)" minute="82" period="2" second="39" time="85" type="attempt blocked" type_id="15"/>
	<message comment="Declan John blocks a shot" minute="82" period="2" second="39" time="85" type="save made" type_id="10"/>
	<message comment="Ben Turner blocks a shot" minute="80" period="2" second="16" time="83" type="save made" type_id="10"/>
	<message comment="Martin Olsson has shot blocked (Out of box, Left footed, From corner)" minute="80" period="2" second="16" time="83" type="attempt blocked" type_id="15"/>
	<message comment="Russell Martin wins a corner (To the right)" minute="79" period="2" second="44" time="82" type="corner" type_id="6"/>
	<message comment="Russell Martin has shot blocked (18-yard box, Left footed, Open play)" minute="79" period="2" second="43" time="82" type="attempt blocked" type_id="15"/>
	<message comment="Gary Medel blocks a shot" minute="79" period="2" second="43" time="82" type="save made" type_id="10"/>
	<message comment="Gary Hooper has shot blocked (6-yard box, Head, From corner)" minute="79" period="2" second="23" time="82" type="attempt blocked" type_id="15"/>
	<message comment="Craig Bellamy blocks a shot (Last line)" minute="79" period="2" second="23" time="82" type="save made" type_id="10"/>
	<message comment="Nathan Redmond has attempt saved (Low to the left, 18-yard box, Right footed, From corner)" minute="79" period="2" second="16" time="82" type="attempt blocked" type_id="15"/>
	<message comment="David Marshall makes a save (Diving, Parried into danger)" minute="79" period="2" second="16" time="82" type="save made" type_id="10"/>
	<message comment="Russell Martin wins a corner (To the right)" minute="78" period="2" second="54" time="81" type="corner" type_id="6"/>
	<message comment="Nathan Redmond is caught offside" minute="77" period="2" time="80" type="offside" type_id="10000"/>
	<message comment="Nathan Redmond misses attempt (High to the right, Out of box, Right footed, Open play)" minute="75" period="2" second="53" time="78" type="attempt missed" type_id="13"/>
	<message comment="Ricky van Wolfswinkel misses attempt (18-yard box, Right footed, Open play)" minute="75" period="2" second="43" time="78" type="attempt missed" type_id="13"/>
	<message comment="Russell Martin has shot blocked (18-yard box, Right footed, Open play)" minute="75" period="2" second="41" time="78" type="attempt blocked" type_id="15"/>
	<message comment="Aron Gunnarsson blocks a shot" minute="75" period="2" second="41" time="78" type="save made" type_id="10"/>
	<message comment="Johan Elmander is substituted off" minute="74" period="2" second="56" time="77" type="substitution off" type_id="18"/>
	<message comment="Ricky van Wolfswinkel is substituted on" minute="74" period="2" second="56" time="77" type="substitution on" type_id="19"/>
	<message comment="Jonás Gutiérrez is substituted off" minute="74" period="2" second="44" time="77" type="substitution off" type_id="18"/>
	<message comment="Nathan Redmond is substituted on" minute="74" period="2" second="44" time="77" type="substitution on" type_id="19"/>
	<message comment="Bradley Johnson is substituted off" minute="74" period="2" second="40" time="77" type="substitution off" type_id="18"/>
	<message comment="Leroy Fer is substituted on" minute="74" period="2" second="40" time="77" type="substitution on" type_id="19"/>
	<message comment="Fabio is substituted off" minute="74" period="2" second="16" time="77" type="substitution off" type_id="18"/>
	<message comment="Kévin Théophile-Catherine is substituted on" minute="74" period="2" second="16" time="77" type="substitution on" type_id="19"/>
	<message comment="Kenwyne Jones is caught offside" minute="73" period="2" time="76" type="offside" type_id="10000"/>
	<message comment="Craig Bellamy wins a corner (To the right)" minute="70" period="2" second="55" time="73" type="corner" type_id="6"/>
	<message comment="Craig Noone wins a corner (To the right)" minute="70" period="2" second="13" time="73" type="corner" type_id="6"/>
	<message comment="Robert Snodgrass wins a corner (To the right)" minute="67" period="2" second="23" time="70" type="corner" type_id="6"/>
	<message comment="Jonás Gutiérrez wins a corner (To the right)" minute="67" period="2" second="0" time="70" type="corner" type_id="6"/>
	<message comment="Jonás Gutiérrez has shot blocked (Out of box, Right footed, From corner)" minute="66" period="2" second="58" time="69" type="attempt blocked" type_id="15"/>
	<message comment="Aron Gunnarsson blocks a shot" minute="66" period="2" second="58" time="69" type="save made" type_id="10"/>
	<message comment="Jordon Mutch is substituted off" minute="66" period="2" second="32" time="69" type="substitution off" type_id="18"/>
	<message comment="Aron Gunnarsson is substituted on" minute="66" period="2" second="32" time="69" type="substitution on" type_id="19"/>
	<message comment="Johan Elmander wins a corner (To the right)" minute="64" period="2" second="47" time="67" type="corner" type_id="6"/>
	<message comment="Johan Elmander misses attempt (Out of box, Right footed, Open play)" minute="62" period="2" second="31" time="65" type="attempt missed" type_id="13"/>
	<message comment="Robert Snodgrass misses attempt (High, 18-yard box, Head, Open play)" minute="60" period="2" second="47" time="63" type="attempt missed" type_id="13"/>
	<message comment="Martin Olsson blocks a shot" minute="59" period="2" second="43" time="62" type="save made" type_id="10"/>
	<message comment="Craig Noone has shot blocked (18-yard box, Left footed, Open play)" minute="59" period="2" second="43" time="62" type="attempt blocked" type_id="15"/>
	<message comment="Craig Noone recieves a yellow card" minute="58" period="2" second="48" time="61" type="card received" type_id="17"/>
	<message comment="Kenwyne Jones hits the woodwork (To the left, 18-yard box, Other body part, Open play)" minute="57" period="2" second="59" time="60" type="woodwork hit" type_id="14"/>
	<message comment="Jordon Mutch misses attempt (To the right, 18-yard box, Key pass, Right footed, Open play)" minute="57" period="2" second="58" time="60" type="attempt missed" type_id="13"/>
	<message comment="Robert Snodgrass misses attempt (High to the right, 18-yard box, Left footed, Open play)" minute="56" period="2" second="36" time="59" type="attempt missed" type_id="13"/>
	<message comment="Martin Olsson wins a corner (To the left)" minute="52" period="2" second="26" time="55" type="corner" type_id="6"/>
	<message comment="Steven Caulker blocks a shot" minute="52" period="2" second="24" time="55" type="save made" type_id="10"/>
	<message comment="Martin Olsson has shot blocked (18-yard box, Left footed, Open play)" minute="52" period="2" second="24" time="55" type="attempt blocked" type_id="15"/>
	<message comment="Bradley Johnson has attempt saved (High to the left, Out of box, Left footed, Open play)" minute="52" period="2" second="8" time="55" type="attempt blocked" type_id="15"/>
	<message comment="David Marshall makes a save (Diving, Parried into danger)" minute="52" period="2" second="8" time="55" type="save made" type_id="10"/>
	<message comment="GOAL! Kenwyne Jones scores  (High to the left, 6-yard box, Big Chance, Left footed, From corner)" minute="50" period="2" second="0" time="53" type="goal scored" type_id="16"/>
	<message comment="Kenwyne Jones misses attempt (To the left, 6-yard box, Big Chance, Head, From corner)" minute="49" period="2" second="58" time="52" type="attempt missed" type_id="13"/>
	<message comment="Jordon Mutch wins a corner (To the right)" minute="49" period="2" second="48" time="52" type="corner" type_id="6"/>
	<message comment="John Ruddy makes a save (Diving, Parried safe)" minute="49" period="2" second="43" time="52" type="save made" type_id="10"/>
	<message comment="Jordon Mutch has attempt saved (Low to the left, 18-yard box, Left footed, Open play)" minute="49" period="2" second="43" time="52" type="attempt blocked" type_id="15"/>
	<message comment="GOAL! Craig Bellamy scores , Assisted by Wilfried Zaha (Low to the centre, 18-yard box, Big Chance, Left footed, Open play)" minute="48" period="2" second="47" time="51" type="goal scored" type_id="16"/>
	<message comment="Robert Snodgrass wins a corner (To the left)" minute="47" period="2" second="10" time="50" type="corner" type_id="6"/>
	<message comment="Ben Turner blocks a shot" minute="47" period="2" second="9" time="50" type="save made" type_id="10"/>
	<message comment="Robert Snodgrass has shot blocked (Out of box, Left footed, Open play)" minute="47" period="2" second="9" time="50" type="attempt blocked" type_id="15"/>
	<message comment="Robert Snodgrass has shot blocked (18-yard box, Right footed, Open play)" minute="46" period="2" second="29" time="49" type="attempt blocked" type_id="15"/>
	<message comment="Ben Turner blocks a shot" minute="46" period="2" second="29" time="49" type="save made" type_id="10"/>
	<message comment="Second half begins!" minute="45" period="2" second="0" time="48" type="start" type_id="32"/>
	<message comment="First half ends" minute="47" period="1" second="5" time="47" type="end" type_id="30"/>
	<message comment="Peter Whittingham is substituted off" minute="37" period="1" second="56" time="37" type="substitution off" type_id="18"/>
	<message comment="Wilfried Zaha is substituted on" minute="37" period="1" second="56" time="37" type="substitution on" type_id="19"/>
	<message comment="Peter Whittingham misses attempt (To the right, Out of box, Left footed, Open play)" minute="37" period="1" second="25" time="37" type="attempt missed" type_id="13"/>
	<message comment="Bradley Johnson wins a corner (To the left)" minute="36" period="1" second="14" time="36" type="corner" type_id="6"/>
	<message comment="Steven Caulker blocks a shot" minute="36" period="1" second="13" time="36" type="save made" type_id="10"/>
	<message comment="Bradley Johnson has shot blocked (Out of box, Left footed, Open play)" minute="36" period="1" second="13" time="36" type="attempt blocked" type_id="15"/>
	<message comment="Peter Whittingham misses attempt (High, Out of box, Left footed, Free kick)" minute="32" period="1" second="30" time="32" type="attempt missed" type_id="13"/>
	<message comment="Alexander Tettey recieves a yellow card" minute="31" period="1" second="37" time="31" type="card received" type_id="17"/>
	<message comment="Jordon Mutch wins a corner (To the left)" minute="30" period="1" second="40" time="30" type="corner" type_id="6"/>
	<message comment="Craig Bellamy wins a corner (To the right)" minute="29" period="1" second="44" time="29" type="corner" type_id="6"/>
	<message comment="Fabio wins a corner (To the right)" minute="29" period="1" second="14" time="29" type="corner" type_id="6"/>
	<message comment="Craig Noone misses attempt (To the right, Out of box, Left footed, Open play)" minute="25" period="1" second="24" time="25" type="attempt missed" type_id="13"/>
	<message comment="Johan Elmander recieves a yellow card" minute="23" period="1" second="24" time="23" type="card received" type_id="17"/>
	<message comment="Russell Martin wins a corner (To the right)" minute="22" period="1" second="42" time="22" type="corner" type_id="6"/>
	<message comment="Jordon Mutch is caught offside" minute="20" period="1" time="20" type="offside" type_id="10000"/>
	<message comment="John Ruddy makes a save (Standing)" minute="14" period="1" second="47" time="14" type="save made" type_id="10"/>
	<message comment="Gary Medel has attempt saved (Low to the centre, Out of box, Right footed, Open play)" minute="14" period="1" second="47" time="14" type="attempt blocked" type_id="15"/>
	<message comment="Ryan Bennett recieves a yellow card" minute="12" period="1" second="46" time="12" type="card received" type_id="17"/>
	<message comment="Jordon Mutch misses attempt (18-yard box, Big Chance, Left footed, Open play)" minute="9" period="1" second="50" time="9" type="attempt missed" type_id="13"/>
	<message comment="Steven Caulker misses attempt (High, 18-yard box, Head, Set piece)" minute="8" period="1" second="51" time="8" type="attempt missed" type_id="13"/>
	<message comment="Formation Set" minute="0" period="14" second="0" time="8" type="end" type_id="30"/>
	<message comment="Bradley Johnson misses attempt (High to the left, Out of box, Left footed, Open play)" minute="7" period="1" second="35" time="7" type="attempt missed" type_id="13"/>
	<message comment="Johan Elmander has shot blocked (Out of box, Right footed, Open play)" minute="5" period="1" second="14" time="5" type="attempt blocked" type_id="15"/>
	<message comment="Ben Turner blocks a shot" minute="5" period="1" second="14" time="5" type="save made" type_id="10"/>
	<message comment="GOAL! Robert Snodgrass scores  (Low to the right, 18-yard box, Big Chance, Left footed, Open play)" minute="4" period="1" second="13" time="4" type="goal scored" type_id="16"/>
	<message comment="Jonás Gutiérrez misses attempt (High to the left, 18-yard box, Head, Open play)" minute="2" period="1" second="50" time="2" type="attempt missed" type_id="13"/>
	<message comment="John Ruddy makes a save (Collected, Diving)" minute="0" period="1" second="58" time="0" type="save made" type_id="10"/>
	<message comment="First half begins!" minute="0" period="1" second="0" time="0" type="start" type_id="32"/>
</Commentary>
