<?xml version="1.0" ?>
<Commentary away_team_name="Cardiff" competition="English Premier League" game_date="2014-03-08" home_team_name="Fulham" lang_id="en" season="Season 2013/2014" season_id="2013" sport_id="1" sport_name="Football">
	<message comment="Second half ends" minute="94" period="2" second="2" time="96" type="end" type_id="30"/>
	<message comment="Mats Møller Dæhli misses attempt (To the right, 18-yard box, Right footed, Fast break)" minute="92" period="2" second="24" time="94" type="attempt missed" type_id="13"/>
	<message comment="Ben Turner is substituted off" minute="89" period="2" second="52" time="91" type="substitution off" type_id="18"/>
	<message comment="Kévin Théophile-Catherine is substituted on" minute="89" period="2" second="52" time="91" type="substitution on" type_id="19"/>
	<message comment="David Marshall makes a save (Collected)" minute="88" period="2" second="32" time="90" type="save made" type_id="10"/>
	<message comment="Darren Bent has attempt saved (Low to the right, 18-yard box, Right footed, Open play)" minute="88" period="2" second="32" time="90" type="attempt blocked" type_id="15"/>
	<message comment="David Marshall makes a save (Collected)" minute="88" period="2" second="2" time="90" type="save made" type_id="10"/>
	<message comment="Kostas Mitroglou has attempt saved (Low to the right, 18-yard box, Left footed, Open play)" minute="88" period="2" second="2" time="90" type="attempt blocked" type_id="15"/>
	<message comment="Kim Bo-Kyung has attempt saved (Low to the right, Out of box, Left footed, Open play)" minute="87" period="2" second="12" time="89" type="attempt blocked" type_id="15"/>
	<message comment="Maarten Stekelenburg makes a save (Collected, Diving)" minute="87" period="2" second="12" time="89" type="save made" type_id="10"/>
	<message comment="Ben Turner blocks a shot" minute="83" period="2" second="3" time="85" type="save made" type_id="10"/>
	<message comment="Steve Sidwell has shot blocked (Out of box, Right footed, Open play)" minute="83" period="2" second="3" time="85" type="attempt blocked" type_id="15"/>
	<message comment="Steve Sidwell is caught offside" minute="81" period="2" time="83" type="offside" type_id="10000"/>
	<message comment="Gary Medel is substituted off" minute="80" period="2" second="6" time="82" type="substitution off" type_id="18"/>
	<message comment="Magnus Wolff Eikrem is substituted on" minute="80" period="2" second="6" time="82" type="substitution on" type_id="19"/>
	<message comment="Kostas Mitroglou wins a corner (To the left)" minute="76" period="2" second="10" time="78" type="corner" type_id="6"/>
	<message comment="David Marshall makes a save (Parried safe)" minute="76" period="2" second="8" time="78" type="save made" type_id="10"/>
	<message comment="Kostas Mitroglou has attempt saved (High to the centre, 18-yard box, Left footed, From corner)" minute="76" period="2" second="8" time="78" type="attempt blocked" type_id="15"/>
	<message comment="Kostas Mitroglou wins a corner (To the left)" minute="75" period="2" second="46" time="77" type="corner" type_id="6"/>
	<message comment="Kostas Mitroglou misses attempt (18-yard box, Head, From corner)" minute="75" period="2" second="41" time="77" type="attempt missed" type_id="13"/>
	<message comment="Cauley Woodrow is substituted off" minute="75" period="2" second="16" time="77" type="substitution off" type_id="18"/>
	<message comment="Darren Bent is substituted on" minute="75" period="2" second="16" time="77" type="substitution on" type_id="19"/>
	<message comment="Kieran Richardson wins a corner (To the left)" minute="74" period="2" second="31" time="76" type="corner" type_id="6"/>
	<message comment="Fraizer Campbell is substituted off" minute="71" period="2" second="47" time="73" type="substitution off" type_id="18"/>
	<message comment="Mats Møller Dæhli is substituted on" minute="71" period="2" second="47" time="73" type="substitution on" type_id="19"/>
	<message comment="Sascha Riether scores an OWN GOAL!  (Low to the left, 6-yard box, Other body part, Open play)" minute="70" period="2" second="47" time="72" type="goal scored" type_id="16"/>
	<message comment="Maarten Stekelenburg makes a save (Standing, Parried into danger)" minute="70" period="2" second="40" time="72" type="save made" type_id="10"/>
	<message comment="Jordon Mutch has attempt saved (Low to the centre, 6-yard box, Big Chance, Head, Open play)" minute="70" period="2" second="40" time="72" type="attempt blocked" type_id="15"/>
	<message comment="Kostas Mitroglou is caught offside" minute="67" period="2" time="69" type="offside" type_id="10000"/>
	<message comment="GOAL! Steven Caulker scores , Assisted by Jordon Mutch (Low to the centre, 18-yard box, Head, From corner)" minute="66" period="2" second="31" time="68" type="goal scored" type_id="16"/>
	<message comment="Fraizer Campbell wins a corner (To the right)" minute="66" period="2" second="16" time="68" type="corner" type_id="6"/>
	<message comment="Sascha Riether blocks a shot" minute="66" period="2" second="13" time="68" type="save made" type_id="10"/>
	<message comment="Fraizer Campbell has shot blocked (18-yard box, Right footed, From corner)" minute="66" period="2" second="13" time="68" type="attempt blocked" type_id="15"/>
	<message comment="Kim Bo-Kyung wins a corner (To the right)" minute="65" period="2" second="58" time="67" type="corner" type_id="6"/>
	<message comment="Maarten Stekelenburg makes a save (Parried safe, Diving)" minute="65" period="2" second="54" time="67" type="save made" type_id="10"/>
	<message comment="Kim Bo-Kyung has attempt saved (Low to the right, 18-yard box, Left footed, From corner)" minute="65" period="2" second="54" time="67" type="attempt blocked" type_id="15"/>
	<message comment="Jordon Mutch wins a corner (To the right)" minute="65" period="2" second="42" time="67" type="corner" type_id="6"/>
	<message comment="Kostas Mitroglou blocks a shot" minute="63" period="2" second="3" time="65" type="save made" type_id="10"/>
	<message comment="Steven Caulker has shot blocked (18-yard box, Right footed, Set piece)" minute="63" period="2" second="3" time="65" type="attempt blocked" type_id="15"/>
	<message comment="GOAL! Lewis Holtby scores , Assisted by John Heitinga (Low to the right, 6-yard box, Big Chance, Left footed, From corner)" minute="58" period="2" second="55" time="60" type="goal scored" type_id="16"/>
	<message comment="John Heitinga misses attempt (To the right, 18-yard box, Key pass, Head, From corner)" minute="58" period="2" second="53" time="60" type="attempt missed" type_id="13"/>
	<message comment="Kostas Mitroglou wins a corner (To the left)" minute="58" period="2" second="25" time="60" type="corner" type_id="6"/>
	<message comment="Kostas Mitroglou misses attempt (18-yard box, Left footed, Open play)" minute="56" period="2" second="32" time="58" type="attempt missed" type_id="13"/>
	<message comment="Kim Bo-Kyung recieves a yellow card" minute="55" period="2" second="6" time="57" type="card received" type_id="17"/>
	<message comment="Declan John wins a corner (To the left)" minute="53" period="2" second="22" time="55" type="corner" type_id="6"/>
	<message comment="Brede Hangeland blocks a shot" minute="52" period="2" second="27" time="54" type="save made" type_id="10"/>
	<message comment="Kim Bo-Kyung has shot blocked (Out of box, Right footed, Open play)" minute="52" period="2" second="27" time="54" type="attempt blocked" type_id="15"/>
	<message comment="Alexander Kacaniklic misses attempt (Out of box, Left footed, Open play)" minute="51" period="2" second="33" time="53" type="attempt missed" type_id="13"/>
	<message comment="Kostas Mitroglou wins a corner (To the right)" minute="50" period="2" second="12" time="52" type="corner" type_id="6"/>
	<message comment="Kostas Mitroglou has shot blocked (18-yard box, Left footed, Set piece)" minute="50" period="2" second="11" time="52" type="attempt blocked" type_id="15"/>
	<message comment="Kenwyne Jones blocks a shot" minute="50" period="2" second="11" time="52" type="save made" type_id="10"/>
	<message comment="Ashkan Dejagah is substituted off" minute="49" period="2" second="44" time="51" type="substitution off" type_id="18"/>
	<message comment="Giorgos Karagounis is substituted on" minute="49" period="2" second="44" time="51" type="substitution on" type_id="19"/>
	<message comment="Kenwyne Jones misses attempt (6-yard box, Big Chance, Head, Open play)" minute="48" period="2" second="23" time="50" type="attempt missed" type_id="13"/>
	<message comment="Lewis Holtby wins a corner (To the right)" minute="46" period="2" second="34" time="48" type="corner" type_id="6"/>
	<message comment="Lewis Holtby has attempt saved (Low to the right, Out of box, Left footed, Open play)" minute="46" period="2" second="31" time="48" type="attempt blocked" type_id="15"/>
	<message comment="David Marshall makes a save (Parried safe, Diving)" minute="46" period="2" second="31" time="48" type="save made" type_id="10"/>
	<message comment="Jordon Mutch misses attempt (To the right, Out of box, Right footed, Open play)" minute="45" period="2" second="37" time="47" type="attempt missed" type_id="13"/>
	<message comment="John Arne Riise is substituted off" minute="45" period="2" second="0" time="47" type="substitution off" type_id="18"/>
	<message comment="Alexander Kacaniklic is substituted on" minute="45" period="2" second="0" time="47" type="substitution on" type_id="19"/>
	<message comment="Second half begins!" minute="45" period="2" second="0" time="47" type="start" type_id="32"/>
	<message comment="First half ends" minute="46" period="1" second="46" time="46" type="end" type_id="30"/>
	<message comment="GOAL! Steven Caulker scores  (Low to the centre, 6-yard box, Big Chance, Right footed, From corner)" minute="45" period="1" second="49" time="45" type="goal scored" type_id="16"/>
	<message comment="Sascha Riether blocks a shot" minute="45" period="1" second="48" time="45" type="save made" type_id="10"/>
	<message comment="Craig Noone has shot blocked (18-yard box, Left footed, From corner)" minute="45" period="1" second="48" time="45" type="attempt blocked" type_id="15"/>
	<message comment="Kim Bo-Kyung wins a corner (To the left)" minute="45" period="1" second="19" time="45" type="corner" type_id="6"/>
	<message comment="Kenwyne Jones wins a corner (To the left)" minute="44" period="1" second="48" time="44" type="corner" type_id="6"/>
	<message comment="Maarten Stekelenburg makes a save (Parried safe, Diving)" minute="44" period="1" second="41" time="44" type="save made" type_id="10"/>
	<message comment="Kenwyne Jones has attempt saved (High to the left, 18-yard box, Big Chance, Right footed, Open play)" minute="44" period="1" second="41" time="44" type="attempt blocked" type_id="15"/>
	<message comment="Kostas Mitroglou misses attempt (To the right, 18-yard box, Head, Open play)" minute="39" period="1" second="42" time="39" type="attempt missed" type_id="13"/>
	<message comment="Jordon Mutch misses attempt (High to the left, Out of box, Left footed, Open play)" minute="37" period="1" second="23" time="37" type="attempt missed" type_id="13"/>
	<message comment="Craig Noone wins a corner (To the right)" minute="34" period="1" second="40" time="34" type="corner" type_id="6"/>
	<message comment="Maarten Stekelenburg makes a save (Collected)" minute="30" period="1" second="41" time="30" type="save made" type_id="10"/>
	<message comment="Kim Bo-Kyung has attempt saved (Low to the centre, Out of box, Left footed, Open play)" minute="30" period="1" second="41" time="30" type="attempt blocked" type_id="15"/>
	<message comment="Craig Noone misses attempt (High to the left, Out of box, Left footed, Open play)" minute="26" period="1" second="21" time="26" type="attempt missed" type_id="13"/>
	<message comment="Maarten Stekelenburg makes a save" minute="25" period="1" second="50" time="25" type="save made" type_id="10"/>
	<message comment="Kenwyne Jones has attempt saved (Low to the centre, 18-yard box, Head, Open play)" minute="25" period="1" second="50" time="25" type="attempt blocked" type_id="15"/>
	<message comment="Craig Noone misses attempt (To the right, Out of box, Left footed, Open play)" minute="21" period="1" second="15" time="21" type="attempt missed" type_id="13"/>
	<message comment="Kostas Mitroglou has attempt saved (Low to the centre, Out of box, Left footed, Open play)" minute="16" period="1" second="30" time="16" type="attempt blocked" type_id="15"/>
	<message comment="David Marshall makes a save (Collected)" minute="16" period="1" second="30" time="16" type="save made" type_id="10"/>
	<message comment="Maarten Stekelenburg makes a save (Diving, Parried safe)" minute="15" period="1" second="37" time="15" type="save made" type_id="10"/>
	<message comment="Fraizer Campbell has attempt saved (Low to the right, Out of box, Right footed, Open play)" minute="15" period="1" second="37" time="15" type="attempt blocked" type_id="15"/>
	<message comment="Ashkan Dejagah misses attempt (18-yard box, Right footed, Set piece)" minute="10" period="1" second="1" time="10" type="attempt missed" type_id="13"/>
	<message comment="Formation Set" minute="0" period="14" second="0" time="6" type="end" type_id="30"/>
	<message comment="First half begins!" minute="0" period="1" second="0" time="0" type="start" type_id="32"/>
</Commentary>
