<?xml version="1.0" ?>
<Commentary away_team_name="Chelsea" competition="English Premier League" game_date="2012-05-02" home_team_name="Newcastle United" lang_id="en" season="Season 2011/2012" season_id="2011" sport_id="1" sport_name="Football">
	<message comment="Second half ends" minute="101" period="2" second="2" time="103" type="end" type_id="30"/>
	<message comment="Juan Mata misses attempt (To the left, Out of box, Right footed, Open play)" minute="96" period="2" second="26" time="98" type="attempt missed" type_id="13"/>
	<message comment="GOAL! Papiss Demba Cissé scores , Assisted by Shola Ameobi (Low to the right, Out of box, Right footed, Throw-in)" minute="93" period="2" second="26" time="95" type="goal scored" type_id="16"/>
	<message comment="Tim Krul recieves a yellow card" minute="90" period="2" second="21" time="92" type="card received" type_id="17"/>
	<message comment="José Bosingwa wins a corner (To the right)" minute="88" period="2" second="2" time="90" type="corner" type_id="6"/>
	<message comment="Davide Santon blocks a shot (Last line)" minute="87" period="2" second="15" time="89" type="save made" type_id="10"/>
	<message comment="John Terry has shot blocked (18-yard box, Head, From corner)" minute="87" period="2" second="15" time="89" type="attempt blocked" type_id="15"/>
	<message comment="Hatem Ben Arfa is substituted off" minute="86" period="2" second="59" time="88" type="substitution off" type_id="18"/>
	<message comment="Gabriel Obertan is substituted on" minute="86" period="2" second="59" time="88" type="substitution on" type_id="19"/>
	<message comment="Frank Lampard wins a corner (To the right)" minute="86" period="2" second="25" time="88" type="corner" type_id="6"/>
	<message comment="Mike Williamson blocks a shot" minute="86" period="2" second="21" time="88" type="save made" type_id="10"/>
	<message comment="Frank Lampard has shot blocked (Out of box, Right footed, Open play)" minute="86" period="2" second="21" time="88" type="attempt blocked" type_id="15"/>
	<message comment="Didier Drogba wins a corner (To the right)" minute="84" period="2" second="46" time="86" type="corner" type_id="6"/>
	<message comment="Papiss Demba Cissé is caught offside" minute="83" period="2" time="85" type="offside" type_id="10000"/>
	<message comment="Frank Lampard misses attempt (To the right, Out of box, Right footed, Open play)" minute="80" period="2" second="38" time="82" type="attempt missed" type_id="13"/>
	<message comment="Didier Drogba misses attempt (High, Out of box, Right footed, Free kick)" minute="78" period="2" second="24" time="80" type="attempt missed" type_id="13"/>
	<message comment="Raul Meireles is substituted off" minute="77" period="2" second="25" time="79" type="substitution off" type_id="18"/>
	<message comment="Frank Lampard is substituted on" minute="77" period="2" second="25" time="79" type="substitution on" type_id="19"/>
	<message comment="Tim Krul makes a save (Standing)" minute="76" period="2" second="4" time="78" type="save made" type_id="10"/>
	<message comment="Didier Drogba has attempt saved (High to the centre, Out of box, Right footed, Free kick)" minute="76" period="2" second="4" time="78" type="attempt blocked" type_id="15"/>
	<message comment="Demba Ba is substituted off" minute="74" period="2" second="9" time="76" type="substitution off" type_id="18"/>
	<message comment="Shola Ameobi is substituted on" minute="74" period="2" second="9" time="76" type="substitution on" type_id="19"/>
	<message comment="Hatem Ben Arfa misses attempt (High, Out of box, Left footed, Open play)" minute="73" period="2" second="32" time="75" type="attempt missed" type_id="13"/>
	<message comment="Fernando Torres misses attempt (High to the right, 18-yard box, Right footed, Open play)" minute="70" period="2" second="56" time="72" type="attempt missed" type_id="13"/>
	<message comment="James Perch blocks a shot" minute="69" period="2" second="18" time="71" type="save made" type_id="10"/>
	<message comment="Ryan Bertrand has shot blocked (Out of box, Left footed, Open play)" minute="69" period="2" second="18" time="71" type="attempt blocked" type_id="15"/>
	<message comment="Cheick Tioté is substituted off" minute="67" period="2" second="54" time="69" type="substitution off" type_id="18"/>
	<message comment="Ryan Taylor is substituted on" minute="67" period="2" second="54" time="69" type="substitution on" type_id="19"/>
	<message comment="Florent Malouda is substituted off" minute="60" period="2" second="24" time="62" type="substitution off" type_id="18"/>
	<message comment="Didier Drogba is substituted on" minute="60" period="2" second="24" time="62" type="substitution on" type_id="19"/>
	<message comment="Yohan Cabaye recieves a yellow card" minute="55" period="2" second="40" time="57" type="card received" type_id="17"/>
	<message comment="John Obi Mikel misses attempt (To the right, Out of box, Right footed, Open play)" minute="54" period="2" second="3" time="56" type="attempt missed" type_id="13"/>
	<message comment="Fernando Torres is caught offside" minute="54" period="2" time="56" type="offside" type_id="10000"/>
	<message comment="Juan Mata is caught offside" minute="52" period="2" time="54" type="offside" type_id="10000"/>
	<message comment="Tim Krul wins a corner (To the right)" minute="51" period="2" second="47" time="53" type="corner" type_id="6"/>
	<message comment="Cheick Tioté blocks a shot" minute="45" period="2" second="52" time="47" type="save made" type_id="10"/>
	<message comment="Raul Meireles has shot blocked (18-yard box, Right footed, Open play)" minute="45" period="2" second="52" time="47" type="attempt blocked" type_id="15"/>
	<message comment="Daniel Sturridge is substituted off" minute="45" period="2" second="0" time="47" type="substitution off" type_id="18"/>
	<message comment="Juan Mata is substituted on" minute="45" period="2" second="0" time="47" type="substitution on" type_id="19"/>
	<message comment="Second half begins!" minute="45" period="2" second="0" time="47" type="start" type_id="32"/>
	<message comment="First half ends" minute="46" period="1" second="2" time="46" type="end" type_id="30"/>
	<message comment="Mike Williamson misses attempt (18-yard box, Head, From corner)" minute="45" period="1" second="41" time="45" type="attempt missed" type_id="13"/>
	<message comment="Yohan Cabaye wins a corner (To the right)" minute="45" period="1" second="15" time="45" type="corner" type_id="6"/>
	<message comment="Cheick Tioté misses attempt (High to the left, Out of box, Right footed, From corner)" minute="44" period="1" second="37" time="44" type="attempt missed" type_id="13"/>
	<message comment="Demba Ba hits the woodwork (High, 18-yard box, Right footed, From corner)" minute="44" period="1" second="32" time="44" type="woodwork hit" type_id="14"/>
	<message comment="Hatem Ben Arfa wins a corner (To the right)" minute="44" period="1" second="12" time="44" type="corner" type_id="6"/>
	<message comment="Demba Ba wins a corner (To the right)" minute="43" period="1" second="40" time="43" type="corner" type_id="6"/>
	<message comment="Demba Ba has attempt saved (Low to the right, Out of box, Left footed, Open play)" minute="43" period="1" second="34" time="43" type="attempt blocked" type_id="15"/>
	<message comment="Petr Cech makes a save (Parried into danger, Diving)" minute="43" period="1" second="34" time="43" type="save made" type_id="10"/>
	<message comment="Demba Ba is caught offside" minute="42" period="1" time="42" type="offside" type_id="10000"/>
	<message comment="Demba Ba has attempt saved (Low to the right, 18-yard box, Right footed, Open play)" minute="39" period="1" second="34" time="39" type="attempt blocked" type_id="15"/>
	<message comment="Petr Cech makes a save (Diving)" minute="39" period="1" second="34" time="39" type="save made" type_id="10"/>
	<message comment="Branislav Ivanovic misses attempt (High to the right, 6-yard box, Head, From corner)" minute="38" period="1" second="24" time="38" type="attempt missed" type_id="13"/>
	<message comment="Daniel Sturridge wins a corner (To the left)" minute="38" period="1" second="3" time="38" type="corner" type_id="6"/>
	<message comment="Davide Santon blocks a shot" minute="38" period="1" second="2" time="38" type="save made" type_id="10"/>
	<message comment="Daniel Sturridge has shot blocked (18-yard box, Left footed, Open play)" minute="38" period="1" second="2" time="38" type="attempt blocked" type_id="15"/>
	<message comment="Florent Malouda misses attempt (To the left, 18-yard box, Head, Open play)" minute="37" period="1" second="17" time="37" type="attempt missed" type_id="13"/>
	<message comment="Ramires is caught offside" minute="31" period="1" time="31" type="offside" type_id="10000"/>
	<message comment="Ramires misses attempt (To the left, Out of box, Right footed, Open play)" minute="29" period="1" second="58" time="29" type="attempt missed" type_id="13"/>
	<message comment="Jonás Gutiérrez misses attempt (To the left, Out of box, Right footed, Open play)" minute="28" period="1" second="35" time="28" type="attempt missed" type_id="13"/>
	<message comment="Daniel Sturridge misses attempt (High to the left, Out of box, Left footed, Open play)" minute="24" period="1" second="57" time="24" type="attempt missed" type_id="13"/>
	<message comment="Cheick Tioté misses attempt (To the left, Out of box, Right footed, Open play)" minute="21" period="1" second="45" time="21" type="attempt missed" type_id="13"/>
	<message comment="Demba Ba is caught offside" minute="21" period="1" time="21" type="offside" type_id="10000"/>
	<message comment="Jonás Gutiérrez is caught offside" minute="20" period="1" time="20" type="offside" type_id="10000"/>
	<message comment="GOAL! Papiss Demba Cissé scores , Assisted by Davide Santon (High to the right, 18-yard box, Left footed, Open play)" minute="18" period="1" second="24" time="18" type="goal scored" type_id="16"/>
	<message comment="Demba Ba misses attempt (High, 18-yard box, Right footed, Set piece)" minute="14" period="1" second="13" time="14" type="attempt missed" type_id="13"/>
	<message comment="Petr Cech makes a save (Diving, From shot off target)" minute="13" period="1" second="14" time="13" type="save made" type_id="10"/>
	<message comment="Cheick Tioté misses attempt (Out of box, Right footed, Open play)" minute="13" period="1" second="11" time="13" type="attempt missed" type_id="13"/>
	<message comment="Formation Set" minute="0" period="14" second="0" time="13" type="end" type_id="30"/>
	<message comment="Daniel Sturridge misses attempt (To the right, 18-yard box, Left footed, Open play)" minute="10" period="1" second="18" time="10" type="attempt missed" type_id="13"/>
	<message comment="Davide Santon has shot blocked (Out of box, Right footed, Open play)" minute="6" period="1" second="36" time="6" type="attempt blocked" type_id="15"/>
	<message comment="José Bosingwa blocks a shot" minute="6" period="1" second="36" time="6" type="save made" type_id="10"/>
	<message comment="Tim Krul makes a save (Standing)" minute="4" period="1" second="35" time="4" type="save made" type_id="10"/>
	<message comment="Raul Meireles has attempt saved (Low to the centre, Out of box, Right footed, Free kick)" minute="4" period="1" second="35" time="4" type="attempt blocked" type_id="15"/>
	<message comment="Cheick Tioté recieves a yellow card" minute="3" period="1" second="46" time="3" type="card received" type_id="17"/>
	<message comment="Raul Meireles misses attempt (High, Out of box, Left footed, Open play)" minute="0" period="1" second="34" time="0" type="attempt missed" type_id="13"/>
	<message comment="First half begins!" minute="0" period="1" second="0" time="0" type="start" type_id="32"/>
</Commentary>
