<?xml version="1.0" ?>
<Commentary away_team_name="Chelsea" competition="English Premier League" game_date="2012-01-14" home_team_name="Sunderland" lang_id="en" season="Season 2011/2012" season_id="2011" sport_id="1" sport_name="Football">
	<message comment="Second half ends" minute="93" period="2" second="17" time="97" type="end" type_id="30"/>
	<message comment="Nicklas Bendtner misses attempt (18-yard box, Big Chance, Left footed, Open play)" minute="92" period="2" second="11" time="96" type="attempt missed" type_id="13"/>
	<message comment="Simon Mignolet makes a save (Collected)" minute="89" period="2" second="50" time="93" type="save made" type_id="10"/>
	<message comment="Florent Malouda has attempt saved (Low to the centre, Out of box, Left footed, Open play)" minute="89" period="2" second="50" time="93" type="attempt blocked" type_id="15"/>
	<message comment="Craig Gardner misses attempt (18-yard box, Big Chance, Right footed, Open play)" minute="89" period="2" second="9" time="93" type="attempt missed" type_id="13"/>
	<message comment="Raul Meireles misses attempt (High to the right, 18-yard box, Right footed, Throw-in)" minute="87" period="2" second="54" time="91" type="attempt missed" type_id="13"/>
	<message comment="Fernando Torres wins a corner (To the right)" minute="86" period="2" second="47" time="90" type="corner" type_id="6"/>
	<message comment="Raul Meireles wins a corner (To the right)" minute="85" period="2" second="5" time="89" type="corner" type_id="6"/>
	<message comment="Simon Mignolet makes a save (Parried safe)" minute="85" period="2" second="2" time="89" type="save made" type_id="10"/>
	<message comment="Raul Meireles has attempt saved (High to the centre, Out of box, Right footed, Open play)" minute="85" period="2" second="2" time="89" type="attempt blocked" type_id="15"/>
	<message comment="Juan Mata is substituted off" minute="84" period="2" second="40" time="88" type="substitution off" type_id="18"/>
	<message comment="Florent Malouda is substituted on" minute="84" period="2" second="40" time="88" type="substitution on" type_id="19"/>
	<message comment="James McClean wins a corner (To the left)" minute="80" period="2" second="56" time="84" type="corner" type_id="6"/>
	<message comment="Kieran Richardson is substituted off" minute="80" period="2" second="4" time="84" type="substitution off" type_id="18"/>
	<message comment="Connor Wickham is substituted on" minute="80" period="2" second="4" time="84" type="substitution on" type_id="19"/>
	<message comment="Michael Essien is caught offside" minute="79" period="2" time="83" type="offside" type_id="10000"/>
	<message comment="Ramires wins a corner (To the right)" minute="78" period="2" second="53" time="82" type="corner" type_id="6"/>
	<message comment="Juan Mata misses attempt (Out of box, Left footed, Throw-in)" minute="76" period="2" second="45" time="80" type="attempt missed" type_id="13"/>
	<message comment="Michael Essien misses attempt (Out of box, Right footed, Open play)" minute="74" period="2" second="25" time="78" type="attempt missed" type_id="13"/>
	<message comment="Frank Lampard is substituted off" minute="72" period="2" second="59" time="76" type="substitution off" type_id="18"/>
	<message comment="Michael Essien is substituted on" minute="72" period="2" second="59" time="76" type="substitution on" type_id="19"/>
	<message comment="Raul Meireles recieves a yellow card" minute="72" period="2" second="24" time="76" type="card received" type_id="17"/>
	<message comment="Juan Mata misses attempt (High, Out of box, Left footed, Free kick)" minute="70" period="2" second="50" time="74" type="attempt missed" type_id="13"/>
	<message comment="David Vaughan is substituted off" minute="68" period="2" second="54" time="72" type="substitution off" type_id="18"/>
	<message comment="Craig Gardner is substituted on" minute="68" period="2" second="54" time="72" type="substitution on" type_id="19"/>
	<message comment="Juan Mata is caught offside" minute="68" period="2" time="72" type="offside" type_id="10000"/>
	<message comment="Fernando Torres recieves a yellow card" minute="65" period="2" second="21" time="69" type="card received" type_id="17"/>
	<message comment="Frank Lampard misses attempt (High, Out of box, Right footed, Free kick)" minute="64" period="2" second="31" time="68" type="attempt missed" type_id="13"/>
	<message comment="James McClean misses attempt (To the left, 18-yard box, Big Chance, Left footed, Fast break)" minute="63" period="2" second="2" time="67" type="attempt missed" type_id="13"/>
	<message comment="Kieran Richardson has shot blocked (Out of box, Left footed, Open play)" minute="62" period="2" second="7" time="66" type="attempt blocked" type_id="15"/>
	<message comment="Raul Meireles blocks a shot" minute="62" period="2" second="7" time="66" type="save made" type_id="10"/>
	<message comment="David Vaughan misses attempt (Out of box, Left footed, Open play)" minute="59" period="2" second="20" time="63" type="attempt missed" type_id="13"/>
	<message comment="Lee Cattermole recieves a yellow card" minute="58" period="2" second="11" time="62" type="card received" type_id="17"/>
	<message comment="Simon Mignolet makes a save (Parried safe, Diving)" minute="56" period="2" second="57" time="60" type="save made" type_id="10"/>
	<message comment="Juan Mata has attempt saved (Low to the centre, 18-yard box, Left footed, Open play)" minute="56" period="2" second="57" time="60" type="attempt blocked" type_id="15"/>
	<message comment="Ramires misses attempt (To the left, 18-yard box, Left footed, Open play)" minute="55" period="2" second="47" time="59" type="attempt missed" type_id="13"/>
	<message comment="Juan Mata misses attempt (High to the left, 18-yard box, Left footed, From corner)" minute="52" period="2" second="15" time="56" type="attempt missed" type_id="13"/>
	<message comment="David Luiz wins a corner (To the left)" minute="52" period="2" second="0" time="56" type="corner" type_id="6"/>
	<message comment="Fernando Torres wins a corner (To the right)" minute="51" period="2" second="13" time="55" type="corner" type_id="6"/>
	<message comment="Simon Mignolet makes a save (Parried safe, Diving)" minute="51" period="2" second="12" time="55" type="save made" type_id="10"/>
	<message comment="Fernando Torres has attempt saved (Low to the right, 18-yard box, Right footed, Open play)" minute="51" period="2" second="12" time="55" type="attempt blocked" type_id="15"/>
	<message comment="Stéphane Sessegnon has attempt saved (High to the centre, 18-yard box, Right footed, Open play)" minute="47" period="2" second="20" time="51" type="attempt blocked" type_id="15"/>
	<message comment="Petr Cech makes a save (Standing)" minute="47" period="2" second="20" time="51" type="save made" type_id="10"/>
	<message comment="Second half begins!" minute="45" period="2" second="0" time="49" type="start" type_id="32"/>
	<message comment="First half ends" minute="48" period="1" second="32" time="48" type="end" type_id="30"/>
	<message comment="Matthew Kilgallon is substituted off" minute="45" period="1" second="16" time="45" type="substitution off" type_id="18"/>
	<message comment="Michael Turner is substituted on" minute="45" period="1" second="16" time="45" type="substitution on" type_id="19"/>
	<message comment="Fernando Torres misses attempt (Out of box, Right footed, Open play)" minute="38" period="1" second="46" time="38" type="attempt missed" type_id="13"/>
	<message comment="Nicklas Bendtner misses attempt (18-yard box, Right footed, Open play)" minute="34" period="1" second="42" time="34" type="attempt missed" type_id="13"/>
	<message comment="Nicklas Bendtner wins a corner (To the right)" minute="33" period="1" second="22" time="33" type="corner" type_id="6"/>
	<message comment="Simon Mignolet makes a save (Diving, Collected)" minute="30" period="1" second="30" time="30" type="save made" type_id="10"/>
	<message comment="Ashley Cole has attempt saved (Low to the left, Out of box, Left footed, Open play)" minute="30" period="1" second="30" time="30" type="attempt blocked" type_id="15"/>
	<message comment="Matthew Kilgallon blocks a shot" minute="30" period="1" second="24" time="30" type="save made" type_id="10"/>
	<message comment="Fernando Torres has shot blocked (18-yard box, Head, Open play)" minute="30" period="1" second="24" time="30" type="attempt blocked" type_id="15"/>
	<message comment="Simon Mignolet makes a save (Diving)" minute="26" period="1" second="49" time="26" type="save made" type_id="10"/>
	<message comment="Juan Mata has attempt saved (Low to the right, Out of box, Left footed, Free kick)" minute="26" period="1" second="49" time="26" type="attempt blocked" type_id="15"/>
	<message comment="David Luiz misses attempt (High to the left, Out of box, Right footed, Open play)" minute="24" period="1" second="45" time="24" type="attempt missed" type_id="13"/>
	<message comment="Matthew Kilgallon blocks a shot" minute="24" period="1" second="41" time="24" type="save made" type_id="10"/>
	<message comment="Juan Mata has shot blocked (Out of box, Left footed, Open play)" minute="24" period="1" second="41" time="24" type="attempt blocked" type_id="15"/>
	<message comment="John O'Shea blocks a shot" minute="17" period="1" second="1" time="17" type="save made" type_id="10"/>
	<message comment="Oriol Romeu has shot blocked (Out of box, Right footed, From corner)" minute="17" period="1" second="1" time="17" type="attempt blocked" type_id="15"/>
	<message comment="Frank Lampard wins a corner (To the left)" minute="16" period="1" second="44" time="16" type="corner" type_id="6"/>
	<message comment="Nicklas Bendtner blocks a shot" minute="16" period="1" second="40" time="16" type="save made" type_id="10"/>
	<message comment="Frank Lampard has shot blocked (18-yard box, Left footed, From corner)" minute="16" period="1" second="40" time="16" type="attempt blocked" type_id="15"/>
	<message comment="Raul Meireles wins a corner (To the left)" minute="16" period="1" second="19" time="16" type="corner" type_id="6"/>
	<message comment="Nicklas Bendtner has attempt saved (Low to the centre, 18-yard box, Head, Open play)" minute="15" period="1" second="33" time="15" type="attempt blocked" type_id="15"/>
	<message comment="Petr Cech makes a save" minute="15" period="1" second="33" time="15" type="save made" type_id="10"/>
	<message comment="GOAL! Frank Lampard scores  (Low to the centre, 6-yard box, Big Chance, Right footed, Open play)" minute="12" period="1" second="24" time="12" type="goal scored" type_id="16"/>
	<message comment="Fernando Torres hits the woodwork (High, 18-yard box, Right footed, Open play)" minute="12" period="1" second="23" time="12" type="woodwork hit" type_id="14"/>
	<message comment="Matthew Kilgallon blocks a shot" minute="11" period="1" second="59" time="11" type="save made" type_id="10"/>
	<message comment="Raul Meireles has shot blocked (Out of box, Right footed, Open play)" minute="11" period="1" second="59" time="11" type="attempt blocked" type_id="15"/>
	<message comment="Fernando Torres misses attempt (To the right, 18-yard box, Head, Open play)" minute="10" period="1" second="13" time="10" type="attempt missed" type_id="13"/>
	<message comment="Sebastian Larsson has attempt saved (High to the left, Out of box, Right footed, Free kick)" minute="8" period="1" second="49" time="8" type="attempt blocked" type_id="15"/>
	<message comment="Petr Cech makes a save (Parried safe, Standing)" minute="8" period="1" second="49" time="8" type="save made" type_id="10"/>
	<message comment="David Luiz recieves a yellow card" minute="8" period="1" second="3" time="8" type="card received" type_id="17"/>
	<message comment="Formation Set" minute="0" period="14" second="0" time="7" type="end" type_id="30"/>
	<message comment="Frank Lampard misses attempt (High, 18-yard box, Head, Open play)" minute="4" period="1" second="31" time="4" type="attempt missed" type_id="13"/>
	<message comment="Phil Bardsley blocks a shot" minute="4" period="1" second="23" time="4" type="save made" type_id="10"/>
	<message comment="Frank Lampard has shot blocked (18-yard box, Right footed, From corner)" minute="4" period="1" second="23" time="4" type="attempt blocked" type_id="15"/>
	<message comment="Ramires wins a corner (To the right)" minute="3" period="1" second="59" time="3" type="corner" type_id="6"/>
	<message comment="First half begins!" minute="0" period="1" second="0" time="0" type="start" type_id="32"/>
</Commentary>
