<?xml version="1.0" ?>
<Commentary away_team_name="Chelsea" competition="English Premier League" game_date="2012-09-22" home_team_name="Stoke" lang_id="en" season="Season 2012/2013" season_id="2012" sport_id="1" sport_name="Football">
	<message comment="Second half ends" minute="95" period="2" second="15" time="97" type="end" type_id="30"/>
	<message comment="David Luiz recieves a yellow card" minute="92" period="2" second="11" time="94" type="card received" type_id="17"/>
	<message comment="Ashley Cole wins a corner (To the left)" minute="90" period="2" second="14" time="92" type="corner" type_id="6"/>
	<message comment="Juan Mata is substituted off" minute="88" period="2" second="26" time="90" type="substitution off" type_id="18"/>
	<message comment="John Terry is substituted on" minute="88" period="2" second="26" time="90" type="substitution on" type_id="19"/>
	<message comment="Frank Lampard is caught offside" minute="87" period="2" time="89" type="offside" type_id="10000"/>
	<message comment="Victor Moses wins a corner (To the left)" minute="86" period="2" second="38" time="88" type="corner" type_id="6"/>
	<message comment="Matthew Etherington blocks a shot" minute="86" period="2" second="37" time="88" type="save made" type_id="10"/>
	<message comment="Victor Moses has shot blocked (Out of box, Right footed, Open play)" minute="86" period="2" second="37" time="88" type="attempt blocked" type_id="15"/>
	<message comment="Marc Wilson wins a corner (To the left)" minute="86" period="2" second="4" time="88" type="corner" type_id="6"/>
	<message comment="GOAL! Ashley Cole scores , Assisted by Juan Mata (Low to the centre, 18-yard box, Big Chance, Left footed, Open play)" minute="84" period="2" second="10" time="86" type="goal scored" type_id="16"/>
	<message comment="Kenwyne Jones has shot blocked (18-yard box, Head, Set piece)" minute="82" period="2" second="37" time="84" type="attempt blocked" type_id="15"/>
	<message comment="Branislav Ivanovic blocks a shot" minute="82" period="2" second="37" time="84" type="save made" type_id="10"/>
	<message comment="John Obi Mikel is substituted off" minute="80" period="2" second="43" time="82" type="substitution off" type_id="18"/>
	<message comment="Frank Lampard is substituted on" minute="80" period="2" second="43" time="82" type="substitution on" type_id="19"/>
	<message comment="Victor Moses is caught offside" minute="80" period="2" time="82" type="offside" type_id="10000"/>
	<message comment="Kenwyne Jones has attempt saved (Low to the right, 18-yard box, Head, Throw-in)" minute="79" period="2" second="28" time="81" type="attempt blocked" type_id="15"/>
	<message comment="Petr Cech makes a save (Standing)" minute="79" period="2" second="28" time="81" type="save made" type_id="10"/>
	<message comment="Matthew Etherington misses attempt (To the right, 18-yard box, Left footed, Open play)" minute="78" period="2" second="25" time="80" type="attempt missed" type_id="13"/>
	<message comment="Ryan Shawcross blocks a shot" minute="76" period="2" second="14" time="78" type="save made" type_id="10"/>
	<message comment="John Obi Mikel has shot blocked (18-yard box, Right footed, Open play)" minute="76" period="2" second="14" time="78" type="attempt blocked" type_id="15"/>
	<message comment="Branislav Ivanovic wins a corner (To the right)" minute="75" period="2" second="28" time="77" type="corner" type_id="6"/>
	<message comment="Peter Crouch is substituted off" minute="74" period="2" second="49" time="76" type="substitution off" type_id="18"/>
	<message comment="Kenwyne Jones is substituted on" minute="74" period="2" second="49" time="76" type="substitution on" type_id="19"/>
	<message comment="Jonathan Walters is caught offside" minute="74" period="2" time="76" type="offside" type_id="10000"/>
	<message comment="Michael Kightly is substituted off" minute="71" period="2" second="18" time="73" type="substitution off" type_id="18"/>
	<message comment="Matthew Etherington is substituted on" minute="71" period="2" second="18" time="73" type="substitution on" type_id="19"/>
	<message comment="Glenn Whelan misses attempt (High, Out of box, Right footed, Open play)" minute="70" period="2" second="37" time="72" type="attempt missed" type_id="13"/>
	<message comment="Oscar misses attempt (Out of box, Right footed, Open play)" minute="69" period="2" second="44" time="71" type="attempt missed" type_id="13"/>
	<message comment="Asmir Begovic makes a save (Diving)" minute="66" period="2" second="17" time="68" type="save made" type_id="10"/>
	<message comment="Oscar has attempt saved (Low to the left, Out of box, Right footed, Open play)" minute="66" period="2" second="17" time="68" type="attempt blocked" type_id="15"/>
	<message comment="Victor Moses wins a corner (To the right)" minute="64" period="2" second="43" time="66" type="corner" type_id="6"/>
	<message comment="Charlie Adam is substituted off" minute="63" period="2" second="26" time="65" type="substitution off" type_id="18"/>
	<message comment="Michael Owen is substituted on" minute="63" period="2" second="26" time="65" type="substitution on" type_id="19"/>
	<message comment="Eden Hazard is substituted off" minute="61" period="2" second="12" time="63" type="substitution off" type_id="18"/>
	<message comment="Victor Moses is substituted on" minute="61" period="2" second="12" time="63" type="substitution on" type_id="19"/>
	<message comment="Charlie Adam misses attempt (To the right, Out of box, Left footed, Fast break)" minute="60" period="2" second="42" time="62" type="attempt missed" type_id="13"/>
	<message comment="Jonathan Walters misses attempt (6-yard box, Right footed, Set piece)" minute="59" period="2" second="24" time="61" type="attempt missed" type_id="13"/>
	<message comment="Peter Crouch misses attempt (High to the left, 18-yard box, Right footed, Open play)" minute="56" period="2" second="32" time="58" type="attempt missed" type_id="13"/>
	<message comment="Oscar wins a corner (To the left)" minute="55" period="2" second="44" time="57" type="corner" type_id="6"/>
	<message comment="Charlie Adam wins a corner (To the right)" minute="53" period="2" second="9" time="55" type="corner" type_id="6"/>
	<message comment="Charlie Adam has shot blocked (Out of box, Left footed, Open play)" minute="53" period="2" second="8" time="55" type="attempt blocked" type_id="15"/>
	<message comment="Gary Cahill blocks a shot" minute="53" period="2" second="8" time="55" type="save made" type_id="10"/>
	<message comment="Juan Mata misses attempt (High to the left, 18-yard box, Left footed, Open play)" minute="52" period="2" second="1" time="54" type="attempt missed" type_id="13"/>
	<message comment="Asmir Begovic makes a save (Diving)" minute="50" period="2" second="47" time="52" type="save made" type_id="10"/>
	<message comment="Oscar has attempt saved (Low to the right, 18-yard box, Left footed, Open play)" minute="50" period="2" second="47" time="52" type="attempt blocked" type_id="15"/>
	<message comment="Oscar recieves a yellow card" minute="49" period="2" second="57" time="51" type="card received" type_id="17"/>
	<message comment="Second half begins!" minute="45" period="2" second="0" time="47" type="start" type_id="32"/>
	<message comment="First half ends" minute="46" period="1" second="20" time="46" type="end" type_id="30"/>
	<message comment="David Luiz misses attempt (High to the right, Out of box, Right footed, Open play)" minute="45" period="1" second="15" time="45" type="attempt missed" type_id="13"/>
	<message comment="Ashley Cole misses attempt (High to the left, Out of box, Left footed, From corner)" minute="44" period="1" second="8" time="44" type="attempt missed" type_id="13"/>
	<message comment="Eden Hazard wins a corner (To the right)" minute="43" period="1" second="52" time="43" type="corner" type_id="6"/>
	<message comment="Branislav Ivanovic wins a corner (To the right)" minute="43" period="1" second="33" time="43" type="corner" type_id="6"/>
	<message comment="Robert Huth blocks a shot" minute="39" period="1" second="25" time="39" type="save made" type_id="10"/>
	<message comment="Oscar has shot blocked (Out of box, Right footed, Open play)" minute="39" period="1" second="25" time="39" type="attempt blocked" type_id="15"/>
	<message comment="David Luiz misses attempt (High, 18-yard box, Right footed, Open play)" minute="38" period="1" second="20" time="38" type="attempt missed" type_id="13"/>
	<message comment="Michael Kightly has attempt saved (Low to the centre, 18-yard box, Big Chance, Head, Open play)" minute="37" period="1" second="28" time="37" type="attempt blocked" type_id="15"/>
	<message comment="Petr Cech makes a save (Parried into danger, Diving)" minute="37" period="1" second="28" time="37" type="save made" type_id="10"/>
	<message comment="Marc Wilson has attempt saved (High to the left, Out of box, Right footed, Open play)" minute="36" period="1" second="37" time="36" type="attempt blocked" type_id="15"/>
	<message comment="Petr Cech makes a save (Standing)" minute="36" period="1" second="37" time="36" type="save made" type_id="10"/>
	<message comment="Asmir Begovic makes a save (Standing)" minute="28" period="1" second="25" time="28" type="save made" type_id="10"/>
	<message comment="David Luiz has attempt saved (Low to the centre, Out of box, Right footed, Free kick)" minute="28" period="1" second="25" time="28" type="attempt blocked" type_id="15"/>
	<message comment="Charlie Adam is caught offside" minute="27" period="1" time="27" type="offside" type_id="10000"/>
	<message comment="Charlie Adam blocks a shot" minute="24" period="1" second="4" time="24" type="save made" type_id="10"/>
	<message comment="Juan Mata has shot blocked (Out of box, Left footed, Open play)" minute="24" period="1" second="4" time="24" type="attempt blocked" type_id="15"/>
	<message comment="Charlie Adam recieves a yellow card" minute="22" period="1" second="55" time="22" type="card received" type_id="17"/>
	<message comment="Michael Kightly has shot blocked (Out of box, Right footed, Open play)" minute="22" period="1" second="42" time="22" type="attempt blocked" type_id="15"/>
	<message comment="Gary Cahill blocks a shot" minute="22" period="1" second="42" time="22" type="save made" type_id="10"/>
	<message comment="Geoff Cameron blocks a shot" minute="21" period="1" second="22" time="21" type="save made" type_id="10"/>
	<message comment="Fernando Torres has shot blocked (18-yard box, Head, From corner)" minute="21" period="1" second="22" time="21" type="attempt blocked" type_id="15"/>
	<message comment="Eden Hazard wins a corner (To the right)" minute="21" period="1" second="5" time="21" type="corner" type_id="6"/>
	<message comment="Jonathan Walters hits the woodwork (High, 6-yard box, Head, Set piece)" minute="18" period="1" second="51" time="18" type="woodwork hit" type_id="14"/>
	<message comment="Ashley Cole misses attempt (To the right, Out of box, Left footed, Open play)" minute="17" period="1" second="31" time="17" type="attempt missed" type_id="13"/>
	<message comment="Oscar wins a corner (To the left)" minute="16" period="1" second="11" time="16" type="corner" type_id="6"/>
	<message comment="Ryan Shawcross blocks a shot" minute="12" period="1" second="28" time="12" type="save made" type_id="10"/>
	<message comment="Juan Mata has shot blocked (Out of box, Right footed, Open play)" minute="12" period="1" second="28" time="12" type="attempt blocked" type_id="15"/>
	<message comment="Juan Mata wins a corner (To the left)" minute="11" period="1" second="42" time="11" type="corner" type_id="6"/>
	<message comment="Robert Huth blocks a shot" minute="11" period="1" second="36" time="11" type="save made" type_id="10"/>
	<message comment="Oscar has shot blocked (Out of box, Right footed, Open play)" minute="11" period="1" second="36" time="11" type="attempt blocked" type_id="15"/>
	<message comment="Formation Set" minute="0" period="14" second="0" time="7" type="end" type_id="30"/>
	<message comment="Fernando Torres misses attempt (18-yard box, Head, From corner)" minute="6" period="1" second="20" time="6" type="attempt missed" type_id="13"/>
	<message comment="Fernando Torres wins a corner (To the right)" minute="5" period="1" second="59" time="5" type="corner" type_id="6"/>
	<message comment="Michael Kightly wins a corner (To the right)" minute="3" period="1" second="5" time="3" type="corner" type_id="6"/>
	<message comment="Michael Kightly has shot blocked (Out of box, Right footed, Open play)" minute="3" period="1" second="4" time="3" type="attempt blocked" type_id="15"/>
	<message comment="Gary Cahill blocks a shot" minute="3" period="1" second="4" time="3" type="save made" type_id="10"/>
	<message comment="Eden Hazard has shot blocked (Out of box, Right footed, Open play)" minute="1" period="1" second="42" time="1" type="attempt blocked" type_id="15"/>
	<message comment="Robert Huth blocks a shot" minute="1" period="1" second="42" time="1" type="save made" type_id="10"/>
	<message comment="Juan Mata wins a corner (To the left)" minute="0" period="1" second="53" time="0" type="corner" type_id="6"/>
	<message comment="Branislav Ivanovic wins a corner (To the right)" minute="0" period="1" second="28" time="0" type="corner" type_id="6"/>
	<message comment="First half begins!" minute="0" period="1" second="0" time="0" type="start" type_id="32"/>
</Commentary>
