<?xml version="1.0" ?>
<Commentary away_team_name="Chelsea" competition="English Premier League" game_date="2010-11-10" home_team_name="Fulham" lang_id="en" season="Season 2010/2011" season_id="2010" sport_id="1" sport_name="Football">
	<message comment="Second half ends" minute="94" period="2" second="27" time="96" type="end" type_id="30"/>
	<message comment="Michael Essien recieves a red card" minute="93" period="2" second="44" time="95" type="card received" type_id="17"/>
	<message comment="José Bosingwa is substituted off" minute="88" period="2" second="11" time="90" type="substitution off" type_id="18"/>
	<message comment="Paulo Ferreira is substituted on" minute="88" period="2" second="11" time="90" type="substitution on" type_id="19"/>
	<message comment="Salomon Kalou is substituted off" minute="84" period="2" second="52" time="86" type="substitution off" type_id="18"/>
	<message comment="Daniel Sturridge is substituted on" minute="84" period="2" second="52" time="86" type="substitution on" type_id="19"/>
	<message comment="Mousa Dembélé misses attempt (Out of box, Right footed, Open play)" minute="82" period="2" second="55" time="84" type="attempt missed" type_id="13"/>
	<message comment="Zoltán Gera has attempt saved (Low to the right, Out of box, Right footed, Open play)" minute="81" period="2" second="39" time="83" type="attempt blocked" type_id="15"/>
	<message comment="Petr Cech makes a save (Standing, Parried safe)" minute="81" period="2" second="39" time="83" type="save made" type_id="10"/>
	<message comment="Mark Schwarzer makes a save (Standing)" minute="80" period="2" second="21" time="82" type="save made" type_id="10"/>
	<message comment="Didier Drogba has attempt saved (High to the centre, Out of box, Right footed, Free kick)" minute="80" period="2" second="21" time="82" type="attempt blocked" type_id="15"/>
	<message comment="Matthew Briggs is substituted off" minute="78" period="2" second="51" time="80" type="substitution off" type_id="18"/>
	<message comment="Zoltán Gera is substituted on" minute="78" period="2" second="51" time="80" type="substitution on" type_id="19"/>
	<message comment="Didier Drogba misses attempt (18-yard box, Left footed, Open play)" minute="78" period="2" second="17" time="80" type="attempt missed" type_id="13"/>
	<message comment="Florent Malouda is substituted off" minute="77" period="2" second="26" time="79" type="substitution off" type_id="18"/>
	<message comment="Ramires is substituted on" minute="77" period="2" second="26" time="79" type="substitution on" type_id="19"/>
	<message comment="Michael Essien misses attempt (To the left, Out of box, Right footed, Fast break)" minute="76" period="2" second="43" time="78" type="attempt missed" type_id="13"/>
	<message comment="Ashley Cole recieves a yellow card" minute="75" period="2" second="30" time="77" type="card received" type_id="17"/>
	<message comment="Clint Dempsey wins a corner (To the left)" minute="71" period="2" second="50" time="73" type="corner" type_id="6"/>
	<message comment="Clint Dempsey has attempt saved (High to the left, Out of box, Right footed, Open play)" minute="71" period="2" second="47" time="73" type="attempt blocked" type_id="15"/>
	<message comment="Petr Cech makes a save (Parried safe, Diving)" minute="71" period="2" second="47" time="73" type="save made" type_id="10"/>
	<message comment="Michael Essien misses attempt (High to the left, 18-yard box, Left footed, Throw-in)" minute="70" period="2" second="51" time="72" type="attempt missed" type_id="13"/>
	<message comment="Michael Essien misses attempt (To the right, 6-yard box, Big Chance, Right footed, From corner)" minute="68" period="2" second="1" time="70" type="attempt missed" type_id="13"/>
	<message comment="Mark Schwarzer makes a save (Parried into danger)" minute="67" period="2" second="56" time="69" type="save made" type_id="10"/>
	<message comment="John Obi Mikel has attempt saved (High to the centre, Out of box, Right footed, From corner)" minute="67" period="2" second="56" time="69" type="attempt blocked" type_id="15"/>
	<message comment="Mark Schwarzer makes a save (Parried safe, Diving)" minute="67" period="2" second="54" time="69" type="save made" type_id="10"/>
	<message comment="Florent Malouda has attempt saved (Low to the centre, 6-yard box, Big Chance, Left footed, From corner)" minute="67" period="2" second="54" time="69" type="attempt blocked" type_id="15"/>
	<message comment="Didier Drogba wins a corner (To the left)" minute="67" period="2" second="23" time="69" type="corner" type_id="6"/>
	<message comment="Aaron Hughes blocks a shot (Last line)" minute="65" period="2" second="35" time="67" type="save made" type_id="10"/>
	<message comment="Didier Drogba has shot blocked (18-yard box, Big Chance, Right footed, Open play)" minute="65" period="2" second="35" time="67" type="attempt blocked" type_id="15"/>
	<message comment="Michael Essien misses attempt (High, Out of box, Right footed, Open play)" minute="64" period="2" second="57" time="66" type="attempt missed" type_id="13"/>
	<message comment="Dickson Etuhu is substituted off" minute="61" period="2" second="11" time="63" type="substitution off" type_id="18"/>
	<message comment="Andrew Johnson is substituted on" minute="61" period="2" second="11" time="63" type="substitution on" type_id="19"/>
	<message comment="Brede Hangeland blocks a shot" minute="57" period="2" second="10" time="59" type="save made" type_id="10"/>
	<message comment="Didier Drogba has shot blocked (Out of box, Right footed, Open play)" minute="57" period="2" second="10" time="59" type="attempt blocked" type_id="15"/>
	<message comment="Mousa Dembélé has shot blocked (Out of box, Right footed, Open play)" minute="55" period="2" second="54" time="57" type="attempt blocked" type_id="15"/>
	<message comment="Branislav Ivanovic blocks a shot" minute="55" period="2" second="54" time="57" type="save made" type_id="10"/>
	<message comment="Aaron Hughes blocks a shot (Last line)" minute="54" period="2" second="52" time="56" type="save made" type_id="10"/>
	<message comment="Salomon Kalou has shot blocked (18-yard box, Big Chance, Right footed, Open play)" minute="54" period="2" second="52" time="56" type="attempt blocked" type_id="15"/>
	<message comment="Damien Duff is caught offside" minute="53" period="2" time="55" type="offside" type_id="10000"/>
	<message comment="Clint Dempsey is caught offside" minute="52" period="2" time="54" type="offside" type_id="10000"/>
	<message comment="Michael Essien recieves a yellow card" minute="49" period="2" second="38" time="51" type="card received" type_id="17"/>
	<message comment="Second half begins!" minute="45" period="2" second="0" time="47" type="start" type_id="32"/>
	<message comment="First half ends" minute="46" period="1" second="11" time="46" type="end" type_id="30"/>
	<message comment="José Bosingwa misses attempt (To the left, Out of box, Left footed, Open play)" minute="43" period="1" second="35" time="43" type="attempt missed" type_id="13"/>
	<message comment="Damien Duff wins a corner (To the left)" minute="42" period="1" second="37" time="42" type="corner" type_id="6"/>
	<message comment="Salomon Kalou misses attempt (18-yard box, Big Chance, Right footed, Fast break)" minute="41" period="1" second="19" time="41" type="attempt missed" type_id="13"/>
	<message comment="Salomon Kalou misses attempt (18-yard box, Left footed, Open play)" minute="40" period="1" second="24" time="40" type="attempt missed" type_id="13"/>
	<message comment="Mark Schwarzer makes a save (Diving)" minute="39" period="1" second="50" time="39" type="save made" type_id="10"/>
	<message comment="Florent Malouda has attempt saved (Low to the left, Out of box, Left footed, Open play)" minute="39" period="1" second="50" time="39" type="attempt blocked" type_id="15"/>
	<message comment="Dickson Etuhu wins a corner (To the left)" minute="35" period="1" second="49" time="35" type="corner" type_id="6"/>
	<message comment="Dickson Etuhu misses attempt (To the right, 18-yard box, Head, From corner)" minute="35" period="1" second="46" time="35" type="attempt missed" type_id="13"/>
	<message comment="Clint Dempsey wins a corner (To the left)" minute="35" period="1" second="18" time="35" type="corner" type_id="6"/>
	<message comment="Damien Duff has shot blocked (18-yard box, Right footed, Open play)" minute="32" period="1" second="12" time="32" type="attempt blocked" type_id="15"/>
	<message comment="José Bosingwa blocks a shot" minute="32" period="1" second="12" time="32" type="save made" type_id="10"/>
	<message comment="GOAL! Michael Essien scores , Assisted by Salomon Kalou (Low to the left, 18-yard box, Big Chance, Head, Set piece)" minute="29" period="1" second="40" time="29" type="goal scored" type_id="16"/>
	<message comment="Mark Schwarzer makes a save (Parried into danger)" minute="28" period="1" second="39" time="28" type="save made" type_id="10"/>
	<message comment="Didier Drogba has attempt saved (Low to the right, Out of box, Right footed, Free kick)" minute="28" period="1" second="39" time="28" type="attempt blocked" type_id="15"/>
	<message comment="Clint Dempsey blocks a shot" minute="24" period="1" second="8" time="24" type="save made" type_id="10"/>
	<message comment="Didier Drogba has shot blocked (Out of box, Left footed, Open play)" minute="24" period="1" second="8" time="24" type="attempt blocked" type_id="15"/>
	<message comment="Mark Schwarzer makes a save (Standing)" minute="21" period="1" second="44" time="21" type="save made" type_id="10"/>
	<message comment="John Obi Mikel has attempt saved (High to the centre, Out of box, Right footed, Open play)" minute="21" period="1" second="44" time="21" type="attempt blocked" type_id="15"/>
	<message comment="Matthew Briggs has attempt saved (Low to the left, Out of box, Left footed, Open play)" minute="21" period="1" second="19" time="21" type="attempt blocked" type_id="15"/>
	<message comment="Petr Cech makes a save (Parried safe, Standing)" minute="21" period="1" second="19" time="21" type="save made" type_id="10"/>
	<message comment="John Terry misses attempt (To the right, 18-yard box, Head, From corner)" minute="16" period="1" second="32" time="16" type="attempt missed" type_id="13"/>
	<message comment="Didier Drogba wins a corner (To the left)" minute="16" period="1" second="8" time="16" type="corner" type_id="6"/>
	<message comment="Clint Dempsey has shot blocked (Out of box, Right footed, Open play)" minute="15" period="1" second="34" time="15" type="attempt blocked" type_id="15"/>
	<message comment="John Terry blocks a shot" minute="15" period="1" second="34" time="15" type="save made" type_id="10"/>
	<message comment="Didier Drogba is caught offside" minute="8" period="1" time="8" type="offside" type_id="10000"/>
	<message comment="Ashley Cole is caught offside" minute="7" period="1" time="7" type="offside" type_id="10000"/>
	<message comment="Formation Set" minute="0" period="14" second="0" time="6" type="end" type_id="30"/>
	<message comment="Florent Malouda wins a corner (To the right)" minute="3" period="1" second="12" time="3" type="corner" type_id="6"/>
	<message comment="Michael Essien wins a corner (To the right)" minute="2" period="1" second="41" time="2" type="corner" type_id="6"/>
	<message comment="Dickson Etuhu blocks a shot" minute="2" period="1" second="39" time="2" type="save made" type_id="10"/>
	<message comment="Michael Essien has shot blocked (Out of box, Right footed, Open play)" minute="2" period="1" second="39" time="2" type="attempt blocked" type_id="15"/>
	<message comment="First half begins!" minute="0" period="1" second="0" time="0" type="start" type_id="32"/>
</Commentary>
