<?xml version="1.0" ?>
<Commentary away_team_name="Chelsea" competition="English Premier League" game_date="2013-01-02" home_team_name="Queens Park Rangers" lang_id="en" season="Season 2012/2013" season_id="2012" sport_id="1" sport_name="Football">
	<message comment="Second half ends" minute="93" period="2" second="12" time="96" type="end" type_id="30"/>
	<message comment="David Luiz misses attempt (Out of box, Left footed, Open play)" minute="92" period="2" second="26" time="95" type="attempt missed" type_id="13"/>
	<message comment="Adel Taarabt is substituted off" minute="92" period="2" second="3" time="95" type="substitution off" type_id="18"/>
	<message comment="Kieron Dyer is substituted on" minute="92" period="2" second="3" time="95" type="substitution on" type_id="19"/>
	<message comment="Esteban Granero is substituted off" minute="89" period="2" second="53" time="92" type="substitution off" type_id="18"/>
	<message comment="Park Ji-Sung is substituted on" minute="89" period="2" second="53" time="92" type="substitution on" type_id="19"/>
	<message comment="Branislav Ivanovic misses attempt (18-yard box, Head, Open play)" minute="89" period="2" second="7" time="92" type="attempt missed" type_id="13"/>
	<message comment="César Azpilicueta wins a corner (To the right)" minute="88" period="2" second="42" time="91" type="corner" type_id="6"/>
	<message comment="Ryan Nelsen blocks a shot" minute="85" period="2" second="41" time="88" type="save made" type_id="10"/>
	<message comment="David Luiz has shot blocked (Out of box, Right footed, Free kick)" minute="85" period="2" second="41" time="88" type="attempt blocked" type_id="15"/>
	<message comment="Clint Hill recieves a yellow card" minute="84" period="2" second="45" time="87" type="card received" type_id="17"/>
	<message comment="Ryan Nelsen blocks a shot" minute="84" period="2" second="19" time="87" type="save made" type_id="10"/>
	<message comment="Juan Mata has shot blocked (Out of box, Left footed, Open play)" minute="84" period="2" second="19" time="87" type="attempt blocked" type_id="15"/>
	<message comment="Ramires wins a corner (To the right)" minute="82" period="2" second="58" time="85" type="corner" type_id="6"/>
	<message comment="Fabio blocks a shot" minute="82" period="2" second="43" time="85" type="save made" type_id="10"/>
	<message comment="Ramires has shot blocked (Out of box, Right footed, Open play)" minute="82" period="2" second="43" time="85" type="attempt blocked" type_id="15"/>
	<message comment="Ryan Bertrand wins a corner (To the left)" minute="81" period="2" second="19" time="84" type="corner" type_id="6"/>
	<message comment="Shaun Derry blocks a shot" minute="81" period="2" second="8" time="84" type="save made" type_id="10"/>
	<message comment="Ryan Bertrand has shot blocked (Out of box, Left footed, Open play)" minute="81" period="2" second="8" time="84" type="attempt blocked" type_id="15"/>
	<message comment="Fernando Torres has shot blocked (18-yard box, Head, Open play)" minute="79" period="2" second="28" time="82" type="attempt blocked" type_id="15"/>
	<message comment="Nedum Onuoha blocks a shot" minute="79" period="2" second="27" time="82" type="save made" type_id="10"/>
	<message comment="Frank Lampard is substituted off" minute="78" period="2" second="10" time="81" type="substitution off" type_id="18"/>
	<message comment="Ramires is substituted on" minute="78" period="2" second="10" time="81" type="substitution on" type_id="19"/>
	<message comment="GOAL! Shaun Wright-Phillips scores , Assisted by Adel Taarabt (Low to the left, Out of box, Right footed, From corner)" minute="77" period="2" second="35" time="80" type="goal scored" type_id="16"/>
	<message comment="Shaun Wright-Phillips wins a corner (To the left)" minute="76" period="2" second="59" time="79" type="corner" type_id="6"/>
	<message comment="Victor Moses is substituted off" minute="74" period="2" second="19" time="77" type="substitution off" type_id="18"/>
	<message comment="Juan Mata is substituted on" minute="74" period="2" second="19" time="77" type="substitution on" type_id="19"/>
	<message comment="Clint Hill blocks a shot" minute="72" period="2" second="52" time="75" type="save made" type_id="10"/>
	<message comment="Eden Hazard has shot blocked (Out of box, Right footed, Open play)" minute="72" period="2" second="52" time="75" type="attempt blocked" type_id="15"/>
	<message comment="Victor Moses wins a corner (To the left)" minute="65" period="2" second="35" time="68" type="corner" type_id="6"/>
	<message comment="Clint Hill blocks a shot" minute="65" period="2" second="15" time="68" type="save made" type_id="10"/>
	<message comment="Victor Moses has shot blocked (Out of box, Left footed, Open play)" minute="65" period="2" second="15" time="68" type="attempt blocked" type_id="15"/>
	<message comment="Frank Lampard is caught offside" minute="65" period="2" time="68" type="offside" type_id="10000"/>
	<message comment="David Luiz misses attempt (High, Out of box, Right footed, Open play)" minute="63" period="2" second="13" time="66" type="attempt missed" type_id="13"/>
	<message comment="Nedum Onuoha is caught offside" minute="62" period="2" time="65" type="offside" type_id="10000"/>
	<message comment="Shaun Derry has attempt saved (High to the left, 18-yard box, Head, From corner)" minute="61" period="2" second="6" time="64" type="attempt blocked" type_id="15"/>
	<message comment="Ross Turnbull makes a save (Standing)" minute="61" period="2" second="6" time="64" type="save made" type_id="10"/>
	<message comment="Jamie Mackie wins a corner (To the right)" minute="60" period="2" second="30" time="63" type="corner" type_id="6"/>
	<message comment="Marko Marin is substituted off" minute="59" period="2" second="14" time="62" type="substitution off" type_id="18"/>
	<message comment="Eden Hazard is substituted on" minute="59" period="2" second="14" time="62" type="substitution on" type_id="19"/>
	<message comment="Shaun Wright-Phillips has shot blocked (Out of box, Right footed, Open play)" minute="58" period="2" second="12" time="61" type="attempt blocked" type_id="15"/>
	<message comment="César Azpilicueta blocks a shot" minute="58" period="2" second="12" time="61" type="save made" type_id="10"/>
	<message comment="Esteban Granero has attempt saved (High to the centre, Out of box, Right footed, Open play)" minute="57" period="2" second="22" time="60" type="attempt blocked" type_id="15"/>
	<message comment="Ross Turnbull makes a save (Standing)" minute="57" period="2" second="22" time="60" type="save made" type_id="10"/>
	<message comment="Fabio is caught offside" minute="55" period="2" time="58" type="offside" type_id="10000"/>
	<message comment="Fernando Torres wins a corner (To the right)" minute="52" period="2" second="47" time="55" type="corner" type_id="6"/>
	<message comment="Julio César makes a save (Diving, Parried safe, Other body part)" minute="52" period="2" second="40" time="55" type="save made" type_id="10"/>
	<message comment="Fernando Torres has attempt saved (Low to the right, 6-yard box, Right footed, Open play)" minute="52" period="2" second="40" time="55" type="attempt blocked" type_id="15"/>
	<message comment="Stéphane Mbia blocks a shot" minute="52" period="2" second="38" time="55" type="save made" type_id="10"/>
	<message comment="David Luiz has shot blocked (Out of box, Right footed, Open play)" minute="52" period="2" second="38" time="55" type="attempt blocked" type_id="15"/>
	<message comment="Branislav Ivanovic misses attempt (18-yard box, Head, From corner)" minute="51" period="2" second="34" time="54" type="attempt missed" type_id="13"/>
	<message comment="Gary Cahill wins a corner (To the right)" minute="51" period="2" second="18" time="54" type="corner" type_id="6"/>
	<message comment="Marko Marin wins a corner (To the right)" minute="50" period="2" second="44" time="53" type="corner" type_id="6"/>
	<message comment="Frank Lampard wins a corner (To the right)" minute="50" period="2" second="22" time="53" type="corner" type_id="6"/>
	<message comment="Clint Hill blocks a shot" minute="50" period="2" second="16" time="53" type="save made" type_id="10"/>
	<message comment="Frank Lampard has shot blocked (18-yard box, Right footed, Open play)" minute="50" period="2" second="16" time="53" type="attempt blocked" type_id="15"/>
	<message comment="Victor Moses misses attempt (To the right, 6-yard box, Big Chance, Right footed, From corner)" minute="47" period="2" second="58" time="50" type="attempt missed" type_id="13"/>
	<message comment="Branislav Ivanovic wins a corner (To the left)" minute="47" period="2" second="29" time="50" type="corner" type_id="6"/>
	<message comment="Ryan Bertrand wins a corner (To the left)" minute="46" period="2" second="29" time="49" type="corner" type_id="6"/>
	<message comment="Second half begins!" minute="45" period="2" second="0" time="48" type="start" type_id="32"/>
	<message comment="First half ends" minute="47" period="1" second="10" time="47" type="end" type_id="30"/>
	<message comment="Frank Lampard misses attempt (Out of box, Right footed, Open play)" minute="45" period="1" second="35" time="45" type="attempt missed" type_id="13"/>
	<message comment="Victor Moses misses attempt (High, Out of box, Left footed, Open play)" minute="42" period="1" second="59" time="42" type="attempt missed" type_id="13"/>
	<message comment="Julio César makes a save (Feet, Diving, Parried safe)" minute="42" period="1" second="53" time="42" type="save made" type_id="10"/>
	<message comment="Oscar has attempt saved (Low to the centre, Out of box, Right footed, Open play)" minute="42" period="1" second="53" time="42" type="attempt blocked" type_id="15"/>
	<message comment="Branislav Ivanovic misses attempt (High to the right, Out of box, Right footed, Open play)" minute="41" period="1" second="35" time="41" type="attempt missed" type_id="13"/>
	<message comment="Julio César makes a save (Collected, From shot off target)" minute="38" period="1" second="33" time="38" type="save made" type_id="10"/>
	<message comment="Fernando Torres misses attempt (18-yard box, Left footed, Open play)" minute="38" period="1" second="29" time="38" type="attempt missed" type_id="13"/>
	<message comment="Branislav Ivanovic misses attempt (High to the right, Out of box, Right footed, Open play)" minute="37" period="1" second="7" time="37" type="attempt missed" type_id="13"/>
	<message comment="Branislav Ivanovic wins a corner (To the left)" minute="34" period="1" second="53" time="34" type="corner" type_id="6"/>
	<message comment="César Azpilicueta wins a corner (To the right)" minute="34" period="1" second="37" time="34" type="corner" type_id="6"/>
	<message comment="Shaun Wright-Phillips misses attempt (To the left, Out of box, Right footed, Open play)" minute="33" period="1" second="13" time="33" type="attempt missed" type_id="13"/>
	<message comment="Jamie Mackie is caught offside" minute="33" period="1" time="33" type="offside" type_id="10000"/>
	<message comment="Oscar wins a corner (To the right)" minute="31" period="1" second="14" time="31" type="corner" type_id="6"/>
	<message comment="Clint Hill blocks a shot" minute="31" period="1" second="10" time="31" type="save made" type_id="10"/>
	<message comment="Oscar has shot blocked (18-yard box, Right footed, Open play)" minute="31" period="1" second="10" time="31" type="attempt blocked" type_id="15"/>
	<message comment="Shaun Wright-Phillips misses attempt (To the left, Out of box, Right footed, Open play)" minute="25" period="1" second="20" time="25" type="attempt missed" type_id="13"/>
	<message comment="Marko Marin misses attempt (High to the right, Out of box, Right footed, Open play)" minute="24" period="1" second="0" time="24" type="attempt missed" type_id="13"/>
	<message comment="Victor Moses wins a corner (To the right)" minute="22" period="1" second="44" time="22" type="corner" type_id="6"/>
	<message comment="Oscar misses attempt (To the left, Out of box, Right footed, Open play)" minute="20" period="1" second="13" time="20" type="attempt missed" type_id="13"/>
	<message comment="Adel Taarabt misses attempt (Out of box, Right footed, Open play)" minute="18" period="1" second="46" time="18" type="attempt missed" type_id="13"/>
	<message comment="David Junior Hoilett is substituted off" minute="15" period="1" second="13" time="15" type="substitution off" type_id="18"/>
	<message comment="Shaun Wright-Phillips is substituted on" minute="15" period="1" second="13" time="15" type="substitution on" type_id="19"/>
	<message comment="David Luiz misses attempt (High, 18-yard box, Right footed, Open play)" minute="13" period="1" second="4" time="13" type="attempt missed" type_id="13"/>
	<message comment="Jamie Mackie is caught offside" minute="10" period="1" time="10" type="offside" type_id="10000"/>
	<message comment="Clint Hill blocks a shot" minute="6" period="1" second="8" time="6" type="save made" type_id="10"/>
	<message comment="Marko Marin has shot blocked (Out of box, Right footed, Open play)" minute="6" period="1" second="8" time="6" type="attempt blocked" type_id="15"/>
	<message comment="Formation Set" minute="0" period="14" second="0" time="6" type="end" type_id="30"/>
	<message comment="Marko Marin recieves a yellow card" minute="3" period="1" second="36" time="3" type="card received" type_id="17"/>
	<message comment="First half begins!" minute="0" period="1" second="0" time="0" type="start" type_id="32"/>
</Commentary>
