<?xml version="1.0" ?>
<Commentary away_team_name="Chelsea" competition="English Premier League" game_date="2013-01-20" home_team_name="Arsenal" lang_id="en" season="Season 2012/2013" season_id="2012" sport_id="1" sport_name="Football">
	<message comment="Second half ends" minute="95" period="2" second="33" time="97" type="end" type_id="30"/>
	<message comment="Olivier Giroud misses attempt (18-yard box, Head, Open play)" minute="94" period="2" second="22" time="96" type="attempt missed" type_id="13"/>
	<message comment="Aaron Ramsey wins a corner (To the right)" minute="93" period="2" second="46" time="95" type="corner" type_id="6"/>
	<message comment="Olivier Giroud wins a corner (To the left)" minute="93" period="2" second="17" time="95" type="corner" type_id="6"/>
	<message comment="Jack Wilshere wins a corner (To the right)" minute="92" period="2" second="36" time="94" type="corner" type_id="6"/>
	<message comment="Bacary Sagna wins a corner (To the right)" minute="92" period="2" second="11" time="94" type="corner" type_id="6"/>
	<message comment="Petr Cech makes a save (Diving)" minute="89" period="2" second="19" time="91" type="save made" type_id="10"/>
	<message comment="Olivier Giroud has attempt saved (Low to the right, Out of box, Left footed, Open play)" minute="89" period="2" second="19" time="91" type="attempt blocked" type_id="15"/>
	<message comment="Ryan Bertrand has shot blocked (18-yard box, Left footed, Set piece)" minute="89" period="2" second="9" time="91" type="attempt blocked" type_id="15"/>
	<message comment="Bacary Sagna blocks a shot" minute="89" period="2" second="9" time="91" type="save made" type_id="10"/>
	<message comment="Eden Hazard is substituted off" minute="87" period="2" second="35" time="89" type="substitution off" type_id="18"/>
	<message comment="Marko Marin is substituted on" minute="87" period="2" second="35" time="89" type="substitution on" type_id="19"/>
	<message comment="Thomas Vermaelen misses attempt (Out of box, Left footed, Free kick)" minute="87" period="2" second="0" time="89" type="attempt missed" type_id="13"/>
	<message comment="Ashley Cole recieves a yellow card" minute="86" period="2" second="5" time="88" type="card received" type_id="17"/>
	<message comment="Demba Ba has shot blocked (18-yard box, Big Chance, Right footed, Fast break)" minute="82" period="2" second="44" time="84" type="attempt blocked" type_id="15"/>
	<message comment="Thomas Vermaelen blocks a shot (Last line)" minute="82" period="2" second="44" time="84" type="save made" type_id="10"/>
	<message comment="Ashley Cole blocks a shot" minute="82" period="2" second="22" time="84" type="save made" type_id="10"/>
	<message comment="Theo Walcott has shot blocked (Out of box, Right footed, Open play)" minute="82" period="2" second="22" time="84" type="attempt blocked" type_id="15"/>
	<message comment="Fernando Torres is substituted off" minute="80" period="2" second="17" time="82" type="substitution off" type_id="18"/>
	<message comment="Demba Ba is substituted on" minute="80" period="2" second="17" time="82" type="substitution on" type_id="19"/>
	<message comment="Juan Mata is caught offside" minute="76" period="2" time="78" type="offside" type_id="10000"/>
	<message comment="Wojciech Szczesny makes a save (Diving)" minute="75" period="2" second="48" time="77" type="save made" type_id="10"/>
	<message comment="Fernando Torres has attempt saved (Low to the right, Out of box, Right footed, Open play)" minute="75" period="2" second="48" time="77" type="attempt blocked" type_id="15"/>
	<message comment="Abou Diaby is substituted off" minute="74" period="2" second="33" time="76" type="substitution off" type_id="18"/>
	<message comment="Andrey Arshavin is substituted on" minute="74" period="2" second="33" time="76" type="substitution on" type_id="19"/>
	<message comment="Wojciech Szczesny makes a save (Diving, Parried safe)" minute="71" period="2" second="52" time="73" type="save made" type_id="10"/>
	<message comment="Ramires has attempt saved (Low to the right, Out of box, Right footed, From corner)" minute="71" period="2" second="52" time="73" type="attempt blocked" type_id="15"/>
	<message comment="Oscar is substituted off" minute="71" period="2" second="32" time="73" type="substitution off" type_id="18"/>
	<message comment="Ryan Bertrand is substituted on" minute="71" period="2" second="32" time="73" type="substitution on" type_id="19"/>
	<message comment="Juan Mata is caught offside" minute="71" period="2" time="73" type="offside" type_id="10000"/>
	<message comment="Ramires wins a corner (To the right)" minute="70" period="2" second="35" time="72" type="corner" type_id="6"/>
	<message comment="Santi Cazorla wins a corner (To the right)" minute="66" period="2" second="31" time="68" type="corner" type_id="6"/>
	<message comment="Santi Cazorla has shot blocked (Out of box, Left footed, Free kick)" minute="66" period="2" second="28" time="68" type="attempt blocked" type_id="15"/>
	<message comment="Frank Lampard blocks a shot" minute="66" period="2" second="28" time="68" type="save made" type_id="10"/>
	<message comment="Juan Mata recieves a yellow card" minute="65" period="2" second="38" time="67" type="card received" type_id="17"/>
	<message comment="Theo Walcott misses attempt (To the right, Out of box, Left footed, Open play)" minute="60" period="2" second="30" time="62" type="attempt missed" type_id="13"/>
	<message comment="Francis Coquelin is substituted off" minute="58" period="2" second="30" time="60" type="substitution off" type_id="18"/>
	<message comment="Aaron Ramsey is substituted on" minute="58" period="2" second="30" time="60" type="substitution on" type_id="19"/>
	<message comment="GOAL! Theo Walcott scores , Assisted by Santi Cazorla (Low to the right, 18-yard box, Big Chance, Right footed, Open play)" minute="57" period="2" second="27" time="59" type="goal scored" type_id="16"/>
	<message comment="Frank Lampard has shot blocked (Out of box, Right footed, Open play)" minute="56" period="2" second="56" time="58" type="attempt blocked" type_id="15"/>
	<message comment="Kieran Gibbs blocks a shot" minute="56" period="2" second="56" time="58" type="save made" type_id="10"/>
	<message comment="Olivier Giroud has attempt saved (Low to the centre, 18-yard box, Head, Open play)" minute="56" period="2" second="26" time="58" type="attempt blocked" type_id="15"/>
	<message comment="Petr Cech makes a save (Standing)" minute="56" period="2" second="26" time="58" type="save made" type_id="10"/>
	<message comment="Olivier Giroud is caught offside" minute="54" period="2" time="56" type="offside" type_id="10000"/>
	<message comment="Olivier Giroud is caught offside" minute="50" period="2" time="52" type="offside" type_id="10000"/>
	<message comment="Theo Walcott has attempt saved (Low to the centre, 18-yard box, Right footed, Open play)" minute="47" period="2" second="58" time="49" type="attempt blocked" type_id="15"/>
	<message comment="Petr Cech makes a save" minute="47" period="2" second="58" time="49" type="save made" type_id="10"/>
	<message comment="Per Mertesacker has attempt saved (Low to the centre, 18-yard box, Left footed, Set piece)" minute="46" period="2" second="39" time="48" type="attempt blocked" type_id="15"/>
	<message comment="Petr Cech makes a save (Diving)" minute="46" period="2" second="39" time="48" type="save made" type_id="10"/>
	<message comment="Second half begins!" minute="45" period="2" second="0" time="47" type="start" type_id="32"/>
	<message comment="First half ends" minute="46" period="1" second="5" time="46" type="end" type_id="30"/>
	<message comment="Theo Walcott is caught offside" minute="45" period="1" time="45" type="offside" type_id="10000"/>
	<message comment="Fernando Torres misses attempt (High to the right, 18-yard box, Right footed, Set piece)" minute="44" period="1" second="17" time="44" type="attempt missed" type_id="13"/>
	<message comment="Ramires wins a corner (To the right)" minute="41" period="1" second="40" time="41" type="corner" type_id="6"/>
	<message comment="Theo Walcott is caught offside" minute="40" period="1" time="40" type="offside" type_id="10000"/>
	<message comment="Jack Wilshere wins a corner (To the right)" minute="37" period="1" second="38" time="37" type="corner" type_id="6"/>
	<message comment="Ramires misses attempt (High to the right, 18-yard box, Right footed, Open play)" minute="35" period="1" second="25" time="35" type="attempt missed" type_id="13"/>
	<message comment="Theo Walcott is caught offside" minute="33" period="1" time="33" type="offside" type_id="10000"/>
	<message comment="Oscar is caught offside" minute="32" period="1" time="32" type="offside" type_id="10000"/>
	<message comment="Santi Cazorla wins a corner (To the left)" minute="21" period="1" second="4" time="21" type="corner" type_id="6"/>
	<message comment="Wojciech Szczesny makes a save (Diving)" minute="20" period="1" second="30" time="20" type="save made" type_id="10"/>
	<message comment="Eden Hazard has attempt saved (Low to the left, 18-yard box, Left footed, Open play)" minute="20" period="1" second="30" time="20" type="attempt blocked" type_id="15"/>
	<message comment="Kieran Gibbs wins a corner (To the left)" minute="16" period="1" second="54" time="16" type="corner" type_id="6"/>
	<message comment="GOAL! Frank Lampard scores  (Low to the right, 18-yard box, Big Chance, Penalty, Right footed)" minute="15" period="1" second="49" time="15" type="goal scored" type_id="16"/>
	<message comment="Wojciech Szczesny recieves a yellow card" minute="15" period="1" second="7" time="15" type="card received" type_id="17"/>
	<message comment="Oscar misses attempt (High, Out of box, Right footed, Open play)" minute="13" period="1" second="55" time="13" type="attempt missed" type_id="13"/>
	<message comment="Eden Hazard wins a corner (To the right)" minute="10" period="1" second="9" time="10" type="corner" type_id="6"/>
	<message comment="Wojciech Szczesny makes a save (Parried safe, Diving)" minute="10" period="1" second="7" time="10" type="save made" type_id="10"/>
	<message comment="Eden Hazard has attempt saved (Low to the right, 18-yard box, Right footed, Open play)" minute="10" period="1" second="7" time="10" type="attempt blocked" type_id="15"/>
	<message comment="Frank Lampard is caught offside" minute="10" period="1" time="10" type="offside" type_id="10000"/>
	<message comment="Santi Cazorla wins a corner (To the left)" minute="8" period="1" second="30" time="8" type="corner" type_id="6"/>
	<message comment="Santi Cazorla has attempt saved (Low to the left, Out of box, Right footed, Open play)" minute="8" period="1" second="28" time="8" type="attempt blocked" type_id="15"/>
	<message comment="Petr Cech makes a save (Parried safe, Diving)" minute="8" period="1" second="28" time="8" type="save made" type_id="10"/>
	<message comment="Oscar is caught offside" minute="7" period="1" time="7" type="offside" type_id="10000"/>
	<message comment="Formation Set" minute="0" period="14" second="0" time="7" type="end" type_id="30"/>
	<message comment="GOAL! Juan Mata scores , Assisted by César Azpilicueta (High to the centre, 18-yard box, Big Chance, Left footed, Open play)" minute="5" period="1" second="23" time="5" type="goal scored" type_id="16"/>
	<message comment="Olivier Giroud misses attempt (18-yard box, Big Chance, Left footed, Open play)" minute="4" period="1" second="33" time="4" type="attempt missed" type_id="13"/>
	<message comment="Branislav Ivanovic misses attempt (High, 18-yard box, Head, Set piece)" minute="2" period="1" second="32" time="2" type="attempt missed" type_id="13"/>
	<message comment="Frank Lampard misses attempt (High to the right, Out of box, Right footed, Open play)" minute="0" period="1" second="52" time="0" type="attempt missed" type_id="13"/>
	<message comment="First half begins!" minute="0" period="1" second="0" time="0" type="start" type_id="32"/>
</Commentary>
