<?xml version="1.0" ?>
<Commentary away_team_name="Chelsea" competition="English Premier League" game_date="2010-11-14" home_team_name="Sunderland" lang_id="en" season="Season 2010/2011" season_id="2010" sport_id="1" sport_name="Football">
	<message comment="Second half ends" minute="94" period="2" second="12" time="96" type="end" type_id="30"/>
	<message comment="Kieran Richardson misses attempt (To the left, Out of box, Right footed, Open play)" minute="93" period="2" second="49" time="95" type="attempt missed" type_id="13"/>
	<message comment="Lee Cattermole is substituted off" minute="93" period="2" second="21" time="95" type="substitution off" type_id="18"/>
	<message comment="Cristian Riveros is substituted on" minute="93" period="2" second="21" time="95" type="substitution on" type_id="19"/>
	<message comment="Didier Drogba misses attempt (To the right, 18-yard box, Head, From corner)" minute="92" period="2" second="46" time="94" type="attempt missed" type_id="13"/>
	<message comment="Gaël Kakuta wins a corner (To the left)" minute="92" period="2" second="25" time="94" type="corner" type_id="6"/>
	<message comment="Ahmed El Mohamady is caught offside" minute="91" period="2" time="93" type="offside" type_id="10000"/>
	<message comment="Lee Cattermole has attempt saved (Low to the centre, 18-yard box, Right footed, Open play)" minute="90" period="2" second="55" time="92" type="attempt blocked" type_id="15"/>
	<message comment="Petr Cech makes a save (Diving)" minute="90" period="2" second="55" time="92" type="save made" type_id="10"/>
	<message comment="Ahmed El Mohamady is substituted on" minute="89" period="2" second="48" time="91" type="substitution on" type_id="19"/>
	<message comment="Danny Welbeck is substituted off" minute="89" period="2" second="48" time="91" type="substitution off" type_id="18"/>
	<message comment="GOAL! Danny Welbeck scores  (Low to the left, 18-yard box, Big Chance, Right footed, Open play)" minute="86" period="2" second="23" time="88" type="goal scored" type_id="16"/>
	<message comment="Nicolas Anelka misses attempt (Out of box, Right footed, Open play)" minute="85" period="2" second="38" time="87" type="attempt missed" type_id="13"/>
	<message comment="Asamoah Gyan is substituted off" minute="82" period="2" second="48" time="84" type="substitution off" type_id="18"/>
	<message comment="Steed Malbranque is substituted on" minute="82" period="2" second="48" time="84" type="substitution on" type_id="19"/>
	<message comment="Asamoah Gyan misses attempt (High to the right, 18-yard box, Right footed, Open play)" minute="79" period="2" second="31" time="81" type="attempt missed" type_id="13"/>
	<message comment="Nedum Onuoha wins a corner (To the left)" minute="76" period="2" second="42" time="78" type="corner" type_id="6"/>
	<message comment="Paulo Ferreira blocks a shot" minute="76" period="2" second="39" time="78" type="save made" type_id="10"/>
	<message comment="Nedum Onuoha has shot blocked (18-yard box, Left footed, Open play)" minute="76" period="2" second="39" time="78" type="attempt blocked" type_id="15"/>
	<message comment="Kieran Richardson misses attempt (To the left, Out of box, Left footed, Open play)" minute="75" period="2" second="29" time="77" type="attempt missed" type_id="13"/>
	<message comment="Yuri Zhirkov is substituted off" minute="74" period="2" second="55" time="76" type="substitution off" type_id="18"/>
	<message comment="Gaël Kakuta is substituted on" minute="74" period="2" second="55" time="76" type="substitution on" type_id="19"/>
	<message comment="Nicolas Anelka misses attempt (Out of box, Right footed, Open play)" minute="70" period="2" second="18" time="72" type="attempt missed" type_id="13"/>
	<message comment="Ramires is substituted off" minute="68" period="2" second="40" time="70" type="substitution off" type_id="18"/>
	<message comment="Josh McEachran is substituted on" minute="68" period="2" second="40" time="70" type="substitution on" type_id="19"/>
	<message comment="Boudewijn Zenden has attempt saved (Low to the centre, 18-yard box, Big Chance, Left footed, Open play)" minute="63" period="2" second="33" time="65" type="attempt blocked" type_id="15"/>
	<message comment="Petr Cech makes a save" minute="63" period="2" second="33" time="65" type="save made" type_id="10"/>
	<message comment="Titus Bramble recieves a yellow card" minute="61" period="2" second="18" time="63" type="card received" type_id="17"/>
	<message comment="Nicolas Anelka is caught offside" minute="59" period="2" time="61" type="offside" type_id="10000"/>
	<message comment="Florent Malouda is substituted off" minute="57" period="2" second="59" time="59" type="substitution off" type_id="18"/>
	<message comment="Salomon Kalou is substituted on" minute="57" period="2" second="59" time="59" type="substitution on" type_id="19"/>
	<message comment="Didier Drogba has attempt saved (Low to the centre, Out of box, Right footed, Open play)" minute="56" period="2" second="36" time="58" type="attempt blocked" type_id="15"/>
	<message comment="Craig Gordon makes a save (Collected)" minute="56" period="2" second="36" time="58" type="save made" type_id="10"/>
	<message comment="Didier Drogba is caught offside" minute="54" period="2" time="56" type="offside" type_id="10000"/>
	<message comment="Yuri Zhirkov has shot blocked (18-yard box, Left footed, Open play)" minute="53" period="2" second="43" time="55" type="attempt blocked" type_id="15"/>
	<message comment="Nedum Onuoha blocks a shot" minute="53" period="2" second="43" time="55" type="save made" type_id="10"/>
	<message comment="Boudewijn Zenden misses attempt (High to the left, Out of box, Left footed, Open play)" minute="53" period="2" second="13" time="55" type="attempt missed" type_id="13"/>
	<message comment="GOAL! Asamoah Gyan scores , Assisted by Jordan Henderson (Low to the centre, 18-yard box, Right footed, Open play)" minute="51" period="2" second="36" time="53" type="goal scored" type_id="16"/>
	<message comment="José Bosingwa wins a corner (To the right)" minute="49" period="2" second="34" time="51" type="corner" type_id="6"/>
	<message comment="Florent Malouda has shot blocked (18-yard box, Left footed, Open play)" minute="48" period="2" second="47" time="50" type="attempt blocked" type_id="15"/>
	<message comment="Jordan Henderson blocks a shot" minute="48" period="2" second="47" time="50" type="save made" type_id="10"/>
	<message comment="Titus Bramble blocks a shot" minute="48" period="2" second="45" time="50" type="save made" type_id="10"/>
	<message comment="Didier Drogba has shot blocked (Out of box, Right footed, Fast break)" minute="48" period="2" second="45" time="50" type="attempt blocked" type_id="15"/>
	<message comment="Danny Welbeck misses attempt (To the right, Out of box, Right footed, Open play)" minute="47" period="2" second="24" time="49" type="attempt missed" type_id="13"/>
	<message comment="Second half begins!" minute="45" period="2" second="0" time="47" type="start" type_id="32"/>
	<message comment="First half ends" minute="46" period="1" second="29" time="46" type="end" type_id="30"/>
	<message comment="GOAL! Nedum Onuoha scores  (Low to the right, 18-yard box, Left footed, Open play)" minute="44" period="1" second="34" time="44" type="goal scored" type_id="16"/>
	<message comment="Kieran Richardson has attempt saved (Low to the right, 18-yard box, Big Chance, Right footed, Open play)" minute="44" period="1" second="18" time="44" type="attempt blocked" type_id="15"/>
	<message comment="Petr Cech makes a save (Diving, Feet, Parried safe)" minute="44" period="1" second="18" time="44" type="save made" type_id="10"/>
	<message comment="Petr Cech makes a save (Parried into danger, Diving)" minute="44" period="1" second="16" time="44" type="save made" type_id="10"/>
	<message comment="Asamoah Gyan has attempt saved (Low to the right, Out of box, Right footed, Fast break)" minute="44" period="1" second="16" time="44" type="attempt blocked" type_id="15"/>
	<message comment="Asamoah Gyan misses attempt (To the left, 18-yard box, Head, Set piece)" minute="40" period="1" second="28" time="40" type="attempt missed" type_id="13"/>
	<message comment="Branislav Ivanovic recieves a yellow card" minute="39" period="1" second="3" time="39" type="card received" type_id="17"/>
	<message comment="Nedum Onuoha has shot blocked (18-yard box, Right footed, From corner)" minute="38" period="1" second="10" time="38" type="attempt blocked" type_id="15"/>
	<message comment="Branislav Ivanovic blocks a shot" minute="38" period="1" second="10" time="38" type="save made" type_id="10"/>
	<message comment="Danny Welbeck wins a corner (To the right)" minute="37" period="1" second="32" time="37" type="corner" type_id="6"/>
	<message comment="Petr Cech makes a save (Parried safe, Feet, Diving)" minute="37" period="1" second="30" time="37" type="save made" type_id="10"/>
	<message comment="Danny Welbeck has attempt saved (Low to the centre, 18-yard box, Big Chance, Left footed, Fast break)" minute="37" period="1" second="30" time="37" type="attempt blocked" type_id="15"/>
	<message comment="Kieran Richardson misses attempt (To the right, 18-yard box, Left footed, From corner)" minute="35" period="1" second="41" time="35" type="attempt missed" type_id="13"/>
	<message comment="Danny Welbeck wins a corner (To the right)" minute="35" period="1" second="9" time="35" type="corner" type_id="6"/>
	<message comment="Danny Welbeck has attempt saved (Low to the right, 18-yard box, Head, Open play)" minute="35" period="1" second="7" time="35" type="attempt blocked" type_id="15"/>
	<message comment="Petr Cech makes a save (Diving)" minute="35" period="1" second="7" time="35" type="save made" type_id="10"/>
	<message comment="Craig Gordon makes a save (Standing)" minute="34" period="1" second="7" time="34" type="save made" type_id="10"/>
	<message comment="Didier Drogba has attempt saved (High to the centre, Out of box, Right footed, Free kick)" minute="34" period="1" second="7" time="34" type="attempt blocked" type_id="15"/>
	<message comment="Danny Welbeck is caught offside" minute="32" period="1" time="32" type="offside" type_id="10000"/>
	<message comment="Didier Drogba wins a corner (To the left)" minute="29" period="1" second="8" time="29" type="corner" type_id="6"/>
	<message comment="Nedum Onuoha blocks a shot" minute="29" period="1" second="6" time="29" type="save made" type_id="10"/>
	<message comment="Didier Drogba has shot blocked (Out of box, Right footed, Free kick)" minute="29" period="1" second="6" time="29" type="attempt blocked" type_id="15"/>
	<message comment="Michael Turner recieves a yellow card" minute="28" period="1" second="15" time="28" type="card received" type_id="17"/>
	<message comment="Didier Drogba is caught offside" minute="24" period="1" time="24" type="offside" type_id="10000"/>
	<message comment="Ramires has attempt saved (High to the left, Out of box, Head, From corner)" minute="23" period="1" second="44" time="23" type="attempt blocked" type_id="15"/>
	<message comment="Craig Gordon makes a save" minute="23" period="1" second="44" time="23" type="save made" type_id="10"/>
	<message comment="Didier Drogba wins a corner (To the left)" minute="23" period="1" second="15" time="23" type="corner" type_id="6"/>
	<message comment="Nedum Onuoha blocks a shot" minute="23" period="1" second="12" time="23" type="save made" type_id="10"/>
	<message comment="Didier Drogba has shot blocked (18-yard box, Right footed, Open play)" minute="23" period="1" second="12" time="23" type="attempt blocked" type_id="15"/>
	<message comment="Branislav Ivanovic misses attempt (To the left, 18-yard box, Head, From corner)" minute="21" period="1" second="5" time="21" type="attempt missed" type_id="13"/>
	<message comment="Florent Malouda wins a corner (To the right)" minute="20" period="1" second="43" time="20" type="corner" type_id="6"/>
	<message comment="Yuri Zhirkov misses attempt (To the right, 18-yard box, Left footed, Open play)" minute="18" period="1" second="23" time="18" type="attempt missed" type_id="13"/>
	<message comment="José Bosingwa wins a corner (To the right)" minute="11" period="1" second="10" time="11" type="corner" type_id="6"/>
	<message comment="Asamoah Gyan misses attempt (High to the right, Out of box, Right footed, Open play)" minute="10" period="1" second="27" time="10" type="attempt missed" type_id="13"/>
	<message comment="Boudewijn Zenden has shot blocked (Out of box, Left footed, Open play)" minute="7" period="1" second="25" time="7" type="attempt blocked" type_id="15"/>
	<message comment="Paulo Ferreira blocks a shot" minute="7" period="1" second="25" time="7" type="save made" type_id="10"/>
	<message comment="Nicolas Anelka misses attempt (To the right, 18-yard box, Right footed, Set piece)" minute="6" period="1" second="5" time="6" type="attempt missed" type_id="13"/>
	<message comment="Formation Set" minute="0" period="14" second="0" time="6" type="end" type_id="30"/>
	<message comment="Phil Bardsley misses attempt (High to the right, Out of box, Right footed, Open play)" minute="4" period="1" second="36" time="4" type="attempt missed" type_id="13"/>
	<message comment="First half begins!" minute="0" period="1" second="0" time="0" type="start" type_id="32"/>
</Commentary>
