<?xml version="1.0" ?>
<Commentary away_team_name="Chelsea" competition="English Premier League" game_date="2011-10-15" home_team_name="Everton" lang_id="en" season="Season 2011/2012" season_id="2011" sport_id="1" sport_name="Football">
	<message comment="Second half ends" minute="94" period="2" second="0" time="97" type="end" type_id="30"/>
	<message comment="Frank Lampard has attempt saved (Low to the centre, Out of box, Right footed, Open play)" minute="91" period="2" second="0" time="94" type="attempt blocked" type_id="15"/>
	<message comment="Tim Howard makes a save" minute="91" period="2" second="0" time="94" type="save made" type_id="10"/>
	<message comment="Apostolos Vellios is caught offside" minute="83" period="2" time="86" type="offside" type_id="10000"/>
	<message comment="Tim Howard makes a save" minute="82" period="2" second="53" time="85" type="save made" type_id="10"/>
	<message comment="Didier Drogba has attempt saved (Low to the centre, Out of box, Right footed, Set piece)" minute="82" period="2" second="53" time="85" type="attempt blocked" type_id="15"/>
	<message comment="GOAL! Apostolos Vellios scores , Assisted by Royston Drenthe (Low to the right, 6-yard box, Big Chance, Right footed, Open play)" minute="80" period="2" second="41" time="83" type="goal scored" type_id="16"/>
	<message comment="Louis Saha is substituted off" minute="80" period="2" second="23" time="83" type="substitution off" type_id="18"/>
	<message comment="Apostolos Vellios is substituted on" minute="80" period="2" second="23" time="83" type="substitution on" type_id="19"/>
	<message comment="Leon Osman misses attempt (To the right, Out of box, Right footed, Open play)" minute="78" period="2" second="46" time="81" type="attempt missed" type_id="13"/>
	<message comment="Nicolas Anelka wins a corner (To the left)" minute="76" period="2" second="44" time="79" type="corner" type_id="6"/>
	<message comment="Juan Mata is substituted off" minute="76" period="2" second="21" time="79" type="substitution off" type_id="18"/>
	<message comment="Nicolas Anelka is substituted on" minute="76" period="2" second="21" time="79" type="substitution on" type_id="19"/>
	<message comment="John Obi Mikel is substituted off" minute="76" period="2" second="2" time="79" type="substitution off" type_id="18"/>
	<message comment="Oriol Romeu is substituted on" minute="76" period="2" second="2" time="79" type="substitution on" type_id="19"/>
	<message comment="Tim Cahill is substituted off" minute="71" period="2" second="15" time="74" type="substitution off" type_id="18"/>
	<message comment="Phil Neville is substituted on" minute="71" period="2" second="15" time="74" type="substitution on" type_id="19"/>
	<message comment="Daniel Sturridge recieves a yellow card" minute="69" period="2" second="21" time="72" type="card received" type_id="17"/>
	<message comment="Ramires is substituted off" minute="64" period="2" second="53" time="67" type="substitution off" type_id="18"/>
	<message comment="Florent Malouda is substituted on" minute="64" period="2" second="53" time="67" type="substitution on" type_id="19"/>
	<message comment="GOAL! Ramires scores , Assisted by Juan Mata (Low to the centre, 6-yard box, Big Chance, Right footed, Fast break)" minute="60" period="2" second="59" time="63" type="goal scored" type_id="16"/>
	<message comment="Séamus Coleman is substituted off" minute="60" period="2" second="21" time="63" type="substitution off" type_id="18"/>
	<message comment="Royston Drenthe is substituted on" minute="60" period="2" second="21" time="63" type="substitution on" type_id="19"/>
	<message comment="Daniel Sturridge is caught offside" minute="59" period="2" time="62" type="offside" type_id="10000"/>
	<message comment="Séamus Coleman is caught offside" minute="57" period="2" time="60" type="offside" type_id="10000"/>
	<message comment="Leon Osman misses attempt (High, Out of box, Right footed, Open play)" minute="56" period="2" second="51" time="59" type="attempt missed" type_id="13"/>
	<message comment="Leighton Baines has shot blocked (Out of box, Left footed, Set piece)" minute="56" period="2" second="44" time="59" type="attempt blocked" type_id="15"/>
	<message comment="John Obi Mikel blocks a shot" minute="56" period="2" second="44" time="59" type="save made" type_id="10"/>
	<message comment="Didier Drogba is caught offside" minute="48" period="2" time="51" type="offside" type_id="10000"/>
	<message comment="Leon Osman hits the woodwork (To the right, Out of box, Right footed, Open play)" minute="45" period="2" second="15" time="48" type="woodwork hit" type_id="14"/>
	<message comment="Second half begins!" minute="45" period="2" second="0" time="48" type="start" type_id="32"/>
	<message comment="First half ends" minute="47" period="1" second="23" time="47" type="end" type_id="30"/>
	<message comment="GOAL! John Terry scores , Assisted by Frank Lampard (Low to the centre, 6-yard box, Big Chance, Head, Set piece)" minute="46" period="1" second="27" time="46" type="goal scored" type_id="16"/>
	<message comment="Louis Saha has shot blocked (18-yard box, Left footed, Open play)" minute="44" period="1" second="22" time="44" type="attempt blocked" type_id="15"/>
	<message comment="Ramires blocks a shot" minute="44" period="1" second="22" time="44" type="save made" type_id="10"/>
	<message comment="Tim Cahill is caught offside" minute="42" period="1" time="42" type="offside" type_id="10000"/>
	<message comment="Leighton Baines recieves a yellow card" minute="41" period="1" second="2" time="41" type="card received" type_id="17"/>
	<message comment="Leighton Baines is caught offside" minute="38" period="1" time="38" type="offside" type_id="10000"/>
	<message comment="Ashley Cole recieves a yellow card" minute="37" period="1" second="0" time="37" type="card received" type_id="17"/>
	<message comment="Leon Osman has shot blocked (Out of box, Right footed, Open play)" minute="34" period="1" second="26" time="34" type="attempt blocked" type_id="15"/>
	<message comment="Frank Lampard blocks a shot" minute="34" period="1" second="26" time="34" type="save made" type_id="10"/>
	<message comment="GOAL! Daniel Sturridge scores , Assisted by Ashley Cole (Low to the centre, 6-yard box, Big Chance, Head, Open play)" minute="30" period="1" second="29" time="30" type="goal scored" type_id="16"/>
	<message comment="Louis Saha is caught offside" minute="27" period="1" time="27" type="offside" type_id="10000"/>
	<message comment="Ramires wins a corner (To the right)" minute="26" period="1" second="44" time="26" type="corner" type_id="6"/>
	<message comment="Marouane Fellaini is caught offside" minute="23" period="1" time="23" type="offside" type_id="10000"/>
	<message comment="Ramires misses attempt (High to the right, Out of box, Right footed, Open play)" minute="22" period="1" second="2" time="22" type="attempt missed" type_id="13"/>
	<message comment="Marouane Fellaini wins a corner (To the left)" minute="21" period="1" second="22" time="21" type="corner" type_id="6"/>
	<message comment="José Bosingwa misses attempt (Out of box, Left footed, Open play)" minute="19" period="1" second="57" time="19" type="attempt missed" type_id="13"/>
	<message comment="Marouane Fellaini recieves a yellow card" minute="15" period="1" second="34" time="15" type="card received" type_id="17"/>
	<message comment="Tim Cahill is caught offside" minute="13" period="1" time="13" type="offside" type_id="10000"/>
	<message comment="Louis Saha has attempt saved (Low to the centre, 18-yard box, Right footed, Open play)" minute="10" period="1" second="21" time="10" type="attempt blocked" type_id="15"/>
	<message comment="Petr Cech makes a save (Parried into danger)" minute="10" period="1" second="21" time="10" type="save made" type_id="10"/>
	<message comment="Séamus Coleman wins a corner (To the right)" minute="8" period="1" second="5" time="8" type="corner" type_id="6"/>
	<message comment="Formation Set" minute="0" period="14" second="0" time="7" type="end" type_id="30"/>
	<message comment="Séamus Coleman is caught offside" minute="6" period="1" time="6" type="offside" type_id="10000"/>
	<message comment="Tim Cahill misses attempt (To the right, 18-yard box, Head, Open play)" minute="5" period="1" second="29" time="5" type="attempt missed" type_id="13"/>
	<message comment="First half begins!" minute="0" period="1" second="0" time="0" type="start" type_id="32"/>
</Commentary>
