<?xml version="1.0" ?>
<Commentary away_team_name="Chelsea" competition="English Premier League" game_date="2013-10-19" home_team_name="Cardiff" lang_id="en" season="Season 2013/2014" season_id="2013" sport_id="1" sport_name="Football">
	<message comment="Second half ends" minute="94" period="2" second="9" time="97" type="end" type_id="30"/>
	<message comment="David Luiz misses attempt (High, Out of box, Right footed, Open play)" minute="91" period="2" second="49" time="94" type="attempt missed" type_id="13"/>
	<message comment="Ben Turner has shot blocked (6-yard box, Head, From corner)" minute="87" period="2" second="1" time="90" type="attempt blocked" type_id="15"/>
	<message comment="Kévin Théophile-Catherine wins a corner (To the right)" minute="86" period="2" second="36" time="89" type="corner" type_id="6"/>
	<message comment="Ramires blocks a shot" minute="86" period="2" second="25" time="89" type="save made" type_id="10"/>
	<message comment="Kévin Théophile-Catherine has shot blocked (Out of box, Left footed, Open play)" minute="86" period="2" second="25" time="89" type="attempt blocked" type_id="15"/>
	<message comment="Fraizer Campbell wins a corner (To the right)" minute="82" period="2" second="43" time="85" type="corner" type_id="6"/>
	<message comment="Fraizer Campbell has shot blocked (Out of box, Right footed, Open play)" minute="82" period="2" second="41" time="85" type="attempt blocked" type_id="15"/>
	<message comment="John Terry blocks a shot" minute="82" period="2" second="41" time="85" type="save made" type_id="10"/>
	<message comment="GOAL! Eden Hazard scores , Assisted by Frank Lampard (Low to the centre, 18-yard box, Right footed, Open play)" minute="81" period="2" second="34" time="84" type="goal scored" type_id="16"/>
	<message comment="Aron Gunnarsson is substituted off" minute="80" period="2" second="5" time="83" type="substitution off" type_id="18"/>
	<message comment="Rudy Gestede is substituted on" minute="80" period="2" second="5" time="83" type="substitution on" type_id="19"/>
	<message comment="David Marshall makes a save (Parried into danger, Diving)" minute="79" period="2" second="6" time="82" type="save made" type_id="10"/>
	<message comment="Willian has attempt saved (Low to the centre, 18-yard box, Big Chance, Right footed, Fast break)" minute="79" period="2" second="6" time="82" type="attempt blocked" type_id="15"/>
	<message comment="Peter Whittingham wins a corner (To the left)" minute="78" period="2" second="33" time="81" type="corner" type_id="6"/>
	<message comment="GOAL! Oscar scores , Assisted by Ramires (High to the centre, Out of box, Right footed, Open play)" minute="77" period="2" second="17" time="80" type="goal scored" type_id="16"/>
	<message comment="Kim Bo-Kyung wins a corner (To the right)" minute="74" period="2" second="25" time="77" type="corner" type_id="6"/>
	<message comment="Petr Cech makes a save (Parried safe, Diving)" minute="74" period="2" second="20" time="77" type="save made" type_id="10"/>
	<message comment="Kim Bo-Kyung has attempt saved (Low to the centre, 18-yard box, Left footed, Open play)" minute="74" period="2" second="20" time="77" type="attempt blocked" type_id="15"/>
	<message comment="Peter Whittingham has shot blocked (Out of box, Right footed, Open play)" minute="74" period="2" second="13" time="77" type="attempt blocked" type_id="15"/>
	<message comment="Branislav Ivanovic blocks a shot" minute="74" period="2" second="13" time="77" type="save made" type_id="10"/>
	<message comment="Steven Caulker blocks a shot" minute="71" period="2" second="44" time="74" type="save made" type_id="10"/>
	<message comment="Fernando Torres has shot blocked (Out of box, Left footed, Fast break)" minute="71" period="2" second="44" time="74" type="attempt blocked" type_id="15"/>
	<message comment="Ben Turner is caught offside" minute="70" period="2" time="73" type="offside" type_id="10000"/>
	<message comment="recieves a red card" minute="69" period="2" second="32" time="72" type="card received" type_id="17"/>
	<message comment="Samuel Eto'o is substituted off" minute="68" period="2" second="34" time="71" type="substitution off" type_id="18"/>
	<message comment="César Azpilicueta is substituted on" minute="68" period="2" second="34" time="71" type="substitution on" type_id="19"/>
	<message comment="Peter Odemwingie is substituted off" minute="66" period="2" second="50" time="69" type="substitution off" type_id="18"/>
	<message comment="Fraizer Campbell is substituted on" minute="66" period="2" second="50" time="69" type="substitution on" type_id="19"/>
	<message comment="GOAL! Samuel Eto'o scores , Assisted by Eden Hazard (Low to the left, 18-yard box, Right footed, Open play)" minute="65" period="2" second="46" time="68" type="goal scored" type_id="16"/>
	<message comment="Willian wins a corner (To the left)" minute="65" period="2" second="17" time="68" type="corner" type_id="6"/>
	<message comment="Fernando Torres wins a corner (To the right)" minute="64" period="2" second="53" time="67" type="corner" type_id="6"/>
	<message comment="Aron Gunnarsson has shot blocked (Out of box, Right footed, Open play)" minute="63" period="2" second="52" time="66" type="attempt blocked" type_id="15"/>
	<message comment="Branislav Ivanovic blocks a shot" minute="63" period="2" second="52" time="66" type="save made" type_id="10"/>
	<message comment="Ryan Bertrand is substituted off" minute="63" period="2" second="18" time="66" type="substitution off" type_id="18"/>
	<message comment="Fernando Torres is substituted on" minute="63" period="2" second="18" time="66" type="substitution on" type_id="19"/>
	<message comment="Jordon Mutch misses attempt (High to the left, Out of box, Right footed, Open play)" minute="62" period="2" second="53" time="65" type="attempt missed" type_id="13"/>
	<message comment="Samuel Eto'o is caught offside" minute="62" period="2" time="65" type="offside" type_id="10000"/>
	<message comment="Samuel Eto'o is caught offside" minute="60" period="2" time="63" type="offside" type_id="10000"/>
	<message comment="Kim Bo-Kyung misses attempt (To the right, Out of box, Left footed, Open play)" minute="59" period="2" second="48" time="62" type="attempt missed" type_id="13"/>
	<message comment="Peter Whittingham wins a corner (To the left)" minute="59" period="2" second="3" time="62" type="corner" type_id="6"/>
	<message comment="Juan Mata is substituted off" minute="58" period="2" second="15" time="61" type="substitution off" type_id="18"/>
	<message comment="Oscar is substituted on" minute="58" period="2" second="15" time="61" type="substitution on" type_id="19"/>
	<message comment="Gary Medel is substituted off" minute="55" period="2" second="52" time="58" type="substitution off" type_id="18"/>
	<message comment="Kim Bo-Kyung is substituted on" minute="55" period="2" second="52" time="58" type="substitution on" type_id="19"/>
	<message comment="David Marshall recieves a yellow card" minute="53" period="2" second="13" time="56" type="card received" type_id="17"/>
	<message comment="Juan Mata misses attempt (To the right, 18-yard box, Left footed, Open play)" minute="52" period="2" second="35" time="55" type="attempt missed" type_id="13"/>
	<message comment="Gary Medel misses attempt (High, 18-yard box, Right footed, From corner)" minute="50" period="2" second="57" time="53" type="attempt missed" type_id="13"/>
	<message comment="Peter Whittingham wins a corner (To the right)" minute="50" period="2" second="31" time="53" type="corner" type_id="6"/>
	<message comment="Andrew Taylor wins a corner (To the right)" minute="49" period="2" second="59" time="52" type="corner" type_id="6"/>
	<message comment="David Marshall makes a save (Diving)" minute="47" period="2" second="8" time="50" type="save made" type_id="10"/>
	<message comment="Samuel Eto'o has attempt saved (Low to the right, Out of box, Right footed, Open play)" minute="47" period="2" second="8" time="50" type="attempt blocked" type_id="15"/>
	<message comment="Second half begins!" minute="45" period="2" second="0" time="48" type="start" type_id="32"/>
	<message comment="First half ends" minute="47" period="1" second="8" time="47" type="end" type_id="30"/>
	<message comment="Frank Lampard misses attempt (Out of box, Right footed, Free kick)" minute="45" period="1" second="6" time="45" type="attempt missed" type_id="13"/>
	<message comment="Don Cowie recieves a yellow card" minute="44" period="1" second="33" time="44" type="card received" type_id="17"/>
	<message comment="David Marshall makes a save (Collected)" minute="43" period="1" second="32" time="43" type="save made" type_id="10"/>
	<message comment="Eden Hazard has attempt saved (Low to the centre, Out of box, Right footed, Open play)" minute="43" period="1" second="32" time="43" type="attempt blocked" type_id="15"/>
	<message comment="Jordon Mutch blocks a shot" minute="41" period="1" second="11" time="41" type="save made" type_id="10"/>
	<message comment="Ramires has shot blocked (Out of box, Right footed, Open play)" minute="41" period="1" second="11" time="41" type="attempt blocked" type_id="15"/>
	<message comment="Peter Whittingham has shot blocked (18-yard box, Left footed, Set piece)" minute="40" period="1" second="35" time="40" type="attempt blocked" type_id="15"/>
	<message comment="David Luiz blocks a shot" minute="40" period="1" second="35" time="40" type="save made" type_id="10"/>
	<message comment="David Luiz recieves a yellow card" minute="39" period="1" second="57" time="39" type="card received" type_id="17"/>
	<message comment="Willian is caught offside" minute="38" period="1" time="38" type="offside" type_id="10000"/>
	<message comment="David Luiz misses attempt (High, Out of box, Left footed, Open play)" minute="36" period="1" second="44" time="36" type="attempt missed" type_id="13"/>
	<message comment="Samuel Eto'o wins a corner (To the right)" minute="35" period="1" second="22" time="35" type="corner" type_id="6"/>
	<message comment="GOAL! Eden Hazard scores , Assisted by Samuel Eto'o (Low to the centre, 6-yard box, Big Chance, Right footed, Open play)" minute="32" period="1" second="12" time="32" type="goal scored" type_id="16"/>
	<message comment="Ramires misses attempt (To the left, Out of box, Head, Open play)" minute="31" period="1" second="52" time="31" type="attempt missed" type_id="13"/>
	<message comment="Steven Caulker blocks a shot" minute="31" period="1" second="46" time="31" type="save made" type_id="10"/>
	<message comment="Juan Mata has shot blocked (Out of box, Left footed, Open play)" minute="31" period="1" second="46" time="31" type="attempt blocked" type_id="15"/>
	<message comment="Aron Gunnarsson misses attempt (High, 18-yard box, Head, Set piece)" minute="27" period="1" second="39" time="27" type="attempt missed" type_id="13"/>
	<message comment="John Terry misses attempt (6-yard box, Head, From corner)" minute="21" period="1" second="44" time="21" type="attempt missed" type_id="13"/>
	<message comment="Juan Mata wins a corner (To the right)" minute="21" period="1" second="27" time="21" type="corner" type_id="6"/>
	<message comment="Don Cowie wins a corner (To the left)" minute="20" period="1" second="48" time="20" type="corner" type_id="6"/>
	<message comment="Peter Odemwingie wins a corner (To the left)" minute="20" period="1" second="15" time="20" type="corner" type_id="6"/>
	<message comment="Petr Cech makes a save (Diving, Parried safe)" minute="20" period="1" second="10" time="20" type="save made" type_id="10"/>
	<message comment="Peter Odemwingie has attempt saved (High to the left, 18-yard box, Head, Set piece)" minute="20" period="1" second="10" time="20" type="attempt blocked" type_id="15"/>
	<message comment="John Terry misses attempt (18-yard box, Head, From corner)" minute="16" period="1" second="51" time="16" type="attempt missed" type_id="13"/>
	<message comment="David Luiz wins a corner (To the left)" minute="16" period="1" second="34" time="16" type="corner" type_id="6"/>
	<message comment="Branislav Ivanovic misses attempt (To the left, 18-yard box, Head, Open play)" minute="14" period="1" second="51" time="14" type="attempt missed" type_id="13"/>
	<message comment="Samuel Eto'o wins a corner (To the left)" minute="14" period="1" second="17" time="14" type="corner" type_id="6"/>
	<message comment="GOAL! Jordon Mutch scores  (Low to the centre, 18-yard box, Big Chance, Right footed, Open play)" minute="9" period="1" second="33" time="9" type="goal scored" type_id="16"/>
	<message comment="Branislav Ivanovic misses attempt (High, Out of box, Right footed, Open play)" minute="8" period="1" second="49" time="8" type="attempt missed" type_id="13"/>
	<message comment="Formation Set" minute="0" period="14" second="0" time="7" type="end" type_id="30"/>
	<message comment="Ben Turner blocks a shot" minute="6" period="1" second="19" time="6" type="save made" type_id="10"/>
	<message comment="Frank Lampard has shot blocked (Out of box, Right footed, Free kick)" minute="6" period="1" second="19" time="6" type="attempt blocked" type_id="15"/>
	<message comment="First half begins!" minute="0" period="1" second="0" time="0" type="start" type_id="32"/>
</Commentary>
