<?xml version="1.0" ?>
<Commentary away_team_name="Chelsea" competition="English Premier League" game_date="2013-08-18" home_team_name="Hull" lang_id="en" season="Season 2013/2014" season_id="2013" sport_id="1" sport_name="Football">
	<message comment="Second half ends" minute="92" period="2" second="30" time="96" type="end" type_id="30"/>
	<message comment="George Boyd misses attempt (To the right, Out of box, Left footed, Open play)" minute="91" period="2" second="59" time="95" type="attempt missed" type_id="13"/>
	<message comment="Yannick Sagbo is caught offside" minute="89" period="2" time="93" type="offside" type_id="10000"/>
	<message comment="Oscar is substituted off" minute="84" period="2" second="3" time="88" type="substitution off" type_id="18"/>
	<message comment="Marco van Ginkel is substituted on" minute="84" period="2" second="3" time="88" type="substitution on" type_id="19"/>
	<message comment="Frank Lampard misses attempt (Out of box, Right footed, Free kick)" minute="80" period="2" second="19" time="84" type="attempt missed" type_id="13"/>
	<message comment="Sone Aluko is substituted off" minute="78" period="2" second="15" time="82" type="substitution off" type_id="18"/>
	<message comment="George Boyd is substituted on" minute="78" period="2" second="15" time="82" type="substitution on" type_id="19"/>
	<message comment="André Schürrle misses attempt (Out of box, Right footed, Open play)" minute="75" period="2" second="21" time="79" type="attempt missed" type_id="13"/>
	<message comment="Fernando Torres is substituted off" minute="74" period="2" second="51" time="78" type="substitution off" type_id="18"/>
	<message comment="Romelu Lukaku is substituted on" minute="74" period="2" second="51" time="78" type="substitution on" type_id="19"/>
	<message comment="Curtis Davies has attempt saved (High to the centre, 18-yard box, Head, Open play)" minute="72" period="2" second="44" time="76" type="attempt blocked" type_id="15"/>
	<message comment="Petr Cech makes a save" minute="72" period="2" second="44" time="76" type="save made" type_id="10"/>
	<message comment="Branislav Ivanovic misses attempt (To the right, 6-yard box, Head, Set piece)" minute="69" period="2" second="32" time="73" type="attempt missed" type_id="13"/>
	<message comment="Kevin De Bruyne is substituted off" minute="66" period="2" second="15" time="70" type="substitution off" type_id="18"/>
	<message comment="André Schürrle is substituted on" minute="66" period="2" second="15" time="70" type="substitution on" type_id="19"/>
	<message comment="Tom Huddlestone has shot blocked (Out of box, Right footed, Open play)" minute="65" period="2" second="17" time="69" type="attempt blocked" type_id="15"/>
	<message comment="John Terry blocks a shot" minute="65" period="2" second="17" time="69" type="save made" type_id="10"/>
	<message comment="Fernando Torres is caught offside" minute="65" period="2" time="69" type="offside" type_id="10000"/>
	<message comment="Yannick Sagbo has shot blocked (18-yard box, Right footed, From corner)" minute="64" period="2" second="57" time="68" type="attempt blocked" type_id="15"/>
	<message comment="Frank Lampard blocks a shot" minute="64" period="2" second="57" time="68" type="save made" type_id="10"/>
	<message comment="Robbie Brady wins a corner (To the left)" minute="64" period="2" second="33" time="68" type="corner" type_id="6"/>
	<message comment="Robert Koren has attempt saved (Low to the centre, Out of box, Right footed, Open play)" minute="62" period="2" second="26" time="66" type="attempt blocked" type_id="15"/>
	<message comment="Petr Cech makes a save (Collected)" minute="62" period="2" second="26" time="66" type="save made" type_id="10"/>
	<message comment="Danny Graham is substituted off" minute="58" period="2" second="29" time="62" type="substitution off" type_id="18"/>
	<message comment="Jake Livermore is substituted on" minute="58" period="2" second="29" time="62" type="substitution on" type_id="19"/>
	<message comment="David Meyler is substituted off" minute="58" period="2" second="16" time="62" type="substitution off" type_id="18"/>
	<message comment="Tom Huddlestone is substituted on" minute="58" period="2" second="16" time="62" type="substitution on" type_id="19"/>
	<message comment="Oscar misses attempt (To the left, Out of box, Right footed, Open play)" minute="55" period="2" second="50" time="59" type="attempt missed" type_id="13"/>
	<message comment="Kevin De Bruyne misses attempt (High, Out of box, Right footed, Open play)" minute="54" period="2" second="16" time="58" type="attempt missed" type_id="13"/>
	<message comment="Second half begins!" minute="45" period="2" second="0" time="49" type="start" type_id="32"/>
	<message comment="First half ends" minute="48" period="1" second="33" time="48" type="end" type_id="30"/>
	<message comment="Branislav Ivanovic misses attempt (High, 6-yard box, Right footed, From corner)" minute="47" period="1" second="24" time="47" type="attempt missed" type_id="13"/>
	<message comment="Allan McGregor makes a save (Diving, Parried into danger, Other body part)" minute="47" period="1" second="23" time="47" type="save made" type_id="10"/>
	<message comment="Branislav Ivanovic has attempt saved (High to the centre, 6-yard box, Head, From corner)" minute="47" period="1" second="23" time="47" type="attempt blocked" type_id="15"/>
	<message comment="Gary Cahill wins a corner (To the left)" minute="46" period="1" second="49" time="46" type="corner" type_id="6"/>
	<message comment="Maynor Figueroa blocks a shot" minute="46" period="1" second="46" time="46" type="save made" type_id="10"/>
	<message comment="Gary Cahill has shot blocked (Out of box, Left footed, Open play)" minute="46" period="1" second="46" time="46" type="attempt blocked" type_id="15"/>
	<message comment="Fernando Torres wins a corner (To the left)" minute="46" period="1" second="16" time="46" type="corner" type_id="6"/>
	<message comment="Curtis Davies blocks a shot" minute="46" period="1" second="12" time="46" type="save made" type_id="10"/>
	<message comment="Fernando Torres has shot blocked (18-yard box, Right footed, Open play)" minute="46" period="1" second="12" time="46" type="attempt blocked" type_id="15"/>
	<message comment="Allan McGregor makes a save (Diving, Parried safe)" minute="45" period="1" second="26" time="45" type="save made" type_id="10"/>
	<message comment="Frank Lampard has attempt saved (Low to the centre, 18-yard box, Right footed, Open play)" minute="45" period="1" second="26" time="45" type="attempt blocked" type_id="15"/>
	<message comment="David Meyler has shot blocked (Out of box, Left footed, Open play)" minute="41" period="1" second="17" time="41" type="attempt blocked" type_id="15"/>
	<message comment="John Terry blocks a shot" minute="41" period="1" second="17" time="41" type="save made" type_id="10"/>
	<message comment="David Meyler recieves a yellow card" minute="39" period="1" second="11" time="39" type="card received" type_id="17"/>
	<message comment="Robbie Brady has shot blocked (Out of box, Left footed, Free kick)" minute="34" period="1" second="27" time="34" type="attempt blocked" type_id="15"/>
	<message comment="Kevin De Bruyne blocks a shot" minute="34" period="1" second="27" time="34" type="save made" type_id="10"/>
	<message comment="GOAL! Frank Lampard scores  (High to the right, Out of box, Right footed, Free kick)" minute="24" period="1" second="7" time="24" type="goal scored" type_id="16"/>
	<message comment="Kevin De Bruyne misses attempt (Out of box, Right footed, Open play)" minute="21" period="1" second="49" time="21" type="attempt missed" type_id="13"/>
	<message comment="Kevin De Bruyne wins a corner (To the left)" minute="20" period="1" second="9" time="20" type="corner" type_id="6"/>
	<message comment="Ashley Cole wins a corner (To the left)" minute="19" period="1" second="41" time="19" type="corner" type_id="6"/>
	<message comment="Ashley Cole has shot blocked (18-yard box, Left footed, Open play)" minute="19" period="1" second="39" time="19" type="attempt blocked" type_id="15"/>
	<message comment="Curtis Davies blocks a shot" minute="19" period="1" second="39" time="19" type="save made" type_id="10"/>
	<message comment="Frank Lampard wins a corner (To the left)" minute="14" period="1" second="7" time="14" type="corner" type_id="6"/>
	<message comment="Allan McGregor makes a save (Parried safe, Diving)" minute="14" period="1" second="4" time="14" type="save made" type_id="10"/>
	<message comment="Frank Lampard has attempt saved (High to the centre, 18-yard box, Right footed, Open play)" minute="14" period="1" second="4" time="14" type="attempt blocked" type_id="15"/>
	<message comment="GOAL! Oscar scores , Assisted by Kevin De Bruyne (Low to the centre, 18-yard box, Big Chance, Right footed, Open play)" minute="12" period="1" second="4" time="12" type="goal scored" type_id="16"/>
	<message comment="Oscar misses attempt (To the left, Out of box, Right footed, Open play)" minute="10" period="1" second="14" time="10" type="attempt missed" type_id="13"/>
	<message comment="Ahmed El Mohamady blocks a shot" minute="9" period="1" second="35" time="9" type="save made" type_id="10"/>
	<message comment="Eden Hazard has shot blocked (18-yard box, Right footed, Open play)" minute="9" period="1" second="35" time="9" type="attempt blocked" type_id="15"/>
	<message comment="Fernando Torres has shot blocked (Out of box, Right footed, Open play)" minute="8" period="1" second="54" time="8" type="attempt blocked" type_id="15"/>
	<message comment="James Chester blocks a shot" minute="8" period="1" second="54" time="8" type="save made" type_id="10"/>
	<message comment="James Chester blocks a shot" minute="7" period="1" second="16" time="7" type="save made" type_id="10"/>
	<message comment="Eden Hazard has shot blocked (18-yard box, Right footed, Open play)" minute="7" period="1" second="16" time="7" type="attempt blocked" type_id="15"/>
	<message comment="Danny Graham is caught offside" minute="6" period="1" time="6" type="offside" type_id="10000"/>
	<message comment="Formation Set" minute="0" period="14" second="0" time="6" type="end" type_id="30"/>
	<message comment="Frank Lampard misses attempt (High, 18-yard box, Left footed, Open play)" minute="5" period="1" second="45" time="5" type="attempt missed" type_id="13"/>
	<message comment="Allan McGregor makes a save (Parried safe, Diving, Penalty)" minute="5" period="1" second="34" time="5" type="save made" type_id="10"/>
	<message comment="Frank Lampard has attempt saved (Low to the left, 18-yard box, Big Chance, Penalty, Right footed)" minute="5" period="1" second="34" time="5" type="attempt blocked" type_id="15"/>
	<message comment="James Chester blocks a shot" minute="4" period="1" second="29" time="4" type="save made" type_id="10"/>
	<message comment="Eden Hazard has shot blocked (18-yard box, Left footed, Open play)" minute="4" period="1" second="29" time="4" type="attempt blocked" type_id="15"/>
	<message comment="Kevin De Bruyne misses attempt (High, Out of box, Right footed, Open play)" minute="2" period="1" second="2" time="2" type="attempt missed" type_id="13"/>
	<message comment="First half begins!" minute="0" period="1" second="0" time="0" type="start" type_id="32"/>
</Commentary>
