<?xml version="1.0" ?>
<Commentary away_team_name="Chelsea" competition="English Premier League" game_date="2012-03-10" home_team_name="Stoke" lang_id="en" season="Season 2011/2012" season_id="2011" sport_id="1" sport_name="Football">
	<message comment="Second half ends" minute="93" period="2" second="16" time="97" type="end" type_id="30"/>
	<message comment="Daniel Sturridge wins a corner (To the left)" minute="89" period="2" second="53" time="93" type="corner" type_id="6"/>
	<message comment="Robert Huth blocks a shot" minute="89" period="2" second="51" time="93" type="save made" type_id="10"/>
	<message comment="Daniel Sturridge has shot blocked (18-yard box, Left footed, Open play)" minute="89" period="2" second="51" time="93" type="attempt blocked" type_id="15"/>
	<message comment="Juan Mata hits the woodwork (To the right, Out of box, Left footed, Free kick)" minute="86" period="2" second="39" time="90" type="woodwork hit" type_id="14"/>
	<message comment="David Luiz is caught offside" minute="86" period="2" time="90" type="offside" type_id="10000"/>
	<message comment="Daniel Sturridge misses attempt (Out of box, Left footed, Open play)" minute="84" period="2" second="26" time="88" type="attempt missed" type_id="13"/>
	<message comment="Cameron Jerome misses attempt (To the right, Out of box, Right footed, Fast break)" minute="82" period="2" second="18" time="86" type="attempt missed" type_id="13"/>
	<message comment="Andy Wilkinson misses attempt (Out of box, Right footed, Open play)" minute="77" period="2" second="40" time="81" type="attempt missed" type_id="13"/>
	<message comment="Jonathan Walters misses attempt (To the right, 18-yard box, Left footed, Open play)" minute="73" period="2" second="5" time="77" type="attempt missed" type_id="13"/>
	<message comment="Ashley Cole wins a corner (To the right)" minute="70" period="2" second="38" time="74" type="corner" type_id="6"/>
	<message comment="Asmir Begovic makes a save (Standing, Parried into danger)" minute="69" period="2" second="0" time="73" type="save made" type_id="10"/>
	<message comment="Frank Lampard has attempt saved (High to the centre, Out of box, Right footed, Open play)" minute="69" period="2" second="0" time="73" type="attempt blocked" type_id="15"/>
	<message comment="GOAL! Didier Drogba scores , Assisted by Juan Mata (Low to the centre, 18-yard box, Big Chance, Right footed, Open play)" minute="67" period="2" second="29" time="71" type="goal scored" type_id="16"/>
	<message comment="John Obi Mikel is substituted off" minute="66" period="2" second="51" time="70" type="substitution off" type_id="18"/>
	<message comment="Daniel Sturridge is substituted on" minute="66" period="2" second="51" time="70" type="substitution on" type_id="19"/>
	<message comment="Didier Drogba wins a corner (To the right)" minute="65" period="2" second="54" time="69" type="corner" type_id="6"/>
	<message comment="Asmir Begovic makes a save (Diving, Parried safe)" minute="65" period="2" second="48" time="69" type="save made" type_id="10"/>
	<message comment="Didier Drogba has attempt saved (High to the right, Out of box, Right footed, Free kick)" minute="65" period="2" second="48" time="69" type="attempt blocked" type_id="15"/>
	<message comment="Ashley Cole misses attempt (High to the left, Out of box, Left footed, From corner)" minute="64" period="2" second="8" time="68" type="attempt missed" type_id="13"/>
	<message comment="Juan Mata wins a corner (To the right)" minute="63" period="2" second="49" time="67" type="corner" type_id="6"/>
	<message comment="Dean Whitehead blocks a shot" minute="63" period="2" second="45" time="67" type="save made" type_id="10"/>
	<message comment="Juan Mata has shot blocked (Out of box, Left footed, Open play)" minute="63" period="2" second="45" time="67" type="attempt blocked" type_id="15"/>
	<message comment="Didier Drogba wins a corner (To the right)" minute="63" period="2" second="1" time="67" type="corner" type_id="6"/>
	<message comment="Kenwyne Jones is substituted off" minute="59" period="2" second="56" time="63" type="substitution off" type_id="18"/>
	<message comment="Cameron Jerome is substituted on" minute="59" period="2" second="56" time="63" type="substitution on" type_id="19"/>
	<message comment="John Terry misses attempt (Out of box, Right footed, Open play)" minute="59" period="2" second="9" time="63" type="attempt missed" type_id="13"/>
	<message comment="Didier Drogba wins a corner (To the right)" minute="57" period="2" second="38" time="61" type="corner" type_id="6"/>
	<message comment="Asmir Begovic makes a save (Collected)" minute="56" period="2" second="57" time="60" type="save made" type_id="10"/>
	<message comment="David Luiz has attempt saved (Low to the centre, Out of box, Left footed, Open play)" minute="56" period="2" second="57" time="60" type="attempt blocked" type_id="15"/>
	<message comment="Wilson Palacios has shot blocked (Out of box, Right footed, From corner)" minute="56" period="2" second="6" time="60" type="attempt blocked" type_id="15"/>
	<message comment="John Terry blocks a shot" minute="56" period="2" second="6" time="60" type="save made" type_id="10"/>
	<message comment="Dean Whitehead wins a corner (To the left)" minute="55" period="2" second="33" time="59" type="corner" type_id="6"/>
	<message comment="Frank Lampard wins a corner (To the right)" minute="51" period="2" second="42" time="55" type="corner" type_id="6"/>
	<message comment="Marc Wilson is substituted off" minute="50" period="2" second="29" time="54" type="substitution off" type_id="18"/>
	<message comment="Matt Upson is substituted on" minute="50" period="2" second="29" time="54" type="substitution on" type_id="19"/>
	<message comment="Salif Diao is substituted off" minute="50" period="2" second="24" time="54" type="substitution off" type_id="18"/>
	<message comment="Wilson Palacios is substituted on" minute="50" period="2" second="24" time="54" type="substitution on" type_id="19"/>
	<message comment="Asmir Begovic makes a save (Parried into danger)" minute="48" period="2" second="29" time="52" type="save made" type_id="10"/>
	<message comment="Frank Lampard has attempt saved (Low to the centre, Out of box, Right footed, Open play)" minute="48" period="2" second="29" time="52" type="attempt blocked" type_id="15"/>
	<message comment="Branislav Ivanovic is substituted off" minute="45" period="2" second="0" time="49" type="substitution off" type_id="18"/>
	<message comment="David Luiz is substituted on" minute="45" period="2" second="0" time="49" type="substitution on" type_id="19"/>
	<message comment="Second half begins!" minute="45" period="2" second="0" time="49" type="start" type_id="32"/>
	<message comment="First half ends" minute="48" period="1" second="23" time="48" type="end" type_id="30"/>
	<message comment="Ramires is caught offside" minute="44" period="1" time="44" type="offside" type_id="10000"/>
	<message comment="Asmir Begovic makes a save (Collected)" minute="41" period="1" second="23" time="41" type="save made" type_id="10"/>
	<message comment="Frank Lampard has attempt saved (Low to the centre, Out of box, Left footed, Open play)" minute="41" period="1" second="23" time="41" type="attempt blocked" type_id="15"/>
	<message comment="Branislav Ivanovic hits the woodwork (High, 18-yard box, Right footed, Open play)" minute="40" period="1" second="1" time="40" type="woodwork hit" type_id="14"/>
	<message comment="Robert Huth blocks a shot" minute="39" period="1" second="23" time="39" type="save made" type_id="10"/>
	<message comment="Ramires has shot blocked (Out of box, Left footed, From corner)" minute="39" period="1" second="23" time="39" type="attempt blocked" type_id="15"/>
	<message comment="Frank Lampard wins a corner (To the left)" minute="38" period="1" second="59" time="38" type="corner" type_id="6"/>
	<message comment="Marc Wilson recieves a yellow card" minute="37" period="1" second="43" time="37" type="card received" type_id="17"/>
	<message comment="Raul Meireles is substituted off" minute="37" period="1" second="11" time="37" type="substitution off" type_id="18"/>
	<message comment="Juan Mata is substituted on" minute="37" period="1" second="11" time="37" type="substitution on" type_id="19"/>
	<message comment="Asmir Begovic makes a save" minute="35" period="1" second="13" time="35" type="save made" type_id="10"/>
	<message comment="Branislav Ivanovic has attempt saved (High to the centre, 18-yard box, Head, Open play)" minute="35" period="1" second="13" time="35" type="attempt blocked" type_id="15"/>
	<message comment="Frank Lampard misses attempt (High, Out of box, Right footed, Open play)" minute="34" period="1" second="5" time="34" type="attempt missed" type_id="13"/>
	<message comment="Raul Meireles hits the woodwork (High, 18-yard box, Head, From corner)" minute="31" period="1" second="1" time="31" type="woodwork hit" type_id="14"/>
	<message comment="Gary Cahill wins a corner (To the right)" minute="29" period="1" second="55" time="29" type="corner" type_id="6"/>
	<message comment="Branislav Ivanovic wins a corner (To the right)" minute="29" period="1" second="30" time="29" type="corner" type_id="6"/>
	<message comment="Raul Meireles misses attempt (To the left, Out of box, Right footed, Open play)" minute="28" period="1" second="40" time="28" type="attempt missed" type_id="13"/>
	<message comment="Ricardo Fuller recieves a red card" minute="24" period="1" second="33" time="24" type="card received" type_id="17"/>
	<message comment="John Obi Mikel recieves a yellow card" minute="18" period="1" second="5" time="18" type="card received" type_id="17"/>
	<message comment="Jonathan Walters misses attempt (To the right, 18-yard box, Right footed, Open play)" minute="16" period="1" second="59" time="16" type="attempt missed" type_id="13"/>
	<message comment="Jonathan Walters has shot blocked (18-yard box, Right footed, Fast break)" minute="16" period="1" second="54" time="16" type="attempt blocked" type_id="15"/>
	<message comment="Gary Cahill blocks a shot" minute="16" period="1" second="54" time="16" type="save made" type_id="10"/>
	<message comment="Ramires misses attempt (To the right, 18-yard box, Head, Open play)" minute="15" period="1" second="22" time="15" type="attempt missed" type_id="13"/>
	<message comment="Salif Diao recieves a yellow card" minute="13" period="1" second="48" time="13" type="card received" type_id="17"/>
	<message comment="Kenwyne Jones has shot blocked (Out of box, Right footed, Open play)" minute="13" period="1" second="26" time="13" type="attempt blocked" type_id="15"/>
	<message comment="Gary Cahill blocks a shot" minute="13" period="1" second="26" time="13" type="save made" type_id="10"/>
	<message comment="Dean Whitehead blocks a shot" minute="11" period="1" second="10" time="11" type="save made" type_id="10"/>
	<message comment="Didier Drogba has shot blocked (Out of box, Right footed, Open play)" minute="11" period="1" second="10" time="11" type="attempt blocked" type_id="15"/>
	<message comment="Gary Cahill wins a corner (To the left)" minute="9" period="1" second="12" time="9" type="corner" type_id="6"/>
	<message comment="Asmir Begovic makes a save (Parried safe, Diving)" minute="9" period="1" second="9" time="9" type="save made" type_id="10"/>
	<message comment="Gary Cahill has attempt saved (Low to the left, Out of box, Right footed, Open play)" minute="9" period="1" second="9" time="9" type="attempt blocked" type_id="15"/>
	<message comment="Robert Huth misses attempt (To the left, Out of box, Right footed, Throw-in)" minute="7" period="1" second="58" time="7" type="attempt missed" type_id="13"/>
	<message comment="Formation Set" minute="0" period="14" second="0" time="7" type="end" type_id="30"/>
	<message comment="Branislav Ivanovic misses attempt (18-yard box, Head, From corner)" minute="3" period="1" second="38" time="3" type="attempt missed" type_id="13"/>
	<message comment="Ramires wins a corner (To the right)" minute="3" period="1" second="30" time="3" type="corner" type_id="6"/>
	<message comment="John Obi Mikel wins a corner (To the left)" minute="3" period="1" second="3" time="3" type="corner" type_id="6"/>
	<message comment="Ryan Shawcross blocks a shot" minute="2" period="1" second="54" time="2" type="save made" type_id="10"/>
	<message comment="John Obi Mikel has shot blocked (Out of box, Right footed, Open play)" minute="2" period="1" second="54" time="2" type="attempt blocked" type_id="15"/>
	<message comment="Salomon Kalou wins a corner (To the right)" minute="1" period="1" second="46" time="1" type="corner" type_id="6"/>
	<message comment="First half begins!" minute="0" period="1" second="0" time="0" type="start" type_id="32"/>
</Commentary>
