<?xml version="1.0" ?>
<Commentary away_team_name="Crystal Palace" competition="English Premier League" game_date="2014-01-01" home_team_name="Norwich" lang_id="en" season="Season 2013/2014" season_id="2013" sport_id="1" sport_name="Football">
	<message comment="Second half ends" minute="94" period="2" second="8" time="97" type="end" type_id="30"/>
	<message comment="Bradley Johnson wins a corner (To the left)" minute="89" period="2" second="53" time="92" type="corner" type_id="6"/>
	<message comment="Bradley Johnson misses attempt (To the right, Out of box, Left footed, Open play)" minute="84" period="2" second="34" time="87" type="attempt missed" type_id="13"/>
	<message comment="Gary Hooper is substituted off" minute="84" period="2" second="16" time="87" type="substitution off" type_id="18"/>
	<message comment="Russell Martin is substituted on" minute="84" period="2" second="16" time="87" type="substitution on" type_id="19"/>
	<message comment="Leroy Fer recieves a red card after receiving second yellow card" minute="81" period="2" second="57" time="84" type="card received" type_id="17"/>
	<message comment="Yannick Bolasie is substituted off" minute="79" period="2" second="11" time="82" type="substitution off" type_id="18"/>
	<message comment="Jonathan Williams is substituted on" minute="79" period="2" second="11" time="82" type="substitution on" type_id="19"/>
	<message comment="Bradley Johnson wins a corner (To the left)" minute="78" period="2" second="12" time="81" type="corner" type_id="6"/>
	<message comment="Adrian Mariappa blocks a shot" minute="78" period="2" second="10" time="81" type="save made" type_id="10"/>
	<message comment="Bradley Johnson has shot blocked (Out of box, Left footed, Set piece)" minute="78" period="2" second="10" time="81" type="attempt blocked" type_id="15"/>
	<message comment="Jonathan Parr wins a corner (To the left)" minute="75" period="2" second="39" time="78" type="corner" type_id="6"/>
	<message comment="Joel Ward wins a corner (To the right)" minute="75" period="2" second="1" time="78" type="corner" type_id="6"/>
	<message comment="Wes Hoolahan is substituted off" minute="68" period="2" second="27" time="71" type="substitution off" type_id="18"/>
	<message comment="Johan Elmander is substituted on" minute="68" period="2" second="27" time="71" type="substitution on" type_id="19"/>
	<message comment="Julian Speroni makes a save (Diving)" minute="67" period="2" second="19" time="70" type="save made" type_id="10"/>
	<message comment="Gary Hooper has attempt saved (Low to the left, Out of box, Right footed, Open play)" minute="67" period="2" second="19" time="70" type="attempt blocked" type_id="15"/>
	<message comment="Joel Ward wins a corner (To the right)" minute="63" period="2" second="57" time="66" type="corner" type_id="6"/>
	<message comment="Dwight Gayle wins a corner (To the right)" minute="63" period="2" second="9" time="66" type="corner" type_id="6"/>
	<message comment="John Ruddy makes a save (Parried safe)" minute="62" period="2" second="11" time="65" type="save made" type_id="10"/>
	<message comment="Jason Puncheon has attempt saved (Low to the right, 18-yard box, Left footed, Open play)" minute="62" period="2" second="11" time="65" type="attempt blocked" type_id="15"/>
	<message comment="Cameron Jerome is substituted off" minute="61" period="2" second="46" time="64" type="substitution off" type_id="18"/>
	<message comment="Dwight Gayle is substituted on" minute="61" period="2" second="46" time="64" type="substitution on" type_id="19"/>
	<message comment="Jason Puncheon misses attempt (18-yard box, Left footed, Open play)" minute="57" period="2" second="47" time="60" type="attempt missed" type_id="13"/>
	<message comment="Martin Olsson blocks a shot" minute="57" period="2" second="45" time="60" type="save made" type_id="10"/>
	<message comment="Jason Puncheon has shot blocked (18-yard box, Right footed, Open play)" minute="57" period="2" second="45" time="60" type="attempt blocked" type_id="15"/>
	<message comment="John Ruddy makes a save" minute="55" period="2" second="24" time="58" type="save made" type_id="10"/>
	<message comment="Yannick Bolasie has attempt saved (High to the centre, 18-yard box, Head, From corner)" minute="55" period="2" second="24" time="58" type="attempt blocked" type_id="15"/>
	<message comment="Adrian Mariappa misses attempt (To the left, 18-yard box, Head, From corner)" minute="55" period="2" second="14" time="58" type="attempt missed" type_id="13"/>
	<message comment="Cameron Jerome wins a corner (To the right)" minute="54" period="2" second="46" time="57" type="corner" type_id="6"/>
	<message comment="Michael Turner is substituted off" minute="53" period="2" second="44" time="56" type="substitution off" type_id="18"/>
	<message comment="Ryan Bennett is substituted on" minute="53" period="2" second="44" time="56" type="substitution on" type_id="19"/>
	<message comment="Cameron Jerome misses attempt (18-yard box, Right footed, From corner)" minute="52" period="2" second="12" time="55" type="attempt missed" type_id="13"/>
	<message comment="Cameron Jerome wins a corner (To the left)" minute="51" period="2" second="31" time="54" type="corner" type_id="6"/>
	<message comment="Julian Speroni makes a save (Parried into danger)" minute="50" period="2" second="0" time="53" type="save made" type_id="10"/>
	<message comment="Nathan Redmond has attempt saved (Low to the right, 18-yard box, Right footed, Open play)" minute="50" period="2" second="0" time="53" type="attempt blocked" type_id="15"/>
	<message comment="Yannick Bolasie wins a corner (To the right)" minute="45" period="2" second="52" time="48" type="corner" type_id="6"/>
	<message comment="Kagisho Dikgacoi is substituted off" minute="45" period="2" second="0" time="48" type="substitution off" type_id="18"/>
	<message comment="Jonathan Parr is substituted on" minute="45" period="2" second="0" time="48" type="substitution on" type_id="19"/>
	<message comment="Second half begins!" minute="45" period="2" second="0" time="48" type="start" type_id="32"/>
	<message comment="First half ends" minute="47" period="1" second="10" time="47" type="end" type_id="30"/>
	<message comment="GOAL! Jason Puncheon scores  (Low to the right, 18-yard box, Penalty, Big Chance, Left footed)" minute="43" period="1" second="34" time="43" type="goal scored" type_id="16"/>
	<message comment="Mile Jedinak recieves a yellow card" minute="43" period="1" second="10" time="43" type="card received" type_id="17"/>
	<message comment="Leroy Fer recieves a yellow card" minute="42" period="1" second="55" time="42" type="card received" type_id="17"/>
	<message comment="Cameron Jerome wins a corner (To the right)" minute="42" period="1" second="1" time="42" type="corner" type_id="6"/>
	<message comment="Cameron Jerome has shot blocked (6-yard box, Head, From corner)" minute="41" period="1" second="56" time="41" type="attempt blocked" type_id="15"/>
	<message comment="Martin Olsson blocks a shot (Last line)" minute="41" period="1" second="56" time="41" type="save made" type_id="10"/>
	<message comment="Jason Puncheon wins a corner (To the left)" minute="41" period="1" second="24" time="41" type="corner" type_id="6"/>
	<message comment="Wes Hoolahan recieves a yellow card" minute="40" period="1" second="52" time="40" type="card received" type_id="17"/>
	<message comment="Marouane Chamakh recieves a yellow card" minute="40" period="1" second="51" time="40" type="card received" type_id="17"/>
	<message comment="GOAL! Bradley Johnson scores , Assisted by Gary Hooper (High to the right, Out of box, Right footed, Open play)" minute="38" period="1" second="8" time="38" type="goal scored" type_id="16"/>
	<message comment="Robert Snodgrass wins a corner (To the right)" minute="36" period="1" second="38" time="36" type="corner" type_id="6"/>
	<message comment="Julian Speroni makes a save (Diving)" minute="34" period="1" second="8" time="34" type="save made" type_id="10"/>
	<message comment="Leroy Fer has attempt saved (Low to the right, Out of box, Right footed, Open play)" minute="34" period="1" second="8" time="34" type="attempt blocked" type_id="15"/>
	<message comment="Cameron Jerome misses attempt (High to the left, 6-yard box, Big Chance, Left footed, Open play)" minute="30" period="1" second="1" time="30" type="attempt missed" type_id="13"/>
	<message comment="Jason Puncheon has shot blocked (Out of box, Left footed, Open play)" minute="26" period="1" second="15" time="26" type="attempt blocked" type_id="15"/>
	<message comment="Sebastien Bassong blocks a shot" minute="26" period="1" second="15" time="26" type="save made" type_id="10"/>
	<message comment="Wes Hoolahan is caught offside" minute="23" period="1" time="23" type="offside" type_id="10000"/>
	<message comment="Kagisho Dikgacoi misses attempt (High, Out of box, Right footed, Set piece)" minute="22" period="1" second="33" time="22" type="attempt missed" type_id="13"/>
	<message comment="Julian Speroni makes a save (Standing)" minute="16" period="1" second="18" time="16" type="save made" type_id="10"/>
	<message comment="Sebastien Bassong has attempt saved (High to the centre, 18-yard box, Head, Set piece)" minute="16" period="1" second="18" time="16" type="attempt blocked" type_id="15"/>
	<message comment="Kagisho Dikgacoi recieves a yellow card" minute="15" period="1" second="48" time="15" type="card received" type_id="17"/>
	<message comment="Mile Jedinak misses attempt (Out of box, Right footed, Free kick)" minute="11" period="1" second="47" time="11" type="attempt missed" type_id="13"/>
	<message comment="Jason Puncheon misses attempt (To the left, 18-yard box, Right footed, Open play)" minute="8" period="1" second="3" time="8" type="attempt missed" type_id="13"/>
	<message comment="Formation Set" minute="0" period="14" second="0" time="7" type="end" type_id="30"/>
	<message comment="Nathan Redmond wins a corner (To the left)" minute="4" period="1" second="57" time="4" type="corner" type_id="6"/>
	<message comment="Bradley Johnson misses attempt (High to the right, 18-yard box, Head, Set piece)" minute="2" period="1" second="41" time="2" type="attempt missed" type_id="13"/>
	<message comment="First half begins!" minute="0" period="1" second="0" time="0" type="start" type_id="32"/>
</Commentary>
