<?xml version="1.0" ?>
<Commentary away_team_name="Crystal Palace" competition="English Premier League" game_date="2014-04-27" home_team_name="Manchester City" lang_id="en" season="Season 2013/2014" season_id="2013" sport_id="1" sport_name="Football">
	<message comment="Second half ends" minute="93" period="2" second="30" time="96" type="end" type_id="30"/>
	<message comment="Glenn Murray is caught offside" minute="88" period="2" time="91" type="offside" type_id="10000"/>
	<message comment="Edin Dzeko is substituted off" minute="87" period="2" second="50" time="90" type="substitution off" type_id="18"/>
	<message comment="Álvaro Negredo is substituted on" minute="87" period="2" second="50" time="90" type="substitution on" type_id="19"/>
	<message comment="Scott Dann blocks a shot" minute="86" period="2" second="19" time="89" type="save made" type_id="10"/>
	<message comment="Stevan Jovetic has shot blocked (Out of box, Left footed, Open play)" minute="86" period="2" second="19" time="89" type="attempt blocked" type_id="15"/>
	<message comment="Julian Speroni makes a save (Collected)" minute="83" period="2" second="58" time="86" type="save made" type_id="10"/>
	<message comment="Edin Dzeko has attempt saved (Low to the centre, Out of box, Left footed, Open play)" minute="83" period="2" second="58" time="86" type="attempt blocked" type_id="15"/>
	<message comment="Sergio Agüero is substituted off" minute="78" period="2" second="5" time="81" type="substitution off" type_id="18"/>
	<message comment="Stevan Jovetic is substituted on" minute="78" period="2" second="5" time="81" type="substitution on" type_id="19"/>
	<message comment="Dwight Gayle wins a corner (To the right)" minute="74" period="2" second="58" time="77" type="corner" type_id="6"/>
	<message comment="Yannick Bolasie is substituted off" minute="72" period="2" second="14" time="75" type="substitution off" type_id="18"/>
	<message comment="Tom Ince is substituted on" minute="72" period="2" second="14" time="75" type="substitution on" type_id="19"/>
	<message comment="Julian Speroni makes a save (Diving, Parried safe)" minute="71" period="2" second="25" time="74" type="save made" type_id="10"/>
	<message comment="Edin Dzeko has attempt saved (Low to the centre, 18-yard box, Right footed, Open play)" minute="71" period="2" second="25" time="74" type="attempt blocked" type_id="15"/>
	<message comment="Joel Ward recieves a yellow card" minute="70" period="2" second="24" time="73" type="card received" type_id="17"/>
	<message comment="Julian Speroni makes a save (Standing)" minute="69" period="2" second="55" time="72" type="save made" type_id="10"/>
	<message comment="Sergio Agüero has attempt saved (Low to the centre, 18-yard box, Right footed, Open play)" minute="69" period="2" second="55" time="72" type="attempt blocked" type_id="15"/>
	<message comment="Glenn Murray is substituted on" minute="68" period="2" second="45" time="71" type="substitution on" type_id="19"/>
	<message comment="Cameron Jerome is substituted off" minute="68" period="2" second="45" time="71" type="substitution off" type_id="18"/>
	<message comment="Marouane Chamakh is substituted off" minute="68" period="2" second="36" time="71" type="substitution off" type_id="18"/>
	<message comment="Dwight Gayle is substituted on" minute="68" period="2" second="36" time="71" type="substitution on" type_id="19"/>
	<message comment="Joel Ward misses attempt (To the right, Out of box, Right footed, Open play)" minute="67" period="2" second="29" time="70" type="attempt missed" type_id="13"/>
	<message comment="Yaya Touré is substituted off" minute="65" period="2" second="50" time="68" type="substitution off" type_id="18"/>
	<message comment="Fernandinho is substituted on" minute="65" period="2" second="50" time="68" type="substitution on" type_id="19"/>
	<message comment="Yaya Touré misses attempt (High to the right, Out of box, Right footed, Open play)" minute="65" period="2" second="0" time="68" type="attempt missed" type_id="13"/>
	<message comment="Cameron Jerome wins a corner (To the left)" minute="58" period="2" second="24" time="61" type="corner" type_id="6"/>
	<message comment="Scott Dann recieves a yellow card" minute="55" period="2" second="3" time="58" type="card received" type_id="17"/>
	<message comment="Sergio Agüero wins a corner (To the left)" minute="51" period="2" second="59" time="54" type="corner" type_id="6"/>
	<message comment="Martín Demichelis misses attempt (High, 18-yard box, Head, From corner)" minute="51" period="2" second="0" time="54" type="attempt missed" type_id="13"/>
	<message comment="Yaya Touré wins a corner (To the right)" minute="50" period="2" second="37" time="53" type="corner" type_id="6"/>
	<message comment="Cameron Jerome is caught offside" minute="49" period="2" time="52" type="offside" type_id="10000"/>
	<message comment="Aleksandar Kolarov misses attempt (High, Out of box, Left footed, Free kick)" minute="48" period="2" second="27" time="51" type="attempt missed" type_id="13"/>
	<message comment="Jason Puncheon wins a corner (To the left)" minute="46" period="2" second="5" time="49" type="corner" type_id="6"/>
	<message comment="Jason Puncheon has attempt saved (Low to the left, Out of box, Right footed, Open play)" minute="46" period="2" second="4" time="49" type="attempt blocked" type_id="15"/>
	<message comment="Joe Hart makes a save (Diving, Parried safe)" minute="46" period="2" second="4" time="49" type="save made" type_id="10"/>
	<message comment="Second half begins!" minute="45" period="2" second="0" time="48" type="start" type_id="32"/>
	<message comment="First half ends" minute="47" period="1" second="6" time="47" type="end" type_id="30"/>
	<message comment="Julian Speroni makes a save (Collected)" minute="46" period="1" second="47" time="46" type="save made" type_id="10"/>
	<message comment="Sergio Agüero has attempt saved (Low to the centre, Out of box, Right footed, Open play)" minute="46" period="1" second="47" time="46" type="attempt blocked" type_id="15"/>
	<message comment="Cameron Jerome is caught offside" minute="43" period="1" time="43" type="offside" type_id="10000"/>
	<message comment="GOAL! Yaya Touré scores , Assisted by Samir Nasri (High to the left, 18-yard box, Left footed, Open play)" minute="42" period="1" second="18" time="42" type="goal scored" type_id="16"/>
	<message comment="Mile Jedinak blocks a shot" minute="36" period="1" second="21" time="36" type="save made" type_id="10"/>
	<message comment="James Milner has shot blocked (Out of box, Right footed, From corner)" minute="36" period="1" second="21" time="36" type="attempt blocked" type_id="15"/>
	<message comment="Aleksandar Kolarov wins a corner (To the left)" minute="35" period="1" second="59" time="35" type="corner" type_id="6"/>
	<message comment="Damien Delaney blocks a shot" minute="33" period="1" second="38" time="33" type="save made" type_id="10"/>
	<message comment="Yaya Touré has shot blocked (18-yard box, Right footed, Open play)" minute="33" period="1" second="38" time="33" type="attempt blocked" type_id="15"/>
	<message comment="Pablo Zabaleta recieves a yellow card" minute="32" period="1" second="10" time="32" type="card received" type_id="17"/>
	<message comment="Joel Ward is caught offside" minute="28" period="1" time="28" type="offside" type_id="10000"/>
	<message comment="Damien Delaney recieves a yellow card" minute="23" period="1" second="40" time="23" type="card received" type_id="17"/>
	<message comment="Vincent Kompany misses attempt (18-yard box, Head, From corner)" minute="22" period="1" second="25" time="22" type="attempt missed" type_id="13"/>
	<message comment="James Milner wins a corner (To the right)" minute="22" period="1" second="1" time="22" type="corner" type_id="6"/>
	<message comment="Edin Dzeko misses attempt (To the right, 6-yard box, Head, From corner)" minute="19" period="1" second="14" time="19" type="attempt missed" type_id="13"/>
	<message comment="James Milner wins a corner (To the left)" minute="18" period="1" second="53" time="18" type="corner" type_id="6"/>
	<message comment="Damien Delaney blocks a shot" minute="18" period="1" second="43" time="18" type="save made" type_id="10"/>
	<message comment="Vincent Kompany has shot blocked (18-yard box, Head, From corner)" minute="18" period="1" second="43" time="18" type="attempt blocked" type_id="15"/>
	<message comment="Edin Dzeko wins a corner (To the left)" minute="18" period="1" second="7" time="18" type="corner" type_id="6"/>
	<message comment="Jason Puncheon has attempt saved (Low to the right, Out of box, Left footed, Open play)" minute="17" period="1" second="29" time="17" type="attempt blocked" type_id="15"/>
	<message comment="Joe Hart makes a save (Collected, Diving)" minute="17" period="1" second="29" time="17" type="save made" type_id="10"/>
	<message comment="Sergio Agüero wins a corner (To the right)" minute="15" period="1" second="7" time="15" type="corner" type_id="6"/>
	<message comment="Adrian Mariappa wins a corner (To the right)" minute="11" period="1" second="9" time="11" type="corner" type_id="6"/>
	<message comment="Sergio Agüero misses attempt (To the left, 18-yard box, Right footed, Set piece)" minute="7" period="1" second="30" time="7" type="attempt missed" type_id="13"/>
	<message comment="Formation Set" minute="0" period="14" second="0" time="6" type="end" type_id="30"/>
	<message comment="Sergio Agüero wins a corner (To the right)" minute="5" period="1" second="19" time="5" type="corner" type_id="6"/>
	<message comment="GOAL! Edin Dzeko scores , Assisted by Yaya Touré (Low to the left, 18-yard box, Big Chance, Head, Open play)" minute="3" period="1" second="31" time="3" type="goal scored" type_id="16"/>
	<message comment="First half begins!" minute="0" period="1" second="0" time="0" type="start" type_id="32"/>
</Commentary>
