<?xml version="1.0" ?>
<Commentary away_team_name="Crystal Palace" competition="English Premier League" game_date="2014-05-05" home_team_name="Liverpool" lang_id="en" season="Season 2013/2014" season_id="2013" sport_id="1" sport_name="Football">
	<message comment="Second half ends" minute="95" period="2" second="13" time="98" type="end" type_id="30"/>
	<message comment="Joel Ward blocks a shot" minute="93" period="2" second="39" time="96" type="save made" type_id="10"/>
	<message comment="Lucas Leiva has shot blocked (6-yard box, Right footed, From corner)" minute="93" period="2" second="39" time="96" type="attempt blocked" type_id="15"/>
	<message comment="Glen Johnson wins a corner (To the right)" minute="93" period="2" second="10" time="96" type="corner" type_id="6"/>
	<message comment="Joe Allen wins a corner (To the left)" minute="91" period="2" second="56" time="94" type="corner" type_id="6"/>
	<message comment="Dwight Gayle misses attempt (Out of box, Left footed, Open play)" minute="91" period="2" second="5" time="94" type="attempt missed" type_id="13"/>
	<message comment="Julian Speroni makes a save (Parried into danger)" minute="89" period="2" second="20" time="92" type="save made" type_id="10"/>
	<message comment="Philippe Coutinho has attempt saved (Low to the centre, 18-yard box, Right footed, Open play)" minute="89" period="2" second="20" time="92" type="attempt blocked" type_id="15"/>
	<message comment="GOAL! Dwight Gayle scores , Assisted by Glenn Murray (Low to the left, 18-yard box, Big Chance, Left footed, Open play)" minute="87" period="2" second="24" time="90" type="goal scored" type_id="16"/>
	<message comment="Daniel Sturridge is substituted off" minute="85" period="2" second="57" time="88" type="substitution off" type_id="18"/>
	<message comment="Victor Moses is substituted on" minute="85" period="2" second="57" time="88" type="substitution on" type_id="19"/>
	<message comment="Dwight Gayle wins a corner (To the right)" minute="84" period="2" second="26" time="87" type="corner" type_id="6"/>
	<message comment="Glenn Murray has shot blocked (18-yard box, Head, Set piece)" minute="84" period="2" second="20" time="87" type="attempt blocked" type_id="15"/>
	<message comment="Lucas Leiva blocks a shot" minute="84" period="2" second="20" time="87" type="save made" type_id="10"/>
	<message comment="Kagisho Dikgacoi is substituted off" minute="84" period="2" second="3" time="87" type="substitution off" type_id="18"/>
	<message comment="Tom Ince is substituted on" minute="84" period="2" second="3" time="87" type="substitution on" type_id="19"/>
	<message comment="Dwight Gayle wins a corner (To the left)" minute="82" period="2" second="48" time="85" type="corner" type_id="6"/>
	<message comment="GOAL! Dwight Gayle scores , Assisted by Yannick Bolasie (Low to the right, 18-yard box, Right footed, Fast break)" minute="80" period="2" second="18" time="83" type="goal scored" type_id="16"/>
	<message comment="Scott Dann blocks a shot" minute="80" period="2" second="5" time="83" type="save made" type_id="10"/>
	<message comment="Joe Allen has shot blocked (Out of box, Left footed, Open play)" minute="80" period="2" second="5" time="83" type="attempt blocked" type_id="15"/>
	<message comment="Philippe Coutinho wins a corner (To the right)" minute="79" period="2" second="32" time="82" type="corner" type_id="6"/>
	<message comment="Julian Speroni makes a save (Parried safe, Diving)" minute="79" period="2" second="26" time="82" type="save made" type_id="10"/>
	<message comment="Philippe Coutinho has attempt saved (High to the centre, 18-yard box, Right footed, Open play)" minute="79" period="2" second="26" time="82" type="attempt blocked" type_id="15"/>
	<message comment="GOAL! Damien Delaney scores , Assisted by Mile Jedinak (High to the left, Out of box, Left footed, Open play)" minute="78" period="2" second="19" time="81" type="goal scored" type_id="16"/>
	<message comment="Raheem Sterling is substituted off" minute="77" period="2" second="43" time="80" type="substitution off" type_id="18"/>
	<message comment="Philippe Coutinho is substituted on" minute="77" period="2" second="43" time="80" type="substitution on" type_id="19"/>
	<message comment="Glenn Murray misses attempt (Out of box, Right footed, Open play)" minute="76" period="2" second="13" time="79" type="attempt missed" type_id="13"/>
	<message comment="Raheem Sterling wins a corner (To the left)" minute="75" period="2" second="38" time="78" type="corner" type_id="6"/>
	<message comment="Scott Dann blocks a shot" minute="75" period="2" second="36" time="78" type="save made" type_id="10"/>
	<message comment="Raheem Sterling has shot blocked (18-yard box, Left footed, Open play)" minute="75" period="2" second="36" time="78" type="attempt blocked" type_id="15"/>
	<message comment="Raheem Sterling has shot blocked (18-yard box, Right footed, Open play)" minute="75" period="2" second="24" time="78" type="attempt blocked" type_id="15"/>
	<message comment="Scott Dann blocks a shot" minute="75" period="2" second="24" time="78" type="save made" type_id="10"/>
	<message comment="Glenn Murray is substituted on" minute="70" period="2" second="29" time="73" type="substitution on" type_id="19"/>
	<message comment="Marouane Chamakh is substituted off" minute="70" period="2" second="29" time="73" type="substitution off" type_id="18"/>
	<message comment="Martin Skrtel misses attempt (To the right, 18-yard box, Head, From corner)" minute="67" period="2" second="20" time="70" type="attempt missed" type_id="13"/>
	<message comment="Scott Dann recieves a yellow card" minute="66" period="2" second="58" time="69" type="card received" type_id="17"/>
	<message comment="Glen Johnson wins a corner (To the left)" minute="66" period="2" second="50" time="69" type="corner" type_id="6"/>
	<message comment="Julian Speroni makes a save (Standing, Parried safe)" minute="66" period="2" second="48" time="69" type="save made" type_id="10"/>
	<message comment="Glen Johnson has attempt saved (High to the centre, Out of box, Left footed, Open play)" minute="66" period="2" second="48" time="69" type="attempt blocked" type_id="15"/>
	<message comment="Jason Puncheon is substituted off" minute="64" period="2" second="11" time="67" type="substitution off" type_id="18"/>
	<message comment="Dwight Gayle is substituted on" minute="64" period="2" second="11" time="67" type="substitution on" type_id="19"/>
	<message comment="Yannick Bolasie wins a corner (To the left)" minute="62" period="2" second="57" time="65" type="corner" type_id="6"/>
	<message comment="Martin Skrtel recieves a yellow card" minute="62" period="2" second="30" time="65" type="card received" type_id="17"/>
	<message comment="Luis Suárez misses attempt (High, Out of box, Right footed, Open play)" minute="57" period="2" second="22" time="60" type="attempt missed" type_id="13"/>
	<message comment="Daniel Sturridge misses attempt (High, Out of box, Left footed, Open play)" minute="56" period="2" second="22" time="59" type="attempt missed" type_id="13"/>
	<message comment="GOAL! Luis Suárez scores , Assisted by Raheem Sterling (Low to the centre, 18-yard box, Big Chance, Left footed, Open play)" minute="54" period="2" second="43" time="57" type="goal scored" type_id="16"/>
	<message comment="Damien Delaney scores an OWN GOAL!  (Low to the right, 18-yard box, Right footed, Open play)" minute="52" period="2" second="44" time="55" type="goal scored" type_id="16"/>
	<message comment="Damien Delaney blocks a shot" minute="52" period="2" second="43" time="55" type="save made" type_id="10"/>
	<message comment="Daniel Sturridge has shot blocked (Out of box, Left footed, Open play)" minute="52" period="2" second="43" time="55" type="attempt blocked" type_id="15"/>
	<message comment="Luis Suárez misses attempt (High to the right, 18-yard box, Big Chance, Right footed, Open play)" minute="50" period="2" second="52" time="53" type="attempt missed" type_id="13"/>
	<message comment="Julian Speroni makes a save (Diving, Parried into danger)" minute="50" period="2" second="49" time="53" type="save made" type_id="10"/>
	<message comment="Daniel Sturridge has attempt saved (High to the left, Out of box, Left footed, Open play)" minute="50" period="2" second="49" time="53" type="attempt blocked" type_id="15"/>
	<message comment="Joe Ledley has attempt saved (Low to the centre, Out of box, Left footed, Open play)" minute="50" period="2" second="0" time="53" type="attempt blocked" type_id="15"/>
	<message comment="Simon Mignolet makes a save (Collected)" minute="50" period="2" second="0" time="53" type="save made" type_id="10"/>
	<message comment="Luis Suárez recieves a yellow card" minute="49" period="2" second="10" time="52" type="card received" type_id="17"/>
	<message comment="Second half begins!" minute="45" period="2" second="0" time="48" type="start" type_id="32"/>
	<message comment="First half ends" minute="47" period="1" second="9" time="47" type="end" type_id="30"/>
	<message comment="Raheem Sterling has shot blocked (Out of box, Right footed, Open play)" minute="46" period="1" second="50" time="46" type="attempt blocked" type_id="15"/>
	<message comment="Mile Jedinak blocks a shot" minute="46" period="1" second="50" time="46" type="save made" type_id="10"/>
	<message comment="Joe Allen misses attempt (High to the right, 18-yard box, Right footed, Open play)" minute="45" period="1" second="15" time="45" type="attempt missed" type_id="13"/>
	<message comment="Luis Suárez is caught offside" minute="42" period="1" time="42" type="offside" type_id="10000"/>
	<message comment="Luis Suárez has attempt saved (Low to the left, 18-yard box, Right footed, Open play)" minute="41" period="1" second="57" time="41" type="attempt blocked" type_id="15"/>
	<message comment="Julian Speroni makes a save (Parried safe, Diving)" minute="41" period="1" second="57" time="41" type="save made" type_id="10"/>
	<message comment="Joe Ledley blocks a shot" minute="39" period="1" second="52" time="39" type="save made" type_id="10"/>
	<message comment="Raheem Sterling has shot blocked (Out of box, Right footed, Open play)" minute="39" period="1" second="52" time="39" type="attempt blocked" type_id="15"/>
	<message comment="Luis Suárez misses attempt (High, 18-yard box, Left footed, Open play)" minute="36" period="1" second="45" time="36" type="attempt missed" type_id="13"/>
	<message comment="Jason Puncheon misses attempt (To the right, 18-yard box, Head, Open play)" minute="35" period="1" second="48" time="35" type="attempt missed" type_id="13"/>
	<message comment="Mile Jedinak wins a corner (To the left)" minute="34" period="1" second="33" time="34" type="corner" type_id="6"/>
	<message comment="Mile Jedinak has attempt saved (High to the left, Out of box, Right footed, Open play)" minute="34" period="1" second="32" time="34" type="attempt blocked" type_id="15"/>
	<message comment="Simon Mignolet makes a save (Diving)" minute="34" period="1" second="32" time="34" type="save made" type_id="10"/>
	<message comment="Jason Puncheon wins a corner (To the right)" minute="32" period="1" second="19" time="32" type="corner" type_id="6"/>
	<message comment="Jason Puncheon has attempt saved (Low to the right, Out of box, Left footed, Open play)" minute="32" period="1" second="16" time="32" type="attempt blocked" type_id="15"/>
	<message comment="Simon Mignolet makes a save (Parried safe, Diving)" minute="32" period="1" second="16" time="32" type="save made" type_id="10"/>
	<message comment="Luis Suárez misses attempt (Out of box, Right footed, Free kick)" minute="30" period="1" second="12" time="30" type="attempt missed" type_id="13"/>
	<message comment="Adrian Mariappa recieves a yellow card" minute="29" period="1" second="33" time="29" type="card received" type_id="17"/>
	<message comment="Joe Allen recieves a yellow card" minute="24" period="1" second="12" time="24" type="card received" type_id="17"/>
	<message comment="Jon Flanagan is caught offside" minute="20" period="1" time="20" type="offside" type_id="10000"/>
	<message comment="GOAL! Joe Allen scores , Assisted by Steven Gerrard (Low to the left, 18-yard box, Big Chance, Head, From corner)" minute="17" period="1" second="44" time="17" type="goal scored" type_id="16"/>
	<message comment="Daniel Sturridge wins a corner (To the left)" minute="17" period="1" second="16" time="17" type="corner" type_id="6"/>
	<message comment="Damien Delaney blocks a shot" minute="17" period="1" second="13" time="17" type="save made" type_id="10"/>
	<message comment="Daniel Sturridge has shot blocked (Out of box, Left footed, Open play)" minute="17" period="1" second="13" time="17" type="attempt blocked" type_id="15"/>
	<message comment="Damien Delaney blocks a shot" minute="16" period="1" second="56" time="16" type="save made" type_id="10"/>
	<message comment="Daniel Sturridge has shot blocked (18-yard box, Left footed, Open play)" minute="16" period="1" second="56" time="16" type="attempt blocked" type_id="15"/>
	<message comment="Glen Johnson misses attempt (18-yard box, Big Chance, Head, Open play)" minute="14" period="1" second="52" time="14" type="attempt missed" type_id="13"/>
	<message comment="Jason Puncheon wins a corner (To the left)" minute="8" period="1" second="47" time="8" type="corner" type_id="6"/>
	<message comment="Adrian Mariappa wins a corner (To the right)" minute="8" period="1" second="10" time="8" type="corner" type_id="6"/>
	<message comment="Formation Set" minute="0" period="14" second="0" time="8" type="end" type_id="30"/>
	<message comment="Mamadou Sakho misses attempt (18-yard box, Head, From corner)" minute="7" period="1" second="15" time="7" type="attempt missed" type_id="13"/>
	<message comment="Luis Suárez wins a corner (To the right)" minute="6" period="1" second="47" time="6" type="corner" type_id="6"/>
	<message comment="Julian Speroni makes a save (Parried safe, Diving)" minute="6" period="1" second="45" time="6" type="save made" type_id="10"/>
	<message comment="Luis Suárez has attempt saved (Low to the left, 18-yard box, Right footed, Open play)" minute="6" period="1" second="45" time="6" type="attempt blocked" type_id="15"/>
	<message comment="Luis Suárez is caught offside" minute="4" period="1" time="4" type="offside" type_id="10000"/>
	<message comment="First half begins!" minute="0" period="1" second="0" time="0" type="start" type_id="32"/>
</Commentary>
