<?xml version="1.0" ?>
<Commentary away_team_name="Crystal Palace" competition="English Premier League" game_date="2013-08-18" home_team_name="Tottenham" lang_id="en" season="Season 2013/2014" season_id="2013" sport_id="1" sport_name="Football">
	<message comment="Second half ends" minute="93" period="2" second="5" time="97" type="end" type_id="30"/>
	<message comment="Mile Jedinak recieves a yellow card" minute="89" period="2" second="30" time="93" type="card received" type_id="17"/>
	<message comment="Kagisho Dikgacoi has attempt saved (Low to the left, 18-yard box, Right footed, Open play)" minute="88" period="2" second="58" time="92" type="attempt blocked" type_id="15"/>
	<message comment="Hugo Lloris makes a save (Diving, Parried into danger)" minute="88" period="2" second="58" time="92" type="save made" type_id="10"/>
	<message comment="Jermain Defoe misses attempt (18-yard box, Big Chance, Right footed, Open play)" minute="87" period="2" second="3" time="91" type="attempt missed" type_id="13"/>
	<message comment="Kevin Phillips is caught offside" minute="87" period="2" time="91" type="offside" type_id="10000"/>
	<message comment="Danny Gabbidon blocks a shot" minute="86" period="2" second="18" time="90" type="save made" type_id="10"/>
	<message comment="Gylfi Sigurdsson has shot blocked (18-yard box, Left footed, Open play)" minute="86" period="2" second="18" time="90" type="attempt blocked" type_id="15"/>
	<message comment="Danny Rose is substituted off" minute="85" period="2" second="18" time="89" type="substitution off" type_id="18"/>
	<message comment="Younes Kaboul is substituted on" minute="85" period="2" second="18" time="89" type="substitution on" type_id="19"/>
	<message comment="Damien Delaney has attempt saved (Low to the left, 18-yard box, Left footed, From corner)" minute="84" period="2" second="7" time="88" type="attempt blocked" type_id="15"/>
	<message comment="Hugo Lloris makes a save (Diving, Parried into danger)" minute="84" period="2" second="7" time="88" type="save made" type_id="10"/>
	<message comment="Marouane Chamakh wins a corner (To the right)" minute="83" period="2" second="38" time="87" type="corner" type_id="6"/>
	<message comment="Roberto Soldado is substituted off" minute="82" period="2" second="50" time="86" type="substitution off" type_id="18"/>
	<message comment="Jermain Defoe is substituted on" minute="82" period="2" second="50" time="86" type="substitution on" type_id="19"/>
	<message comment="Kevin Phillips misses attempt (To the left, Out of box, Right footed, Open play)" minute="82" period="2" second="6" time="86" type="attempt missed" type_id="13"/>
	<message comment="Nacer Chadli misses attempt (Out of box, Right footed, Fast break)" minute="79" period="2" second="12" time="83" type="attempt missed" type_id="13"/>
	<message comment="Paulinho misses attempt (Out of box, Right footed, From corner)" minute="76" period="2" second="43" time="80" type="attempt missed" type_id="13"/>
	<message comment="Roberto Soldado wins a corner (To the right)" minute="76" period="2" second="12" time="80" type="corner" type_id="6"/>
	<message comment="Etienne Capoue wins a corner (To the left)" minute="72" period="2" second="46" time="76" type="corner" type_id="6"/>
	<message comment="Nacer Chadli misses attempt (To the right, Out of box, Right footed, Open play)" minute="71" period="2" second="24" time="75" type="attempt missed" type_id="13"/>
	<message comment="Gylfi Sigurdsson misses attempt (18-yard box, Big Chance, Right footed, Open play)" minute="68" period="2" second="12" time="72" type="attempt missed" type_id="13"/>
	<message comment="Nacer Chadli wins a corner (To the left)" minute="66" period="2" second="55" time="70" type="corner" type_id="6"/>
	<message comment="Aaron Wilbraham is substituted off" minute="65" period="2" second="31" time="69" type="substitution off" type_id="18"/>
	<message comment="Kevin Phillips is substituted on" minute="65" period="2" second="31" time="69" type="substitution on" type_id="19"/>
	<message comment="Owen Garvan is substituted off" minute="65" period="2" second="19" time="69" type="substitution off" type_id="18"/>
	<message comment="Marouane Chamakh is substituted on" minute="65" period="2" second="19" time="69" type="substitution on" type_id="19"/>
	<message comment="Stephen Dobbie is substituted off" minute="65" period="2" second="4" time="69" type="substitution off" type_id="18"/>
	<message comment="Jonathan Williams is substituted on" minute="65" period="2" second="4" time="69" type="substitution on" type_id="19"/>
	<message comment="Dwight Gayle misses attempt (High, Out of box, Left footed, Open play)" minute="64" period="2" second="37" time="68" type="attempt missed" type_id="13"/>
	<message comment="Etienne Capoue misses attempt (High, Out of box, Right footed, Open play)" minute="60" period="2" second="39" time="64" type="attempt missed" type_id="13"/>
	<message comment="Mousa Dembélé is substituted off" minute="56" period="2" second="41" time="60" type="substitution off" type_id="18"/>
	<message comment="Etienne Capoue is substituted on" minute="56" period="2" second="41" time="60" type="substitution on" type_id="19"/>
	<message comment="Damien Delaney wins a corner (To the left)" minute="55" period="2" second="32" time="59" type="corner" type_id="6"/>
	<message comment="Aaron Wilbraham wins a corner (To the right)" minute="55" period="2" second="13" time="59" type="corner" type_id="6"/>
	<message comment="Aaron Wilbraham is caught offside" minute="50" period="2" time="54" type="offside" type_id="10000"/>
	<message comment="GOAL! Roberto Soldado scores  (Low to the left, 18-yard box, Penalty, Big Chance, Right footed)" minute="49" period="2" second="19" time="53" type="goal scored" type_id="16"/>
	<message comment="Kyle Walker misses attempt (To the left, Out of box, Right footed, Open play)" minute="47" period="2" second="50" time="51" type="attempt missed" type_id="13"/>
	<message comment="Mile Jedinak blocks a shot" minute="47" period="2" second="43" time="51" type="save made" type_id="10"/>
	<message comment="Gylfi Sigurdsson has shot blocked (Out of box, Right footed, Open play)" minute="47" period="2" second="43" time="51" type="attempt blocked" type_id="15"/>
	<message comment="Second half begins!" minute="45" period="2" second="0" time="49" type="start" type_id="32"/>
	<message comment="First half ends" minute="48" period="1" second="7" time="48" type="end" type_id="30"/>
	<message comment="Nacer Chadli misses attempt (High, 6-yard box, Head, Open play)" minute="48" period="1" second="2" time="48" type="attempt missed" type_id="13"/>
	<message comment="Julian Speroni makes a save (Parried into danger)" minute="39" period="1" second="32" time="39" type="save made" type_id="10"/>
	<message comment="Roberto Soldado has attempt saved (Low to the centre, 6-yard box, Left footed, Open play)" minute="39" period="1" second="32" time="39" type="attempt blocked" type_id="15"/>
	<message comment="Gylfi Sigurdsson wins a corner (To the left)" minute="34" period="1" second="21" time="34" type="corner" type_id="6"/>
	<message comment="Julian Speroni makes a save (Parried safe, Diving)" minute="34" period="1" second="19" time="34" type="save made" type_id="10"/>
	<message comment="Gylfi Sigurdsson has attempt saved (High to the centre, Out of box, Right footed, Open play)" minute="34" period="1" second="19" time="34" type="attempt blocked" type_id="15"/>
	<message comment="Nacer Chadli wins a corner (To the left)" minute="28" period="1" second="32" time="28" type="corner" type_id="6"/>
	<message comment="Kagisho Dikgacoi blocks a shot" minute="28" period="1" second="30" time="28" type="save made" type_id="10"/>
	<message comment="Nacer Chadli has shot blocked (Out of box, Right footed, Open play)" minute="28" period="1" second="30" time="28" type="attempt blocked" type_id="15"/>
	<message comment="Aaron Wilbraham is caught offside" minute="27" period="1" time="27" type="offside" type_id="10000"/>
	<message comment="Aaron Wilbraham has attempt saved (Low to the centre, 18-yard box, Head, Set piece)" minute="26" period="1" second="42" time="26" type="attempt blocked" type_id="15"/>
	<message comment="Hugo Lloris makes a save" minute="26" period="1" second="42" time="26" type="save made" type_id="10"/>
	<message comment="Michael Dawson misses attempt (18-yard box, Head, From corner)" minute="23" period="1" second="47" time="23" type="attempt missed" type_id="13"/>
	<message comment="Aaron Lennon wins a corner (To the right)" minute="23" period="1" second="11" time="23" type="corner" type_id="6"/>
	<message comment="Roberto Soldado misses attempt (High, 18-yard box, Right footed, Set piece)" minute="20" period="1" second="7" time="20" type="attempt missed" type_id="13"/>
	<message comment="Mousa Dembélé hits the woodwork (High, Out of box, Left footed, Open play)" minute="12" period="1" second="27" time="12" type="woodwork hit" type_id="14"/>
	<message comment="Aaron Lennon wins a corner (To the right)" minute="8" period="1" second="37" time="8" type="corner" type_id="6"/>
	<message comment="Roberto Soldado misses attempt (High to the left, 18-yard box, Head, Open play)" minute="7" period="1" second="10" time="7" type="attempt missed" type_id="13"/>
	<message comment="Formation Set" minute="0" period="14" second="0" time="7" type="end" type_id="30"/>
	<message comment="Aaron Wilbraham is caught offside" minute="6" period="1" time="6" type="offside" type_id="10000"/>
	<message comment="First half begins!" minute="0" period="1" second="0" time="0" type="start" type_id="32"/>
</Commentary>
