<?xml version="1.0" ?>
<Commentary away_team_name="Crystal Palace" competition="English Premier League" game_date="2014-03-08" home_team_name="Southampton" lang_id="en" season="Season 2013/2014" season_id="2013" sport_id="1" sport_name="Football">
	<message comment="Second half ends" minute="94" period="2" second="15" time="98" type="end" type_id="30"/>
	<message comment="Jerome Thomas wins a corner (To the right)" minute="90" period="2" second="17" time="94" type="corner" type_id="6"/>
	<message comment="Steven Davis is substituted off" minute="88" period="2" second="15" time="92" type="substitution off" type_id="18"/>
	<message comment="James Ward-Prowse is substituted on" minute="88" period="2" second="15" time="92" type="substitution on" type_id="19"/>
	<message comment="Cameron Jerome is caught offside" minute="88" period="2" time="92" type="offside" type_id="10000"/>
	<message comment="Nathaniel Clyne recieves a yellow card" minute="87" period="2" second="55" time="91" type="card received" type_id="17"/>
	<message comment="Cameron Jerome is caught offside" minute="86" period="2" time="90" type="offside" type_id="10000"/>
	<message comment="José Fonte misses attempt (To the right, 18-yard box, Head, From corner)" minute="85" period="2" second="19" time="89" type="attempt missed" type_id="13"/>
	<message comment="Adam Lallana wins a corner (To the right)" minute="84" period="2" second="51" time="88" type="corner" type_id="6"/>
	<message comment="Yannick Bolasie is substituted off" minute="82" period="2" second="8" time="86" type="substitution off" type_id="18"/>
	<message comment="Jerome Thomas is substituted on" minute="82" period="2" second="8" time="86" type="substitution on" type_id="19"/>
	<message comment="Jay Rodriguez has shot blocked (Out of box, Right footed, Open play)" minute="79" period="2" second="4" time="83" type="attempt blocked" type_id="15"/>
	<message comment="Joel Ward blocks a shot" minute="79" period="2" second="4" time="83" type="save made" type_id="10"/>
	<message comment="Rickie Lambert is substituted off" minute="75" period="2" second="0" time="79" type="substitution off" type_id="18"/>
	<message comment="Sam Gallagher is substituted on" minute="75" period="2" second="0" time="79" type="substitution on" type_id="19"/>
	<message comment="Cameron Jerome is caught offside" minute="74" period="2" time="78" type="offside" type_id="10000"/>
	<message comment="Julian Speroni makes a save" minute="72" period="2" second="55" time="76" type="save made" type_id="10"/>
	<message comment="Luke Shaw has attempt saved (Low to the left, Out of box, Left footed, Open play)" minute="72" period="2" second="55" time="76" type="attempt blocked" type_id="15"/>
	<message comment="Glenn Murray has shot blocked (18-yard box, Right footed, Set piece)" minute="70" period="2" second="40" time="74" type="attempt blocked" type_id="15"/>
	<message comment="Luke Shaw blocks a shot" minute="70" period="2" second="40" time="74" type="save made" type_id="10"/>
	<message comment="Cameron Jerome wins a corner (To the left)" minute="66" period="2" second="20" time="70" type="corner" type_id="6"/>
	<message comment="Jason Puncheon is substituted off" minute="65" period="2" second="37" time="69" type="substitution off" type_id="18"/>
	<message comment="Tom Ince is substituted on" minute="65" period="2" second="37" time="69" type="substitution on" type_id="19"/>
	<message comment="Cameron Jerome is substituted on" minute="65" period="2" second="32" time="69" type="substitution on" type_id="19"/>
	<message comment="Kagisho Dikgacoi is substituted off" minute="65" period="2" second="32" time="69" type="substitution off" type_id="18"/>
	<message comment="Morgan Schneiderlin recieves a yellow card" minute="65" period="2" second="2" time="69" type="card received" type_id="17"/>
	<message comment="Rickie Lambert misses attempt (Out of box, Right footed, Free kick)" minute="57" period="2" second="31" time="61" type="attempt missed" type_id="13"/>
	<message comment="Mile Jedinak recieves a yellow card" minute="56" period="2" second="48" time="60" type="card received" type_id="17"/>
	<message comment="Steven Davis recieves a yellow card" minute="54" period="2" second="25" time="58" type="card received" type_id="17"/>
	<message comment="Mile Jedinak misses attempt (High, Out of box, Right footed, Free kick)" minute="48" period="2" second="43" time="52" type="attempt missed" type_id="13"/>
	<message comment="Dejan Lovren recieves a yellow card" minute="47" period="2" second="45" time="51" type="card received" type_id="17"/>
	<message comment="Dean Moxey wins a corner (To the left)" minute="46" period="2" second="22" time="50" type="corner" type_id="6"/>
	<message comment="Second half begins!" minute="45" period="2" second="0" time="49" type="start" type_id="32"/>
	<message comment="First half ends" minute="48" period="1" second="22" time="48" type="end" type_id="30"/>
	<message comment="Julian Speroni makes a save (Diving, Parried safe)" minute="48" period="1" second="17" time="48" type="save made" type_id="10"/>
	<message comment="Luke Shaw has attempt saved (Low to the left, 18-yard box, Left footed, From corner)" minute="48" period="1" second="17" time="48" type="attempt blocked" type_id="15"/>
	<message comment="Adam Lallana wins a corner (To the left)" minute="47" period="1" second="56" time="47" type="corner" type_id="6"/>
	<message comment="Yannick Bolasie has attempt saved (Low to the centre, Out of box, Right footed, From corner)" minute="47" period="1" second="27" time="47" type="attempt blocked" type_id="15"/>
	<message comment="Artur Boruc makes a save (Parried safe)" minute="47" period="1" second="27" time="47" type="save made" type_id="10"/>
	<message comment="Jason Puncheon wins a corner (To the right)" minute="46" period="1" second="24" time="46" type="corner" type_id="6"/>
	<message comment="José Fonte recieves a yellow card" minute="45" period="1" second="25" time="45" type="card received" type_id="17"/>
	<message comment="Rickie Lambert hits the woodwork (To the right, 18-yard box, Right footed, Open play)" minute="45" period="1" second="2" time="45" type="woodwork hit" type_id="14"/>
	<message comment="Damien Delaney blocks a shot" minute="44" period="1" second="14" time="44" type="save made" type_id="10"/>
	<message comment="Steven Davis has shot blocked (18-yard box, Right footed, Open play)" minute="44" period="1" second="14" time="44" type="attempt blocked" type_id="15"/>
	<message comment="Yannick Bolasie misses attempt (High to the left, 18-yard box, Head, Open play)" minute="37" period="1" second="57" time="37" type="attempt missed" type_id="13"/>
	<message comment="GOAL! Jay Rodriguez scores  (Low to the centre, Out of box, Big Chance, Right footed, Open play)" minute="36" period="1" second="25" time="36" type="goal scored" type_id="16"/>
	<message comment="Yannick Bolasie wins a corner (To the left)" minute="35" period="1" second="34" time="35" type="corner" type_id="6"/>
	<message comment="Jason Puncheon wins a corner (To the left)" minute="34" period="1" second="26" time="34" type="corner" type_id="6"/>
	<message comment="Jason Puncheon wins a corner (To the right)" minute="33" period="1" second="47" time="33" type="corner" type_id="6"/>
	<message comment="Jack Cork is substituted off" minute="33" period="1" second="25" time="33" type="substitution off" type_id="18"/>
	<message comment="Victor Wanyama is substituted on" minute="33" period="1" second="25" time="33" type="substitution on" type_id="19"/>
	<message comment="Damien Delaney blocks a shot" minute="27" period="1" second="43" time="27" type="save made" type_id="10"/>
	<message comment="Jay Rodriguez has shot blocked (18-yard box, Right footed, Open play)" minute="27" period="1" second="43" time="27" type="attempt blocked" type_id="15"/>
	<message comment="Glenn Murray has shot blocked (18-yard box, Right footed, Open play)" minute="27" period="1" second="23" time="27" type="attempt blocked" type_id="15"/>
	<message comment="Morgan Schneiderlin blocks a shot" minute="27" period="1" second="23" time="27" type="save made" type_id="10"/>
	<message comment="Yannick Bolasie is caught offside" minute="22" period="1" time="22" type="offside" type_id="10000"/>
	<message comment="Glenn Murray wins a corner (To the left)" minute="19" period="1" second="36" time="19" type="corner" type_id="6"/>
	<message comment="Glenn Murray is caught offside" minute="17" period="1" time="17" type="offside" type_id="10000"/>
	<message comment="Luke Shaw wins a corner (To the left)" minute="15" period="1" second="45" time="15" type="corner" type_id="6"/>
	<message comment="Joe Ledley is caught offside" minute="10" period="1" time="10" type="offside" type_id="10000"/>
	<message comment="Glenn Murray is caught offside" minute="9" period="1" time="9" type="offside" type_id="10000"/>
	<message comment="Joel Ward blocks a shot" minute="8" period="1" second="19" time="8" type="save made" type_id="10"/>
	<message comment="Jay Rodriguez has shot blocked (18-yard box, Right footed, Open play)" minute="8" period="1" second="19" time="8" type="attempt blocked" type_id="15"/>
	<message comment="Morgan Schneiderlin is caught offside" minute="8" period="1" time="8" type="offside" type_id="10000"/>
	<message comment="Formation Set" minute="0" period="14" second="0" time="8" type="end" type_id="30"/>
	<message comment="Glenn Murray misses attempt (High, 18-yard box, Right footed, Open play)" minute="2" period="1" second="15" time="2" type="attempt missed" type_id="13"/>
	<message comment="Jay Rodriguez misses attempt (High to the right, Out of box, Right footed, Open play)" minute="0" period="1" second="57" time="0" type="attempt missed" type_id="13"/>
	<message comment="First half begins!" minute="0" period="1" second="0" time="0" type="start" type_id="32"/>
</Commentary>
