<?xml version="1.0" ?>
<Commentary away_team_name="Everton" competition="English Premier League" game_date="2014-03-01" home_team_name="West Ham" lang_id="en" season="Season 2013/2014" season_id="2013" sport_id="1" sport_name="Football">
	<message comment="Second half ends" minute="93" period="2" second="22" time="95" type="end" type_id="30"/>
	<message comment="Steven Pienaar wins a corner (To the left)" minute="92" period="2" second="57" time="94" type="corner" type_id="6"/>
	<message comment="Romelu Lukaku misses attempt (High to the right, Out of box, Right footed, Open play)" minute="91" period="2" second="20" time="93" type="attempt missed" type_id="13"/>
	<message comment="Leighton Baines recieves a yellow card" minute="89" period="2" second="59" time="91" type="card received" type_id="17"/>
	<message comment="Ross Barkley misses attempt (To the left, Out of box, Left footed, Open play)" minute="88" period="2" second="24" time="90" type="attempt missed" type_id="13"/>
	<message comment="Aiden McGeady wins a corner (To the left)" minute="86" period="2" second="18" time="88" type="corner" type_id="6"/>
	<message comment="Aiden McGeady wins a corner (To the right)" minute="85" period="2" second="46" time="87" type="corner" type_id="6"/>
	<message comment="Steven Naismith is substituted off" minute="84" period="2" second="56" time="86" type="substitution off" type_id="18"/>
	<message comment="Ross Barkley is substituted on" minute="84" period="2" second="56" time="86" type="substitution on" type_id="19"/>
	<message comment="Romelu Lukaku misses attempt (High, 18-yard box, Left footed, Open play)" minute="83" period="2" second="4" time="85" type="attempt missed" type_id="13"/>
	<message comment="GOAL! Romelu Lukaku scores , Assisted by Leighton Baines (Low to the centre, 18-yard box, Left footed, Open play)" minute="80" period="2" second="50" time="82" type="goal scored" type_id="16"/>
	<message comment="Guy Demel is substituted off" minute="79" period="2" second="46" time="81" type="substitution off" type_id="18"/>
	<message comment="Winston Reid is substituted on" minute="79" period="2" second="46" time="81" type="substitution on" type_id="19"/>
	<message comment="Andy Carroll misses attempt (Out of box, Left footed, Open play)" minute="74" period="2" second="16" time="76" type="attempt missed" type_id="13"/>
	<message comment="Mohamed Diamé is caught offside" minute="73" period="2" time="75" type="offside" type_id="10000"/>
	<message comment="Gerard Deulofeu is substituted off" minute="72" period="2" second="37" time="74" type="substitution off" type_id="18"/>
	<message comment="Aiden McGeady is substituted on" minute="72" period="2" second="37" time="74" type="substitution on" type_id="19"/>
	<message comment="Mark Noble misses attempt (Out of box, Left footed, Open play)" minute="71" period="2" second="47" time="73" type="attempt missed" type_id="13"/>
	<message comment="Gerard Deulofeu is caught offside" minute="70" period="2" time="72" type="offside" type_id="10000"/>
	<message comment="Sylvain Distin misses attempt (To the left, 6-yard box, Big Chance, Left footed, Set piece)" minute="68" period="2" second="27" time="70" type="attempt missed" type_id="13"/>
	<message comment="Matthew Jarvis is substituted off" minute="65" period="2" second="53" time="67" type="substitution off" type_id="18"/>
	<message comment="Mohamed Diamé is substituted on" minute="65" period="2" second="53" time="67" type="substitution on" type_id="19"/>
	<message comment="Mark Noble blocks a shot" minute="63" period="2" second="58" time="65" type="save made" type_id="10"/>
	<message comment="James McCarthy has shot blocked (18-yard box, Left footed, Open play)" minute="63" period="2" second="58" time="65" type="attempt blocked" type_id="15"/>
	<message comment="Gerard Deulofeu misses attempt (Out of box, Right footed, From corner)" minute="62" period="2" second="36" time="64" type="attempt missed" type_id="13"/>
	<message comment="Romelu Lukaku wins a corner (To the left)" minute="62" period="2" second="10" time="64" type="corner" type_id="6"/>
	<message comment="Leon Osman is substituted off" minute="58" period="2" second="58" time="60" type="substitution off" type_id="18"/>
	<message comment="Romelu Lukaku is substituted on" minute="58" period="2" second="58" time="60" type="substitution on" type_id="19"/>
	<message comment="Gerard Deulofeu wins a corner (To the right)" minute="58" period="2" second="12" time="60" type="corner" type_id="6"/>
	<message comment="Stewart Downing wins a corner (To the left)" minute="56" period="2" second="19" time="58" type="corner" type_id="6"/>
	<message comment="Andy Carroll has shot blocked (18-yard box, Head, From corner)" minute="56" period="2" second="9" time="58" type="attempt blocked" type_id="15"/>
	<message comment="Steven Naismith blocks a shot" minute="56" period="2" second="9" time="58" type="save made" type_id="10"/>
	<message comment="Kevin Nolan wins a corner (To the right)" minute="55" period="2" second="41" time="57" type="corner" type_id="6"/>
	<message comment="Kevin Nolan has shot blocked (18-yard box, Right footed, Open play)" minute="55" period="2" second="40" time="57" type="attempt blocked" type_id="15"/>
	<message comment="Gareth Barry blocks a shot" minute="55" period="2" second="40" time="57" type="save made" type_id="10"/>
	<message comment="Andy Carroll wins a corner (To the right)" minute="54" period="2" second="12" time="56" type="corner" type_id="6"/>
	<message comment="Andy Carroll has attempt saved (High to the centre, Out of box, Left footed, Open play)" minute="54" period="2" second="11" time="56" type="attempt blocked" type_id="15"/>
	<message comment="Tim Howard makes a save (Parried safe)" minute="54" period="2" second="11" time="56" type="save made" type_id="10"/>
	<message comment="Leon Osman has shot blocked (Out of box, Left footed, Open play)" minute="53" period="2" second="14" time="55" type="attempt blocked" type_id="15"/>
	<message comment="Guy Demel blocks a shot" minute="53" period="2" second="14" time="55" type="save made" type_id="10"/>
	<message comment="Steven Pienaar misses attempt (High to the right, 18-yard box, Right footed, Open play)" minute="50" period="2" second="12" time="52" type="attempt missed" type_id="13"/>
	<message comment="Adrián makes a save (Standing)" minute="45" period="2" second="55" time="47" type="save made" type_id="10"/>
	<message comment="Gerard Deulofeu has attempt saved (Low to the centre, 18-yard box, Right footed, Open play)" minute="45" period="2" second="55" time="47" type="attempt blocked" type_id="15"/>
	<message comment="Steven Pienaar hits the woodwork (To the right, 18-yard box, Right footed, Open play)" minute="45" period="2" second="52" time="47" type="woodwork hit" type_id="14"/>
	<message comment="Second half begins!" minute="45" period="2" second="0" time="47" type="start" type_id="32"/>
	<message comment="First half ends" minute="46" period="1" second="14" time="46" type="end" type_id="30"/>
	<message comment="Guy Demel wins a corner (To the right)" minute="45" period="1" second="47" time="45" type="corner" type_id="6"/>
	<message comment="Matthew Taylor blocks a shot" minute="43" period="1" second="18" time="43" type="save made" type_id="10"/>
	<message comment="Leon Osman has shot blocked (Out of box, Right footed, Open play)" minute="43" period="1" second="18" time="43" type="attempt blocked" type_id="15"/>
	<message comment="Gerard Deulofeu misses attempt (18-yard box, Left footed, Open play)" minute="38" period="1" second="12" time="38" type="attempt missed" type_id="13"/>
	<message comment="James Tomkins blocks a shot" minute="37" period="1" second="12" time="37" type="save made" type_id="10"/>
	<message comment="Steven Pienaar has shot blocked (Out of box, Right footed, Open play)" minute="37" period="1" second="12" time="37" type="attempt blocked" type_id="15"/>
	<message comment="Gareth Barry misses attempt (To the right, 18-yard box, Head, From corner)" minute="35" period="1" second="49" time="35" type="attempt missed" type_id="13"/>
	<message comment="Steven Pienaar wins a corner (To the left)" minute="35" period="1" second="21" time="35" type="corner" type_id="6"/>
	<message comment="Matthew Taylor blocks a shot" minute="33" period="1" second="55" time="33" type="save made" type_id="10"/>
	<message comment="James McCarthy has shot blocked (Out of box, Right footed, From corner)" minute="33" period="1" second="55" time="33" type="attempt blocked" type_id="15"/>
	<message comment="Leighton Baines wins a corner (To the left)" minute="33" period="1" second="36" time="33" type="corner" type_id="6"/>
	<message comment="Gerard Deulofeu wins a corner (To the right)" minute="32" period="1" second="55" time="32" type="corner" type_id="6"/>
	<message comment="Matthew Taylor misses attempt (High to the right, Out of box, Right footed, Open play)" minute="31" period="1" second="0" time="31" type="attempt missed" type_id="13"/>
	<message comment="James Tomkins recieves a yellow card" minute="29" period="1" second="55" time="29" type="card received" type_id="17"/>
	<message comment="Carlton Cole is substituted off" minute="28" period="1" second="7" time="28" type="substitution off" type_id="18"/>
	<message comment="Andy Carroll is substituted on" minute="28" period="1" second="7" time="28" type="substitution on" type_id="19"/>
	<message comment="George McCartney blocks a shot" minute="23" period="1" second="52" time="23" type="save made" type_id="10"/>
	<message comment="Gerard Deulofeu has shot blocked (18-yard box, Left footed, Open play)" minute="23" period="1" second="52" time="23" type="attempt blocked" type_id="15"/>
	<message comment="Leighton Baines wins a corner (To the left)" minute="21" period="1" second="57" time="21" type="corner" type_id="6"/>
	<message comment="Steven Naismith wins a corner (To the left)" minute="21" period="1" second="24" time="21" type="corner" type_id="6"/>
	<message comment="Adrián makes a save (Parried safe, Diving)" minute="21" period="1" second="23" time="21" type="save made" type_id="10"/>
	<message comment="Steven Naismith has attempt saved (Low to the left, 18-yard box, Left footed, Open play)" minute="21" period="1" second="23" time="21" type="attempt blocked" type_id="15"/>
	<message comment="Steven Pienaar misses attempt (To the left, Out of box, Right footed, Open play)" minute="14" period="1" second="53" time="14" type="attempt missed" type_id="13"/>
	<message comment="Stewart Downing wins a corner (To the left)" minute="10" period="1" second="43" time="10" type="corner" type_id="6"/>
	<message comment="Séamus Coleman wins a corner (To the left)" minute="10" period="1" second="2" time="10" type="corner" type_id="6"/>
	<message comment="Carlton Cole misses attempt (To the right, Out of box, Right footed, Open play)" minute="7" period="1" second="8" time="7" type="attempt missed" type_id="13"/>
	<message comment="Gareth Barry misses attempt (To the right, Out of box, Left footed, Open play)" minute="6" period="1" second="26" time="6" type="attempt missed" type_id="13"/>
	<message comment="Formation Set" minute="0" period="14" second="0" time="5" type="end" type_id="30"/>
	<message comment="Steven Naismith misses attempt (To the left, 18-yard box, Head, Open play)" minute="3" period="1" second="28" time="3" type="attempt missed" type_id="13"/>
	<message comment="Steven Naismith misses attempt (To the right, 18-yard box, Head, Open play)" minute="3" period="1" second="10" time="3" type="attempt missed" type_id="13"/>
	<message comment="First half begins!" minute="0" period="1" second="0" time="0" type="start" type_id="32"/>
</Commentary>
