<?xml version="1.0" ?>
<Commentary away_team_name="Everton" competition="English Premier League" game_date="2012-03-10" home_team_name="Tottenham" lang_id="en" season="Season 2011/2012" season_id="2011" sport_id="1" sport_name="Football">
	<message comment="Second half ends" minute="95" period="2" second="32" time="97" type="end" type_id="30"/>
	<message comment="Tim Howard recieves a yellow card" minute="94" period="2" second="14" time="96" type="card received" type_id="17"/>
	<message comment="Jermain Defoe misses attempt (High to the left, Out of box, Left footed, Open play)" minute="93" period="2" second="31" time="95" type="attempt missed" type_id="13"/>
	<message comment="Louis Saha hits the woodwork (To the right, 18-yard box, Left footed, From corner)" minute="92" period="2" second="40" time="94" type="woodwork hit" type_id="14"/>
	<message comment="Benoit Assou-Ekotto misses attempt (To the right, Out of box, Key pass, Left footed, From corner)" minute="92" period="2" second="39" time="94" type="attempt missed" type_id="13"/>
	<message comment="Rafael van der Vaart wins a corner (To the right)" minute="92" period="2" second="16" time="94" type="corner" type_id="6"/>
	<message comment="John Heitinga blocks a shot" minute="92" period="2" second="14" time="94" type="save made" type_id="10"/>
	<message comment="Rafael van der Vaart has shot blocked (Out of box, Left footed, Open play)" minute="92" period="2" second="14" time="94" type="attempt blocked" type_id="15"/>
	<message comment="Luka Modric wins a corner (To the right)" minute="86" period="2" second="40" time="88" type="corner" type_id="6"/>
	<message comment="Marouane Fellaini blocks a shot" minute="86" period="2" second="38" time="88" type="save made" type_id="10"/>
	<message comment="Luka Modric has shot blocked (18-yard box, Left footed, From corner)" minute="86" period="2" second="38" time="88" type="attempt blocked" type_id="15"/>
	<message comment="Ledley King misses attempt (To the right, 18-yard box, Head, From corner)" minute="86" period="2" second="29" time="88" type="attempt missed" type_id="13"/>
	<message comment="Scott Parker is substituted off" minute="85" period="2" second="58" time="87" type="substitution off" type_id="18"/>
	<message comment="Jake Livermore is substituted on" minute="85" period="2" second="58" time="87" type="substitution on" type_id="19"/>
	<message comment="Kyle Walker wins a corner (To the right)" minute="85" period="2" second="35" time="87" type="corner" type_id="6"/>
	<message comment="Phil Jagielka is substituted on" minute="81" period="2" second="41" time="83" type="substitution on" type_id="19"/>
	<message comment="Séamus Coleman is substituted off" minute="81" period="2" second="41" time="83" type="substitution off" type_id="18"/>
	<message comment="Ledley King misses attempt (6-yard box, Head, Set piece)" minute="79" period="2" second="53" time="81" type="attempt missed" type_id="13"/>
	<message comment="John Heitinga recieves a yellow card" minute="79" period="2" second="20" time="81" type="card received" type_id="17"/>
	<message comment="Nikica Jelavic is substituted off" minute="77" period="2" second="39" time="79" type="substitution off" type_id="18"/>
	<message comment="Denis Stracqualursi is substituted on" minute="77" period="2" second="39" time="79" type="substitution on" type_id="19"/>
	<message comment="Jermain Defoe is caught offside" minute="75" period="2" time="77" type="offside" type_id="10000"/>
	<message comment="Jack Rodwell is caught offside" minute="70" period="2" time="72" type="offside" type_id="10000"/>
	<message comment="Leon Osman has attempt saved (Low to the right, 18-yard box, Right footed, Fast break)" minute="69" period="2" second="48" time="71" type="attempt blocked" type_id="15"/>
	<message comment="Brad Friedel makes a save (Parried safe, Diving)" minute="69" period="2" second="48" time="71" type="save made" type_id="10"/>
	<message comment="Sylvain Distin blocks a shot" minute="69" period="2" second="3" time="71" type="save made" type_id="10"/>
	<message comment="Louis Saha has shot blocked (18-yard box, Left footed, Open play)" minute="69" period="2" second="3" time="71" type="attempt blocked" type_id="15"/>
	<message comment="Sandro is substituted off" minute="68" period="2" second="7" time="70" type="substitution off" type_id="18"/>
	<message comment="Rafael van der Vaart is substituted on" minute="68" period="2" second="7" time="70" type="substitution on" type_id="19"/>
	<message comment="Tim Howard makes a save (Diving)" minute="67" period="2" second="24" time="69" type="save made" type_id="10"/>
	<message comment="Jermain Defoe has attempt saved (Low to the right, Out of box, Left footed, Open play)" minute="67" period="2" second="24" time="69" type="attempt blocked" type_id="15"/>
	<message comment="Louis Saha is caught offside" minute="65" period="2" time="67" type="offside" type_id="10000"/>
	<message comment="Royston Drenthe is substituted off" minute="64" period="2" second="46" time="66" type="substitution off" type_id="18"/>
	<message comment="Jack Rodwell is substituted on" minute="64" period="2" second="46" time="66" type="substitution on" type_id="19"/>
	<message comment="Younes Kaboul misses attempt (High to the right, Out of box, Right footed, Free kick)" minute="62" period="2" second="57" time="64" type="attempt missed" type_id="13"/>
	<message comment="Jermain Defoe recieves a yellow card" minute="60" period="2" second="53" time="62" type="card received" type_id="17"/>
	<message comment="Benoit Assou-Ekotto recieves a yellow card" minute="59" period="2" second="25" time="61" type="card received" type_id="17"/>
	<message comment="Jermain Defoe wins a corner (To the right)" minute="58" period="2" second="1" time="60" type="corner" type_id="6"/>
	<message comment="John Heitinga blocks a shot" minute="58" period="2" second="0" time="60" type="save made" type_id="10"/>
	<message comment="Jermain Defoe has shot blocked (18-yard box, Right footed, Throw-in)" minute="58" period="2" second="0" time="60" type="attempt blocked" type_id="15"/>
	<message comment="Royston Drenthe is caught offside" minute="57" period="2" time="59" type="offside" type_id="10000"/>
	<message comment="Luka Modric misses attempt (High, 18-yard box, Left footed, Open play)" minute="56" period="2" second="24" time="58" type="attempt missed" type_id="13"/>
	<message comment="Sandro misses attempt (To the right, 6-yard box, Head, From corner)" minute="55" period="2" second="8" time="57" type="attempt missed" type_id="13"/>
	<message comment="Gareth Bale wins a corner (To the left)" minute="54" period="2" second="48" time="56" type="corner" type_id="6"/>
	<message comment="Emmanuel Adebayor is substituted off" minute="54" period="2" second="14" time="56" type="substitution off" type_id="18"/>
	<message comment="Louis Saha is substituted on" minute="54" period="2" second="14" time="56" type="substitution on" type_id="19"/>
	<message comment="Tim Howard makes a save (Diving, Parried into danger)" minute="52" period="2" second="13" time="54" type="save made" type_id="10"/>
	<message comment="Jermain Defoe has attempt saved (Low to the centre, 18-yard box, Big Chance, Left footed, Fast break)" minute="52" period="2" second="13" time="54" type="attempt blocked" type_id="15"/>
	<message comment="Jermain Defoe misses attempt (High to the left, 18-yard box, Left footed, Open play)" minute="50" period="2" second="16" time="52" type="attempt missed" type_id="13"/>
	<message comment="Sylvain Distin blocks a shot" minute="47" period="2" second="58" time="49" type="save made" type_id="10"/>
	<message comment="Luka Modric has shot blocked (18-yard box, Right footed, Open play)" minute="47" period="2" second="58" time="49" type="attempt blocked" type_id="15"/>
	<message comment="Jermain Defoe wins a corner (To the left)" minute="45" period="2" second="34" time="47" type="corner" type_id="6"/>
	<message comment="Tim Howard makes a save (Parried safe, Diving)" minute="45" period="2" second="30" time="47" type="save made" type_id="10"/>
	<message comment="Jermain Defoe has attempt saved (Low to the left, 18-yard box, Right footed, Open play)" minute="45" period="2" second="30" time="47" type="attempt blocked" type_id="15"/>
	<message comment="Second half begins!" minute="45" period="2" second="0" time="47" type="start" type_id="32"/>
	<message comment="First half ends" minute="46" period="1" second="4" time="46" type="end" type_id="30"/>
	<message comment="Sandro has shot blocked (18-yard box, Head, From corner)" minute="41" period="1" second="21" time="41" type="attempt blocked" type_id="15"/>
	<message comment="Leighton Baines blocks a shot" minute="41" period="1" second="21" time="41" type="save made" type_id="10"/>
	<message comment="Sandro wins a corner (To the right)" minute="41" period="1" second="3" time="41" type="corner" type_id="6"/>
	<message comment="John Heitinga blocks a shot" minute="40" period="1" second="54" time="40" type="save made" type_id="10"/>
	<message comment="Sandro has shot blocked (18-yard box, Right footed, Set piece)" minute="40" period="1" second="54" time="40" type="attempt blocked" type_id="15"/>
	<message comment="Tim Howard makes a save (Parried safe)" minute="38" period="1" second="19" time="38" type="save made" type_id="10"/>
	<message comment="Gareth Bale has attempt saved (Low to the centre, Out of box, Left footed, Open play)" minute="38" period="1" second="19" time="38" type="attempt blocked" type_id="15"/>
	<message comment="Nikica Jelavic has attempt saved (Low to the right, Out of box, Right footed, Free kick)" minute="33" period="1" second="36" time="33" type="attempt blocked" type_id="15"/>
	<message comment="Brad Friedel makes a save (Diving)" minute="33" period="1" second="36" time="33" type="save made" type_id="10"/>
	<message comment="Tim Howard makes a save" minute="31" period="1" second="56" time="31" type="save made" type_id="10"/>
	<message comment="Luka Modric has attempt saved (Low to the left, Out of box, Right footed, Open play)" minute="31" period="1" second="56" time="31" type="attempt blocked" type_id="15"/>
	<message comment="Gareth Bale misses attempt (Out of box, Left footed, Free kick)" minute="28" period="1" second="41" time="28" type="attempt missed" type_id="13"/>
	<message comment="Gareth Bale misses attempt (Out of box, Left footed, Open play)" minute="26" period="1" second="8" time="26" type="attempt missed" type_id="13"/>
	<message comment="Brad Friedel makes a save (Collected, Diving)" minute="24" period="1" second="37" time="24" type="save made" type_id="10"/>
	<message comment="Royston Drenthe has attempt saved (Low to the centre, Out of box, Left footed, Open play)" minute="24" period="1" second="37" time="24" type="attempt blocked" type_id="15"/>
	<message comment="GOAL! Nikica Jelavic scores , Assisted by Leon Osman (Low to the right, 18-yard box, Right footed, Open play)" minute="21" period="1" second="35" time="21" type="goal scored" type_id="16"/>
	<message comment="Marouane Fellaini has attempt saved (Low to the centre, 18-yard box, Left footed, Set piece)" minute="20" period="1" second="22" time="20" type="attempt blocked" type_id="15"/>
	<message comment="Brad Friedel makes a save (Feet, Diving, Parried safe)" minute="20" period="1" second="22" time="20" type="save made" type_id="10"/>
	<message comment="Leighton Baines has shot blocked (Out of box, Left footed, Open play)" minute="19" period="1" second="15" time="19" type="attempt blocked" type_id="15"/>
	<message comment="Younes Kaboul blocks a shot" minute="19" period="1" second="15" time="19" type="save made" type_id="10"/>
	<message comment="Jermain Defoe misses attempt (To the left, 18-yard box, Left footed, Throw-in)" minute="16" period="1" second="57" time="16" type="attempt missed" type_id="13"/>
	<message comment="Nikica Jelavic has shot blocked (18-yard box, Right footed, Open play)" minute="16" period="1" second="40" time="16" type="attempt blocked" type_id="15"/>
	<message comment="Kyle Walker blocks a shot" minute="16" period="1" second="40" time="16" type="save made" type_id="10"/>
	<message comment="Séamus Coleman has shot blocked (Out of box, Right footed, Open play)" minute="16" period="1" second="14" time="16" type="attempt blocked" type_id="15"/>
	<message comment="Scott Parker blocks a shot" minute="16" period="1" second="14" time="16" type="save made" type_id="10"/>
	<message comment="Leighton Baines is caught offside" minute="9" period="1" time="9" type="offside" type_id="10000"/>
	<message comment="Formation Set" minute="0" period="14" second="0" time="7" type="end" type_id="30"/>
	<message comment="Séamus Coleman misses attempt (To the left, Out of box, Right footed, Open play)" minute="4" period="1" second="32" time="4" type="attempt missed" type_id="13"/>
	<message comment="Gareth Bale wins a corner (To the right)" minute="2" period="1" second="35" time="2" type="corner" type_id="6"/>
	<message comment="First half begins!" minute="0" period="1" second="0" time="0" type="start" type_id="32"/>
</Commentary>
