<?xml version="1.0" ?>
<Commentary away_team_name="Everton" competition="English Premier League" game_date="2011-03-09" home_team_name="Birmingham" lang_id="en" season="Season 2010/2011" season_id="2010" sport_id="1" sport_name="Football">
	<message comment="Second half ends" minute="93" period="2" second="23" time="98" type="end" type_id="30"/>
	<message comment="David Murphy blocks a shot" minute="89" period="2" second="38" time="94" type="save made" type_id="10"/>
	<message comment="Leighton Baines has shot blocked (Out of box, Left footed, Free kick)" minute="89" period="2" second="38" time="94" type="attempt blocked" type_id="15"/>
	<message comment="John Heitinga is substituted off" minute="86" period="2" second="8" time="91" type="substitution off" type_id="18"/>
	<message comment="Diniyar Bilyaletdinov is substituted on" minute="86" period="2" second="8" time="91" type="substitution on" type_id="19"/>
	<message comment="Tony Hibbert wins a corner (To the left)" minute="85" period="2" second="7" time="90" type="corner" type_id="6"/>
	<message comment="Nikola Zigic is caught offside" minute="83" period="2" time="88" type="offside" type_id="10000"/>
	<message comment="Nikola Zigic is caught offside" minute="82" period="2" time="87" type="offside" type_id="10000"/>
	<message comment="Ben Foster makes a save (Standing)" minute="81" period="2" second="49" time="86" type="save made" type_id="10"/>
	<message comment="Victor Anichebe has attempt saved (High to the left, 18-yard box, Right footed, Open play)" minute="81" period="2" second="49" time="86" type="attempt blocked" type_id="15"/>
	<message comment="David Murphy recieves a yellow card" minute="80" period="2" second="57" time="85" type="card received" type_id="17"/>
	<message comment="Louis Saha misses attempt (To the right, 18-yard box, Head, From corner)" minute="80" period="2" second="17" time="85" type="attempt missed" type_id="13"/>
	<message comment="Louis Saha wins a corner (To the right)" minute="79" period="2" second="39" time="84" type="corner" type_id="6"/>
	<message comment="Martin Jiranek blocks a shot" minute="79" period="2" second="36" time="84" type="save made" type_id="10"/>
	<message comment="Louis Saha has shot blocked (18-yard box, Head, Open play)" minute="79" period="2" second="36" time="84" type="attempt blocked" type_id="15"/>
	<message comment="Leon Osman wins a corner (To the right)" minute="78" period="2" second="28" time="83" type="corner" type_id="6"/>
	<message comment="Ben Foster makes a save" minute="78" period="2" second="26" time="83" type="save made" type_id="10"/>
	<message comment="Leon Osman has attempt saved (High to the centre, Out of box, Right footed, Open play)" minute="78" period="2" second="26" time="83" type="attempt blocked" type_id="15"/>
	<message comment="Jermaine Beckford is substituted off" minute="77" period="2" second="23" time="82" type="substitution off" type_id="18"/>
	<message comment="Victor Anichebe is substituted on" minute="77" period="2" second="23" time="82" type="substitution on" type_id="19"/>
	<message comment="David Murphy misses attempt (High to the left, Out of box, Left footed, Open play)" minute="74" period="2" second="39" time="79" type="attempt missed" type_id="13"/>
	<message comment="Cameron Jerome is substituted off" minute="72" period="2" second="47" time="77" type="substitution off" type_id="18"/>
	<message comment="Nikola Zigic is substituted on" minute="72" period="2" second="47" time="77" type="substitution on" type_id="19"/>
	<message comment="Leighton Baines wins a corner (To the right)" minute="71" period="2" second="26" time="76" type="corner" type_id="6"/>
	<message comment="Séamus Coleman wins a corner (To the right)" minute="70" period="2" second="41" time="75" type="corner" type_id="6"/>
	<message comment="Ben Foster makes a save (Parried safe, Standing)" minute="68" period="2" second="39" time="73" type="save made" type_id="10"/>
	<message comment="Jermaine Beckford has attempt saved (High to the right, 18-yard box, Right footed, Open play)" minute="68" period="2" second="39" time="73" type="attempt blocked" type_id="15"/>
	<message comment="Martin Jiranek blocks a shot" minute="68" period="2" second="4" time="73" type="save made" type_id="10"/>
	<message comment="Leon Osman has shot blocked (Out of box, Right footed, Open play)" minute="68" period="2" second="4" time="73" type="attempt blocked" type_id="15"/>
	<message comment="Jordon Mutch misses attempt (To the right, Out of box, Right footed, Open play)" minute="67" period="2" second="18" time="72" type="attempt missed" type_id="13"/>
	<message comment="Louis Saha has shot blocked (18-yard box, Left footed, Open play)" minute="63" period="2" second="35" time="68" type="attempt blocked" type_id="15"/>
	<message comment="Jordon Mutch blocks a shot" minute="63" period="2" second="35" time="68" type="save made" type_id="10"/>
	<message comment="Louis Saha misses attempt (High, Out of box, Right footed, Open play)" minute="61" period="2" second="39" time="66" type="attempt missed" type_id="13"/>
	<message comment="Jordon Mutch blocks a shot" minute="60" period="2" second="22" time="65" type="save made" type_id="10"/>
	<message comment="John Heitinga has shot blocked (18-yard box, Right footed, Open play)" minute="60" period="2" second="22" time="65" type="attempt blocked" type_id="15"/>
	<message comment="Lee Bowyer blocks a shot" minute="60" period="2" second="20" time="65" type="save made" type_id="10"/>
	<message comment="John Heitinga has shot blocked (18-yard box, Left footed, Open play)" minute="60" period="2" second="20" time="65" type="attempt blocked" type_id="15"/>
	<message comment="Roger Johnson blocks a shot" minute="60" period="2" second="18" time="65" type="save made" type_id="10"/>
	<message comment="Leon Osman has shot blocked (18-yard box, Left footed, Open play)" minute="60" period="2" second="18" time="65" type="attempt blocked" type_id="15"/>
	<message comment="Jordon Mutch blocks a shot" minute="60" period="2" second="5" time="65" type="save made" type_id="10"/>
	<message comment="John Heitinga has shot blocked (Out of box, Left footed, Open play)" minute="60" period="2" second="5" time="65" type="attempt blocked" type_id="15"/>
	<message comment="Séamus Coleman misses attempt (To the left, 18-yard box, Left footed, Open play)" minute="55" period="2" second="23" time="60" type="attempt missed" type_id="13"/>
	<message comment="Louis Saha misses attempt (High, 6-yard box, Head, From corner)" minute="53" period="2" second="50" time="58" type="attempt missed" type_id="13"/>
	<message comment="John Heitinga recieves a yellow card" minute="53" period="2" second="36" time="58" type="card received" type_id="17"/>
	<message comment="Tony Hibbert wins a corner (To the left)" minute="53" period="2" second="7" time="58" type="corner" type_id="6"/>
	<message comment="Liam Ridgewell recieves a yellow card" minute="47" period="2" second="55" time="52" type="card received" type_id="17"/>
	<message comment="Second half begins!" minute="45" period="2" second="0" time="50" type="start" type_id="32"/>
	<message comment="First half ends" minute="49" period="1" second="7" time="49" type="end" type_id="30"/>
	<message comment="Lee Bowyer has attempt saved (Low to the left, Out of box, Right footed, Open play)" minute="48" period="1" second="45" time="48" type="attempt blocked" type_id="15"/>
	<message comment="Tim Howard makes a save (Collected)" minute="48" period="1" second="45" time="48" type="save made" type_id="10"/>
	<message comment="John Heitinga wins a corner (To the right)" minute="46" period="1" second="5" time="46" type="corner" type_id="6"/>
	<message comment="Cameron Jerome misses attempt (To the left, Out of box, Right footed, Open play)" minute="44" period="1" second="47" time="44" type="attempt missed" type_id="13"/>
	<message comment="Cameron Jerome is caught offside" minute="43" period="1" time="43" type="offside" type_id="10000"/>
	<message comment="Jordon Mutch recieves a yellow card" minute="39" period="1" second="35" time="39" type="card received" type_id="17"/>
	<message comment="Ben Foster makes a save (Diving)" minute="38" period="1" second="49" time="38" type="save made" type_id="10"/>
	<message comment="Séamus Coleman has attempt saved (Low to the right, 18-yard box, Head, Open play)" minute="38" period="1" second="49" time="38" type="attempt blocked" type_id="15"/>
	<message comment="Ben Foster makes a save (Collected, Diving)" minute="37" period="1" second="47" time="37" type="save made" type_id="10"/>
	<message comment="Jack Rodwell has attempt saved (Low to the right, Out of box, Left footed, Open play)" minute="37" period="1" second="47" time="37" type="attempt blocked" type_id="15"/>
	<message comment="GOAL! John Heitinga scores  (High to the right, Out of box, Right footed, From corner)" minute="34" period="1" second="43" time="34" type="goal scored" type_id="16"/>
	<message comment="Leon Osman wins a corner (To the left)" minute="34" period="1" second="12" time="34" type="corner" type_id="6"/>
	<message comment="Jermaine Beckford misses attempt (High, 18-yard box, Left footed, Open play)" minute="25" period="1" second="19" time="25" type="attempt missed" type_id="13"/>
	<message comment="GOAL! Jean Beausejour scores , Assisted by Jordon Mutch (High to the right, 18-yard box, Big Chance, Head, Open play)" minute="16" period="1" second="49" time="16" type="goal scored" type_id="16"/>
	<message comment="Ben Foster makes a save (Parried safe, Diving)" minute="15" period="1" second="55" time="15" type="save made" type_id="10"/>
	<message comment="Leon Osman has attempt saved (High to the left, Out of box, Right footed, Open play)" minute="15" period="1" second="55" time="15" type="attempt blocked" type_id="15"/>
	<message comment="Tony Hibbert wins a corner (To the left)" minute="13" period="1" second="18" time="13" type="corner" type_id="6"/>
	<message comment="Jermaine Beckford has attempt saved (Low to the left, Out of box, Right footed, Open play)" minute="11" period="1" second="10" time="11" type="attempt blocked" type_id="15"/>
	<message comment="Ben Foster makes a save (Diving, Parried into danger)" minute="11" period="1" second="10" time="11" type="save made" type_id="10"/>
	<message comment="Leon Osman has attempt saved (Low to the centre, 18-yard box, Head, Open play)" minute="9" period="1" second="51" time="9" type="attempt blocked" type_id="15"/>
	<message comment="Ben Foster makes a save (Standing)" minute="9" period="1" second="51" time="9" type="save made" type_id="10"/>
	<message comment="David Bentley is substituted off" minute="8" period="1" second="11" time="8" type="substitution off" type_id="18"/>
	<message comment="David Murphy is substituted on" minute="8" period="1" second="11" time="8" type="substitution on" type_id="19"/>
	<message comment="Mikel Arteta is substituted off" minute="8" period="1" second="7" time="8" type="substitution off" type_id="18"/>
	<message comment="Séamus Coleman is substituted on" minute="8" period="1" second="7" time="8" type="substitution on" type_id="19"/>
	<message comment="Formation Set" minute="0" period="14" second="0" time="8" type="end" type_id="30"/>
	<message comment="Cameron Jerome wins a corner (To the right)" minute="3" period="1" second="53" time="3" type="corner" type_id="6"/>
	<message comment="Tim Howard makes a save (Diving, Parried safe)" minute="3" period="1" second="50" time="3" type="save made" type_id="10"/>
	<message comment="Cameron Jerome has attempt saved (Low to the right, 18-yard box, Head, Set piece)" minute="3" period="1" second="50" time="3" type="attempt blocked" type_id="15"/>
	<message comment="First half begins!" minute="0" period="1" second="0" time="0" type="start" type_id="32"/>
</Commentary>
