<?xml version="1.0" ?>
<Commentary away_team_name="Everton" competition="English Premier League" game_date="2012-09-29" home_team_name="Southampton" lang_id="en" season="Season 2012/2013" season_id="2012" sport_id="1" sport_name="Football">
	<message comment="Second half ends" minute="94" period="2" second="2" time="97" type="end" type_id="30"/>
	<message comment="Leon Osman is substituted off" minute="91" period="2" second="50" time="94" type="substitution off" type_id="18"/>
	<message comment="Sylvain Distin is substituted on" minute="91" period="2" second="50" time="94" type="substitution on" type_id="19"/>
	<message comment="Adam Lallana is substituted off" minute="89" period="2" second="30" time="92" type="substitution off" type_id="18"/>
	<message comment="Richard Chaplow is substituted on" minute="89" period="2" second="30" time="92" type="substitution on" type_id="19"/>
	<message comment="Marouane Fellaini misses attempt (High to the right, Out of box, Right footed, Open play)" minute="88" period="2" second="28" time="91" type="attempt missed" type_id="13"/>
	<message comment="Leighton Baines wins a corner (To the left)" minute="85" period="2" second="20" time="88" type="corner" type_id="6"/>
	<message comment="Rickie Lambert has attempt saved (High to the left, 18-yard box, Head, Open play)" minute="84" period="2" second="10" time="87" type="attempt blocked" type_id="15"/>
	<message comment="Tim Howard makes a save (Diving, Parried safe)" minute="84" period="2" second="10" time="87" type="save made" type_id="10"/>
	<message comment="Gastón Ramírez misses attempt (High to the left, Out of box, Left footed, Open play)" minute="82" period="2" second="17" time="85" type="attempt missed" type_id="13"/>
	<message comment="Victor Anichebe is caught offside" minute="81" period="2" time="84" type="offside" type_id="10000"/>
	<message comment="Nathaniel Clyne is substituted off" minute="80" period="2" second="55" time="83" type="substitution off" type_id="18"/>
	<message comment="Ben Reeves is substituted on" minute="80" period="2" second="55" time="83" type="substitution on" type_id="19"/>
	<message comment="Jay Rodriguez is substituted off" minute="80" period="2" second="50" time="83" type="substitution off" type_id="18"/>
	<message comment="Emmanuel Mayuka is substituted on" minute="80" period="2" second="50" time="83" type="substitution on" type_id="19"/>
	<message comment="Kevin Mirallas is substituted off" minute="79" period="2" second="26" time="82" type="substitution off" type_id="18"/>
	<message comment="Bryan Oviedo is substituted on" minute="79" period="2" second="26" time="82" type="substitution on" type_id="19"/>
	<message comment="Leon Osman has shot blocked (Out of box, Right footed, Open play)" minute="78" period="2" second="45" time="81" type="attempt blocked" type_id="15"/>
	<message comment="Marouane Fellaini has shot blocked (18-yard box, Right footed, Open play)" minute="78" period="2" second="14" time="81" type="attempt blocked" type_id="15"/>
	<message comment="José Fonte blocks a shot" minute="78" period="2" second="14" time="81" type="save made" type_id="10"/>
	<message comment="Victor Anichebe is caught offside" minute="78" period="2" time="81" type="offside" type_id="10000"/>
	<message comment="Nikica Jelavic is substituted off" minute="75" period="2" second="59" time="78" type="substitution off" type_id="18"/>
	<message comment="Victor Anichebe is substituted on" minute="75" period="2" second="59" time="78" type="substitution on" type_id="19"/>
	<message comment="Rickie Lambert is caught offside" minute="71" period="2" time="74" type="offside" type_id="10000"/>
	<message comment="Gastón Ramírez misses attempt (18-yard box, Big Chance, Right footed, Open play)" minute="69" period="2" second="8" time="72" type="attempt missed" type_id="13"/>
	<message comment="Gastón Ramírez has attempt saved (High to the centre, Out of box, Left footed, Open play)" minute="68" period="2" second="3" time="71" type="attempt blocked" type_id="15"/>
	<message comment="Tim Howard makes a save (Standing, Parried safe)" minute="68" period="2" second="3" time="71" type="save made" type_id="10"/>
	<message comment="Kevin Mirallas wins a corner (To the left)" minute="67" period="2" second="7" time="70" type="corner" type_id="6"/>
	<message comment="Kevin Mirallas has attempt saved (Low to the centre, Out of box, Right footed, Open play)" minute="67" period="2" second="5" time="70" type="attempt blocked" type_id="15"/>
	<message comment="Paulo Gazzaniga makes a save (Diving, Parried safe)" minute="67" period="2" second="5" time="70" type="save made" type_id="10"/>
	<message comment="Marouane Fellaini has attempt saved (Low to the right, Out of box, Right footed, Open play)" minute="61" period="2" second="6" time="64" type="attempt blocked" type_id="15"/>
	<message comment="Paulo Gazzaniga makes a save (Parried into danger, Diving)" minute="61" period="2" second="6" time="64" type="save made" type_id="10"/>
	<message comment="Leon Osman misses attempt (Out of box, Right footed, Open play)" minute="59" period="2" second="27" time="62" type="attempt missed" type_id="13"/>
	<message comment="Nikica Jelavic misses attempt (High, 18-yard box, Head, From corner)" minute="58" period="2" second="43" time="61" type="attempt missed" type_id="13"/>
	<message comment="John Heitinga wins a corner (To the left)" minute="58" period="2" second="21" time="61" type="corner" type_id="6"/>
	<message comment="John Heitinga misses attempt (18-yard box, Left footed, From corner)" minute="58" period="2" second="20" time="61" type="attempt missed" type_id="13"/>
	<message comment="Marouane Fellaini wins a corner (To the left)" minute="57" period="2" second="46" time="60" type="corner" type_id="6"/>
	<message comment="Marouane Fellaini has shot blocked (Out of box, Right footed, Open play)" minute="57" period="2" second="44" time="60" type="attempt blocked" type_id="15"/>
	<message comment="James Ward-Prowse blocks a shot" minute="57" period="2" second="44" time="60" type="save made" type_id="10"/>
	<message comment="Adam Lallana misses attempt (To the right, 18-yard box, Head, Open play)" minute="55" period="2" second="26" time="58" type="attempt missed" type_id="13"/>
	<message comment="Jay Rodriguez has attempt saved (Low to the left, 18-yard box, Head, Throw-in)" minute="54" period="2" second="43" time="57" type="attempt blocked" type_id="15"/>
	<message comment="Tim Howard makes a save (Standing, Collected)" minute="54" period="2" second="43" time="57" type="save made" type_id="10"/>
	<message comment="Nikica Jelavic is caught offside" minute="53" period="2" time="56" type="offside" type_id="10000"/>
	<message comment="Nikica Jelavic wins a corner (To the left)" minute="51" period="2" second="37" time="54" type="corner" type_id="6"/>
	<message comment="Jay Rodriguez has attempt saved (Low to the centre, Out of box, Right footed, Open play)" minute="50" period="2" second="25" time="53" type="attempt blocked" type_id="15"/>
	<message comment="Tim Howard makes a save (Collected)" minute="50" period="2" second="25" time="53" type="save made" type_id="10"/>
	<message comment="Second half begins!" minute="45" period="2" second="0" time="48" type="start" type_id="32"/>
	<message comment="First half ends" minute="47" period="1" second="6" time="47" type="end" type_id="30"/>
	<message comment="Marouane Fellaini hits the woodwork (High, 18-yard box, Head, From corner)" minute="46" period="1" second="52" time="46" type="woodwork hit" type_id="14"/>
	<message comment="Leon Osman wins a corner (To the right)" minute="46" period="1" second="34" time="46" type="corner" type_id="6"/>
	<message comment="Maya Yoshida blocks a shot" minute="46" period="1" second="32" time="46" type="save made" type_id="10"/>
	<message comment="Leon Osman has shot blocked (Out of box, Right footed, From corner)" minute="46" period="1" second="32" time="46" type="attempt blocked" type_id="15"/>
	<message comment="Séamus Coleman wins a corner (To the right)" minute="46" period="1" second="7" time="46" type="corner" type_id="6"/>
	<message comment="James Ward-Prowse blocks a shot" minute="45" period="1" second="15" time="45" type="save made" type_id="10"/>
	<message comment="Kevin Mirallas has shot blocked (18-yard box, Right footed, Open play)" minute="45" period="1" second="15" time="45" type="attempt blocked" type_id="15"/>
	<message comment="Paulo Gazzaniga makes a save (Standing)" minute="43" period="1" second="37" time="43" type="save made" type_id="10"/>
	<message comment="Marouane Fellaini has attempt saved (Low to the centre, 18-yard box, Head, Open play)" minute="43" period="1" second="37" time="43" type="attempt blocked" type_id="15"/>
	<message comment="Rickie Lambert is caught offside" minute="43" period="1" time="43" type="offside" type_id="10000"/>
	<message comment="Adam Lallana wins a corner (To the left)" minute="39" period="1" second="1" time="39" type="corner" type_id="6"/>
	<message comment="GOAL! Nikica Jelavic scores , Assisted by Séamus Coleman (High to the centre, 18-yard box, Big Chance, Head, Throw-in)" minute="37" period="1" second="12" time="37" type="goal scored" type_id="16"/>
	<message comment="Marouane Fellaini has shot blocked (6-yard box, Right footed, Open play)" minute="36" period="1" second="56" time="36" type="attempt blocked" type_id="15"/>
	<message comment="Nathaniel Clyne blocks a shot" minute="36" period="1" second="56" time="36" type="save made" type_id="10"/>
	<message comment="Nikica Jelavic has attempt saved (High to the right, 18-yard box, Head, Open play)" minute="36" period="1" second="54" time="36" type="attempt blocked" type_id="15"/>
	<message comment="Paulo Gazzaniga makes a save (Diving)" minute="36" period="1" second="54" time="36" type="save made" type_id="10"/>
	<message comment="Nikica Jelavic is caught offside" minute="35" period="1" time="35" type="offside" type_id="10000"/>
	<message comment="Leighton Baines wins a corner (To the left)" minute="34" period="1" second="7" time="34" type="corner" type_id="6"/>
	<message comment="GOAL! Nikica Jelavic scores , Assisted by Kevin Mirallas (Low to the right, 18-yard box, Left footed, Open play)" minute="31" period="1" second="57" time="31" type="goal scored" type_id="16"/>
	<message comment="Kevin Mirallas is caught offside" minute="30" period="1" time="30" type="offside" type_id="10000"/>
	<message comment="Nikica Jelavic misses attempt (To the left, 18-yard box, Right footed, Open play)" minute="26" period="1" second="43" time="26" type="attempt missed" type_id="13"/>
	<message comment="GOAL! Leon Osman scores , Assisted by Nikica Jelavic (High to the right, 18-yard box, Big Chance, Right footed, Open play)" minute="24" period="1" second="44" time="24" type="goal scored" type_id="16"/>
	<message comment="James Ward-Prowse wins a corner (To the right)" minute="21" period="1" second="18" time="21" type="corner" type_id="6"/>
	<message comment="Gastón Ramírez misses attempt (High to the left, Out of box, Left footed, Open play)" minute="17" period="1" second="21" time="17" type="attempt missed" type_id="13"/>
	<message comment="Leon Osman misses attempt (18-yard box, Head, Open play)" minute="12" period="1" second="57" time="12" type="attempt missed" type_id="13"/>
	<message comment="Jay Rodriguez misses attempt (To the left, 18-yard box, Big Chance, Right footed, Open play)" minute="10" period="1" second="57" time="10" type="attempt missed" type_id="13"/>
	<message comment="Paulo Gazzaniga makes a save" minute="8" period="1" second="54" time="8" type="save made" type_id="10"/>
	<message comment="John Heitinga has attempt saved (Low to the centre, 18-yard box, Big Chance, Head, From corner)" minute="8" period="1" second="54" time="8" type="attempt blocked" type_id="15"/>
	<message comment="Leighton Baines wins a corner (To the left)" minute="8" period="1" second="33" time="8" type="corner" type_id="6"/>
	<message comment="Marouane Fellaini wins a corner (To the right)" minute="7" period="1" second="38" time="7" type="corner" type_id="6"/>
	<message comment="Formation Set" minute="0" period="14" second="0" time="7" type="end" type_id="30"/>
	<message comment="GOAL! Gastón Ramírez scores , Assisted by Adam Lallana (Low to the right, 6-yard box, Big Chance, Head, From corner)" minute="5" period="1" second="38" time="5" type="goal scored" type_id="16"/>
	<message comment="Rickie Lambert wins a corner (To the left)" minute="5" period="1" second="10" time="5" type="corner" type_id="6"/>
	<message comment="Nikica Jelavic is caught offside" minute="4" period="1" time="4" type="offside" type_id="10000"/>
	<message comment="Kevin Mirallas misses attempt (High to the right, 18-yard box, Right footed, Open play)" minute="1" period="1" second="35" time="1" type="attempt missed" type_id="13"/>
	<message comment="First half begins!" minute="0" period="1" second="0" time="0" type="start" type_id="32"/>
</Commentary>
