<?xml version="1.0" ?>
<Commentary away_team_name="Everton" competition="English Premier League" game_date="2011-08-20" home_team_name="Queens Park Rangers" lang_id="en" season="Season 2011/2012" season_id="2011" sport_id="1" sport_name="Football">
	<message comment="Second half ends" minute="95" period="2" second="30" time="97" type="end" type_id="30"/>
	<message comment="Marouane Fellaini is caught offside" minute="93" period="2" time="95" type="offside" type_id="10000"/>
	<message comment="Marouane Fellaini is caught offside" minute="91" period="2" time="93" type="offside" type_id="10000"/>
	<message comment="Adel Taarabt wins a corner (To the left)" minute="84" period="2" second="38" time="86" type="corner" type_id="6"/>
	<message comment="Ross Barkley has attempt saved (Low to the left, Out of box, Left footed, Open play)" minute="82" period="2" second="21" time="84" type="attempt blocked" type_id="15"/>
	<message comment="Paddy Kenny makes a save (Diving)" minute="82" period="2" second="21" time="84" type="save made" type_id="10"/>
	<message comment="Leon Osman recieves a yellow card" minute="80" period="2" second="21" time="82" type="card received" type_id="17"/>
	<message comment="Marouane Fellaini wins a corner (To the right)" minute="73" period="2" second="39" time="75" type="corner" type_id="6"/>
	<message comment="John Heitinga is substituted off" minute="73" period="2" second="26" time="75" type="substitution off" type_id="18"/>
	<message comment="Louis Saha is substituted on" minute="73" period="2" second="26" time="75" type="substitution on" type_id="19"/>
	<message comment="Ross Barkley misses attempt (Out of box, Right footed, Open play)" minute="72" period="2" second="45" time="74" type="attempt missed" type_id="13"/>
	<message comment="Shaun Derry blocks a shot" minute="69" period="2" second="2" time="71" type="save made" type_id="10"/>
	<message comment="Mikel Arteta has shot blocked (Out of box, Right footed, Free kick)" minute="69" period="2" second="2" time="71" type="attempt blocked" type_id="15"/>
	<message comment="Tim Cahill is caught offside" minute="69" period="2" time="71" type="offside" type_id="10000"/>
	<message comment="Tim Cahill is caught offside" minute="66" period="2" time="68" type="offside" type_id="10000"/>
	<message comment="Tommy Smith is substituted off" minute="65" period="2" second="43" time="67" type="substitution off" type_id="18"/>
	<message comment="Hogan Ephraim is substituted on" minute="65" period="2" second="43" time="67" type="substitution on" type_id="19"/>
	<message comment="Ross Barkley misses attempt (High to the right, Out of box, Right footed, Open play)" minute="64" period="2" second="55" time="66" type="attempt missed" type_id="13"/>
	<message comment="Tim Cahill wins a corner (To the right)" minute="64" period="2" second="3" time="66" type="corner" type_id="6"/>
	<message comment="Paddy Kenny makes a save (Parried safe, Other body part)" minute="63" period="2" second="59" time="65" type="save made" type_id="10"/>
	<message comment="Tim Cahill has attempt saved (Low to the centre, 18-yard box, Right footed, Open play)" minute="63" period="2" second="59" time="65" type="attempt blocked" type_id="15"/>
	<message comment="Jermaine Beckford is substituted off" minute="63" period="2" second="23" time="65" type="substitution off" type_id="18"/>
	<message comment="Marouane Fellaini is substituted on" minute="63" period="2" second="23" time="65" type="substitution on" type_id="19"/>
	<message comment="Shaun Derry blocks a shot" minute="59" period="2" second="21" time="61" type="save made" type_id="10"/>
	<message comment="Leon Osman has shot blocked (Out of box, Right footed, Open play)" minute="59" period="2" second="21" time="61" type="attempt blocked" type_id="15"/>
	<message comment="John Heitinga misses attempt (To the left, Out of box, Left footed, Open play)" minute="57" period="2" second="47" time="59" type="attempt missed" type_id="13"/>
	<message comment="Patrick Agyemang is substituted off" minute="57" period="2" second="3" time="59" type="substitution off" type_id="18"/>
	<message comment="Jay Bothroyd is substituted on" minute="57" period="2" second="3" time="59" type="substitution on" type_id="19"/>
	<message comment="Jack Rodwell is substituted off" minute="54" period="2" second="19" time="56" type="substitution off" type_id="18"/>
	<message comment="Mikel Arteta is substituted on" minute="54" period="2" second="19" time="56" type="substitution on" type_id="19"/>
	<message comment="Ákos Buzsáky has shot blocked (Out of box, Right footed, Open play)" minute="51" period="2" second="5" time="53" type="attempt blocked" type_id="15"/>
	<message comment="Sylvain Distin blocks a shot" minute="51" period="2" second="5" time="53" type="save made" type_id="10"/>
	<message comment="Paddy Kenny makes a save (Standing, Collected)" minute="46" period="2" second="8" time="48" type="save made" type_id="10"/>
	<message comment="Jack Rodwell has attempt saved (High to the centre, 18-yard box, Left footed, Open play)" minute="46" period="2" second="8" time="48" type="attempt blocked" type_id="15"/>
	<message comment="Second half begins!" minute="45" period="2" second="0" time="47" type="start" type_id="32"/>
	<message comment="First half ends" minute="46" period="1" second="2" time="46" type="end" type_id="30"/>
	<message comment="Tim Cahill misses attempt (18-yard box, Head, Open play)" minute="43" period="1" second="12" time="43" type="attempt missed" type_id="13"/>
	<message comment="Paddy Kenny makes a save (Standing)" minute="42" period="1" second="24" time="42" type="save made" type_id="10"/>
	<message comment="Jermaine Beckford has attempt saved (High to the centre, 18-yard box, Head, Open play)" minute="42" period="1" second="24" time="42" type="attempt blocked" type_id="15"/>
	<message comment="Tim Cahill misses attempt (6-yard box, Big Chance, Head, Open play)" minute="39" period="1" second="6" time="39" type="attempt missed" type_id="13"/>
	<message comment="Fitz Hall recieves a yellow card" minute="38" period="1" second="26" time="38" type="card received" type_id="17"/>
	<message comment="Tommy Smith is caught offside" minute="35" period="1" time="35" type="offside" type_id="10000"/>
	<message comment="GOAL! Tommy Smith scores , Assisted by Ákos Buzsáky (Low to the right, 18-yard box, Right footed, Open play)" minute="30" period="1" second="33" time="30" type="goal scored" type_id="16"/>
	<message comment="Adel Taarabt has shot blocked (Out of box, Left footed, Open play)" minute="27" period="1" second="55" time="27" type="attempt blocked" type_id="15"/>
	<message comment="Sylvain Distin blocks a shot" minute="27" period="1" second="55" time="27" type="save made" type_id="10"/>
	<message comment="Ross Barkley misses attempt (To the right, Out of box, Right footed, Open play)" minute="26" period="1" second="5" time="26" type="attempt missed" type_id="13"/>
	<message comment="Leighton Baines hits the woodwork (High, Out of box, Left footed, Free kick)" minute="21" period="1" second="38" time="21" type="woodwork hit" type_id="14"/>
	<message comment="Formation Set" minute="0" period="14" second="0" time="7" type="end" type_id="30"/>
	<message comment="Jermaine Beckford misses attempt (To the right, 18-yard box, Right footed, Open play)" minute="6" period="1" second="23" time="6" type="attempt missed" type_id="13"/>
	<message comment="Tommy Smith misses attempt (18-yard box, Left footed, Open play)" minute="3" period="1" second="31" time="3" type="attempt missed" type_id="13"/>
	<message comment="First half begins!" minute="0" period="1" second="0" time="0" type="start" type_id="32"/>
</Commentary>
