<?xml version="1.0" ?>
<Commentary away_team_name="Everton" competition="English Premier League" game_date="2010-11-10" home_team_name="Bolton" lang_id="en" season="Season 2010/2011" season_id="2010" sport_id="1" sport_name="Football">
	<message comment="Second half ends" minute="94" period="2" second="19" time="96" type="end" type_id="30"/>
	<message comment="Ivan Klasnic misses attempt (High to the left, Out of box, Left footed, Open play)" minute="93" period="2" second="54" time="95" type="attempt missed" type_id="13"/>
	<message comment="GOAL! Jermaine Beckford scores , Assisted by Leighton Baines (High to the right, 18-yard box, Right footed, Open play)" minute="93" period="2" second="6" time="95" type="goal scored" type_id="16"/>
	<message comment="Ivan Klasnic is caught offside" minute="92" period="2" time="94" type="offside" type_id="10000"/>
	<message comment="Marouane Fellaini recieves a red card" minute="85" period="2" second="57" time="87" type="card received" type_id="17"/>
	<message comment="Louis Saha is substituted off" minute="81" period="2" second="25" time="83" type="substitution off" type_id="18"/>
	<message comment="Jermaine Beckford is substituted on" minute="81" period="2" second="25" time="83" type="substitution on" type_id="19"/>
	<message comment="Phil Neville is substituted off" minute="81" period="2" second="20" time="83" type="substitution off" type_id="18"/>
	<message comment="Yakubu is substituted on" minute="81" period="2" second="20" time="83" type="substitution on" type_id="19"/>
	<message comment="Leighton Baines wins a corner (To the left)" minute="80" period="2" second="0" time="82" type="corner" type_id="6"/>
	<message comment="Gary Cahill blocks a shot" minute="79" period="2" second="58" time="81" type="save made" type_id="10"/>
	<message comment="Leighton Baines has shot blocked (18-yard box, Left footed, Open play)" minute="79" period="2" second="58" time="81" type="attempt blocked" type_id="15"/>
	<message comment="GOAL! Ivan Klasnic scores , Assisted by Matthew Taylor (Low to the right, 6-yard box, Big Chance, Other body part, Fast break)" minute="78" period="2" second="39" time="80" type="goal scored" type_id="16"/>
	<message comment="Séamus Coleman wins a corner (To the right)" minute="77" period="2" second="31" time="79" type="corner" type_id="6"/>
	<message comment="Chung-Yong Lee wins a corner (To the right)" minute="76" period="2" second="28" time="78" type="corner" type_id="6"/>
	<message comment="Matthew Taylor hits the woodwork (High, 18-yard box, Head, From corner)" minute="74" period="2" second="35" time="76" type="woodwork hit" type_id="14"/>
	<message comment="Kevin Davies wins a corner (To the left)" minute="74" period="2" second="8" time="76" type="corner" type_id="6"/>
	<message comment="Louis Saha wins a corner (To the right)" minute="70" period="2" second="17" time="72" type="corner" type_id="6"/>
	<message comment="Zat Knight blocks a shot" minute="70" period="2" second="15" time="72" type="save made" type_id="10"/>
	<message comment="Louis Saha has shot blocked (18-yard box, Left footed, Open play)" minute="70" period="2" second="15" time="72" type="attempt blocked" type_id="15"/>
	<message comment="Séamus Coleman wins a corner (To the right)" minute="69" period="2" second="12" time="71" type="corner" type_id="6"/>
	<message comment="Stuart Holden blocks a shot" minute="68" period="2" second="1" time="70" type="save made" type_id="10"/>
	<message comment="Séamus Coleman has shot blocked (18-yard box, Left footed, Open play)" minute="68" period="2" second="1" time="70" type="attempt blocked" type_id="15"/>
	<message comment="Marouane Fellaini misses attempt (To the left, 18-yard box, Head, Open play)" minute="67" period="2" second="11" time="69" type="attempt missed" type_id="13"/>
	<message comment="Diniyar Bilyaletdinov is substituted off" minute="66" period="2" second="32" time="68" type="substitution off" type_id="18"/>
	<message comment="Séamus Coleman is substituted on" minute="66" period="2" second="32" time="68" type="substitution on" type_id="19"/>
	<message comment="Mikel Arteta wins a corner (To the right)" minute="66" period="2" second="22" time="68" type="corner" type_id="6"/>
	<message comment="Steven Pienaar wins a corner (To the right)" minute="65" period="2" second="35" time="67" type="corner" type_id="6"/>
	<message comment="Fabrice Muamba blocks a shot" minute="65" period="2" second="34" time="67" type="save made" type_id="10"/>
	<message comment="Steven Pienaar has shot blocked (Out of box, Right footed, Open play)" minute="65" period="2" second="34" time="67" type="attempt blocked" type_id="15"/>
	<message comment="Kevin Davies blocks a shot" minute="65" period="2" second="21" time="67" type="save made" type_id="10"/>
	<message comment="Marouane Fellaini has shot blocked (18-yard box, Left footed, From corner)" minute="65" period="2" second="21" time="67" type="attempt blocked" type_id="15"/>
	<message comment="Louis Saha wins a corner (To the left)" minute="64" period="2" second="57" time="66" type="corner" type_id="6"/>
	<message comment="Gary Cahill blocks a shot" minute="64" period="2" second="54" time="66" type="save made" type_id="10"/>
	<message comment="Louis Saha has shot blocked (18-yard box, Left footed, Open play)" minute="64" period="2" second="54" time="66" type="attempt blocked" type_id="15"/>
	<message comment="Kevin Davies misses attempt (High, 6-yard box, Big Chance, Head, From corner)" minute="63" period="2" second="12" time="65" type="attempt missed" type_id="13"/>
	<message comment="Ivan Klasnic wins a corner (To the left)" minute="62" period="2" second="43" time="64" type="corner" type_id="6"/>
	<message comment="Johan Elmander is substituted off" minute="61" period="2" second="4" time="63" type="substitution off" type_id="18"/>
	<message comment="Ivan Klasnic is substituted on" minute="61" period="2" second="4" time="63" type="substitution on" type_id="19"/>
	<message comment="Grétar Steinsson is substituted off" minute="58" period="2" second="49" time="60" type="substitution off" type_id="18"/>
	<message comment="Sam Ricketts is substituted on" minute="58" period="2" second="49" time="60" type="substitution on" type_id="19"/>
	<message comment="Louis Saha is caught offside" minute="57" period="2" time="59" type="offside" type_id="10000"/>
	<message comment="Fabrice Muamba blocks a shot" minute="55" period="2" second="38" time="57" type="save made" type_id="10"/>
	<message comment="Mikel Arteta has shot blocked (Out of box, Left footed, Open play)" minute="55" period="2" second="38" time="57" type="attempt blocked" type_id="15"/>
	<message comment="Diniyar Bilyaletdinov misses attempt (High to the right, 18-yard box, Left footed, From corner)" minute="53" period="2" second="52" time="55" type="attempt missed" type_id="13"/>
	<message comment="Leighton Baines wins a corner (To the right)" minute="53" period="2" second="19" time="55" type="corner" type_id="6"/>
	<message comment="Jussi Jääskeläinen makes a save (Diving, Parried into danger)" minute="52" period="2" second="18" time="54" type="save made" type_id="10"/>
	<message comment="Diniyar Bilyaletdinov has attempt saved (Low to the left, Out of box, Left footed, Open play)" minute="52" period="2" second="18" time="54" type="attempt blocked" type_id="15"/>
	<message comment="Fabrice Muamba has attempt saved (Low to the right, Out of box, Right footed, Open play)" minute="52" period="2" second="4" time="54" type="attempt blocked" type_id="15"/>
	<message comment="Tim Howard makes a save (Diving, Collected)" minute="52" period="2" second="4" time="54" type="save made" type_id="10"/>
	<message comment="Kevin Davies is caught offside" minute="52" period="2" time="54" type="offside" type_id="10000"/>
	<message comment="Stuart Holden wins a corner (To the right)" minute="50" period="2" second="40" time="52" type="corner" type_id="6"/>
	<message comment="Tim Howard makes a save (Parried safe, Diving)" minute="50" period="2" second="37" time="52" type="save made" type_id="10"/>
	<message comment="Stuart Holden has attempt saved (High to the centre, 6-yard box, Big Chance, Head, From corner)" minute="50" period="2" second="37" time="52" type="attempt blocked" type_id="15"/>
	<message comment="Matthew Taylor wins a corner (To the left)" minute="50" period="2" second="22" time="52" type="corner" type_id="6"/>
	<message comment="Johan Elmander wins a corner (To the right)" minute="49" period="2" second="50" time="51" type="corner" type_id="6"/>
	<message comment="Johan Elmander has shot blocked (18-yard box, Left footed, Open play)" minute="49" period="2" second="49" time="51" type="attempt blocked" type_id="15"/>
	<message comment="Leighton Baines blocks a shot" minute="49" period="2" second="49" time="51" type="save made" type_id="10"/>
	<message comment="Johan Elmander misses attempt (High to the right, Out of box, Right footed, Open play)" minute="46" period="2" second="22" time="48" type="attempt missed" type_id="13"/>
	<message comment="Second half begins!" minute="45" period="2" second="0" time="47" type="start" type_id="32"/>
	<message comment="First half ends" minute="46" period="1" second="28" time="46" type="end" type_id="30"/>
	<message comment="Zat Knight recieves a yellow card" minute="45" period="1" second="48" time="45" type="card received" type_id="17"/>
	<message comment="Mikel Arteta misses attempt (To the right, Out of box, Right footed, Free kick)" minute="42" period="1" second="8" time="42" type="attempt missed" type_id="13"/>
	<message comment="Grétar Steinsson recieves a yellow card" minute="38" period="1" second="35" time="38" type="card received" type_id="17"/>
	<message comment="Marouane Fellaini misses attempt (18-yard box, Big Chance, Left footed, From corner)" minute="37" period="1" second="43" time="37" type="attempt missed" type_id="13"/>
	<message comment="Phil Neville wins a corner (To the right)" minute="36" period="1" second="37" time="36" type="corner" type_id="6"/>
	<message comment="Mikel Arteta wins a corner (To the left)" minute="35" period="1" second="48" time="35" type="corner" type_id="6"/>
	<message comment="Tim Cahill misses attempt (To the right, 18-yard box, Left footed, From corner)" minute="34" period="1" second="7" time="34" type="attempt missed" type_id="13"/>
	<message comment="Steven Pienaar misses attempt (To the right, Out of box, Key pass, Right footed, From corner)" minute="34" period="1" second="4" time="34" type="attempt missed" type_id="13"/>
	<message comment="Chung-Yong Lee blocks a shot (Last line)" minute="34" period="1" second="1" time="34" type="save made" type_id="10"/>
	<message comment="Louis Saha has shot blocked (18-yard box, Head, From corner)" minute="34" period="1" second="1" time="34" type="attempt blocked" type_id="15"/>
	<message comment="Louis Saha wins a corner (To the right)" minute="33" period="1" second="44" time="33" type="corner" type_id="6"/>
	<message comment="Jussi Jääskeläinen makes a save (Standing, Parried safe, Feet)" minute="33" period="1" second="42" time="33" type="save made" type_id="10"/>
	<message comment="Louis Saha has attempt saved (Low to the right, 6-yard box, Right footed, Open play)" minute="33" period="1" second="42" time="33" type="attempt blocked" type_id="15"/>
	<message comment="Phil Neville wins a corner (To the right)" minute="33" period="1" second="16" time="33" type="corner" type_id="6"/>
	<message comment="Jussi Jääskeläinen makes a save (Collected)" minute="30" period="1" second="0" time="30" type="save made" type_id="10"/>
	<message comment="Steven Pienaar has attempt saved (Low to the centre, Out of box, Right footed, Open play)" minute="30" period="1" second="0" time="30" type="attempt blocked" type_id="15"/>
	<message comment="Mikel Arteta misses attempt (High to the right, Out of box, Right footed, From corner)" minute="27" period="1" second="29" time="27" type="attempt missed" type_id="13"/>
	<message comment="Diniyar Bilyaletdinov wins a corner (To the left)" minute="27" period="1" second="7" time="27" type="corner" type_id="6"/>
	<message comment="Zat Knight blocks a shot" minute="27" period="1" second="2" time="27" type="save made" type_id="10"/>
	<message comment="Diniyar Bilyaletdinov has shot blocked (18-yard box, Left footed, Open play)" minute="27" period="1" second="2" time="27" type="attempt blocked" type_id="15"/>
	<message comment="Diniyar Bilyaletdinov misses attempt (High to the left, 18-yard box, Head, Open play)" minute="25" period="1" second="25" time="25" type="attempt missed" type_id="13"/>
	<message comment="Leighton Baines wins a corner (To the left)" minute="24" period="1" second="36" time="24" type="corner" type_id="6"/>
	<message comment="Tim Cahill misses attempt (To the left, 18-yard box, Head, From corner)" minute="23" period="1" second="46" time="23" type="attempt missed" type_id="13"/>
	<message comment="Tim Cahill wins a corner (To the right)" minute="23" period="1" second="27" time="23" type="corner" type_id="6"/>
	<message comment="Jussi Jääskeläinen makes a save (Parried safe, Other body part)" minute="23" period="1" second="25" time="23" type="save made" type_id="10"/>
	<message comment="Tim Cahill has attempt saved (Low to the right, 6-yard box, Right footed, Open play)" minute="23" period="1" second="25" time="23" type="attempt blocked" type_id="15"/>
	<message comment="Jussi Jääskeläinen makes a save (Parried safe, Standing, Other body part)" minute="23" period="1" second="22" time="23" type="save made" type_id="10"/>
	<message comment="Louis Saha has attempt saved (Low to the right, 18-yard box, Right footed, Open play)" minute="23" period="1" second="22" time="23" type="attempt blocked" type_id="15"/>
	<message comment="Louis Saha misses attempt (High to the left, Out of box, Left footed, Open play)" minute="21" period="1" second="31" time="21" type="attempt missed" type_id="13"/>
	<message comment="Diniyar Bilyaletdinov is caught offside" minute="20" period="1" time="20" type="offside" type_id="10000"/>
	<message comment="Kevin Davies wins a corner (To the right)" minute="18" period="1" second="56" time="18" type="corner" type_id="6"/>
	<message comment="Johan Elmander misses attempt (6-yard box, Head, From corner)" minute="18" period="1" second="11" time="18" type="attempt missed" type_id="13"/>
	<message comment="Grétar Steinsson has shot blocked (18-yard box, Head, From corner)" minute="18" period="1" second="10" time="18" type="attempt blocked" type_id="15"/>
	<message comment="Stuart Holden wins a corner (To the right)" minute="17" period="1" second="45" time="17" type="corner" type_id="6"/>
	<message comment="Johan Elmander wins a corner (To the left)" minute="17" period="1" second="22" time="17" type="corner" type_id="6"/>
	<message comment="Johan Elmander has shot blocked (18-yard box, Right footed, Set piece)" minute="17" period="1" second="20" time="17" type="attempt blocked" type_id="15"/>
	<message comment="Marouane Fellaini blocks a shot" minute="17" period="1" second="20" time="17" type="save made" type_id="10"/>
	<message comment="Diniyar Bilyaletdinov misses attempt (To the right, 18-yard box, Right footed, Open play)" minute="16" period="1" second="13" time="16" type="attempt missed" type_id="13"/>
	<message comment="Johan Elmander has shot blocked (18-yard box, Left footed, Open play)" minute="8" period="1" second="4" time="8" type="attempt blocked" type_id="15"/>
	<message comment="Sylvain Distin blocks a shot" minute="8" period="1" second="4" time="8" type="save made" type_id="10"/>
	<message comment="Diniyar Bilyaletdinov misses attempt (To the left, Out of box, Left footed, Set piece)" minute="7" period="1" second="30" time="7" type="attempt missed" type_id="13"/>
	<message comment="Kevin Davies wins a corner (To the left)" minute="6" period="1" second="3" time="6" type="corner" type_id="6"/>
	<message comment="Formation Set" minute="0" period="14" second="0" time="6" type="end" type_id="30"/>
	<message comment="First half begins!" minute="0" period="1" second="0" time="0" type="start" type_id="32"/>
</Commentary>
