<?xml version="1.0" ?>
<Commentary away_team_name="Everton" competition="English Premier League" game_date="2013-08-24" home_team_name="West Bromwich Albion" lang_id="en" season="Season 2013/2014" season_id="2013" sport_id="1" sport_name="Football">
	<message comment="Second half ends" minute="94" period="2" second="22" time="97" type="end" type_id="30"/>
	<message comment="Phil Jagielka has shot blocked (18-yard box, Right footed, From corner)" minute="94" period="2" second="20" time="97" type="attempt blocked" type_id="15"/>
	<message comment="Jonas Olsson blocks a shot" minute="94" period="2" second="20" time="97" type="save made" type_id="10"/>
	<message comment="Ross Barkley wins a corner (To the right)" minute="93" period="2" second="51" time="96" type="corner" type_id="6"/>
	<message comment="Billy Jones blocks a shot" minute="91" period="2" second="58" time="94" type="save made" type_id="10"/>
	<message comment="Ross Barkley has shot blocked (18-yard box, Left footed, Open play)" minute="91" period="2" second="58" time="94" type="attempt blocked" type_id="15"/>
	<message comment="Billy Jones misses attempt (High, Out of box, Right footed, Set piece)" minute="91" period="2" second="27" time="94" type="attempt missed" type_id="13"/>
	<message comment="Marouane Fellaini is caught offside" minute="88" period="2" time="91" type="offside" type_id="10000"/>
	<message comment="Marouane Fellaini wins a corner (To the left)" minute="87" period="2" second="58" time="90" type="corner" type_id="6"/>
	<message comment="Billy Jones blocks a shot" minute="87" period="2" second="57" time="90" type="save made" type_id="10"/>
	<message comment="Marouane Fellaini has shot blocked (18-yard box, Head, From corner)" minute="87" period="2" second="57" time="90" type="attempt blocked" type_id="15"/>
	<message comment="Séamus Coleman wins a corner (To the right)" minute="87" period="2" second="26" time="90" type="corner" type_id="6"/>
	<message comment="Luke Daniels makes a save (Parried safe, Diving)" minute="87" period="2" second="25" time="90" type="save made" type_id="10"/>
	<message comment="Séamus Coleman has attempt saved (Low to the right, Out of box, Left footed, Open play)" minute="87" period="2" second="25" time="90" type="attempt blocked" type_id="15"/>
	<message comment="Ross Barkley recieves a yellow card" minute="84" period="2" second="3" time="87" type="card received" type_id="17"/>
	<message comment="Arouna Koné is caught offside" minute="82" period="2" time="85" type="offside" type_id="10000"/>
	<message comment="Marouane Fellaini hits the woodwork (To the right, 18-yard box, Big Chance, Right footed, Open play)" minute="81" period="2" second="47" time="84" type="woodwork hit" type_id="14"/>
	<message comment="Shane Long is substituted off" minute="80" period="2" second="51" time="83" type="substitution off" type_id="18"/>
	<message comment="Chris Brunt is substituted on" minute="80" period="2" second="51" time="83" type="substitution on" type_id="19"/>
	<message comment="Ben Foster is substituted off" minute="77" period="2" second="48" time="80" type="substitution off" type_id="18"/>
	<message comment="Luke Daniels is substituted on" minute="77" period="2" second="48" time="80" type="substitution on" type_id="19"/>
	<message comment="Claudio Yacob blocks a shot" minute="75" period="2" second="33" time="78" type="save made" type_id="10"/>
	<message comment="Steven Pienaar has shot blocked (Out of box, Right footed, Open play)" minute="75" period="2" second="33" time="78" type="attempt blocked" type_id="15"/>
	<message comment="Shane Long has attempt saved (Low to the right, 18-yard box, Left footed, Open play)" minute="73" period="2" second="28" time="76" type="attempt blocked" type_id="15"/>
	<message comment="Tim Howard makes a save (Parried safe, Diving)" minute="73" period="2" second="28" time="76" type="save made" type_id="10"/>
	<message comment="Kevin Mirallas is substituted off" minute="72" period="2" second="3" time="75" type="substitution off" type_id="18"/>
	<message comment="Steven Naismith is substituted on" minute="72" period="2" second="3" time="75" type="substitution on" type_id="19"/>
	<message comment="Arouna Koné is substituted on" minute="71" period="2" second="49" time="74" type="substitution on" type_id="19"/>
	<message comment="Nikica Jelavic is substituted off" minute="71" period="2" second="48" time="74" type="substitution off" type_id="18"/>
	<message comment="Kevin Mirallas wins a corner (To the left)" minute="69" period="2" second="4" time="72" type="corner" type_id="6"/>
	<message comment="Markus Rosenberg is substituted off" minute="66" period="2" second="18" time="69" type="substitution off" type_id="18"/>
	<message comment="Matej Vydra is substituted on" minute="66" period="2" second="18" time="69" type="substitution on" type_id="19"/>
	<message comment="James Morrison wins a corner (To the right)" minute="63" period="2" second="56" time="66" type="corner" type_id="6"/>
	<message comment="James Morrison has attempt saved (Low to the right, Out of box, Right footed, Open play)" minute="63" period="2" second="53" time="66" type="attempt blocked" type_id="15"/>
	<message comment="Tim Howard makes a save (Diving, Parried safe)" minute="63" period="2" second="53" time="66" type="save made" type_id="10"/>
	<message comment="Kevin Mirallas has attempt saved (Low to the left, 18-yard box, Right footed, Open play)" minute="61" period="2" second="54" time="64" type="attempt blocked" type_id="15"/>
	<message comment="Ben Foster makes a save" minute="61" period="2" second="54" time="64" type="save made" type_id="10"/>
	<message comment="Leon Osman misses attempt (High to the left, Out of box, Right footed, From corner)" minute="55" period="2" second="24" time="58" type="attempt missed" type_id="13"/>
	<message comment="Marouane Fellaini wins a corner (To the left)" minute="54" period="2" second="50" time="57" type="corner" type_id="6"/>
	<message comment="Ben Foster makes a save (Parried safe, Diving, Other body part)" minute="54" period="2" second="49" time="57" type="save made" type_id="10"/>
	<message comment="Marouane Fellaini has attempt saved (Low to the left, 6-yard box, Left footed, From corner)" minute="54" period="2" second="49" time="57" type="attempt blocked" type_id="15"/>
	<message comment="Ben Foster makes a save (Parried into danger, Diving)" minute="54" period="2" second="46" time="57" type="save made" type_id="10"/>
	<message comment="Ross Barkley has attempt saved (Low to the left, 18-yard box, Left footed, From corner)" minute="54" period="2" second="46" time="57" type="attempt blocked" type_id="15"/>
	<message comment="Séamus Coleman wins a corner (To the left)" minute="54" period="2" second="38" time="57" type="corner" type_id="6"/>
	<message comment="Marouane Fellaini wins a corner (To the left)" minute="52" period="2" second="51" time="55" type="corner" type_id="6"/>
	<message comment="Second half begins!" minute="45" period="2" second="0" time="48" type="start" type_id="32"/>
	<message comment="First half ends" minute="47" period="1" second="11" time="47" type="end" type_id="30"/>
	<message comment="Billy Jones blocks a shot" minute="45" period="1" second="49" time="45" type="save made" type_id="10"/>
	<message comment="Nikica Jelavic has shot blocked (18-yard box, Head, From corner)" minute="45" period="1" second="49" time="45" type="attempt blocked" type_id="15"/>
	<message comment="Gareth McAuley blocks a shot" minute="45" period="1" second="47" time="45" type="save made" type_id="10"/>
	<message comment="Leon Osman has shot blocked (18-yard box, Head, From corner)" minute="45" period="1" second="47" time="45" type="attempt blocked" type_id="15"/>
	<message comment="Séamus Coleman wins a corner (To the right)" minute="45" period="1" second="22" time="45" type="corner" type_id="6"/>
	<message comment="Leighton Baines wins a corner (To the left)" minute="44" period="1" second="16" time="44" type="corner" type_id="6"/>
	<message comment="Markus Rosenberg is caught offside" minute="44" period="1" time="44" type="offside" type_id="10000"/>
	<message comment="Steven Pienaar wins a corner (To the left)" minute="43" period="1" second="46" time="43" type="corner" type_id="6"/>
	<message comment="James Morrison misses attempt (To the right, Out of box, Right footed, Open play)" minute="43" period="1" second="6" time="43" type="attempt missed" type_id="13"/>
	<message comment="Nikica Jelavic is caught offside" minute="41" period="1" time="41" type="offside" type_id="10000"/>
	<message comment="Ben Foster makes a save (Collected, Diving)" minute="38" period="1" second="27" time="38" type="save made" type_id="10"/>
	<message comment="Séamus Coleman has attempt saved (Low to the right, 18-yard box, Left footed, Open play)" minute="38" period="1" second="27" time="38" type="attempt blocked" type_id="15"/>
	<message comment="Youssouf Mulumbu misses attempt (To the left, 18-yard box, Right footed, Open play)" minute="37" period="1" second="40" time="37" type="attempt missed" type_id="13"/>
	<message comment="Nikica Jelavic misses attempt (To the right, 18-yard box, Right footed, Fast break)" minute="34" period="1" second="15" time="34" type="attempt missed" type_id="13"/>
	<message comment="Kevin Mirallas wins a corner (To the left)" minute="31" period="1" second="35" time="31" type="corner" type_id="6"/>
	<message comment="Ben Foster makes a save (Diving)" minute="31" period="1" second="32" time="31" type="save made" type_id="10"/>
	<message comment="Kevin Mirallas has attempt saved (High to the centre, 18-yard box, Right footed, Open play)" minute="31" period="1" second="32" time="31" type="attempt blocked" type_id="15"/>
	<message comment="Ross Barkley misses attempt (High to the right, Out of box, Right footed, Open play)" minute="30" period="1" second="21" time="30" type="attempt missed" type_id="13"/>
	<message comment="Leighton Baines misses attempt (High to the left, Out of box, Left footed, Set piece)" minute="28" period="1" second="13" time="28" type="attempt missed" type_id="13"/>
	<message comment="Billy Jones blocks a shot" minute="28" period="1" second="9" time="28" type="save made" type_id="10"/>
	<message comment="Kevin Mirallas has shot blocked (Out of box, Right footed, Free kick)" minute="28" period="1" second="9" time="28" type="attempt blocked" type_id="15"/>
	<message comment="Youssouf Mulumbu recieves a yellow card" minute="27" period="1" second="16" time="27" type="card received" type_id="17"/>
	<message comment="James Morrison misses attempt (Out of box, Right footed, Open play)" minute="24" period="1" second="44" time="24" type="attempt missed" type_id="13"/>
	<message comment="Youssouf Mulumbu misses attempt (Out of box, Right footed, Open play)" minute="23" period="1" second="6" time="23" type="attempt missed" type_id="13"/>
	<message comment="Ross Barkley misses attempt (To the left, Out of box, Right footed, Open play)" minute="19" period="1" second="13" time="19" type="attempt missed" type_id="13"/>
	<message comment="Nikica Jelavic is caught offside" minute="10" period="1" time="10" type="offside" type_id="10000"/>
	<message comment="Ben Foster makes a save (Diving, Collected)" minute="7" period="1" second="57" time="7" type="save made" type_id="10"/>
	<message comment="Steven Pienaar has attempt saved (Low to the left, Out of box, Left footed, Open play)" minute="7" period="1" second="57" time="7" type="attempt blocked" type_id="15"/>
	<message comment="Formation Set" minute="0" period="14" second="0" time="7" type="end" type_id="30"/>
	<message comment="Ben Foster makes a save (Diving)" minute="6" period="1" second="48" time="6" type="save made" type_id="10"/>
	<message comment="Steven Pienaar has attempt saved (Low to the right, 18-yard box, Head, Open play)" minute="6" period="1" second="48" time="6" type="attempt blocked" type_id="15"/>
	<message comment="Nikica Jelavic is caught offside" minute="5" period="1" time="5" type="offside" type_id="10000"/>
	<message comment="Ross Barkley has shot blocked (Out of box, Right footed, Open play)" minute="3" period="1" second="52" time="3" type="attempt blocked" type_id="15"/>
	<message comment="James Morrison blocks a shot" minute="3" period="1" second="52" time="3" type="save made" type_id="10"/>
	<message comment="First half begins!" minute="0" period="1" second="0" time="0" type="start" type_id="32"/>
</Commentary>
