<?xml version="1.0" ?>
<Commentary away_team_name="Everton" competition="English Premier League" game_date="2012-01-04" home_team_name="Bolton" lang_id="en" season="Season 2011/2012" season_id="2011" sport_id="1" sport_name="Football">
	<message comment="Second half ends" minute="93" period="2" second="23" time="96" type="end" type_id="30"/>
	<message comment="Tim Cahill wins a corner (To the right)" minute="93" period="2" second="3" time="96" type="corner" type_id="6"/>
	<message comment="Leighton Baines hits the woodwork (High, Out of box, Left footed, Free kick)" minute="92" period="2" second="32" time="95" type="woodwork hit" type_id="14"/>
	<message comment="Gary Cahill recieves a yellow card" minute="91" period="2" second="25" time="94" type="card received" type_id="17"/>
	<message comment="Darren Pratley is caught offside" minute="87" period="2" time="90" type="offside" type_id="10000"/>
	<message comment="David N'Gog is substituted off" minute="86" period="2" second="39" time="89" type="substitution off" type_id="18"/>
	<message comment="Kevin Davies is substituted on" minute="86" period="2" second="39" time="89" type="substitution on" type_id="19"/>
	<message comment="Martin Petrov wins a corner (To the left)" minute="86" period="2" second="19" time="89" type="corner" type_id="6"/>
	<message comment="Martin Petrov wins a corner (To the left)" minute="82" period="2" second="51" time="85" type="corner" type_id="6"/>
	<message comment="Chris Eagles is substituted off" minute="80" period="2" second="26" time="83" type="substitution off" type_id="18"/>
	<message comment="Darren Pratley is substituted on" minute="80" period="2" second="26" time="83" type="substitution on" type_id="19"/>
	<message comment="Louis Saha misses attempt (18-yard box, Head, Open play)" minute="79" period="2" second="15" time="82" type="attempt missed" type_id="13"/>
	<message comment="GOAL! Gary Cahill scores , Assisted by Chris Eagles (Low to the left, 18-yard box, Right footed, Set piece)" minute="77" period="2" second="29" time="80" type="goal scored" type_id="16"/>
	<message comment="Tim Howard makes a save (Parried safe)" minute="77" period="2" second="22" time="80" type="save made" type_id="10"/>
	<message comment="Gary Cahill has attempt saved (Low to the right, 18-yard box, Head, Set piece)" minute="77" period="2" second="22" time="80" type="attempt blocked" type_id="15"/>
	<message comment="Sylvain Distin recieves a yellow card" minute="76" period="2" second="30" time="79" type="card received" type_id="17"/>
	<message comment="Leighton Baines is caught offside" minute="74" period="2" time="77" type="offside" type_id="10000"/>
	<message comment="GOAL! David N'Gog scores  (Low to the left, 18-yard box, Left footed, Open play)" minute="66" period="2" second="34" time="69" type="goal scored" type_id="16"/>
	<message comment="GOAL! Tim Howard scores , Assisted by Sylvain Distin (Low to the centre, Out of box, Right footed, Open play)" minute="62" period="2" second="13" time="65" type="goal scored" type_id="16"/>
	<message comment="Phil Neville wins a corner (To the left)" minute="61" period="2" second="43" time="64" type="corner" type_id="6"/>
	<message comment="Jack Rodwell is substituted off" minute="60" period="2" second="37" time="63" type="substitution off" type_id="18"/>
	<message comment="Tim Cahill is substituted on" minute="60" period="2" second="37" time="63" type="substitution on" type_id="19"/>
	<message comment="David N'Gog has shot blocked (18-yard box, Head, From corner)" minute="59" period="2" second="4" time="62" type="attempt blocked" type_id="15"/>
	<message comment="David N'Gog wins a corner (To the right)" minute="58" period="2" second="43" time="61" type="corner" type_id="6"/>
	<message comment="Tim Howard makes a save (Parried safe, Diving)" minute="58" period="2" second="41" time="61" type="save made" type_id="10"/>
	<message comment="David N'Gog has attempt saved (Low to the right, 18-yard box, Right footed, Open play)" minute="58" period="2" second="41" time="61" type="attempt blocked" type_id="15"/>
	<message comment="Denis Stracqualursi is caught offside" minute="58" period="2" time="61" type="offside" type_id="10000"/>
	<message comment="Denis Stracqualursi is caught offside" minute="55" period="2" time="58" type="offside" type_id="10000"/>
	<message comment="Sam Ricketts misses attempt (To the left, 18-yard box, Head, From corner)" minute="53" period="2" second="30" time="56" type="attempt missed" type_id="13"/>
	<message comment="Chris Eagles wins a corner (To the right)" minute="53" period="2" second="13" time="56" type="corner" type_id="6"/>
	<message comment="Leon Osman is substituted off" minute="52" period="2" second="35" time="55" type="substitution off" type_id="18"/>
	<message comment="Magaye Gueye is substituted on" minute="52" period="2" second="35" time="55" type="substitution on" type_id="19"/>
	<message comment="Grétar Steinsson has shot blocked (18-yard box, Right footed, Open play)" minute="49" period="2" second="20" time="52" type="attempt blocked" type_id="15"/>
	<message comment="Jack Rodwell blocks a shot" minute="49" period="2" second="20" time="52" type="save made" type_id="10"/>
	<message comment="Mark Davies has attempt saved (Low to the right, 18-yard box, Left footed, Open play)" minute="49" period="2" second="15" time="52" type="attempt blocked" type_id="15"/>
	<message comment="Tim Howard makes a save (Parried into danger, Standing, Feet)" minute="49" period="2" second="15" time="52" type="save made" type_id="10"/>
	<message comment="Jack Rodwell misses attempt (6-yard box, Right footed, From corner)" minute="47" period="2" second="20" time="50" type="attempt missed" type_id="13"/>
	<message comment="Jack Rodwell wins a corner (To the right)" minute="46" period="2" second="58" time="49" type="corner" type_id="6"/>
	<message comment="Louis Saha wins a corner (To the right)" minute="46" period="2" second="30" time="49" type="corner" type_id="6"/>
	<message comment="Second half begins!" minute="45" period="2" second="0" time="48" type="start" type_id="32"/>
	<message comment="First half ends" minute="47" period="1" second="7" time="47" type="end" type_id="30"/>
	<message comment="Martin Petrov misses attempt (High to the left, Out of box, Left footed, From corner)" minute="46" period="1" second="5" time="46" type="attempt missed" type_id="13"/>
	<message comment="Zat Knight wins a corner (To the right)" minute="45" period="1" second="31" time="45" type="corner" type_id="6"/>
	<message comment="Zat Knight has shot blocked (18-yard box, Left footed, From corner)" minute="45" period="1" second="28" time="45" type="attempt blocked" type_id="15"/>
	<message comment="Sylvain Distin blocks a shot" minute="45" period="1" second="28" time="45" type="save made" type_id="10"/>
	<message comment="David N'Gog wins a corner (To the left)" minute="45" period="1" second="6" time="45" type="corner" type_id="6"/>
	<message comment="David N'Gog has attempt saved (High to the left, 18-yard box, Left footed, Open play)" minute="45" period="1" second="1" time="45" type="attempt blocked" type_id="15"/>
	<message comment="Tim Howard makes a save (Parried safe)" minute="45" period="1" second="1" time="45" type="save made" type_id="10"/>
	<message comment="Landon Donovan wins a corner (To the right)" minute="43" period="1" second="4" time="43" type="corner" type_id="6"/>
	<message comment="Sam Ricketts blocks a shot" minute="41" period="1" second="46" time="41" type="save made" type_id="10"/>
	<message comment="Landon Donovan has shot blocked (18-yard box, Head, Open play)" minute="41" period="1" second="46" time="41" type="attempt blocked" type_id="15"/>
	<message comment="Phil Jagielka is substituted off" minute="41" period="1" second="31" time="41" type="substitution off" type_id="18"/>
	<message comment="Jack Rodwell is substituted on" minute="41" period="1" second="31" time="41" type="substitution on" type_id="19"/>
	<message comment="Leighton Baines blocks a shot" minute="40" period="1" second="11" time="40" type="save made" type_id="10"/>
	<message comment="Chris Eagles has shot blocked (Out of box, Right footed, Open play)" minute="40" period="1" second="11" time="40" type="attempt blocked" type_id="15"/>
	<message comment="Phil Jagielka blocks a shot" minute="36" period="1" second="9" time="36" type="save made" type_id="10"/>
	<message comment="David N'Gog has shot blocked (18-yard box, Right footed, Open play)" minute="36" period="1" second="9" time="36" type="attempt blocked" type_id="15"/>
	<message comment="Fabrice Muamba wins a corner (To the right)" minute="34" period="1" second="44" time="34" type="corner" type_id="6"/>
	<message comment="Leon Osman misses attempt (18-yard box, Right footed, Open play)" minute="33" period="1" second="46" time="33" type="attempt missed" type_id="13"/>
	<message comment="Leighton Baines wins a corner (To the left)" minute="31" period="1" second="31" time="31" type="corner" type_id="6"/>
	<message comment="Leon Osman has attempt saved (Low to the right, Out of box, Right footed, Open play)" minute="29" period="1" second="46" time="29" type="attempt blocked" type_id="15"/>
	<message comment="Adam Bogdan makes a save (Collected, Diving)" minute="29" period="1" second="46" time="29" type="save made" type_id="10"/>
	<message comment="Nigel Reo-Coker recieves a yellow card" minute="20" period="1" second="0" time="20" type="card received" type_id="17"/>
	<message comment="Chris Eagles wins a corner (To the right)" minute="17" period="1" second="55" time="17" type="corner" type_id="6"/>
	<message comment="Chris Eagles wins a corner (To the right)" minute="17" period="1" second="28" time="17" type="corner" type_id="6"/>
	<message comment="Louis Saha misses attempt (To the left, 18-yard box, Big Chance, Left footed, Open play)" minute="13" period="1" second="55" time="13" type="attempt missed" type_id="13"/>
	<message comment="Denis Stracqualursi misses attempt (18-yard box, Right footed, Open play)" minute="12" period="1" second="23" time="12" type="attempt missed" type_id="13"/>
	<message comment="David N'Gog recieves a yellow card" minute="11" period="1" second="37" time="11" type="card received" type_id="17"/>
	<message comment="Landon Donovan has attempt saved (High to the right, 18-yard box, Head, Open play)" minute="9" period="1" second="27" time="9" type="attempt blocked" type_id="15"/>
	<message comment="Adam Bogdan makes a save (Standing)" minute="9" period="1" second="27" time="9" type="save made" type_id="10"/>
	<message comment="Formation Set" minute="0" period="14" second="0" time="6" type="end" type_id="30"/>
	<message comment="David N'Gog misses attempt (To the right, Out of box, Right footed, Throw-in)" minute="5" period="1" second="42" time="5" type="attempt missed" type_id="13"/>
	<message comment="Chris Eagles has attempt saved (Low to the centre, 18-yard box, Left footed, Open play)" minute="5" period="1" second="8" time="5" type="attempt blocked" type_id="15"/>
	<message comment="Tim Howard makes a save (Diving)" minute="5" period="1" second="8" time="5" type="save made" type_id="10"/>
	<message comment="First half begins!" minute="0" period="1" second="0" time="0" type="start" type_id="32"/>
</Commentary>
