<?xml version="1.0" ?>
<Commentary away_team_name="Everton" competition="English Premier League" game_date="2012-08-20" home_team_name="Manchester United" lang_id="en" season="Season 2012/2013" season_id="2012" sport_id="1" sport_name="Football">
	<message comment="Second half ends" minute="94" period="2" second="17" time="97" type="end" type_id="30"/>
	<message comment="Paul Scholes wins a corner (To the left)" minute="92" period="2" second="54" time="95" type="corner" type_id="6"/>
	<message comment="Darron Gibson has shot blocked (Out of box, Right footed, Open play)" minute="92" period="2" second="26" time="95" type="attempt blocked" type_id="15"/>
	<message comment="Nemanja Vidic blocks a shot" minute="92" period="2" second="26" time="95" type="save made" type_id="10"/>
	<message comment="Marouane Fellaini is substituted off" minute="91" period="2" second="25" time="94" type="substitution off" type_id="18"/>
	<message comment="John Heitinga is substituted on" minute="91" period="2" second="25" time="94" type="substitution on" type_id="19"/>
	<message comment="Anderson misses attempt (Out of box, Left footed, Open play)" minute="90" period="2" second="32" time="93" type="attempt missed" type_id="13"/>
	<message comment="Patrice Evra has shot blocked (18-yard box, Left footed, Open play)" minute="90" period="2" second="24" time="93" type="attempt blocked" type_id="15"/>
	<message comment="Séamus Coleman blocks a shot" minute="90" period="2" second="24" time="93" type="save made" type_id="10"/>
	<message comment="Nikica Jelavic is substituted off" minute="89" period="2" second="20" time="92" type="substitution off" type_id="18"/>
	<message comment="Steven Naismith is substituted on" minute="89" period="2" second="20" time="92" type="substitution on" type_id="19"/>
	<message comment="Darron Gibson recieves a yellow card" minute="89" period="2" second="5" time="92" type="card received" type_id="17"/>
	<message comment="Tom Cleverley is substituted off" minute="84" period="2" second="49" time="87" type="substitution off" type_id="18"/>
	<message comment="Anderson is substituted on" minute="84" period="2" second="49" time="87" type="substitution on" type_id="19"/>
	<message comment="Leon Osman is substituted off" minute="80" period="2" second="11" time="83" type="substitution off" type_id="18"/>
	<message comment="Séamus Coleman is substituted on" minute="80" period="2" second="11" time="83" type="substitution on" type_id="19"/>
	<message comment="Nani is substituted off" minute="77" period="2" second="28" time="80" type="substitution off" type_id="18"/>
	<message comment="Ashley Young is substituted on" minute="77" period="2" second="28" time="80" type="substitution on" type_id="19"/>
	<message comment="Robin van Persie wins a corner (To the left)" minute="76" period="2" second="59" time="79" type="corner" type_id="6"/>
	<message comment="Patrice Evra wins a corner (To the left)" minute="71" period="2" second="41" time="74" type="corner" type_id="6"/>
	<message comment="Nemanja Vidic misses attempt (To the left, 18-yard box, Head, From corner)" minute="69" period="2" second="35" time="72" type="attempt missed" type_id="13"/>
	<message comment="Wayne Rooney wins a corner (To the right)" minute="68" period="2" second="45" time="71" type="corner" type_id="6"/>
	<message comment="Danny Welbeck is substituted off" minute="67" period="2" second="43" time="70" type="substitution off" type_id="18"/>
	<message comment="Robin van Persie is substituted on" minute="67" period="2" second="43" time="70" type="substitution on" type_id="19"/>
	<message comment="Wayne Rooney wins a corner (To the right)" minute="67" period="2" second="16" time="70" type="corner" type_id="6"/>
	<message comment="Phil Jagielka blocks a shot (Last line)" minute="66" period="2" second="39" time="69" type="save made" type_id="10"/>
	<message comment="Tom Cleverley has shot blocked (18-yard box, Big Chance, Right footed, Open play)" minute="66" period="2" second="39" time="69" type="attempt blocked" type_id="15"/>
	<message comment="Marouane Fellaini has attempt saved (Low to the centre, 18-yard box, Head, Open play)" minute="63" period="2" second="11" time="66" type="attempt blocked" type_id="15"/>
	<message comment="David de Gea makes a save (Standing)" minute="63" period="2" second="11" time="66" type="save made" type_id="10"/>
	<message comment="Nani wins a corner (To the right)" minute="60" period="2" second="46" time="63" type="corner" type_id="6"/>
	<message comment="GOAL! Marouane Fellaini scores , Assisted by Darron Gibson (Low to the right, 18-yard box, Big Chance, Head, From corner)" minute="56" period="2" second="54" time="59" type="goal scored" type_id="16"/>
	<message comment="Steven Pienaar wins a corner (To the right)" minute="56" period="2" second="28" time="59" type="corner" type_id="6"/>
	<message comment="Wayne Rooney misses attempt (High to the left, Out of box, Left footed, Fast break)" minute="55" period="2" second="45" time="58" type="attempt missed" type_id="13"/>
	<message comment="Leon Osman hits the woodwork (High, 18-yard box, Right footed, Open play)" minute="48" period="2" second="1" time="51" type="woodwork hit" type_id="14"/>
	<message comment="Darron Gibson misses attempt (High to the left, Out of box, Left footed, Open play)" minute="46" period="2" second="56" time="49" type="attempt missed" type_id="13"/>
	<message comment="Second half begins!" minute="45" period="2" second="0" time="48" type="start" type_id="32"/>
	<message comment="First half ends" minute="47" period="1" second="19" time="47" type="end" type_id="30"/>
	<message comment="Wayne Rooney wins a corner (To the left)" minute="46" period="1" second="55" time="46" type="corner" type_id="6"/>
	<message comment="Wayne Rooney misses attempt (To the left, 18-yard box, Big Chance, Head, Throw-in)" minute="46" period="1" second="52" time="46" type="attempt missed" type_id="13"/>
	<message comment="Leighton Baines wins a corner (To the right)" minute="45" period="1" second="22" time="45" type="corner" type_id="6"/>
	<message comment="Leighton Baines has attempt saved (High to the right, Out of box, Left footed, Free kick)" minute="44" period="1" second="53" time="44" type="attempt blocked" type_id="15"/>
	<message comment="David de Gea makes a save (Parried into danger, Diving)" minute="44" period="1" second="53" time="44" type="save made" type_id="10"/>
	<message comment="Sylvain Distin blocks a shot" minute="41" period="1" second="51" time="41" type="save made" type_id="10"/>
	<message comment="Tom Cleverley has shot blocked (Out of box, Right footed, Open play)" minute="41" period="1" second="51" time="41" type="attempt blocked" type_id="15"/>
	<message comment="David de Gea makes a save (Diving, Parried safe)" minute="40" period="1" second="9" time="40" type="save made" type_id="10"/>
	<message comment="Leon Osman has attempt saved (High to the right, 18-yard box, Right footed, Open play)" minute="40" period="1" second="9" time="40" type="attempt blocked" type_id="15"/>
	<message comment="Danny Welbeck misses attempt (To the right, 18-yard box, Right footed, Open play)" minute="37" period="1" second="56" time="37" type="attempt missed" type_id="13"/>
	<message comment="Tim Howard makes a save (Collected)" minute="37" period="1" second="19" time="37" type="save made" type_id="10"/>
	<message comment="Wayne Rooney has attempt saved (Low to the centre, 18-yard box, Left footed, Open play)" minute="37" period="1" second="19" time="37" type="attempt blocked" type_id="15"/>
	<message comment="Phil Jagielka misses attempt (High, 6-yard box, Head, From corner)" minute="32" period="1" second="50" time="32" type="attempt missed" type_id="13"/>
	<message comment="Nikica Jelavic wins a corner (To the right)" minute="32" period="1" second="37" time="32" type="corner" type_id="6"/>
	<message comment="Steven Pienaar has attempt saved (Low to the right, Out of box, Right footed, Open play)" minute="32" period="1" second="4" time="32" type="attempt blocked" type_id="15"/>
	<message comment="David de Gea makes a save (Parried into danger, Diving)" minute="32" period="1" second="4" time="32" type="save made" type_id="10"/>
	<message comment="Marouane Fellaini misses attempt (To the left, 18-yard box, Head, Open play)" minute="31" period="1" second="58" time="31" type="attempt missed" type_id="13"/>
	<message comment="Steven Pienaar misses attempt (To the right, Out of box, Right footed, Open play)" minute="30" period="1" second="11" time="30" type="attempt missed" type_id="13"/>
	<message comment="Shinji Kagawa is caught offside" minute="29" period="1" time="29" type="offside" type_id="10000"/>
	<message comment="Wayne Rooney wins a corner (To the left)" minute="28" period="1" second="13" time="28" type="corner" type_id="6"/>
	<message comment="Tim Howard makes a save (Diving)" minute="28" period="1" second="10" time="28" type="save made" type_id="10"/>
	<message comment="Wayne Rooney has attempt saved (Low to the left, Out of box, Right footed, Free kick)" minute="28" period="1" second="10" time="28" type="attempt blocked" type_id="15"/>
	<message comment="Marouane Fellaini misses attempt (High to the left, 18-yard box, Left footed, From corner)" minute="24" period="1" second="45" time="24" type="attempt missed" type_id="13"/>
	<message comment="Steven Pienaar wins a corner (To the left)" minute="24" period="1" second="10" time="24" type="corner" type_id="6"/>
	<message comment="Steven Pienaar has attempt saved (High to the centre, 18-yard box, Head, From corner)" minute="24" period="1" second="9" time="24" type="attempt blocked" type_id="15"/>
	<message comment="David de Gea makes a save (Parried safe)" minute="24" period="1" second="9" time="24" type="save made" type_id="10"/>
	<message comment="Nikica Jelavic has attempt saved (Low to the centre, 6-yard box, Left footed, Open play)" minute="23" period="1" second="35" time="23" type="attempt blocked" type_id="15"/>
	<message comment="David de Gea makes a save (Standing, Parried safe, Feet)" minute="23" period="1" second="35" time="23" type="save made" type_id="10"/>
	<message comment="Nikica Jelavic wins a corner (To the left)" minute="23" period="1" second="35" time="23" type="corner" type_id="6"/>
	<message comment="Nani misses attempt (To the left, Out of box, Right footed, Open play)" minute="22" period="1" second="30" time="22" type="attempt missed" type_id="13"/>
	<message comment="Phil Jagielka blocks a shot" minute="20" period="1" second="4" time="20" type="save made" type_id="10"/>
	<message comment="Danny Welbeck has shot blocked (18-yard box, Right footed, Open play)" minute="20" period="1" second="4" time="20" type="attempt blocked" type_id="15"/>
	<message comment="Sylvain Distin blocks a shot" minute="20" period="1" second="1" time="20" type="save made" type_id="10"/>
	<message comment="Danny Welbeck has shot blocked (18-yard box, Right footed, Open play)" minute="20" period="1" second="1" time="20" type="attempt blocked" type_id="15"/>
	<message comment="Steven Pienaar misses attempt (High to the left, 18-yard box, Left footed, Free kick)" minute="16" period="1" second="18" time="16" type="attempt missed" type_id="13"/>
	<message comment="Marouane Fellaini hits the woodwork (To the left, 6-yard box, Left footed, Throw-in)" minute="13" period="1" second="37" time="13" type="woodwork hit" type_id="14"/>
	<message comment="Paul Scholes recieves a yellow card" minute="12" period="1" second="31" time="12" type="card received" type_id="17"/>
	<message comment="Tim Howard makes a save (Parried safe)" minute="8" period="1" second="27" time="8" type="save made" type_id="10"/>
	<message comment="Paul Scholes has attempt saved (Low to the centre, Out of box, Right footed, Open play)" minute="8" period="1" second="27" time="8" type="attempt blocked" type_id="15"/>
	<message comment="Formation Set" minute="0" period="14" second="0" time="7" type="end" type_id="30"/>
	<message comment="Michael Carrick blocks a shot" minute="5" period="1" second="5" time="5" type="save made" type_id="10"/>
	<message comment="Marouane Fellaini has shot blocked (6-yard box, Other body part, From corner)" minute="5" period="1" second="5" time="5" type="attempt blocked" type_id="15"/>
	<message comment="Nikica Jelavic wins a corner (To the right)" minute="4" period="1" second="32" time="4" type="corner" type_id="6"/>
	<message comment="Nani recieves a yellow card" minute="2" period="1" second="38" time="2" type="card received" type_id="17"/>
	<message comment="Leon Osman misses attempt (High to the left, 18-yard box, Head, Set piece)" minute="0" period="1" second="49" time="0" type="attempt missed" type_id="13"/>
	<message comment="First half begins!" minute="0" period="1" second="0" time="0" type="start" type_id="32"/>
</Commentary>
