<?xml version="1.0" ?>
<Commentary away_team_name="Everton" competition="English Premier League" game_date="2013-03-16" home_team_name="Manchester City" lang_id="en" season="Season 2012/2013" season_id="2012" sport_id="1" sport_name="Football">
	<message comment="Second half ends" minute="94" period="2" second="21" time="97" type="end" type_id="30"/>
	<message comment="Nikica Jelavic recieves a yellow card" minute="93" period="2" second="52" time="96" type="card received" type_id="17"/>
	<message comment="GOAL! Nikica Jelavic scores , Assisted by Marouane Fellaini (Low to the left, Out of box, Left footed, Fast break)" minute="92" period="2" second="57" time="95" type="goal scored" type_id="16"/>
	<message comment="Leon Osman recieves a yellow card" minute="90" period="2" second="3" time="93" type="card received" type_id="17"/>
	<message comment="Victor Anichebe is substituted off" minute="89" period="2" second="32" time="92" type="substitution off" type_id="18"/>
	<message comment="Nikica Jelavic is substituted on" minute="89" period="2" second="32" time="92" type="substitution on" type_id="19"/>
	<message comment="Nikica Jelavic is caught offside" minute="89" period="2" time="92" type="offside" type_id="10000"/>
	<message comment="Victor Anichebe blocks a shot" minute="86" period="2" second="56" time="89" type="save made" type_id="10"/>
	<message comment="Aleksandar Kolarov has shot blocked (Out of box, Left footed, Free kick)" minute="86" period="2" second="56" time="89" type="attempt blocked" type_id="15"/>
	<message comment="Carlos Tevez has shot blocked (Out of box, Right footed, Open play)" minute="85" period="2" second="20" time="88" type="attempt blocked" type_id="15"/>
	<message comment="Marouane Fellaini wins a corner (To the right)" minute="83" period="2" second="21" time="86" type="corner" type_id="6"/>
	<message comment="Kolo Touré is substituted off" minute="83" period="2" second="2" time="86" type="substitution off" type_id="18"/>
	<message comment="Scott Sinclair is substituted on" minute="83" period="2" second="2" time="86" type="substitution on" type_id="19"/>
	<message comment="James Milner is substituted off" minute="82" period="2" second="49" time="85" type="substitution off" type_id="18"/>
	<message comment="Gaël Clichy is substituted on" minute="82" period="2" second="49" time="85" type="substitution on" type_id="19"/>
	<message comment="Ján Mucha makes a save (Collected, Diving)" minute="81" period="2" second="59" time="84" type="save made" type_id="10"/>
	<message comment="Samir Nasri has attempt saved (Low to the right, Out of box, Right footed, Open play)" minute="81" period="2" second="59" time="84" type="attempt blocked" type_id="15"/>
	<message comment="James Milner wins a corner (To the right)" minute="81" period="2" second="6" time="84" type="corner" type_id="6"/>
	<message comment="Aleksandar Kolarov wins a corner (To the left)" minute="80" period="2" second="47" time="83" type="corner" type_id="6"/>
	<message comment="James Milner wins a corner (To the right)" minute="79" period="2" second="32" time="82" type="corner" type_id="6"/>
	<message comment="Sylvain Distin blocks a shot" minute="79" period="2" second="29" time="82" type="save made" type_id="10"/>
	<message comment="James Milner has shot blocked (18-yard box, Right footed, Open play)" minute="79" period="2" second="29" time="82" type="attempt blocked" type_id="15"/>
	<message comment="Ján Mucha makes a save (Collected)" minute="78" period="2" second="52" time="81" type="save made" type_id="10"/>
	<message comment="Edin Dzeko has attempt saved (Low to the right, Out of box, Left footed, Open play)" minute="78" period="2" second="52" time="81" type="attempt blocked" type_id="15"/>
	<message comment="Ján Mucha makes a save (Diving, Parried safe)" minute="78" period="2" second="26" time="81" type="save made" type_id="10"/>
	<message comment="Pablo Zabaleta has attempt saved (Low to the centre, 18-yard box, Big Chance, Right footed, Open play)" minute="78" period="2" second="26" time="81" type="attempt blocked" type_id="15"/>
	<message comment="Sylvain Distin misses attempt (High, 18-yard box, Big Chance, Head, From corner)" minute="77" period="2" second="11" time="80" type="attempt missed" type_id="13"/>
	<message comment="Victor Anichebe wins a corner (To the right)" minute="76" period="2" second="31" time="79" type="corner" type_id="6"/>
	<message comment="Séamus Coleman wins a corner (To the right)" minute="73" period="2" second="53" time="76" type="corner" type_id="6"/>
	<message comment="Edin Dzeko misses attempt (High, 6-yard box, Head, From corner)" minute="72" period="2" second="48" time="75" type="attempt missed" type_id="13"/>
	<message comment="Pablo Zabaleta wins a corner (To the right)" minute="72" period="2" second="22" time="75" type="corner" type_id="6"/>
	<message comment="Kevin Mirallas is substituted off" minute="69" period="2" second="59" time="72" type="substitution off" type_id="18"/>
	<message comment="Steven Naismith is substituted on" minute="69" period="2" second="59" time="72" type="substitution on" type_id="19"/>
	<message comment="Gareth Barry is substituted off" minute="69" period="2" second="20" time="72" type="substitution off" type_id="18"/>
	<message comment="Samir Nasri is substituted on" minute="69" period="2" second="20" time="72" type="substitution on" type_id="19"/>
	<message comment="Leighton Baines has shot blocked (Out of box, Right footed, From corner)" minute="68" period="2" second="33" time="71" type="attempt blocked" type_id="15"/>
	<message comment="Gareth Barry blocks a shot" minute="68" period="2" second="33" time="71" type="save made" type_id="10"/>
	<message comment="Leighton Baines wins a corner (To the left)" minute="68" period="2" second="11" time="71" type="corner" type_id="6"/>
	<message comment="Pablo Zabaleta misses attempt (High, Out of box, Left footed, From corner)" minute="67" period="2" second="13" time="70" type="attempt missed" type_id="13"/>
	<message comment="Leon Osman blocks a shot" minute="67" period="2" second="6" time="70" type="save made" type_id="10"/>
	<message comment="Carlos Tevez has shot blocked (Out of box, Right footed, From corner)" minute="67" period="2" second="6" time="70" type="attempt blocked" type_id="15"/>
	<message comment="James Milner wins a corner (To the right)" minute="66" period="2" second="38" time="69" type="corner" type_id="6"/>
	<message comment="Ján Mucha makes a save (Diving, Parried safe, Other body part)" minute="66" period="2" second="37" time="69" type="save made" type_id="10"/>
	<message comment="James Milner has attempt saved (Low to the right, 6-yard box, Big Chance, Right footed, Open play)" minute="66" period="2" second="37" time="69" type="attempt blocked" type_id="15"/>
	<message comment="Ján Mucha makes a save (Parried into danger, Diving)" minute="66" period="2" second="34" time="69" type="save made" type_id="10"/>
	<message comment="Carlos Tevez has attempt saved (Low to the centre, 18-yard box, Big Chance, Right footed, Open play)" minute="66" period="2" second="34" time="69" type="attempt blocked" type_id="15"/>
	<message comment="Darron Gibson blocks a shot" minute="64" period="2" second="7" time="67" type="save made" type_id="10"/>
	<message comment="Aleksandar Kolarov has shot blocked (Out of box, Left footed, Set piece)" minute="64" period="2" second="7" time="67" type="attempt blocked" type_id="15"/>
	<message comment="Kevin Mirallas wins a corner (To the right)" minute="61" period="2" second="32" time="64" type="corner" type_id="6"/>
	<message comment="Steven Pienaar recieves a red card after receiving second yellow card" minute="60" period="2" second="9" time="63" type="card received" type_id="17"/>
	<message comment="Leon Osman wins a corner (To the left)" minute="58" period="2" second="39" time="61" type="corner" type_id="6"/>
	<message comment="Leon Osman has shot blocked (18-yard box, Left footed, From corner)" minute="58" period="2" second="32" time="61" type="attempt blocked" type_id="15"/>
	<message comment="Javi García blocks a shot" minute="58" period="2" second="32" time="61" type="save made" type_id="10"/>
	<message comment="Marouane Fellaini wins a corner (To the left)" minute="58" period="2" second="8" time="61" type="corner" type_id="6"/>
	<message comment="Séamus Coleman wins a corner (To the right)" minute="56" period="2" second="0" time="59" type="corner" type_id="6"/>
	<message comment="Javi García wins a corner (To the right)" minute="54" period="2" second="6" time="57" type="corner" type_id="6"/>
	<message comment="Javi García misses attempt (To the right, 18-yard box, Right footed, Open play)" minute="53" period="2" second="50" time="56" type="attempt missed" type_id="13"/>
	<message comment="Victor Anichebe misses attempt (To the right, 18-yard box, Head, Open play)" minute="49" period="2" second="40" time="52" type="attempt missed" type_id="13"/>
	<message comment="Aleksandar Kolarov misses attempt (High, 18-yard box, Left footed, Open play)" minute="46" period="2" second="8" time="49" type="attempt missed" type_id="13"/>
	<message comment="Victor Anichebe is caught offside" minute="45" period="2" time="48" type="offside" type_id="10000"/>
	<message comment="Second half begins!" minute="45" period="2" second="0" time="48" type="start" type_id="32"/>
	<message comment="First half ends" minute="47" period="1" second="21" time="47" type="end" type_id="30"/>
	<message comment="David Silva recieves a yellow card" minute="46" period="1" second="41" time="46" type="card received" type_id="17"/>
	<message comment="Kevin Mirallas wins a corner (To the left)" minute="43" period="1" second="9" time="43" type="corner" type_id="6"/>
	<message comment="Kolo Touré blocks a shot" minute="42" period="1" second="57" time="42" type="save made" type_id="10"/>
	<message comment="Kevin Mirallas has shot blocked (6-yard box, Head, Open play)" minute="42" period="1" second="57" time="42" type="attempt blocked" type_id="15"/>
	<message comment="Edin Dzeko misses attempt (High to the right, 18-yard box, Big Chance, Head, Open play)" minute="42" period="1" second="9" time="42" type="attempt missed" type_id="13"/>
	<message comment="Carlos Tevez misses attempt (Out of box, Right footed, Open play)" minute="38" period="1" second="49" time="38" type="attempt missed" type_id="13"/>
	<message comment="Victor Anichebe misses attempt (High, 18-yard box, Right footed, Open play)" minute="37" period="1" second="49" time="37" type="attempt missed" type_id="13"/>
	<message comment="Victor Anichebe wins a corner (To the right)" minute="34" period="1" second="28" time="34" type="corner" type_id="6"/>
	<message comment="Edin Dzeko recieves a yellow card" minute="33" period="1" second="47" time="33" type="card received" type_id="17"/>
	<message comment="GOAL! Leon Osman scores , Assisted by Séamus Coleman (High to the left, Out of box, Left footed, Open play)" minute="31" period="1" second="49" time="31" type="goal scored" type_id="16"/>
	<message comment="Marouane Fellaini has attempt saved (Low to the left, 6-yard box, Head, Set piece)" minute="29" period="1" second="48" time="29" type="attempt blocked" type_id="15"/>
	<message comment="Joe Hart makes a save (Standing)" minute="29" period="1" second="48" time="29" type="save made" type_id="10"/>
	<message comment="Aleksandar Kolarov recieves a yellow card" minute="29" period="1" second="14" time="29" type="card received" type_id="17"/>
	<message comment="Aleksandar Kolarov has shot blocked (Out of box, Left footed, Free kick)" minute="26" period="1" second="56" time="26" type="attempt blocked" type_id="15"/>
	<message comment="Victor Anichebe blocks a shot" minute="26" period="1" second="56" time="26" type="save made" type_id="10"/>
	<message comment="Steven Pienaar recieves a yellow card" minute="25" period="1" second="48" time="25" type="card received" type_id="17"/>
	<message comment="Kevin Mirallas misses attempt (To the left, Out of box, Right footed, Open play)" minute="24" period="1" second="36" time="24" type="attempt missed" type_id="13"/>
	<message comment="Edin Dzeko has attempt saved (High to the centre, 18-yard box, Right footed, Open play)" minute="24" period="1" second="6" time="24" type="attempt blocked" type_id="15"/>
	<message comment="Ján Mucha makes a save (Standing)" minute="24" period="1" second="6" time="24" type="save made" type_id="10"/>
	<message comment="Edin Dzeko has attempt saved (Low to the centre, 18-yard box, Left footed, Open play)" minute="23" period="1" second="28" time="23" type="attempt blocked" type_id="15"/>
	<message comment="Ján Mucha makes a save (Collected)" minute="23" period="1" second="28" time="23" type="save made" type_id="10"/>
	<message comment="Carlos Tevez has attempt saved (Low to the left, Out of box, Right footed, Open play)" minute="22" period="1" second="45" time="22" type="attempt blocked" type_id="15"/>
	<message comment="Ján Mucha makes a save" minute="22" period="1" second="45" time="22" type="save made" type_id="10"/>
	<message comment="Edin Dzeko blocks a shot" minute="15" period="1" second="9" time="15" type="save made" type_id="10"/>
	<message comment="Leon Osman has shot blocked (Out of box, Left footed, From corner)" minute="15" period="1" second="9" time="15" type="attempt blocked" type_id="15"/>
	<message comment="Leighton Baines wins a corner (To the left)" minute="14" period="1" second="45" time="14" type="corner" type_id="6"/>
	<message comment="Kevin Mirallas is caught offside" minute="12" period="1" time="12" type="offside" type_id="10000"/>
	<message comment="Séamus Coleman wins a corner (To the right)" minute="8" period="1" second="56" time="8" type="corner" type_id="6"/>
	<message comment="Gareth Barry blocks a shot" minute="8" period="1" second="44" time="8" type="save made" type_id="10"/>
	<message comment="Darron Gibson has shot blocked (Out of box, Right footed, Free kick)" minute="8" period="1" second="44" time="8" type="attempt blocked" type_id="15"/>
	<message comment="Marouane Fellaini recieves a yellow card" minute="7" period="1" second="15" time="7" type="card received" type_id="17"/>
	<message comment="Formation Set" minute="0" period="14" second="0" time="7" type="end" type_id="30"/>
	<message comment="Leighton Baines wins a corner (To the left)" minute="6" period="1" second="5" time="6" type="corner" type_id="6"/>
	<message comment="First half begins!" minute="0" period="1" second="0" time="0" type="start" type_id="32"/>
</Commentary>
