<?xml version="1.0" ?>
<Commentary away_team_name="Everton" competition="English Premier League" game_date="2014-01-11" home_team_name="Norwich" lang_id="en" season="Season 2013/2014" season_id="2013" sport_id="1" sport_name="Football">
	<message comment="Second half ends" minute="93" period="2" second="14" time="95" type="end" type_id="30"/>
	<message comment="Ryan Bennett blocks a shot" minute="93" period="2" second="9" time="95" type="save made" type_id="10"/>
	<message comment="Steven Naismith has shot blocked (18-yard box, Left footed, Open play)" minute="93" period="2" second="9" time="95" type="attempt blocked" type_id="15"/>
	<message comment="Sebastien Bassong recieves a yellow card" minute="89" period="2" second="44" time="91" type="card received" type_id="17"/>
	<message comment="Josh Murphy wins a corner (To the left)" minute="89" period="2" second="0" time="91" type="corner" type_id="6"/>
	<message comment="Ricky van Wolfswinkel is substituted off" minute="87" period="2" second="17" time="89" type="substitution off" type_id="18"/>
	<message comment="Josh Murphy is substituted on" minute="87" period="2" second="17" time="89" type="substitution on" type_id="19"/>
	<message comment="Ricky van Wolfswinkel misses attempt (18-yard box, Right footed, Open play)" minute="84" period="2" second="7" time="86" type="attempt missed" type_id="13"/>
	<message comment="Robert Snodgrass wins a corner (To the right)" minute="79" period="2" second="45" time="81" type="corner" type_id="6"/>
	<message comment="Robert Snodgrass has shot blocked (18-yard box, Right footed, Open play)" minute="79" period="2" second="44" time="81" type="attempt blocked" type_id="15"/>
	<message comment="John Heitinga blocks a shot" minute="79" period="2" second="44" time="81" type="save made" type_id="10"/>
	<message comment="Robert Snodgrass hits the woodwork (To the right, 18-yard box, Head, Open play)" minute="78" period="2" second="30" time="80" type="woodwork hit" type_id="14"/>
	<message comment="Bradley Johnson misses attempt (Out of box, Left footed, Open play)" minute="76" period="2" second="53" time="78" type="attempt missed" type_id="13"/>
	<message comment="Robert Snodgrass has shot blocked (18-yard box, Left footed, Open play)" minute="76" period="2" second="47" time="78" type="attempt blocked" type_id="15"/>
	<message comment="Leighton Baines blocks a shot" minute="76" period="2" second="47" time="78" type="save made" type_id="10"/>
	<message comment="Bradley Johnson misses attempt (Out of box, Left footed, Open play)" minute="75" period="2" second="38" time="77" type="attempt missed" type_id="13"/>
	<message comment="Tim Howard makes a save (Diving, Parried safe)" minute="72" period="2" second="32" time="74" type="save made" type_id="10"/>
	<message comment="Nathan Redmond has attempt saved (Low to the right, 18-yard box, Left footed, Open play)" minute="72" period="2" second="32" time="74" type="attempt blocked" type_id="15"/>
	<message comment="Steven Pienaar is substituted off" minute="71" period="2" second="0" time="73" type="substitution off" type_id="18"/>
	<message comment="Steven Naismith is substituted on" minute="71" period="2" second="0" time="73" type="substitution on" type_id="19"/>
	<message comment="Steven Whittaker wins a corner (To the right)" minute="69" period="2" second="58" time="71" type="corner" type_id="6"/>
	<message comment="John Heitinga is substituted on" minute="68" period="2" second="31" time="70" type="substitution on" type_id="19"/>
	<message comment="Leon Osman is substituted off" minute="68" period="2" second="31" time="70" type="substitution off" type_id="18"/>
	<message comment="Séamus Coleman misses attempt (High to the left, Out of box, Left footed, From corner)" minute="67" period="2" second="12" time="69" type="attempt missed" type_id="13"/>
	<message comment="Ryan Bennett blocks a shot" minute="67" period="2" second="9" time="69" type="save made" type_id="10"/>
	<message comment="Kevin Mirallas has shot blocked (18-yard box, Right footed, From corner)" minute="67" period="2" second="9" time="69" type="attempt blocked" type_id="15"/>
	<message comment="Leighton Baines wins a corner (To the left)" minute="66" period="2" second="39" time="68" type="corner" type_id="6"/>
	<message comment="Javier Garrido is substituted off" minute="65" period="2" second="28" time="67" type="substitution off" type_id="18"/>
	<message comment="Nathan Redmond is substituted on" minute="65" period="2" second="28" time="67" type="substitution on" type_id="19"/>
	<message comment="Romelu Lukaku is caught offside" minute="64" period="2" time="66" type="offside" type_id="10000"/>
	<message comment="Ryan Bennett recieves a yellow card" minute="62" period="2" second="55" time="64" type="card received" type_id="17"/>
	<message comment="John Ruddy makes a save (Diving)" minute="61" period="2" second="43" time="63" type="save made" type_id="10"/>
	<message comment="Romelu Lukaku has attempt saved (Low to the centre, 18-yard box, Left footed, Open play)" minute="61" period="2" second="43" time="63" type="attempt blocked" type_id="15"/>
	<message comment="GOAL! Kevin Mirallas scores  (Low to the left, Out of box, Right footed, Free kick)" minute="58" period="2" second="15" time="60" type="goal scored" type_id="16"/>
	<message comment="Ricky van Wolfswinkel misses attempt (High, 18-yard box, Left footed, Open play)" minute="55" period="2" second="55" time="57" type="attempt missed" type_id="13"/>
	<message comment="Kevin Mirallas misses attempt (High to the right, Out of box, Right footed, Open play)" minute="55" period="2" second="18" time="57" type="attempt missed" type_id="13"/>
	<message comment="Leighton Baines wins a corner (To the left)" minute="53" period="2" second="24" time="55" type="corner" type_id="6"/>
	<message comment="James McCarthy wins a corner (To the right)" minute="52" period="2" second="51" time="54" type="corner" type_id="6"/>
	<message comment="Bradley Johnson blocks a shot" minute="52" period="2" second="50" time="54" type="save made" type_id="10"/>
	<message comment="James McCarthy has shot blocked (Out of box, Right footed, Open play)" minute="52" period="2" second="50" time="54" type="attempt blocked" type_id="15"/>
	<message comment="Javier Garrido is caught offside" minute="52" period="2" time="54" type="offside" type_id="10000"/>
	<message comment="Ricky van Wolfswinkel is caught offside" minute="51" period="2" time="53" type="offside" type_id="10000"/>
	<message comment="John Ruddy makes a save (Standing, Collected)" minute="48" period="2" second="24" time="50" type="save made" type_id="10"/>
	<message comment="Séamus Coleman has attempt saved (Low to the right, 18-yard box, Head, Open play)" minute="48" period="2" second="24" time="50" type="attempt blocked" type_id="15"/>
	<message comment="Leon Osman misses attempt (To the right, 18-yard box, Key pass, Head, Open play)" minute="48" period="2" second="23" time="50" type="attempt missed" type_id="13"/>
	<message comment="Phil Jagielka misses attempt (To the right, Out of box, Right footed, Open play)" minute="47" period="2" second="22" time="49" type="attempt missed" type_id="13"/>
	<message comment="Second half begins!" minute="45" period="2" second="0" time="47" type="start" type_id="32"/>
	<message comment="First half ends" minute="46" period="1" second="26" time="46" type="end" type_id="30"/>
	<message comment="Leon Osman wins a corner (To the left)" minute="45" period="1" second="50" time="45" type="corner" type_id="6"/>
	<message comment="Leroy Fer blocks a shot" minute="45" period="1" second="49" time="45" type="save made" type_id="10"/>
	<message comment="Leon Osman has shot blocked (18-yard box, Left footed, Open play)" minute="45" period="1" second="49" time="45" type="attempt blocked" type_id="15"/>
	<message comment="Robert Snodgrass has shot blocked (18-yard box, Left footed, Open play)" minute="45" period="1" second="12" time="45" type="attempt blocked" type_id="15"/>
	<message comment="John Stones blocks a shot" minute="45" period="1" second="12" time="45" type="save made" type_id="10"/>
	<message comment="John Stones recieves a yellow card" minute="44" period="1" second="21" time="44" type="card received" type_id="17"/>
	<message comment="Phil Jagielka has shot blocked (18-yard box, Head, From corner)" minute="40" period="1" second="29" time="40" type="attempt blocked" type_id="15"/>
	<message comment="Ryan Bennett blocks a shot" minute="40" period="1" second="29" time="40" type="save made" type_id="10"/>
	<message comment="Kevin Mirallas wins a corner (To the right)" minute="39" period="1" second="56" time="39" type="corner" type_id="6"/>
	<message comment="Leroy Fer blocks a shot" minute="37" period="1" second="50" time="37" type="save made" type_id="10"/>
	<message comment="Kevin Mirallas has shot blocked (Out of box, Right footed, Open play)" minute="37" period="1" second="50" time="37" type="attempt blocked" type_id="15"/>
	<message comment="Séamus Coleman misses attempt (18-yard box, Right footed, Open play)" minute="34" period="1" second="37" time="34" type="attempt missed" type_id="13"/>
	<message comment="Kevin Mirallas misses attempt (To the right, 18-yard box, Key pass, Right footed, Open play)" minute="34" period="1" second="34" time="34" type="attempt missed" type_id="13"/>
	<message comment="Kevin Mirallas wins a corner (To the left)" minute="33" period="1" second="22" time="33" type="corner" type_id="6"/>
	<message comment="Romelu Lukaku is caught offside" minute="31" period="1" time="31" type="offside" type_id="10000"/>
	<message comment="Leon Osman misses attempt (High to the left, Out of box, Left footed, Open play)" minute="30" period="1" second="35" time="30" type="attempt missed" type_id="13"/>
	<message comment="Kevin Mirallas wins a corner (To the right)" minute="29" period="1" second="40" time="29" type="corner" type_id="6"/>
	<message comment="Gareth Barry wins a corner (To the right)" minute="29" period="1" second="0" time="29" type="corner" type_id="6"/>
	<message comment="Ricky van Wolfswinkel wins a corner (To the right)" minute="27" period="1" second="35" time="27" type="corner" type_id="6"/>
	<message comment="Ricky van Wolfswinkel has attempt saved (High to the right, Out of box, Right footed, Open play)" minute="27" period="1" second="33" time="27" type="attempt blocked" type_id="15"/>
	<message comment="Tim Howard makes a save (Parried safe, Diving)" minute="27" period="1" second="33" time="27" type="save made" type_id="10"/>
	<message comment="Steven Whittaker wins a corner (To the right)" minute="24" period="1" second="40" time="24" type="corner" type_id="6"/>
	<message comment="GOAL! Gareth Barry scores , Assisted by Romelu Lukaku (High to the right, Out of box, Left footed, Open play)" minute="22" period="1" second="30" time="22" type="goal scored" type_id="16"/>
	<message comment="Leighton Baines misses attempt (To the right, Out of box, Left footed, Open play)" minute="21" period="1" second="37" time="21" type="attempt missed" type_id="13"/>
	<message comment="Kevin Mirallas wins a corner (To the left)" minute="20" period="1" second="31" time="20" type="corner" type_id="6"/>
	<message comment="Ryan Bennett blocks a shot" minute="20" period="1" second="30" time="20" type="save made" type_id="10"/>
	<message comment="Kevin Mirallas has shot blocked (Out of box, Left footed, Open play)" minute="20" period="1" second="30" time="20" type="attempt blocked" type_id="15"/>
	<message comment="Leighton Baines wins a corner (To the left)" minute="17" period="1" second="34" time="17" type="corner" type_id="6"/>
	<message comment="Gareth Barry has shot blocked (Out of box, Left footed, Open play)" minute="15" period="1" second="13" time="15" type="attempt blocked" type_id="15"/>
	<message comment="Romelu Lukaku misses attempt (6-yard box, Big Chance, Head, Open play)" minute="11" period="1" second="43" time="11" type="attempt missed" type_id="13"/>
	<message comment="Romelu Lukaku misses attempt (Out of box, Left footed, Open play)" minute="8" period="1" second="16" time="8" type="attempt missed" type_id="13"/>
	<message comment="Formation Set" minute="0" period="14" second="0" time="5" type="end" type_id="30"/>
	<message comment="John Ruddy makes a save (Collected)" minute="3" period="1" second="39" time="3" type="save made" type_id="10"/>
	<message comment="Séamus Coleman has attempt saved (Low to the right, 18-yard box, Left footed, Open play)" minute="3" period="1" second="39" time="3" type="attempt blocked" type_id="15"/>
	<message comment="Bradley Johnson misses attempt (Out of box, Left footed, Open play)" minute="0" period="1" second="21" time="0" type="attempt missed" type_id="13"/>
	<message comment="First half begins!" minute="0" period="1" second="0" time="0" type="start" type_id="32"/>
</Commentary>
