<?xml version="1.0" ?>
<Commentary away_team_name="Everton" competition="English Premier League" game_date="2013-12-29" home_team_name="Southampton" lang_id="en" season="Season 2013/2014" season_id="2013" sport_id="1" sport_name="Football">
	<message comment="Second half ends" minute="93" period="2" second="40" time="95" type="end" type_id="30"/>
	<message comment="Leighton Baines misses attempt (High, Out of box, Left footed, From corner)" minute="89" period="2" second="13" time="91" type="attempt missed" type_id="13"/>
	<message comment="Romelu Lukaku wins a corner (To the right)" minute="88" period="2" second="48" time="90" type="corner" type_id="6"/>
	<message comment="Romelu Lukaku has attempt saved (Low to the right, 18-yard box, Right footed, Open play)" minute="88" period="2" second="44" time="90" type="attempt blocked" type_id="15"/>
	<message comment="Kelvin Davis makes a save (Diving, Parried safe)" minute="88" period="2" second="44" time="90" type="save made" type_id="10"/>
	<message comment="Kevin Mirallas misses attempt (To the left, Out of box, Right footed, Open play)" minute="88" period="2" second="42" time="90" type="attempt missed" type_id="13"/>
	<message comment="Adam Lallana recieves a yellow card" minute="88" period="2" second="15" time="90" type="card received" type_id="17"/>
	<message comment="Calum Chambers is substituted off" minute="87" period="2" second="55" time="89" type="substitution off" type_id="18"/>
	<message comment="Nathaniel Clyne is substituted on" minute="87" period="2" second="55" time="89" type="substitution on" type_id="19"/>
	<message comment="James Ward-Prowse is substituted off" minute="83" period="2" second="1" time="85" type="substitution off" type_id="18"/>
	<message comment="Sam Gallagher is substituted on" minute="83" period="2" second="1" time="85" type="substitution on" type_id="19"/>
	<message comment="Luke Shaw misses attempt (High to the right, Out of box, Left footed, Open play)" minute="82" period="2" second="40" time="84" type="attempt missed" type_id="13"/>
	<message comment="Séamus Coleman blocks a shot" minute="82" period="2" second="37" time="84" type="save made" type_id="10"/>
	<message comment="Jay Rodriguez has shot blocked (Out of box, Right footed, Open play)" minute="82" period="2" second="37" time="84" type="attempt blocked" type_id="15"/>
	<message comment="Romelu Lukaku misses attempt (Out of box, Left footed, Open play)" minute="79" period="2" second="5" time="81" type="attempt missed" type_id="13"/>
	<message comment="José Fonte wins a corner (To the left)" minute="78" period="2" second="8" time="80" type="corner" type_id="6"/>
	<message comment="Antolín Alcaraz blocks a shot" minute="78" period="2" second="6" time="80" type="save made" type_id="10"/>
	<message comment="José Fonte has shot blocked (18-yard box, Right footed, Set piece)" minute="78" period="2" second="6" time="80" type="attempt blocked" type_id="15"/>
	<message comment="James McCarthy blocks a shot" minute="77" period="2" second="59" time="79" type="save made" type_id="10"/>
	<message comment="Gastón Ramírez has shot blocked (Out of box, Left footed, Set piece)" minute="77" period="2" second="59" time="79" type="attempt blocked" type_id="15"/>
	<message comment="James McCarthy recieves a yellow card" minute="76" period="2" second="1" time="78" type="card received" type_id="17"/>
	<message comment="Romelu Lukaku is caught offside" minute="74" period="2" time="76" type="offside" type_id="10000"/>
	<message comment="GOAL! Romelu Lukaku scores , Assisted by James McCarthy (High to the left, 18-yard box, Big Chance, Left footed, Open play)" minute="73" period="2" second="9" time="75" type="goal scored" type_id="16"/>
	<message comment="Leon Osman is substituted off" minute="71" period="2" second="25" time="73" type="substitution off" type_id="18"/>
	<message comment="Kevin Mirallas is substituted on" minute="71" period="2" second="25" time="73" type="substitution on" type_id="19"/>
	<message comment="Gastón Ramírez recieves a yellow card" minute="71" period="2" second="9" time="73" type="card received" type_id="17"/>
	<message comment="GOAL! Gastón Ramírez scores , Assisted by Adam Lallana (High to the centre, Out of box, Left footed, Open play)" minute="70" period="2" second="1" time="72" type="goal scored" type_id="16"/>
	<message comment="Gastón Ramírez wins a corner (To the left)" minute="66" period="2" second="11" time="68" type="corner" type_id="6"/>
	<message comment="James McCarthy blocks a shot" minute="66" period="2" second="9" time="68" type="save made" type_id="10"/>
	<message comment="Jay Rodriguez has shot blocked (Out of box, Right footed, Open play)" minute="66" period="2" second="9" time="68" type="attempt blocked" type_id="15"/>
	<message comment="Antolín Alcaraz blocks a shot" minute="66" period="2" second="5" time="68" type="save made" type_id="10"/>
	<message comment="Luke Shaw has shot blocked (18-yard box, Right footed, Open play)" minute="66" period="2" second="5" time="68" type="attempt blocked" type_id="15"/>
	<message comment="Jack Cork is substituted off" minute="65" period="2" second="30" time="67" type="substitution off" type_id="18"/>
	<message comment="Gastón Ramírez is substituted on" minute="65" period="2" second="30" time="67" type="substitution on" type_id="19"/>
	<message comment="Rickie Lambert recieves a yellow card" minute="64" period="2" second="41" time="66" type="card received" type_id="17"/>
	<message comment="Luke Shaw blocks a shot" minute="63" period="2" second="57" time="65" type="save made" type_id="10"/>
	<message comment="Séamus Coleman has shot blocked (Out of box, Left footed, Open play)" minute="63" period="2" second="57" time="65" type="attempt blocked" type_id="15"/>
	<message comment="Jack Cork recieves a yellow card" minute="61" period="2" second="51" time="63" type="card received" type_id="17"/>
	<message comment="Bryan Oviedo is substituted off" minute="59" period="2" second="50" time="61" type="substitution off" type_id="18"/>
	<message comment="Steven Pienaar is substituted on" minute="59" period="2" second="50" time="61" type="substitution on" type_id="19"/>
	<message comment="Steven Davis wins a corner (To the left)" minute="55" period="2" second="38" time="57" type="corner" type_id="6"/>
	<message comment="Ross Barkley misses attempt (18-yard box, Big Chance, Right footed, Open play)" minute="54" period="2" second="20" time="56" type="attempt missed" type_id="13"/>
	<message comment="Bryan Oviedo recieves a yellow card" minute="50" period="2" second="11" time="52" type="card received" type_id="17"/>
	<message comment="James Ward-Prowse has shot blocked (Out of box, Right footed, Open play)" minute="46" period="2" second="4" time="48" type="attempt blocked" type_id="15"/>
	<message comment="Second half begins!" minute="45" period="2" second="0" time="47" type="start" type_id="32"/>
	<message comment="First half ends" minute="46" period="1" second="31" time="46" type="end" type_id="30"/>
	<message comment="Joel Robles makes a save (Collected)" minute="44" period="1" second="44" time="44" type="save made" type_id="10"/>
	<message comment="Rickie Lambert has attempt saved (Low to the right, Out of box, Right footed, Open play)" minute="44" period="1" second="44" time="44" type="attempt blocked" type_id="15"/>
	<message comment="James Ward-Prowse misses attempt (High to the right, 18-yard box, Right footed, Open play)" minute="40" period="1" second="7" time="40" type="attempt missed" type_id="13"/>
	<message comment="Adam Lallana misses attempt (18-yard box, Big Chance, Left footed, Open play)" minute="39" period="1" second="17" time="39" type="attempt missed" type_id="13"/>
	<message comment="Ross Barkley is caught offside" minute="38" period="1" time="38" type="offside" type_id="10000"/>
	<message comment="Ross Barkley is caught offside" minute="33" period="1" time="33" type="offside" type_id="10000"/>
	<message comment="Luke Shaw misses attempt (To the right, Out of box, Left footed, Open play)" minute="27" period="1" second="20" time="27" type="attempt missed" type_id="13"/>
	<message comment="Rickie Lambert is caught offside" minute="24" period="1" time="24" type="offside" type_id="10000"/>
	<message comment="Romelu Lukaku wins a corner (To the right)" minute="23" period="1" second="4" time="23" type="corner" type_id="6"/>
	<message comment="Adam Lallana is caught offside" minute="11" period="1" time="11" type="offside" type_id="10000"/>
	<message comment="Jay Rodriguez is caught offside" minute="10" period="1" time="10" type="offside" type_id="10000"/>
	<message comment="GOAL! Séamus Coleman scores , Assisted by Leon Osman (High to the left, 18-yard box, Right footed, Open play)" minute="8" period="1" second="41" time="8" type="goal scored" type_id="16"/>
	<message comment="Formation Set" minute="0" period="14" second="0" time="5" type="end" type_id="30"/>
	<message comment="Kelvin Davis makes a save (Diving, Collected)" minute="3" period="1" second="5" time="3" type="save made" type_id="10"/>
	<message comment="Ross Barkley has attempt saved (Low to the right, 18-yard box, Left footed, Open play)" minute="3" period="1" second="5" time="3" type="attempt blocked" type_id="15"/>
	<message comment="First half begins!" minute="0" period="1" second="0" time="0" type="start" type_id="32"/>
</Commentary>
