<?xml version="1.0" ?>
<Commentary away_team_name="Everton" competition="English Premier League" game_date="2012-03-21" home_team_name="Arsenal" lang_id="en" season="Season 2011/2012" season_id="2011" sport_id="1" sport_name="Football">
	<message comment="Second half ends" minute="93" period="2" second="12" time="95" type="end" type_id="30"/>
	<message comment="Denis Stracqualursi is caught offside" minute="91" period="2" time="93" type="offside" type_id="10000"/>
	<message comment="Nikica Jelavic is caught offside" minute="90" period="2" time="92" type="offside" type_id="10000"/>
	<message comment="Leighton Baines wins a corner (To the left)" minute="87" period="2" second="39" time="89" type="corner" type_id="6"/>
	<message comment="Tomas Rosicky is substituted off" minute="87" period="2" second="16" time="89" type="substitution off" type_id="18"/>
	<message comment="Johan Djourou is substituted on" minute="87" period="2" second="16" time="89" type="substitution on" type_id="19"/>
	<message comment="Tim Cahill is substituted off" minute="86" period="2" second="50" time="88" type="substitution off" type_id="18"/>
	<message comment="Denis Stracqualursi is substituted on" minute="86" period="2" second="50" time="88" type="substitution on" type_id="19"/>
	<message comment="Robin van Persie misses attempt (High to the left, 18-yard box, Left footed, Fast break)" minute="81" period="2" second="55" time="83" type="attempt missed" type_id="13"/>
	<message comment="Victor Anichebe misses attempt (High, 18-yard box, Head, Set piece)" minute="81" period="2" second="2" time="83" type="attempt missed" type_id="13"/>
	<message comment="Nikica Jelavic is caught offside" minute="79" period="2" time="81" type="offside" type_id="10000"/>
	<message comment="Theo Walcott is substituted off" minute="78" period="2" second="31" time="80" type="substitution off" type_id="18"/>
	<message comment="Gervinho is substituted on" minute="78" period="2" second="31" time="80" type="substitution on" type_id="19"/>
	<message comment="Royston Drenthe is substituted off" minute="77" period="2" second="59" time="79" type="substitution off" type_id="18"/>
	<message comment="Victor Anichebe is substituted on" minute="77" period="2" second="59" time="79" type="substitution on" type_id="19"/>
	<message comment="Leon Osman is substituted off" minute="77" period="2" second="52" time="79" type="substitution off" type_id="18"/>
	<message comment="Magaye Gueye is substituted on" minute="77" period="2" second="52" time="79" type="substitution on" type_id="19"/>
	<message comment="Royston Drenthe misses attempt (Out of box, Other body part, From corner)" minute="77" period="2" second="17" time="79" type="attempt missed" type_id="13"/>
	<message comment="Steven Pienaar wins a corner (To the left)" minute="76" period="2" second="52" time="78" type="corner" type_id="6"/>
	<message comment="Aaron Ramsey misses attempt (To the right, 18-yard box, Left footed, From corner)" minute="72" period="2" second="49" time="74" type="attempt missed" type_id="13"/>
	<message comment="Aaron Ramsey wins a corner (To the left)" minute="72" period="2" second="15" time="74" type="corner" type_id="6"/>
	<message comment="Tim Howard makes a save (Diving, Parried safe)" minute="72" period="2" second="12" time="74" type="save made" type_id="10"/>
	<message comment="Aaron Ramsey has attempt saved (Low to the left, 18-yard box, Right footed, Open play)" minute="72" period="2" second="12" time="74" type="attempt blocked" type_id="15"/>
	<message comment="Leighton Baines has shot blocked (Out of box, Right footed, Open play)" minute="70" period="2" second="46" time="72" type="attempt blocked" type_id="15"/>
	<message comment="Thomas Vermaelen blocks a shot" minute="70" period="2" second="46" time="72" type="save made" type_id="10"/>
	<message comment="Robin van Persie is caught offside" minute="70" period="2" time="72" type="offside" type_id="10000"/>
	<message comment="Theo Walcott is caught offside" minute="68" period="2" time="70" type="offside" type_id="10000"/>
	<message comment="Tim Cahill misses attempt (To the right, 18-yard box, Left footed, Open play)" minute="64" period="2" second="43" time="66" type="attempt missed" type_id="13"/>
	<message comment="Marouane Fellaini is caught offside" minute="61" period="2" time="63" type="offside" type_id="10000"/>
	<message comment="Steven Pienaar recieves a yellow card" minute="60" period="2" second="8" time="62" type="card received" type_id="17"/>
	<message comment="Robin van Persie hits the woodwork (To the left, 18-yard box, Big Chance, Left footed, Open play)" minute="56" period="2" second="20" time="58" type="woodwork hit" type_id="14"/>
	<message comment="Kieran Gibbs is caught offside" minute="56" period="2" time="58" type="offside" type_id="10000"/>
	<message comment="Mikel Arteta misses attempt (To the left, Out of box, Left footed, From corner)" minute="54" period="2" second="29" time="56" type="attempt missed" type_id="13"/>
	<message comment="Aaron Ramsey wins a corner (To the right)" minute="53" period="2" second="54" time="55" type="corner" type_id="6"/>
	<message comment="Marouane Fellaini is caught offside" minute="53" period="2" time="55" type="offside" type_id="10000"/>
	<message comment="Marouane Fellaini has shot blocked (Out of box, Right footed, Open play)" minute="52" period="2" second="30" time="54" type="attempt blocked" type_id="15"/>
	<message comment="Thomas Vermaelen blocks a shot" minute="52" period="2" second="30" time="54" type="save made" type_id="10"/>
	<message comment="Tim Cahill recieves a yellow card" minute="51" period="2" second="52" time="53" type="card received" type_id="17"/>
	<message comment="Steven Pienaar wins a corner (To the left)" minute="48" period="2" second="53" time="50" type="corner" type_id="6"/>
	<message comment="Nikica Jelavic has attempt saved (High to the centre, 18-yard box, Head, Set piece)" minute="46" period="2" second="42" time="48" type="attempt blocked" type_id="15"/>
	<message comment="Wojciech Szczesny makes a save" minute="46" period="2" second="42" time="48" type="save made" type_id="10"/>
	<message comment="Second half begins!" minute="45" period="2" second="0" time="47" type="start" type_id="32"/>
	<message comment="First half ends" minute="46" period="1" second="4" time="46" type="end" type_id="30"/>
	<message comment="Tim Howard makes a save (Parried into danger, Diving)" minute="44" period="1" second="48" time="44" type="save made" type_id="10"/>
	<message comment="Tomas Rosicky has attempt saved (Low to the left, Out of box, Right footed, Open play)" minute="44" period="1" second="48" time="44" type="attempt blocked" type_id="15"/>
	<message comment="Royston Drenthe is caught offside" minute="41" period="1" time="41" type="offside" type_id="10000"/>
	<message comment="Nikica Jelavic is caught offside" minute="40" period="1" time="40" type="offside" type_id="10000"/>
	<message comment="Bacary Sagna recieves a yellow card" minute="38" period="1" second="46" time="38" type="card received" type_id="17"/>
	<message comment="Royston Drenthe is caught offside" minute="30" period="1" time="30" type="offside" type_id="10000"/>
	<message comment="Steven Pienaar wins a corner (To the left)" minute="27" period="1" second="21" time="27" type="corner" type_id="6"/>
	<message comment="Marouane Fellaini is caught offside" minute="23" period="1" time="23" type="offside" type_id="10000"/>
	<message comment="Nikica Jelavic is caught offside" minute="22" period="1" time="22" type="offside" type_id="10000"/>
	<message comment="Leon Osman blocks a shot" minute="18" period="1" second="26" time="18" type="save made" type_id="10"/>
	<message comment="Tomas Rosicky has shot blocked (Out of box, Right footed, From corner)" minute="18" period="1" second="26" time="18" type="attempt blocked" type_id="15"/>
	<message comment="John Heitinga blocks a shot" minute="18" period="1" second="16" time="18" type="save made" type_id="10"/>
	<message comment="Alexandre Song has shot blocked (18-yard box, Head, From corner)" minute="18" period="1" second="16" time="18" type="attempt blocked" type_id="15"/>
	<message comment="Thomas Vermaelen wins a corner (To the left)" minute="17" period="1" second="46" time="17" type="corner" type_id="6"/>
	<message comment="John Heitinga blocks a shot" minute="17" period="1" second="43" time="17" type="save made" type_id="10"/>
	<message comment="Thomas Vermaelen has shot blocked (Out of box, Left footed, Open play)" minute="17" period="1" second="43" time="17" type="attempt blocked" type_id="15"/>
	<message comment="Kieran Gibbs wins a corner (To the left)" minute="16" period="1" second="22" time="16" type="corner" type_id="6"/>
	<message comment="Leon Osman misses attempt (18-yard box, Big Chance, Head, Set piece)" minute="13" period="1" second="34" time="13" type="attempt missed" type_id="13"/>
	<message comment="Tony Hibbert blocks a shot" minute="9" period="1" second="25" time="9" type="save made" type_id="10"/>
	<message comment="Aaron Ramsey has shot blocked (18-yard box, Left footed, Open play)" minute="9" period="1" second="25" time="9" type="attempt blocked" type_id="15"/>
	<message comment="Robin van Persie has attempt saved (Low to the left, 18-yard box, Left footed, Open play)" minute="9" period="1" second="22" time="9" type="attempt blocked" type_id="15"/>
	<message comment="Tim Howard makes a save (Parried safe, Diving)" minute="9" period="1" second="22" time="9" type="save made" type_id="10"/>
	<message comment="GOAL! Thomas Vermaelen scores , Assisted by Robin van Persie (Low to the left, 18-yard box, Big Chance, Head, From corner)" minute="7" period="1" second="21" time="7" type="goal scored" type_id="16"/>
	<message comment="Aaron Ramsey wins a corner (To the right)" minute="6" period="1" second="52" time="6" type="corner" type_id="6"/>
	<message comment="Sylvain Distin blocks a shot" minute="6" period="1" second="50" time="6" type="save made" type_id="10"/>
	<message comment="Aaron Ramsey has shot blocked (18-yard box, Right footed, Open play)" minute="6" period="1" second="50" time="6" type="attempt blocked" type_id="15"/>
	<message comment="Aaron Ramsey misses attempt (18-yard box, Big Chance, Right footed, Open play)" minute="5" period="1" second="26" time="5" type="attempt missed" type_id="13"/>
	<message comment="Formation Set" minute="0" period="14" second="0" time="5" type="end" type_id="30"/>
	<message comment="Bacary Sagna wins a corner (To the right)" minute="3" period="1" second="6" time="3" type="corner" type_id="6"/>
	<message comment="First half begins!" minute="0" period="1" second="0" time="0" type="start" type_id="32"/>
</Commentary>
