<?xml version="1.0" ?>
<Commentary away_team_name="Everton" competition="English Premier League" game_date="2012-02-11" home_team_name="Chelsea" lang_id="en" season="Season 2011/2012" season_id="2011" sport_id="1" sport_name="Football">
	<message comment="Second half ends" minute="94" period="2" second="7" time="96" type="end" type_id="30"/>
	<message comment="Denis Stracqualursi is substituted off" minute="93" period="2" second="29" time="95" type="substitution off" type_id="18"/>
	<message comment="Shane Duffy is substituted on" minute="93" period="2" second="29" time="95" type="substitution on" type_id="19"/>
	<message comment="Romelu Lukaku wins a corner (To the left)" minute="91" period="2" second="22" time="93" type="corner" type_id="6"/>
	<message comment="Tim Cahill has shot blocked (Out of box, Right footed, Throw-in)" minute="89" period="2" second="1" time="91" type="attempt blocked" type_id="15"/>
	<message comment="Branislav Ivanovic blocks a shot" minute="89" period="2" second="1" time="91" type="save made" type_id="10"/>
	<message comment="Darron Gibson is substituted off" minute="88" period="2" second="17" time="90" type="substitution off" type_id="18"/>
	<message comment="Tony Hibbert is substituted on" minute="88" period="2" second="17" time="90" type="substitution on" type_id="19"/>
	<message comment="Tim Howard makes a save (Parried into danger, Diving)" minute="80" period="2" second="59" time="82" type="save made" type_id="10"/>
	<message comment="Romelu Lukaku has attempt saved (Low to the centre, 6-yard box, Left footed, Open play)" minute="80" period="2" second="59" time="82" type="attempt blocked" type_id="15"/>
	<message comment="Juan Mata is substituted off" minute="77" period="2" second="26" time="79" type="substitution off" type_id="18"/>
	<message comment="Romelu Lukaku is substituted on" minute="77" period="2" second="26" time="79" type="substitution on" type_id="19"/>
	<message comment="Ashley Cole is substituted off" minute="76" period="2" second="53" time="78" type="substitution off" type_id="18"/>
	<message comment="Ryan Bertrand is substituted on" minute="76" period="2" second="53" time="78" type="substitution on" type_id="19"/>
	<message comment="Steven Pienaar is substituted off" minute="74" period="2" second="41" time="76" type="substitution off" type_id="18"/>
	<message comment="Royston Drenthe is substituted on" minute="74" period="2" second="41" time="76" type="substitution on" type_id="19"/>
	<message comment="GOAL! Denis Stracqualursi scores , Assisted by Landon Donovan (Low to the right, 18-yard box, Big Chance, Right footed, Open play)" minute="70" period="2" second="55" time="72" type="goal scored" type_id="16"/>
	<message comment="Michael Essien is substituted off" minute="68" period="2" second="34" time="70" type="substitution off" type_id="18"/>
	<message comment="Florent Malouda is substituted on" minute="68" period="2" second="34" time="70" type="substitution on" type_id="19"/>
	<message comment="Tim Howard makes a save" minute="64" period="2" second="8" time="66" type="save made" type_id="10"/>
	<message comment="Fernando Torres has attempt saved (Low to the right, 18-yard box, Head, Open play)" minute="64" period="2" second="8" time="66" type="attempt blocked" type_id="15"/>
	<message comment="Fernando Torres recieves a yellow card" minute="58" period="2" second="21" time="60" type="card received" type_id="17"/>
	<message comment="Denis Stracqualursi has shot blocked (18-yard box, Left footed, Open play)" minute="57" period="2" second="57" time="59" type="attempt blocked" type_id="15"/>
	<message comment="Branislav Ivanovic blocks a shot" minute="57" period="2" second="57" time="59" type="save made" type_id="10"/>
	<message comment="Denis Stracqualursi is caught offside" minute="54" period="2" time="56" type="offside" type_id="10000"/>
	<message comment="Sylvain Distin misses attempt (To the left, 18-yard box, Head, Open play)" minute="52" period="2" second="55" time="54" type="attempt missed" type_id="13"/>
	<message comment="Leighton Baines wins a corner (To the right)" minute="52" period="2" second="29" time="54" type="corner" type_id="6"/>
	<message comment="José Bosingwa recieves a yellow card" minute="51" period="2" second="48" time="53" type="card received" type_id="17"/>
	<message comment="Denis Stracqualursi is caught offside" minute="48" period="2" time="50" type="offside" type_id="10000"/>
	<message comment="Marouane Fellaini has shot blocked (Out of box, Right footed, Open play)" minute="47" period="2" second="16" time="49" type="attempt blocked" type_id="15"/>
	<message comment="Frank Lampard blocks a shot" minute="47" period="2" second="16" time="49" type="save made" type_id="10"/>
	<message comment="Second half begins!" minute="45" period="2" second="0" time="47" type="start" type_id="32"/>
	<message comment="First half ends" minute="46" period="1" second="8" time="46" type="end" type_id="30"/>
	<message comment="Tim Howard makes a save" minute="44" period="1" second="0" time="44" type="save made" type_id="10"/>
	<message comment="Fernando Torres has attempt saved (High to the left, 18-yard box, Head, Open play)" minute="44" period="1" second="0" time="44" type="attempt blocked" type_id="15"/>
	<message comment="Denis Stracqualursi has attempt saved (Low to the right, Out of box, Left footed, Open play)" minute="42" period="1" second="19" time="42" type="attempt blocked" type_id="15"/>
	<message comment="Petr Cech makes a save (Diving)" minute="42" period="1" second="19" time="42" type="save made" type_id="10"/>
	<message comment="Raul Meireles recieves a yellow card" minute="41" period="1" second="39" time="41" type="card received" type_id="17"/>
	<message comment="Tim Cahill is caught offside" minute="38" period="1" time="38" type="offside" type_id="10000"/>
	<message comment="Tim Cahill is caught offside" minute="32" period="1" time="32" type="offside" type_id="10000"/>
	<message comment="Frank Lampard misses attempt (To the right, 18-yard box, Left footed, Open play)" minute="28" period="1" second="48" time="28" type="attempt missed" type_id="13"/>
	<message comment="Daniel Sturridge wins a corner (To the right)" minute="26" period="1" second="26" time="26" type="corner" type_id="6"/>
	<message comment="Phil Neville blocks a shot" minute="26" period="1" second="21" time="26" type="save made" type_id="10"/>
	<message comment="Daniel Sturridge has shot blocked (Out of box, Left footed, Open play)" minute="26" period="1" second="21" time="26" type="attempt blocked" type_id="15"/>
	<message comment="Tim Cahill blocks a shot" minute="24" period="1" second="55" time="24" type="save made" type_id="10"/>
	<message comment="Daniel Sturridge has shot blocked (18-yard box, Left footed, Open play)" minute="24" period="1" second="55" time="24" type="attempt blocked" type_id="15"/>
	<message comment="John Heitinga blocks a shot" minute="24" period="1" second="47" time="24" type="save made" type_id="10"/>
	<message comment="Michael Essien has shot blocked (Out of box, Right footed, From corner)" minute="24" period="1" second="47" time="24" type="attempt blocked" type_id="15"/>
	<message comment="Fernando Torres wins a corner (To the left)" minute="24" period="1" second="28" time="24" type="corner" type_id="6"/>
	<message comment="Phil Neville blocks a shot" minute="24" period="1" second="24" time="24" type="save made" type_id="10"/>
	<message comment="Fernando Torres has shot blocked (Out of box, Right footed, Open play)" minute="24" period="1" second="24" time="24" type="attempt blocked" type_id="15"/>
	<message comment="José Bosingwa wins a corner (To the right)" minute="21" period="1" second="50" time="21" type="corner" type_id="6"/>
	<message comment="John Heitinga blocks a shot" minute="20" period="1" second="14" time="20" type="save made" type_id="10"/>
	<message comment="David Luiz has shot blocked (18-yard box, Left footed, Open play)" minute="20" period="1" second="14" time="20" type="attempt blocked" type_id="15"/>
	<message comment="Leighton Baines blocks a shot" minute="20" period="1" second="0" time="20" type="save made" type_id="10"/>
	<message comment="Juan Mata has shot blocked (18-yard box, Right footed, Open play)" minute="20" period="1" second="0" time="20" type="attempt blocked" type_id="15"/>
	<message comment="Leighton Baines blocks a shot" minute="19" period="1" second="58" time="19" type="save made" type_id="10"/>
	<message comment="Juan Mata has shot blocked (Out of box, Left footed, Open play)" minute="19" period="1" second="58" time="19" type="attempt blocked" type_id="15"/>
	<message comment="Ashley Cole has shot blocked (Out of box, Left footed, Set piece)" minute="19" period="1" second="56" time="19" type="attempt blocked" type_id="15"/>
	<message comment="Landon Donovan blocks a shot" minute="19" period="1" second="56" time="19" type="save made" type_id="10"/>
	<message comment="Steven Pienaar blocks a shot" minute="19" period="1" second="53" time="19" type="save made" type_id="10"/>
	<message comment="Frank Lampard has shot blocked (Out of box, Right footed, Free kick)" minute="19" period="1" second="53" time="19" type="attempt blocked" type_id="15"/>
	<message comment="Leighton Baines wins a corner (To the left)" minute="18" period="1" second="19" time="18" type="corner" type_id="6"/>
	<message comment="Landon Donovan has attempt saved (Low to the right, Out of box, Left footed, Open play)" minute="17" period="1" second="49" time="17" type="attempt blocked" type_id="15"/>
	<message comment="Petr Cech makes a save (Standing)" minute="17" period="1" second="49" time="17" type="save made" type_id="10"/>
	<message comment="Tim Cahill is caught offside" minute="16" period="1" time="16" type="offside" type_id="10000"/>
	<message comment="Tim Howard makes a save" minute="13" period="1" second="12" time="13" type="save made" type_id="10"/>
	<message comment="Daniel Sturridge has attempt saved (Low to the left, 18-yard box, Left footed, Open play)" minute="13" period="1" second="12" time="13" type="attempt blocked" type_id="15"/>
	<message comment="Denis Stracqualursi is caught offside" minute="7" period="1" time="7" type="offside" type_id="10000"/>
	<message comment="Formation Set" minute="0" period="14" second="0" time="6" type="end" type_id="30"/>
	<message comment="GOAL! Steven Pienaar scores  (High to the left, 18-yard box, Big Chance, Left footed, Open play)" minute="4" period="1" second="48" time="4" type="goal scored" type_id="16"/>
	<message comment="Ashley Cole is caught offside" minute="1" period="1" time="1" type="offside" type_id="10000"/>
	<message comment="Landon Donovan misses attempt (Out of box, Right footed, Open play)" minute="0" period="1" second="33" time="0" type="attempt missed" type_id="13"/>
	<message comment="First half begins!" minute="0" period="1" second="0" time="0" type="start" type_id="32"/>
</Commentary>
