<?xml version="1.0" ?>
<Commentary away_team_name="Everton" competition="English Premier League" game_date="2011-04-02" home_team_name="Aston Villa" lang_id="en" season="Season 2010/2011" season_id="2010" sport_id="1" sport_name="Football">
	<message comment="Second half ends" minute="93" period="2" second="22" time="96" type="end" type_id="30"/>
	<message comment="Gabriel Agbonlahor is substituted off" minute="92" period="2" second="10" time="95" type="substitution off" type_id="18"/>
	<message comment="Emile Heskey is substituted on" minute="92" period="2" second="10" time="95" type="substitution on" type_id="19"/>
	<message comment="Apostolos Vellios wins a corner (To the left)" minute="90" period="2" second="29" time="93" type="corner" type_id="6"/>
	<message comment="Apostolos Vellios has shot blocked (18-yard box, Right footed, Open play)" minute="90" period="2" second="28" time="93" type="attempt blocked" type_id="15"/>
	<message comment="Luke Young blocks a shot" minute="90" period="2" second="28" time="93" type="save made" type_id="10"/>
	<message comment="Leighton Baines has shot blocked (18-yard box, Left footed, Open play)" minute="88" period="2" second="16" time="91" type="attempt blocked" type_id="15"/>
	<message comment="Stewart Downing blocks a shot" minute="88" period="2" second="16" time="91" type="save made" type_id="10"/>
	<message comment="Richard Dunne misses attempt (To the right, 18-yard box, Head, Set piece)" minute="83" period="2" second="46" time="86" type="attempt missed" type_id="13"/>
	<message comment="Leon Osman recieves a yellow card" minute="83" period="2" second="20" time="86" type="card received" type_id="17"/>
	<message comment="GOAL! Leighton Baines scores  (Low to the right, 18-yard box, Big Chance, Penalty, Left footed)" minute="82" period="2" second="24" time="85" type="goal scored" type_id="16"/>
	<message comment="Sylvain Distin is substituted off" minute="80" period="2" second="10" time="83" type="substitution off" type_id="18"/>
	<message comment="Apostolos Vellios is substituted on" minute="80" period="2" second="10" time="83" type="substitution on" type_id="19"/>
	<message comment="Diniyar Bilyaletdinov has attempt saved (Low to the right, 18-yard box, Left footed, Open play)" minute="77" period="2" second="11" time="80" type="attempt blocked" type_id="15"/>
	<message comment="Brad Friedel makes a save (Collected)" minute="77" period="2" second="11" time="80" type="save made" type_id="10"/>
	<message comment="Leon Osman misses attempt (High to the left, 18-yard box, Big Chance, Left footed, Set piece)" minute="73" period="2" second="51" time="76" type="attempt missed" type_id="13"/>
	<message comment="Phil Jagielka misses attempt (To the right, Out of box, Right footed, Open play)" minute="72" period="2" second="7" time="75" type="attempt missed" type_id="13"/>
	<message comment="Kyle Walker recieves a yellow card" minute="69" period="2" second="7" time="72" type="card received" type_id="17"/>
	<message comment="GOAL! Darren Bent scores , Assisted by Ashley Young (Low to the right, 18-yard box, Big Chance, Right footed, Fast break)" minute="67" period="2" second="3" time="70" type="goal scored" type_id="16"/>
	<message comment="Jermaine Beckford hits the woodwork (High, 18-yard box, Big Chance, Right footed, Open play)" minute="66" period="2" second="40" time="69" type="woodwork hit" type_id="14"/>
	<message comment="Darren Bent is caught offside" minute="64" period="2" time="67" type="offside" type_id="10000"/>
	<message comment="Kyle Walker is caught offside" minute="63" period="2" time="66" type="offside" type_id="10000"/>
	<message comment="Sylvain Distin blocks a shot" minute="62" period="2" second="51" time="65" type="save made" type_id="10"/>
	<message comment="Stewart Downing has shot blocked (Out of box, Left footed, Open play)" minute="62" period="2" second="51" time="65" type="attempt blocked" type_id="15"/>
	<message comment="Leon Osman misses attempt (High, 18-yard box, Big Chance, Right footed, Open play)" minute="59" period="2" second="14" time="62" type="attempt missed" type_id="13"/>
	<message comment="Leon Osman misses attempt (To the right, 18-yard box, Right footed, From corner)" minute="57" period="2" second="27" time="60" type="attempt missed" type_id="13"/>
	<message comment="John Heitinga has shot blocked (6-yard box, Big Chance, Head, From corner)" minute="57" period="2" second="23" time="60" type="attempt blocked" type_id="15"/>
	<message comment="Leon Osman wins a corner (To the right)" minute="56" period="2" second="51" time="59" type="corner" type_id="6"/>
	<message comment="Darren Bent is caught offside" minute="52" period="2" time="55" type="offside" type_id="10000"/>
	<message comment="Séamus Coleman is substituted off" minute="51" period="2" second="45" time="54" type="substitution off" type_id="18"/>
	<message comment="Magaye Gueye is substituted on" minute="51" period="2" second="45" time="54" type="substitution on" type_id="19"/>
	<message comment="Kyle Walker misses attempt (High, 6-yard box, Big Chance, Right footed, Set piece)" minute="51" period="2" second="24" time="54" type="attempt missed" type_id="13"/>
	<message comment="Jermaine Beckford is caught offside" minute="48" period="2" time="51" type="offside" type_id="10000"/>
	<message comment="Jean Makoun recieves a yellow card" minute="47" period="2" second="52" time="50" type="card received" type_id="17"/>
	<message comment="GOAL! Darren Bent scores , Assisted by Stewart Downing (High to the right, 18-yard box, Right footed, Open play)" minute="46" period="2" second="51" time="49" type="goal scored" type_id="16"/>
	<message comment="Second half begins!" minute="45" period="2" second="0" time="48" type="start" type_id="32"/>
	<message comment="First half ends" minute="47" period="1" second="4" time="47" type="end" type_id="30"/>
	<message comment="GOAL! Leon Osman scores , Assisted by Diniyar Bilyaletdinov (Low to the right, 18-yard box, Left footed, Open play)" minute="37" period="1" second="24" time="37" type="goal scored" type_id="16"/>
	<message comment="James Collins misses attempt (To the left, 18-yard box, Head, From corner)" minute="35" period="1" second="2" time="35" type="attempt missed" type_id="13"/>
	<message comment="Ashley Young wins a corner (To the right)" minute="34" period="1" second="35" time="34" type="corner" type_id="6"/>
	<message comment="Phil Jagielka recieves a yellow card" minute="34" period="1" second="1" time="34" type="card received" type_id="17"/>
	<message comment="John Heitinga recieves a yellow card" minute="32" period="1" second="40" time="32" type="card received" type_id="17"/>
	<message comment="Leon Osman wins a corner (To the right)" minute="31" period="1" second="17" time="31" type="corner" type_id="6"/>
	<message comment="Gabriel Agbonlahor is caught offside" minute="30" period="1" time="30" type="offside" type_id="10000"/>
	<message comment="Nigel Reo-Coker wins a corner (To the right)" minute="28" period="1" second="37" time="28" type="corner" type_id="6"/>
	<message comment="Tony Hibbert blocks a shot" minute="28" period="1" second="36" time="28" type="save made" type_id="10"/>
	<message comment="Nigel Reo-Coker has shot blocked (18-yard box, Right footed, From corner)" minute="28" period="1" second="36" time="28" type="attempt blocked" type_id="15"/>
	<message comment="Ashley Young wins a corner (To the right)" minute="28" period="1" second="15" time="28" type="corner" type_id="6"/>
	<message comment="Jermaine Beckford wins a corner (To the left)" minute="24" period="1" second="30" time="24" type="corner" type_id="6"/>
	<message comment="Jermaine Beckford has shot blocked (18-yard box, Left footed, Throw-in)" minute="24" period="1" second="29" time="24" type="attempt blocked" type_id="15"/>
	<message comment="James Collins blocks a shot" minute="24" period="1" second="29" time="24" type="save made" type_id="10"/>
	<message comment="Darren Bent is caught offside" minute="21" period="1" time="21" type="offside" type_id="10000"/>
	<message comment="Ashley Young wins a corner (To the left)" minute="18" period="1" second="44" time="18" type="corner" type_id="6"/>
	<message comment="Darren Bent is caught offside" minute="17" period="1" time="17" type="offside" type_id="10000"/>
	<message comment="Stewart Downing wins a corner (To the left)" minute="16" period="1" second="6" time="16" type="corner" type_id="6"/>
	<message comment="Ashley Young wins a corner (To the right)" minute="15" period="1" second="42" time="15" type="corner" type_id="6"/>
	<message comment="Darren Bent is caught offside" minute="13" period="1" time="13" type="offside" type_id="10000"/>
	<message comment="Richard Dunne misses attempt (To the left, 18-yard box, Head, From corner)" minute="12" period="1" second="30" time="12" type="attempt missed" type_id="13"/>
	<message comment="Stewart Downing wins a corner (To the right)" minute="12" period="1" second="10" time="12" type="corner" type_id="6"/>
	<message comment="Leon Osman is caught offside" minute="9" period="1" time="9" type="offside" type_id="10000"/>
	<message comment="Jermaine Beckford wins a corner (To the right)" minute="8" period="1" second="31" time="8" type="corner" type_id="6"/>
	<message comment="Jermaine Beckford has attempt saved (Low to the right, 18-yard box, Big Chance, Left footed, Open play)" minute="8" period="1" second="30" time="8" type="attempt blocked" type_id="15"/>
	<message comment="Brad Friedel makes a save (Diving, Parried safe)" minute="8" period="1" second="30" time="8" type="save made" type_id="10"/>
	<message comment="Formation Set" minute="0" period="14" second="0" time="6" type="end" type_id="30"/>
	<message comment="Stewart Downing has shot blocked (18-yard box, Right footed, Open play)" minute="5" period="1" second="40" time="5" type="attempt blocked" type_id="15"/>
	<message comment="John Heitinga blocks a shot" minute="5" period="1" second="40" time="5" type="save made" type_id="10"/>
	<message comment="Stewart Downing has shot blocked (18-yard box, Left footed, Open play)" minute="5" period="1" second="39" time="5" type="attempt blocked" type_id="15"/>
	<message comment="Sylvain Distin blocks a shot" minute="5" period="1" second="39" time="5" type="save made" type_id="10"/>
	<message comment="Ashley Young blocks a shot" minute="3" period="1" second="21" time="3" type="save made" type_id="10"/>
	<message comment="John Heitinga has shot blocked (Out of box, Right footed, Free kick)" minute="3" period="1" second="21" time="3" type="attempt blocked" type_id="15"/>
	<message comment="First half begins!" minute="0" period="1" second="0" time="0" type="start" type_id="32"/>
</Commentary>
