<?xml version="1.0" ?>
<Commentary away_team_name="Fulham" competition="English Premier League" game_date="2012-04-21" home_team_name="Wigan" lang_id="en" season="Season 2011/2012" season_id="2011" sport_id="1" sport_name="Football">
	<message comment="Second half ends" minute="94" period="2" second="9" time="96" type="end" type_id="30"/>
	<message comment="GOAL! Philippe Senderos scores , Assisted by John Arne Riise (Low to the left, 18-yard box, Head, Set piece)" minute="88" period="2" second="23" time="90" type="goal scored" type_id="16"/>
	<message comment="Kerim Frei recieves a yellow card" minute="86" period="2" second="46" time="88" type="card received" type_id="17"/>
	<message comment="Victor Moses is caught offside" minute="83" period="2" time="85" type="offside" type_id="10000"/>
	<message comment="Kerim Frei is substituted on" minute="81" period="2" second="13" time="83" type="substitution on" type_id="19"/>
	<message comment="Danny Murphy is substituted off" minute="81" period="2" second="13" time="83" type="substitution off" type_id="18"/>
	<message comment="Pavel Pogrebnyak hits the woodwork (To the right, 18-yard box, Big Chance, Left footed, Open play)" minute="77" period="2" second="19" time="79" type="woodwork hit" type_id="14"/>
	<message comment="Ali Al Habsi makes a save (Parried into danger, Diving)" minute="77" period="2" second="16" time="79" type="save made" type_id="10"/>
	<message comment="Clint Dempsey has attempt saved (Low to the right, 18-yard box, Left footed, Open play)" minute="77" period="2" second="16" time="79" type="attempt blocked" type_id="15"/>
	<message comment="Ben Watson is substituted on" minute="75" period="2" second="15" time="77" type="substitution on" type_id="19"/>
	<message comment="James McArthur is substituted off" minute="75" period="2" second="14" time="77" type="substitution off" type_id="18"/>
	<message comment="Maynor Figueroa blocks a shot" minute="70" period="2" second="41" time="72" type="save made" type_id="10"/>
	<message comment="Clint Dempsey has shot blocked (Out of box, Right footed, Open play)" minute="70" period="2" second="41" time="72" type="attempt blocked" type_id="15"/>
	<message comment="Ali Al Habsi makes a save (Diving)" minute="66" period="2" second="36" time="68" type="save made" type_id="10"/>
	<message comment="John Arne Riise has attempt saved (Low to the right, Out of box, Left footed, Free kick)" minute="66" period="2" second="36" time="68" type="attempt blocked" type_id="15"/>
	<message comment="John Arne Riise misses attempt (High to the left, Out of box, Left footed, Open play)" minute="63" period="2" second="24" time="65" type="attempt missed" type_id="13"/>
	<message comment="Danny Murphy wins a corner (To the right)" minute="63" period="2" second="2" time="65" type="corner" type_id="6"/>
	<message comment="Pavel Pogrebnyak hits the woodwork (High, 6-yard box, Big Chance, Left footed, Open play)" minute="62" period="2" second="48" time="64" type="woodwork hit" type_id="14"/>
	<message comment="Emmerson Boyce recieves a yellow card" minute="62" period="2" second="1" time="64" type="card received" type_id="17"/>
	<message comment="GOAL! Pavel Pogrebnyak scores , Assisted by Clint Dempsey (Low to the right, Out of box, Left footed, Open play)" minute="57" period="2" second="50" time="59" type="goal scored" type_id="16"/>
	<message comment="GOAL! Emmerson Boyce scores  (Low to the left, Out of box, Right footed, Open play)" minute="56" period="2" second="40" time="58" type="goal scored" type_id="16"/>
	<message comment="Jordi Gómez is substituted off" minute="55" period="2" second="11" time="57" type="substitution off" type_id="18"/>
	<message comment="Shaun Maloney is substituted on" minute="55" period="2" second="11" time="57" type="substitution on" type_id="19"/>
	<message comment="Maynor Figueroa misses attempt (To the right, 18-yard box, Left footed, Open play)" minute="53" period="2" second="45" time="55" type="attempt missed" type_id="13"/>
	<message comment="Maynor Figueroa misses attempt (To the right, Out of box, Left footed, Open play)" minute="53" period="2" second="34" time="55" type="attempt missed" type_id="13"/>
	<message comment="Gary Caldwell recieves a yellow card" minute="52" period="2" second="16" time="54" type="card received" type_id="17"/>
	<message comment="Victor Moses has attempt saved (High to the right, Out of box, Right footed, Open play)" minute="51" period="2" second="23" time="53" type="attempt blocked" type_id="15"/>
	<message comment="Mark Schwarzer makes a save (Standing)" minute="51" period="2" second="23" time="53" type="save made" type_id="10"/>
	<message comment="Jordi Gómez misses attempt (6-yard box, Right footed, Set piece)" minute="50" period="2" second="48" time="52" type="attempt missed" type_id="13"/>
	<message comment="Second half begins!" minute="45" period="2" second="0" time="47" type="start" type_id="32"/>
	<message comment="First half ends" minute="46" period="1" second="4" time="46" type="end" type_id="30"/>
	<message comment="Jordi Gómez has attempt saved (Low to the right, 18-yard box, Left footed, Open play)" minute="43" period="1" second="8" time="43" type="attempt blocked" type_id="15"/>
	<message comment="Mark Schwarzer makes a save (Diving, Parried safe)" minute="43" period="1" second="8" time="43" type="save made" type_id="10"/>
	<message comment="Jordi Gómez misses attempt (To the left, Out of box, Left footed, Open play)" minute="35" period="1" second="35" time="35" type="attempt missed" type_id="13"/>
	<message comment="Damien Duff misses attempt (To the left, 18-yard box, Left footed, Open play)" minute="33" period="1" second="27" time="33" type="attempt missed" type_id="13"/>
	<message comment="Franco Di Santo is substituted off" minute="32" period="1" second="50" time="32" type="substitution off" type_id="18"/>
	<message comment="Conor Sammon is substituted on" minute="32" period="1" second="50" time="32" type="substitution on" type_id="19"/>
	<message comment="Pavel Pogrebnyak wins a corner (To the left)" minute="25" period="1" second="7" time="25" type="corner" type_id="6"/>
	<message comment="Gary Caldwell blocks a shot" minute="23" period="1" second="59" time="23" type="save made" type_id="10"/>
	<message comment="Mousa Dembélé has shot blocked (18-yard box, Left footed, Open play)" minute="23" period="1" second="59" time="23" type="attempt blocked" type_id="15"/>
	<message comment="Maynor Figueroa blocks a shot" minute="23" period="1" second="56" time="23" type="save made" type_id="10"/>
	<message comment="Clint Dempsey has shot blocked (Out of box, Right footed, Open play)" minute="23" period="1" second="56" time="23" type="attempt blocked" type_id="15"/>
	<message comment="Jordi Gómez has shot blocked (Out of box, Left footed, Free kick)" minute="20" period="1" second="37" time="20" type="attempt blocked" type_id="15"/>
	<message comment="Mahamadou Diarra blocks a shot" minute="20" period="1" second="37" time="20" type="save made" type_id="10"/>
	<message comment="Clint Dempsey is caught offside" minute="19" period="1" time="19" type="offside" type_id="10000"/>
	<message comment="Brede Hangeland misses attempt (To the left, 18-yard box, Head, From corner)" minute="18" period="1" second="17" time="18" type="attempt missed" type_id="13"/>
	<message comment="Pavel Pogrebnyak wins a corner (To the right)" minute="17" period="1" second="52" time="17" type="corner" type_id="6"/>
	<message comment="Gary Caldwell blocks a shot" minute="17" period="1" second="51" time="17" type="save made" type_id="10"/>
	<message comment="Pavel Pogrebnyak has shot blocked (Out of box, Left footed, Open play)" minute="17" period="1" second="51" time="17" type="attempt blocked" type_id="15"/>
	<message comment="Pavel Pogrebnyak is caught offside" minute="12" period="1" time="12" type="offside" type_id="10000"/>
	<message comment="Mark Schwarzer makes a save (Standing)" minute="11" period="1" second="5" time="11" type="save made" type_id="10"/>
	<message comment="Victor Moses has attempt saved (Low to the right, 18-yard box, Right footed, Open play)" minute="11" period="1" second="5" time="11" type="attempt blocked" type_id="15"/>
	<message comment="Damien Duff misses attempt (High to the left, 18-yard box, Left footed, Set piece)" minute="9" period="1" second="40" time="9" type="attempt missed" type_id="13"/>
	<message comment="Damien Duff wins a corner (To the right)" minute="8" period="1" second="4" time="8" type="corner" type_id="6"/>
	<message comment="Jordi Gómez misses attempt (High to the left, 18-yard box, Left footed, Open play)" minute="6" period="1" second="15" time="6" type="attempt missed" type_id="13"/>
	<message comment="Formation Set" minute="0" period="14" second="0" time="6" type="end" type_id="30"/>
	<message comment="First half begins!" minute="0" period="1" second="0" time="0" type="start" type_id="32"/>
</Commentary>
