<?xml version="1.0" ?>
<Commentary away_team_name="Fulham" competition="English Premier League" game_date="2014-01-11" home_team_name="Sunderland" lang_id="en" season="Season 2013/2014" season_id="2013" sport_id="1" sport_name="Football">
	<message comment="Second half ends" minute="94" period="2" second="6" time="97" type="end" type_id="30"/>
	<message comment="Pajtim Kasami misses attempt (To the right, Out of box, Left footed, Open play)" minute="92" period="2" second="39" time="95" type="attempt missed" type_id="13"/>
	<message comment="Jozy Altidore wins a corner (To the right)" minute="90" period="2" second="4" time="93" type="corner" type_id="6"/>
	<message comment="Pajtim Kasami is caught offside" minute="89" period="2" time="92" type="offside" type_id="10000"/>
	<message comment="Steve Sidwell wins a corner (To the left)" minute="88" period="2" second="58" time="91" type="corner" type_id="6"/>
	<message comment="Vito Mannone makes a save (Parried into danger, Diving)" minute="88" period="2" second="54" time="91" type="save made" type_id="10"/>
	<message comment="Steve Sidwell has attempt saved (Low to the centre, 6-yard box, Big Chance, Right footed, Open play)" minute="88" period="2" second="54" time="91" type="attempt blocked" type_id="15"/>
	<message comment="Scott Parker misses attempt (High, Out of box, Right footed, From corner)" minute="87" period="2" second="10" time="90" type="attempt missed" type_id="13"/>
	<message comment="Philippe Senderos wins a corner (To the right)" minute="86" period="2" second="53" time="89" type="corner" type_id="6"/>
	<message comment="Dimitar Berbatov misses attempt (To the right, 18-yard box, Head, From corner)" minute="86" period="2" second="46" time="89" type="attempt missed" type_id="13"/>
	<message comment="Scott Parker wins a corner (To the left)" minute="86" period="2" second="33" time="89" type="corner" type_id="6"/>
	<message comment="Adam Johnson is substituted off" minute="86" period="2" second="11" time="89" type="substitution off" type_id="18"/>
	<message comment="Ondrej Celustka is substituted on" minute="86" period="2" second="11" time="89" type="substitution on" type_id="19"/>
	<message comment="GOAL! Adam Johnson scores  (Low to the right, 18-yard box, Big Chance, Penalty, Left footed)" minute="84" period="2" second="57" time="87" type="goal scored" type_id="16"/>
	<message comment="Ashkan Dejagah wins a corner (To the right)" minute="81" period="2" second="13" time="84" type="corner" type_id="6"/>
	<message comment="Ashkan Dejagah wins a corner (To the right)" minute="79" period="2" second="1" time="82" type="corner" type_id="6"/>
	<message comment="Dimitar Berbatov wins a corner (To the right)" minute="78" period="2" second="24" time="81" type="corner" type_id="6"/>
	<message comment="Wes Brown blocks a shot" minute="78" period="2" second="23" time="81" type="save made" type_id="10"/>
	<message comment="Dimitar Berbatov has shot blocked (18-yard box, Right footed, Open play)" minute="78" period="2" second="23" time="81" type="attempt blocked" type_id="15"/>
	<message comment="Clint Dempsey is substituted off" minute="78" period="2" second="10" time="81" type="substitution off" type_id="18"/>
	<message comment="Darren Bent is substituted on" minute="78" period="2" second="10" time="81" type="substitution on" type_id="19"/>
	<message comment="Fabio Borini is substituted off" minute="74" period="2" second="56" time="77" type="substitution off" type_id="18"/>
	<message comment="Sebastian Larsson is substituted on" minute="74" period="2" second="56" time="77" type="substitution on" type_id="19"/>
	<message comment="Ashkan Dejagah is caught offside" minute="71" period="2" time="74" type="offside" type_id="10000"/>
	<message comment="Pajtim Kasami has shot blocked (Out of box, Right footed, Open play)" minute="70" period="2" second="36" time="73" type="attempt blocked" type_id="15"/>
	<message comment="Adam Johnson recieves a yellow card" minute="69" period="2" second="32" time="72" type="card received" type_id="17"/>
	<message comment="GOAL! Adam Johnson scores , Assisted by Ki Sung-Yueng (Low to the centre, 18-yard box, Big Chance, Right footed, Fast break)" minute="68" period="2" second="51" time="71" type="goal scored" type_id="16"/>
	<message comment="Damien Duff is substituted off" minute="68" period="2" second="0" time="71" type="substitution off" type_id="18"/>
	<message comment="Ashkan Dejagah is substituted on" minute="68" period="2" second="0" time="71" type="substitution on" type_id="19"/>
	<message comment="Steven Fletcher is substituted off" minute="65" period="2" second="39" time="68" type="substitution off" type_id="18"/>
	<message comment="Jozy Altidore is substituted on" minute="65" period="2" second="39" time="68" type="substitution on" type_id="19"/>
	<message comment="Clint Dempsey misses attempt (High to the left, 18-yard box, Head, Open play)" minute="64" period="2" second="52" time="67" type="attempt missed" type_id="13"/>
	<message comment="Adel Taarabt is substituted off" minute="62" period="2" second="39" time="65" type="substitution off" type_id="18"/>
	<message comment="Pajtim Kasami is substituted on" minute="62" period="2" second="39" time="65" type="substitution on" type_id="19"/>
	<message comment="Steven Fletcher misses attempt (To the left, 18-yard box, Head, From corner)" minute="62" period="2" second="16" time="65" type="attempt missed" type_id="13"/>
	<message comment="Adam Johnson wins a corner (To the right)" minute="61" period="2" second="55" time="64" type="corner" type_id="6"/>
	<message comment="Lee Cattermole wins a corner (To the right)" minute="61" period="2" second="25" time="64" type="corner" type_id="6"/>
	<message comment="David Stockdale makes a save (Parried safe, Diving, From shot off target)" minute="61" period="2" second="23" time="64" type="save made" type_id="10"/>
	<message comment="Lee Cattermole has shot blocked (Out of box, Right footed, Open play)" minute="61" period="2" second="20" time="64" type="attempt blocked" type_id="15"/>
	<message comment="Fernando Amorebieta blocks a shot" minute="61" period="2" second="20" time="64" type="save made" type_id="10"/>
	<message comment="Scott Parker recieves a yellow card" minute="58" period="2" second="48" time="61" type="card received" type_id="17"/>
	<message comment="Fabio Borini misses attempt (To the right, Out of box, Right footed, Open play)" minute="58" period="2" second="44" time="61" type="attempt missed" type_id="13"/>
	<message comment="Jack Colback recieves a yellow card" minute="57" period="2" second="32" time="60" type="card received" type_id="17"/>
	<message comment="Sascha Riether wins a corner (To the right)" minute="56" period="2" second="38" time="59" type="corner" type_id="6"/>
	<message comment="GOAL! Steve Sidwell scores , Assisted by Damien Duff (Low to the left, 6-yard box, Big Chance, Head, From corner)" minute="51" period="2" second="22" time="54" type="goal scored" type_id="16"/>
	<message comment="John Arne Riise wins a corner (To the right)" minute="50" period="2" second="58" time="53" type="corner" type_id="6"/>
	<message comment="Vito Mannone makes a save (Collected)" minute="46" period="2" second="52" time="49" type="save made" type_id="10"/>
	<message comment="John Arne Riise has attempt saved (Low to the left, Out of box, Left footed, Open play)" minute="46" period="2" second="52" time="49" type="attempt blocked" type_id="15"/>
	<message comment="Second half begins!" minute="45" period="2" second="0" time="48" type="start" type_id="32"/>
	<message comment="First half ends" minute="47" period="1" second="2" time="47" type="end" type_id="30"/>
	<message comment="Adel Taarabt misses attempt (High to the right, Out of box, Right footed, Open play)" minute="42" period="1" second="41" time="42" type="attempt missed" type_id="13"/>
	<message comment="GOAL! Ki Sung-Yueng scores , Assisted by Adam Johnson (Low to the centre, 18-yard box, Right footed, Set piece)" minute="40" period="1" second="8" time="40" type="goal scored" type_id="16"/>
	<message comment="John Arne Riise recieves a yellow card" minute="39" period="1" second="18" time="39" type="card received" type_id="17"/>
	<message comment="Fabio Borini wins a corner (To the right)" minute="38" period="1" second="47" time="38" type="corner" type_id="6"/>
	<message comment="Marcos Alonso wins a corner (To the left)" minute="38" period="1" second="5" time="38" type="corner" type_id="6"/>
	<message comment="Steve Sidwell recieves a yellow card" minute="36" period="1" second="28" time="36" type="card received" type_id="17"/>
	<message comment="Marcos Alonso has attempt saved (Low to the centre, 18-yard box, Right footed, Set piece)" minute="34" period="1" second="34" time="34" type="attempt blocked" type_id="15"/>
	<message comment="David Stockdale makes a save (Parried into danger, Diving)" minute="34" period="1" second="34" time="34" type="save made" type_id="10"/>
	<message comment="Dimitar Berbatov is caught offside" minute="32" period="1" time="32" type="offside" type_id="10000"/>
	<message comment="Scott Parker misses attempt (High, Out of box, Right footed, Open play)" minute="31" period="1" second="25" time="31" type="attempt missed" type_id="13"/>
	<message comment="Phil Bardsley recieves a yellow card" minute="29" period="1" second="54" time="29" type="card received" type_id="17"/>
	<message comment="GOAL! Adam Johnson scores  (High to the right, Out of box, Left footed, Free kick)" minute="28" period="1" second="10" time="28" type="goal scored" type_id="16"/>
	<message comment="Adam Johnson wins a corner (To the right)" minute="26" period="1" second="27" time="26" type="corner" type_id="6"/>
	<message comment="Dimitar Berbatov misses attempt (To the right, 18-yard box, Right footed, From corner)" minute="25" period="1" second="29" time="25" type="attempt missed" type_id="13"/>
	<message comment="Adel Taarabt wins a corner (To the right)" minute="24" period="1" second="34" time="24" type="corner" type_id="6"/>
	<message comment="Vito Mannone makes a save (Parried safe, Standing)" minute="24" period="1" second="33" time="24" type="save made" type_id="10"/>
	<message comment="Adel Taarabt has attempt saved (Low to the right, 18-yard box, Right footed, Open play)" minute="24" period="1" second="33" time="24" type="attempt blocked" type_id="15"/>
	<message comment="Steven Fletcher misses attempt (6-yard box, Big Chance, Head, Set piece)" minute="21" period="1" second="29" time="21" type="attempt missed" type_id="13"/>
	<message comment="Phil Bardsley has attempt saved (Low to the right, Out of box, Left footed, Open play)" minute="17" period="1" second="23" time="17" type="attempt blocked" type_id="15"/>
	<message comment="David Stockdale makes a save (Parried safe, Diving)" minute="17" period="1" second="23" time="17" type="save made" type_id="10"/>
	<message comment="Clint Dempsey misses attempt (To the right, Out of box, Left footed, Open play)" minute="16" period="1" second="23" time="16" type="attempt missed" type_id="13"/>
	<message comment="Adel Taarabt misses attempt (To the left, Out of box, Right footed, Open play)" minute="14" period="1" second="42" time="14" type="attempt missed" type_id="13"/>
	<message comment="Dimitar Berbatov misses attempt (To the left, 18-yard box, Big Chance, Left footed, Fast break)" minute="8" period="1" second="25" time="8" type="attempt missed" type_id="13"/>
	<message comment="Formation Set" minute="0" period="14" second="0" time="7" type="end" type_id="30"/>
	<message comment="Vito Mannone makes a save (Standing, Collected)" minute="6" period="1" second="14" time="6" type="save made" type_id="10"/>
	<message comment="Dimitar Berbatov has attempt saved (Low to the right, 6-yard box, Big Chance, Other body part, From corner)" minute="6" period="1" second="14" time="6" type="attempt blocked" type_id="15"/>
	<message comment="Dimitar Berbatov wins a corner (To the left)" minute="5" period="1" second="51" time="5" type="corner" type_id="6"/>
	<message comment="First half begins!" minute="0" period="1" second="0" time="0" type="start" type_id="32"/>
</Commentary>
