<?xml version="1.0" ?>
<Commentary away_team_name="Fulham" competition="English Premier League" game_date="2013-12-21" home_team_name="Manchester City" lang_id="en" season="Season 2013/2014" season_id="2013" sport_id="1" sport_name="Football">
	<message comment="Second half ends" minute="93" period="2" second="11" time="95" type="end" type_id="30"/>
	<message comment="Pajtim Kasami has shot blocked (Out of box, Left footed, Free kick)" minute="92" period="2" second="55" time="94" type="attempt blocked" type_id="15"/>
	<message comment="Aleksandar Kolarov blocks a shot" minute="92" period="2" second="55" time="94" type="save made" type_id="10"/>
	<message comment="Maarten Stekelenburg makes a save (Collected)" minute="88" period="2" second="29" time="90" type="save made" type_id="10"/>
	<message comment="Álvaro Negredo has attempt saved (Low to the centre, 18-yard box, Left footed, Open play)" minute="88" period="2" second="29" time="90" type="attempt blocked" type_id="15"/>
	<message comment="Álvaro Negredo has attempt saved (Low to the centre, Out of box, Left footed, Open play)" minute="87" period="2" second="38" time="89" type="attempt blocked" type_id="15"/>
	<message comment="Maarten Stekelenburg makes a save" minute="87" period="2" second="38" time="89" type="save made" type_id="10"/>
	<message comment="Scott Parker blocks a shot" minute="85" period="2" second="14" time="87" type="save made" type_id="10"/>
	<message comment="James Milner has shot blocked (Out of box, Right footed, Open play)" minute="85" period="2" second="14" time="87" type="attempt blocked" type_id="15"/>
	<message comment="John Arne Riise is caught offside" minute="85" period="2" time="87" type="offside" type_id="10000"/>
	<message comment="David Silva is substituted off" minute="83" period="2" second="41" time="85" type="substitution off" type_id="18"/>
	<message comment="Javi García is substituted on" minute="83" period="2" second="41" time="85" type="substitution on" type_id="19"/>
	<message comment="GOAL! James Milner scores , Assisted by Álvaro Negredo (Low to the left, 18-yard box, Big Chance, Right footed, Open play)" minute="82" period="2" second="36" time="84" type="goal scored" type_id="16"/>
	<message comment="Giorgos Karagounis is substituted off" minute="81" period="2" second="13" time="83" type="substitution off" type_id="18"/>
	<message comment="Darren Bent is substituted on" minute="81" period="2" second="13" time="83" type="substitution on" type_id="19"/>
	<message comment="GOAL! Jesús Navas scores , Assisted by David Silva (Low to the centre, 18-yard box, Right footed, Open play)" minute="77" period="2" second="21" time="79" type="goal scored" type_id="16"/>
	<message comment="Samir Nasri is substituted off" minute="74" period="2" second="41" time="76" type="substitution off" type_id="18"/>
	<message comment="James Milner is substituted on" minute="74" period="2" second="41" time="76" type="substitution on" type_id="19"/>
	<message comment="Jesús Navas wins a corner (To the right)" minute="74" period="2" second="18" time="76" type="corner" type_id="6"/>
	<message comment="Vincent Kompany scores an OWN GOAL!  (Low to the left, 6-yard box, Left footed, Open play)" minute="68" period="2" second="35" time="70" type="goal scored" type_id="16"/>
	<message comment="Ashkan Dejagah is substituted off" minute="64" period="2" second="19" time="66" type="substitution off" type_id="18"/>
	<message comment="Pajtim Kasami is substituted on" minute="64" period="2" second="19" time="66" type="substitution on" type_id="19"/>
	<message comment="John Arne Riise wins a corner (To the right)" minute="61" period="2" second="41" time="63" type="corner" type_id="6"/>
	<message comment="Giorgos Karagounis recieves a yellow card" minute="59" period="2" second="35" time="61" type="card received" type_id="17"/>
	<message comment="Jesús Navas misses attempt (To the right, 18-yard box, Right footed, Open play)" minute="59" period="2" second="29" time="61" type="attempt missed" type_id="13"/>
	<message comment="Álvaro Negredo has shot blocked (18-yard box, Left footed, Open play)" minute="59" period="2" second="27" time="61" type="attempt blocked" type_id="15"/>
	<message comment="Fernando Amorebieta blocks a shot" minute="59" period="2" second="27" time="61" type="save made" type_id="10"/>
	<message comment="Álvaro Negredo is caught offside" minute="58" period="2" time="60" type="offside" type_id="10000"/>
	<message comment="Edin Dzeko is substituted off" minute="57" period="2" second="15" time="59" type="substitution off" type_id="18"/>
	<message comment="Jesús Navas is substituted on" minute="57" period="2" second="15" time="59" type="substitution on" type_id="19"/>
	<message comment="Steve Sidwell misses attempt (To the left, 6-yard box, Head, Open play)" minute="56" period="2" second="32" time="58" type="attempt missed" type_id="13"/>
	<message comment="Aleksandar Kolarov is caught offside" minute="52" period="2" time="54" type="offside" type_id="10000"/>
	<message comment="GOAL! Kieran Richardson scores , Assisted by Adel Taarabt (Low to the right, 18-yard box, Big Chance, Left footed, Fast break)" minute="49" period="2" second="35" time="51" type="goal scored" type_id="16"/>
	<message comment="Maarten Stekelenburg makes a save (Collected, Diving)" minute="46" period="2" second="37" time="48" type="save made" type_id="10"/>
	<message comment="David Silva has attempt saved (Low to the right, 18-yard box, Big Chance, Right footed, Open play)" minute="46" period="2" second="37" time="48" type="attempt blocked" type_id="15"/>
	<message comment="Second half begins!" minute="45" period="2" second="0" time="47" type="start" type_id="32"/>
	<message comment="First half ends" minute="46" period="1" second="12" time="46" type="end" type_id="30"/>
	<message comment="Martín Demichelis recieves a yellow card" minute="45" period="1" second="16" time="45" type="card received" type_id="17"/>
	<message comment="Scott Parker blocks a shot" minute="44" period="1" second="36" time="44" type="save made" type_id="10"/>
	<message comment="Álvaro Negredo has shot blocked (18-yard box, Left footed, From corner)" minute="44" period="1" second="36" time="44" type="attempt blocked" type_id="15"/>
	<message comment="Samir Nasri wins a corner (To the right)" minute="44" period="1" second="21" time="44" type="corner" type_id="6"/>
	<message comment="GOAL! Vincent Kompany scores  (High to the left, 6-yard box, Right footed, Set piece)" minute="42" period="1" second="26" time="42" type="goal scored" type_id="16"/>
	<message comment="Maarten Stekelenburg makes a save (Diving, Parried into danger)" minute="42" period="1" second="23" time="42" type="save made" type_id="10"/>
	<message comment="Martín Demichelis has attempt saved (Low to the centre, 6-yard box, Head, Set piece)" minute="42" period="1" second="23" time="42" type="attempt blocked" type_id="15"/>
	<message comment="Adel Taarabt is caught offside" minute="39" period="1" time="39" type="offside" type_id="10000"/>
	<message comment="Adel Taarabt wins a corner (To the right)" minute="38" period="1" second="40" time="38" type="corner" type_id="6"/>
	<message comment="Adel Taarabt has shot blocked (Out of box, Right footed, Fast break)" minute="38" period="1" second="36" time="38" type="attempt blocked" type_id="15"/>
	<message comment="Vincent Kompany blocks a shot" minute="38" period="1" second="36" time="38" type="save made" type_id="10"/>
	<message comment="Philippe Senderos is substituted off" minute="36" period="1" second="37" time="36" type="substitution off" type_id="18"/>
	<message comment="Fernando Amorebieta is substituted on" minute="36" period="1" second="37" time="36" type="substitution on" type_id="19"/>
	<message comment="Maarten Stekelenburg makes a save (Parried safe, Standing)" minute="36" period="1" second="6" time="36" type="save made" type_id="10"/>
	<message comment="Edin Dzeko has attempt saved (High to the left, 18-yard box, Head, Open play)" minute="36" period="1" second="6" time="36" type="attempt blocked" type_id="15"/>
	<message comment="Maarten Stekelenburg makes a save (Diving, Parried into danger)" minute="35" period="1" second="5" time="35" type="save made" type_id="10"/>
	<message comment="Edin Dzeko has attempt saved (Low to the centre, 18-yard box, Big Chance, Right footed, Open play)" minute="35" period="1" second="5" time="35" type="attempt blocked" type_id="15"/>
	<message comment="Edin Dzeko wins a corner (To the right)" minute="32" period="1" second="38" time="32" type="corner" type_id="6"/>
	<message comment="Adel Taarabt wins a corner (To the left)" minute="31" period="1" second="4" time="31" type="corner" type_id="6"/>
	<message comment="Adel Taarabt has attempt saved (Low to the left, Out of box, Right footed, Open play)" minute="31" period="1" second="3" time="31" type="attempt blocked" type_id="15"/>
	<message comment="Joe Hart makes a save (Parried safe, Diving)" minute="31" period="1" second="3" time="31" type="save made" type_id="10"/>
	<message comment="Aaron Hughes blocks a shot" minute="30" period="1" second="48" time="30" type="save made" type_id="10"/>
	<message comment="Edin Dzeko has shot blocked (18-yard box, Right footed, Open play)" minute="30" period="1" second="48" time="30" type="attempt blocked" type_id="15"/>
	<message comment="Ashkan Dejagah misses attempt (To the left, 18-yard box, Right footed, Open play)" minute="30" period="1" second="24" time="30" type="attempt missed" type_id="13"/>
	<message comment="Adel Taarabt has attempt saved (Low to the centre, Out of box, Right footed, Open play)" minute="27" period="1" second="56" time="27" type="attempt blocked" type_id="15"/>
	<message comment="Joe Hart makes a save" minute="27" period="1" second="56" time="27" type="save made" type_id="10"/>
	<message comment="Kieran Richardson misses attempt (To the left, 6-yard box, Big Chance, Head, Open play)" minute="24" period="1" second="51" time="24" type="attempt missed" type_id="13"/>
	<message comment="GOAL! Yaya Touré scores  (High to the right, Out of box, Right footed, Free kick)" minute="22" period="1" second="42" time="22" type="goal scored" type_id="16"/>
	<message comment="Joe Hart makes a save (Standing)" minute="19" period="1" second="41" time="19" type="save made" type_id="10"/>
	<message comment="Adel Taarabt has attempt saved (Low to the centre, Out of box, Right footed, Open play)" minute="19" period="1" second="41" time="19" type="attempt blocked" type_id="15"/>
	<message comment="Kieran Richardson is caught offside" minute="17" period="1" time="17" type="offside" type_id="10000"/>
	<message comment="Steve Sidwell has shot blocked (Out of box, Right footed, Open play)" minute="14" period="1" second="56" time="14" type="attempt blocked" type_id="15"/>
	<message comment="Martín Demichelis blocks a shot" minute="14" period="1" second="56" time="14" type="save made" type_id="10"/>
	<message comment="Edin Dzeko misses attempt (To the right, 18-yard box, Right footed, From corner)" minute="13" period="1" second="42" time="13" type="attempt missed" type_id="13"/>
	<message comment="David Silva wins a corner (To the right)" minute="13" period="1" second="14" time="13" type="corner" type_id="6"/>
	<message comment="David Silva hits the woodwork (High, 18-yard box, Big Chance, Left footed, Open play)" minute="13" period="1" second="11" time="13" type="woodwork hit" type_id="14"/>
	<message comment="Adel Taarabt has attempt saved (Low to the centre, 18-yard box, Left footed, Open play)" minute="12" period="1" second="4" time="12" type="attempt blocked" type_id="15"/>
	<message comment="Joe Hart makes a save (Parried into danger, Diving)" minute="12" period="1" second="4" time="12" type="save made" type_id="10"/>
	<message comment="Kieran Richardson has shot blocked (Out of box, Left footed, From corner)" minute="6" period="1" second="2" time="6" type="attempt blocked" type_id="15"/>
	<message comment="John Arne Riise is caught offside" minute="6" period="1" time="6" type="offside" type_id="10000"/>
	<message comment="John Arne Riise wins a corner (To the right)" minute="5" period="1" second="32" time="5" type="corner" type_id="6"/>
	<message comment="Formation Set" minute="0" period="14" second="0" time="5" type="end" type_id="30"/>
	<message comment="First half begins!" minute="0" period="1" second="0" time="0" type="start" type_id="32"/>
</Commentary>
