<?xml version="1.0" ?>
<Commentary away_team_name="Fulham" competition="English Premier League" game_date="2010-11-27" home_team_name="Birmingham" lang_id="en" season="Season 2010/2011" season_id="2010" sport_id="1" sport_name="Football">
	<message comment="Second half ends" minute="93" period="2" second="51" time="95" type="end" type_id="30"/>
	<message comment="Clint Dempsey recieves a yellow card" minute="93" period="2" second="22" time="95" type="card received" type_id="17"/>
	<message comment="Diomansy Kamara is caught offside" minute="92" period="2" time="94" type="offside" type_id="10000"/>
	<message comment="Clint Dempsey misses attempt (To the left, 18-yard box, Right footed, Open play)" minute="91" period="2" second="47" time="93" type="attempt missed" type_id="13"/>
	<message comment="Danny Murphy misses attempt (Out of box, Right footed, Open play)" minute="88" period="2" second="0" time="90" type="attempt missed" type_id="13"/>
	<message comment="Nikola Zigic is caught offside" minute="87" period="2" time="89" type="offside" type_id="10000"/>
	<message comment="Roger Johnson has attempt saved (High to the centre, 18-yard box, Head, Open play)" minute="86" period="2" second="21" time="88" type="attempt blocked" type_id="15"/>
	<message comment="Mark Schwarzer makes a save" minute="86" period="2" second="21" time="88" type="save made" type_id="10"/>
	<message comment="Sebastian Larsson wins a corner (To the right)" minute="85" period="2" second="35" time="87" type="corner" type_id="6"/>
	<message comment="Keith Fahey is substituted off" minute="85" period="2" second="0" time="87" type="substitution off" type_id="18"/>
	<message comment="David Murphy is substituted on" minute="85" period="2" second="0" time="87" type="substitution on" type_id="19"/>
	<message comment="Diomansy Kamara misses attempt (High to the left, 18-yard box, Head, Open play)" minute="84" period="2" second="28" time="86" type="attempt missed" type_id="13"/>
	<message comment="Aaron Hughes misses attempt (To the left, 18-yard box, Head, From corner)" minute="82" period="2" second="32" time="84" type="attempt missed" type_id="13"/>
	<message comment="Eddie Johnson wins a corner (To the right)" minute="82" period="2" second="8" time="84" type="corner" type_id="6"/>
	<message comment="Ben Foster makes a save (Diving, Parried safe, Feet)" minute="82" period="2" second="6" time="84" type="save made" type_id="10"/>
	<message comment="Eddie Johnson has attempt saved (Low to the right, 18-yard box, Big Chance, Right footed, Fast break)" minute="82" period="2" second="6" time="84" type="attempt blocked" type_id="15"/>
	<message comment="Diomansy Kamara has attempt saved (Low to the centre, 18-yard box, Head, Open play)" minute="80" period="2" second="49" time="82" type="attempt blocked" type_id="15"/>
	<message comment="Ben Foster makes a save" minute="80" period="2" second="49" time="82" type="save made" type_id="10"/>
	<message comment="Eddie Johnson is caught offside" minute="78" period="2" time="80" type="offside" type_id="10000"/>
	<message comment="Mark Schwarzer makes a save (From shot off target, Parried safe, Standing)" minute="74" period="2" second="50" time="76" type="save made" type_id="10"/>
	<message comment="Roger Johnson misses attempt (18-yard box, Head, Open play)" minute="74" period="2" second="49" time="76" type="attempt missed" type_id="13"/>
	<message comment="Scott Dann hits the woodwork (High, 18-yard box, Head, From corner)" minute="74" period="2" second="11" time="76" type="woodwork hit" type_id="14"/>
	<message comment="Lee Bowyer wins a corner (To the right)" minute="73" period="2" second="39" time="75" type="corner" type_id="6"/>
	<message comment="Simon Davies is substituted off" minute="72" period="2" second="58" time="74" type="substitution off" type_id="18"/>
	<message comment="Eddie Johnson is substituted on" minute="72" period="2" second="58" time="74" type="substitution on" type_id="19"/>
	<message comment="Aaron Hughes misses attempt (To the left, 18-yard box, Right footed, Open play)" minute="72" period="2" second="18" time="74" type="attempt missed" type_id="13"/>
	<message comment="Clint Dempsey wins a corner (To the right)" minute="71" period="2" second="43" time="73" type="corner" type_id="6"/>
	<message comment="Ben Foster makes a save (Diving, Parried safe)" minute="71" period="2" second="41" time="73" type="save made" type_id="10"/>
	<message comment="Clint Dempsey has attempt saved (Low to the left, 18-yard box, Right footed, Open play)" minute="71" period="2" second="41" time="73" type="attempt blocked" type_id="15"/>
	<message comment="Clint Dempsey misses attempt (To the right, 18-yard box, Head, Open play)" minute="69" period="2" second="40" time="71" type="attempt missed" type_id="13"/>
	<message comment="Zoltán Gera wins a corner (To the right)" minute="69" period="2" second="24" time="71" type="corner" type_id="6"/>
	<message comment="Simon Davies misses attempt (To the right, 18-yard box, Right footed, From corner)" minute="65" period="2" second="39" time="67" type="attempt missed" type_id="13"/>
	<message comment="Chris Baird wins a corner (To the left)" minute="65" period="2" second="22" time="67" type="corner" type_id="6"/>
	<message comment="Roger Johnson misses attempt (To the right, 18-yard box, Head, From corner)" minute="62" period="2" second="14" time="64" type="attempt missed" type_id="13"/>
	<message comment="Liam Ridgewell wins a corner (To the left)" minute="61" period="2" second="43" time="63" type="corner" type_id="6"/>
	<message comment="Nikola Zigic is substituted on" minute="60" period="2" second="22" time="62" type="substitution on" type_id="19"/>
	<message comment="Aliaksandr Hleb is substituted off" minute="60" period="2" second="21" time="62" type="substitution off" type_id="18"/>
	<message comment="Diomansy Kamara is caught offside" minute="60" period="2" time="62" type="offside" type_id="10000"/>
	<message comment="Zoltán Gera has attempt saved (Low to the right, Out of box, Left footed, Open play)" minute="56" period="2" second="12" time="58" type="attempt blocked" type_id="15"/>
	<message comment="Ben Foster makes a save (Collected)" minute="56" period="2" second="12" time="58" type="save made" type_id="10"/>
	<message comment="Sebastian Larsson has shot blocked (Out of box, Right footed, Free kick)" minute="54" period="2" second="54" time="56" type="attempt blocked" type_id="15"/>
	<message comment="Dickson Etuhu blocks a shot" minute="54" period="2" second="54" time="56" type="save made" type_id="10"/>
	<message comment="GOAL! Clint Dempsey scores , Assisted by Zoltán Gera (Low to the left, 6-yard box, Big Chance, Head, From corner)" minute="52" period="2" second="1" time="54" type="goal scored" type_id="16"/>
	<message comment="Clint Dempsey wins a corner (To the left)" minute="51" period="2" second="37" time="53" type="corner" type_id="6"/>
	<message comment="Lee Bowyer blocks a shot" minute="51" period="2" second="15" time="53" type="save made" type_id="10"/>
	<message comment="Clint Dempsey has shot blocked (Out of box, Right footed, Open play)" minute="51" period="2" second="15" time="53" type="attempt blocked" type_id="15"/>
	<message comment="Diomansy Kamara wins a corner (To the left)" minute="50" period="2" second="17" time="52" type="corner" type_id="6"/>
	<message comment="Scott Dann blocks a shot" minute="50" period="2" second="15" time="52" type="save made" type_id="10"/>
	<message comment="Diomansy Kamara has shot blocked (18-yard box, Left footed, Open play)" minute="50" period="2" second="15" time="52" type="attempt blocked" type_id="15"/>
	<message comment="Second half begins!" minute="45" period="2" second="0" time="47" type="start" type_id="32"/>
	<message comment="First half ends" minute="46" period="1" second="18" time="46" type="end" type_id="30"/>
	<message comment="Clint Dempsey misses attempt (To the right, 18-yard box, Head, Open play)" minute="44" period="1" second="38" time="44" type="attempt missed" type_id="13"/>
	<message comment="Keith Fahey is caught offside" minute="41" period="1" time="41" type="offside" type_id="10000"/>
	<message comment="Diomansy Kamara is caught offside" minute="40" period="1" time="40" type="offside" type_id="10000"/>
	<message comment="Zoltán Gera wins a corner (To the right)" minute="35" period="1" second="47" time="35" type="corner" type_id="6"/>
	<message comment="Barry Ferguson wins a corner (To the left)" minute="32" period="1" second="54" time="32" type="corner" type_id="6"/>
	<message comment="Diomansy Kamara misses attempt (High to the left, 18-yard box, Right footed, Open play)" minute="31" period="1" second="37" time="31" type="attempt missed" type_id="13"/>
	<message comment="Cameron Jerome is caught offside" minute="25" period="1" time="25" type="offside" type_id="10000"/>
	<message comment="Carlos Salcido is substituted off" minute="23" period="1" second="36" time="23" type="substitution off" type_id="18"/>
	<message comment="John Pantsil is substituted on" minute="23" period="1" second="36" time="23" type="substitution on" type_id="19"/>
	<message comment="GOAL! Sebastian Larsson scores , Assisted by Aliaksandr Hleb (Low to the left, 18-yard box, Big Chance, Right footed, Fast break)" minute="19" period="1" second="15" time="19" type="goal scored" type_id="16"/>
	<message comment="Cameron Jerome misses attempt (High to the left, 18-yard box, Left footed, Fast break)" minute="14" period="1" second="53" time="14" type="attempt missed" type_id="13"/>
	<message comment="Diomansy Kamara is caught offside" minute="13" period="1" time="13" type="offside" type_id="10000"/>
	<message comment="Clint Dempsey misses attempt (Out of box, Right footed, Open play)" minute="11" period="1" second="0" time="11" type="attempt missed" type_id="13"/>
	<message comment="Lee Bowyer misses attempt (To the right, 18-yard box, Left footed, Open play)" minute="7" period="1" second="18" time="7" type="attempt missed" type_id="13"/>
	<message comment="Diomansy Kamara is caught offside" minute="5" period="1" time="5" type="offside" type_id="10000"/>
	<message comment="Formation Set" minute="0" period="14" second="0" time="5" type="end" type_id="30"/>
	<message comment="Clint Dempsey misses attempt (High, 18-yard box, Right footed, From corner)" minute="4" period="1" second="27" time="4" type="attempt missed" type_id="13"/>
	<message comment="Sebastian Larsson blocks a shot (Last line)" minute="4" period="1" second="25" time="4" type="save made" type_id="10"/>
	<message comment="Aaron Hughes has shot blocked (6-yard box, Right footed, Open play)" minute="4" period="1" second="25" time="4" type="attempt blocked" type_id="15"/>
	<message comment="Diomansy Kamara wins a corner (To the left)" minute="3" period="1" second="51" time="3" type="corner" type_id="6"/>
	<message comment="First half begins!" minute="0" period="1" second="0" time="0" type="start" type_id="32"/>
</Commentary>
