<?xml version="1.0" ?>
<Commentary away_team_name="Fulham" competition="English Premier League" game_date="2012-12-01" home_team_name="Tottenham" lang_id="en" season="Season 2012/2013" season_id="2012" sport_id="1" sport_name="Football">
	<message comment="Second half ends" minute="94" period="2" second="11" time="97" type="end" type_id="30"/>
	<message comment="Stephen Kelly misses attempt (To the left, 6-yard box, Head, From corner)" minute="85" period="2" second="30" time="88" type="attempt missed" type_id="13"/>
	<message comment="Stephen Kelly wins a corner (To the right)" minute="85" period="2" second="3" time="88" type="corner" type_id="6"/>
	<message comment="Mousa Dembélé is substituted off" minute="83" period="2" second="43" time="86" type="substitution off" type_id="18"/>
	<message comment="Tom Carroll is substituted on" minute="83" period="2" second="43" time="86" type="substitution on" type_id="19"/>
	<message comment="Hugo Rodallega has attempt saved (Low to the centre, 18-yard box, Head, Open play)" minute="81" period="2" second="25" time="84" type="attempt blocked" type_id="15"/>
	<message comment="Hugo Lloris makes a save (Collected)" minute="81" period="2" second="25" time="84" type="save made" type_id="10"/>
	<message comment="Mark Schwarzer makes a save (Collected)" minute="78" period="2" second="55" time="81" type="save made" type_id="10"/>
	<message comment="Gylfi Sigurdsson has attempt saved (Low to the centre, 18-yard box, Right footed, Open play)" minute="78" period="2" second="55" time="81" type="attempt blocked" type_id="15"/>
	<message comment="Mladen Petric is substituted off" minute="78" period="2" second="20" time="81" type="substitution off" type_id="18"/>
	<message comment="Hugo Rodallega is substituted on" minute="78" period="2" second="20" time="81" type="substitution on" type_id="19"/>
	<message comment="GOAL! Jermain Defoe scores , Assisted by Clint Dempsey (Low to the right, 18-yard box, Big Chance, Right footed, Open play)" minute="76" period="2" second="41" time="79" type="goal scored" type_id="16"/>
	<message comment="GOAL! Jermain Defoe scores , Assisted by Gylfi Sigurdsson (Low to the centre, 18-yard box, Big Chance, Left footed, Open play)" minute="71" period="2" second="54" time="74" type="goal scored" type_id="16"/>
	<message comment="Ashkan Dejagah misses attempt (High, 18-yard box, Head, Open play)" minute="65" period="2" second="50" time="68" type="attempt missed" type_id="13"/>
	<message comment="Mladen Petric misses attempt (High, Out of box, Left footed, Free kick)" minute="64" period="2" second="58" time="67" type="attempt missed" type_id="13"/>
	<message comment="Jermain Defoe is caught offside" minute="63" period="2" time="66" type="offside" type_id="10000"/>
	<message comment="Kerim Frei is substituted off" minute="61" period="2" second="46" time="64" type="substitution off" type_id="18"/>
	<message comment="Damien Duff is substituted on" minute="61" period="2" second="46" time="64" type="substitution on" type_id="19"/>
	<message comment="Gareth Bale is substituted off" minute="61" period="2" second="30" time="64" type="substitution off" type_id="18"/>
	<message comment="Gylfi Sigurdsson is substituted on" minute="61" period="2" second="30" time="64" type="substitution on" type_id="19"/>
	<message comment="Mark Schwarzer makes a save (Parried into danger, Standing)" minute="59" period="2" second="30" time="62" type="save made" type_id="10"/>
	<message comment="Gareth Bale has attempt saved (Low to the left, 18-yard box, Left footed, Open play)" minute="59" period="2" second="30" time="62" type="attempt blocked" type_id="15"/>
	<message comment="William Gallas recieves a yellow card" minute="56" period="2" second="0" time="59" type="card received" type_id="17"/>
	<message comment="GOAL! Sandro scores , Assisted by Mousa Dembélé (High to the centre, Out of box, Right footed, Open play)" minute="54" period="2" second="58" time="57" type="goal scored" type_id="16"/>
	<message comment="Ashkan Dejagah is caught offside" minute="48" period="2" time="51" type="offside" type_id="10000"/>
	<message comment="Steve Sidwell misses attempt (To the left, Out of box, Right footed, Open play)" minute="47" period="2" second="0" time="50" type="attempt missed" type_id="13"/>
	<message comment="Second half begins!" minute="45" period="2" second="0" time="48" type="start" type_id="32"/>
	<message comment="First half ends" minute="47" period="1" second="4" time="47" type="end" type_id="30"/>
	<message comment="Mark Schwarzer makes a save (Collected)" minute="46" period="1" second="26" time="46" type="save made" type_id="10"/>
	<message comment="Jermain Defoe has attempt saved (Low to the left, Out of box, Right footed, Open play)" minute="46" period="1" second="26" time="46" type="attempt blocked" type_id="15"/>
	<message comment="Gareth Bale misses attempt (High to the left, 18-yard box, Left footed, Open play)" minute="44" period="1" second="48" time="44" type="attempt missed" type_id="13"/>
	<message comment="Mladen Petric misses attempt (High, Out of box, Left footed, Open play)" minute="41" period="1" second="55" time="41" type="attempt missed" type_id="13"/>
	<message comment="Jermain Defoe is caught offside" minute="40" period="1" time="40" type="offside" type_id="10000"/>
	<message comment="Ashkan Dejagah wins a corner (To the right)" minute="38" period="1" second="26" time="38" type="corner" type_id="6"/>
	<message comment="Sascha Riether is substituted off" minute="28" period="1" second="43" time="28" type="substitution off" type_id="18"/>
	<message comment="Stephen Kelly is substituted on" minute="28" period="1" second="43" time="28" type="substitution on" type_id="19"/>
	<message comment="Clint Dempsey misses attempt (To the left, Out of box, Right footed, Open play)" minute="24" period="1" second="57" time="24" type="attempt missed" type_id="13"/>
	<message comment="Mladen Petric has attempt saved (Low to the left, 6-yard box, Big Chance, Right footed, Open play)" minute="23" period="1" second="22" time="23" type="attempt blocked" type_id="15"/>
	<message comment="Hugo Lloris makes a save (Collected)" minute="23" period="1" second="22" time="23" type="save made" type_id="10"/>
	<message comment="Gareth Bale recieves a yellow card" minute="22" period="1" second="31" time="22" type="card received" type_id="17"/>
	<message comment="Mladen Petric is caught offside" minute="21" period="1" time="21" type="offside" type_id="10000"/>
	<message comment="Michael Dawson is substituted off" minute="17" period="1" second="0" time="17" type="substitution off" type_id="18"/>
	<message comment="William Gallas is substituted on" minute="17" period="1" second="0" time="17" type="substitution on" type_id="19"/>
	<message comment="Kerim Frei misses attempt (High to the right, 18-yard box, Right footed, Open play)" minute="11" period="1" second="59" time="11" type="attempt missed" type_id="13"/>
	<message comment="Gareth Bale misses attempt (High, Out of box, Left footed, Free kick)" minute="8" period="1" second="25" time="8" type="attempt missed" type_id="13"/>
	<message comment="Formation Set" minute="0" period="14" second="0" time="7" type="end" type_id="30"/>
	<message comment="Aaron Lennon wins a corner (To the right)" minute="6" period="1" second="55" time="6" type="corner" type_id="6"/>
	<message comment="Clint Dempsey misses attempt (To the left, 18-yard box, Left footed, Open play)" minute="4" period="1" second="48" time="4" type="attempt missed" type_id="13"/>
	<message comment="First half begins!" minute="0" period="1" second="0" time="0" type="start" type_id="32"/>
</Commentary>
