<?xml version="1.0" ?>
<Commentary away_team_name="Fulham" competition="English Premier League" game_date="2011-10-23" home_team_name="Everton" lang_id="en" season="Season 2011/2012" season_id="2011" sport_id="1" sport_name="Football">
	<message comment="Second half ends" minute="93" period="2" second="47" time="95" type="end" type_id="30"/>
	<message comment="GOAL! Jack Rodwell scores  (Low to the left, Out of box, Right footed, Set piece)" minute="92" period="2" second="10" time="94" type="goal scored" type_id="16"/>
	<message comment="Chris Baird recieves a yellow card" minute="91" period="2" second="41" time="93" type="card received" type_id="17"/>
	<message comment="GOAL! Louis Saha scores , Assisted by Royston Drenthe (Low to the right, 18-yard box, Big Chance, Left footed, Open play)" minute="89" period="2" second="57" time="91" type="goal scored" type_id="16"/>
	<message comment="Zdenek Grygera is substituted off" minute="89" period="2" second="47" time="91" type="substitution off" type_id="18"/>
	<message comment="Aaron Hughes is substituted on" minute="89" period="2" second="47" time="91" type="substitution on" type_id="19"/>
	<message comment="Bobby Zamora hits the woodwork (High, 18-yard box, Big Chance, Left footed, Open play)" minute="88" period="2" second="47" time="90" type="woodwork hit" type_id="14"/>
	<message comment="Tim Howard makes a save (Parried into danger, Standing, Feet)" minute="86" period="2" second="40" time="88" type="save made" type_id="10"/>
	<message comment="Bryan Ruiz has attempt saved (Low to the centre, 6-yard box, Left footed, Open play)" minute="86" period="2" second="40" time="88" type="attempt blocked" type_id="15"/>
	<message comment="Phil Jagielka blocks a shot" minute="86" period="2" second="9" time="88" type="save made" type_id="10"/>
	<message comment="Andrew Johnson has shot blocked (18-yard box, Left footed, Open play)" minute="86" period="2" second="9" time="88" type="attempt blocked" type_id="15"/>
	<message comment="Marouane Fellaini has shot blocked (Out of box, Right footed, Open play)" minute="83" period="2" second="7" time="85" type="attempt blocked" type_id="15"/>
	<message comment="Brede Hangeland blocks a shot" minute="83" period="2" second="7" time="85" type="save made" type_id="10"/>
	<message comment="Louis Saha has attempt saved (Low to the right, 18-yard box, Left footed, Set piece)" minute="78" period="2" second="23" time="80" type="attempt blocked" type_id="15"/>
	<message comment="Mark Schwarzer makes a save (Diving, Parried into danger)" minute="78" period="2" second="23" time="80" type="save made" type_id="10"/>
	<message comment="Leon Osman is substituted off" minute="74" period="2" second="20" time="76" type="substitution off" type_id="18"/>
	<message comment="Tim Cahill is substituted on" minute="74" period="2" second="20" time="76" type="substitution on" type_id="19"/>
	<message comment="Phil Neville is substituted off" minute="74" period="2" second="13" time="76" type="substitution off" type_id="18"/>
	<message comment="Séamus Coleman is substituted on" minute="74" period="2" second="13" time="76" type="substitution on" type_id="19"/>
	<message comment="Leighton Baines misses attempt (High, Out of box, Left footed, Free kick)" minute="73" period="2" second="43" time="75" type="attempt missed" type_id="13"/>
	<message comment="Steve Sidwell recieves a yellow card" minute="72" period="2" second="42" time="74" type="card received" type_id="17"/>
	<message comment="Leon Osman has shot blocked (Out of box, Right footed, Open play)" minute="71" period="2" second="2" time="73" type="attempt blocked" type_id="15"/>
	<message comment="Brede Hangeland blocks a shot" minute="71" period="2" second="2" time="73" type="save made" type_id="10"/>
	<message comment="GOAL! Bryan Ruiz scores , Assisted by Clint Dempsey (High to the centre, 18-yard box, Left footed, Open play)" minute="66" period="2" second="58" time="68" type="goal scored" type_id="16"/>
	<message comment="Clint Dempsey wins a corner (To the left)" minute="65" period="2" second="46" time="67" type="corner" type_id="6"/>
	<message comment="Danny Murphy is substituted off" minute="64" period="2" second="6" time="66" type="substitution off" type_id="18"/>
	<message comment="Bryan Ruiz is substituted on" minute="64" period="2" second="6" time="66" type="substitution on" type_id="19"/>
	<message comment="Louis Saha is caught offside" minute="61" period="2" time="63" type="offside" type_id="10000"/>
	<message comment="Jack Rodwell misses attempt (Out of box, Left footed, Open play)" minute="59" period="2" second="52" time="61" type="attempt missed" type_id="13"/>
	<message comment="Andrew Johnson recieves a yellow card" minute="53" period="2" second="16" time="55" type="card received" type_id="17"/>
	<message comment="Apostolos Vellios is substituted off" minute="49" period="2" second="59" time="51" type="substitution off" type_id="18"/>
	<message comment="Louis Saha is substituted on" minute="49" period="2" second="59" time="51" type="substitution on" type_id="19"/>
	<message comment="Brede Hangeland misses attempt (To the left, 18-yard box, Head, Set piece)" minute="49" period="2" second="38" time="51" type="attempt missed" type_id="13"/>
	<message comment="Sylvain Distin recieves a yellow card" minute="49" period="2" second="15" time="51" type="card received" type_id="17"/>
	<message comment="Second half begins!" minute="45" period="2" second="0" time="47" type="start" type_id="32"/>
	<message comment="First half ends" minute="46" period="1" second="3" time="46" type="end" type_id="30"/>
	<message comment="Clint Dempsey misses attempt (Out of box, Right footed, Open play)" minute="43" period="1" second="1" time="43" type="attempt missed" type_id="13"/>
	<message comment="Zdenek Grygera wins a corner (To the right)" minute="40" period="1" second="39" time="40" type="corner" type_id="6"/>
	<message comment="Chris Baird has shot blocked (Out of box, Right footed, Free kick)" minute="31" period="1" second="2" time="31" type="attempt blocked" type_id="15"/>
	<message comment="Phil Neville blocks a shot" minute="31" period="1" second="2" time="31" type="save made" type_id="10"/>
	<message comment="Brede Hangeland wins a corner (To the right)" minute="29" period="1" second="19" time="29" type="corner" type_id="6"/>
	<message comment="Brede Hangeland has attempt saved (High to the centre, 18-yard box, Head, Throw-in)" minute="29" period="1" second="14" time="29" type="attempt blocked" type_id="15"/>
	<message comment="Tim Howard makes a save" minute="29" period="1" second="14" time="29" type="save made" type_id="10"/>
	<message comment="Clint Dempsey has attempt saved (Low to the left, Out of box, Right footed, Open play)" minute="24" period="1" second="48" time="24" type="attempt blocked" type_id="15"/>
	<message comment="Tim Howard makes a save (Parried into danger, Diving)" minute="24" period="1" second="48" time="24" type="save made" type_id="10"/>
	<message comment="Danny Murphy wins a corner (To the right)" minute="23" period="1" second="56" time="23" type="corner" type_id="6"/>
	<message comment="Danny Murphy hits the woodwork (To the left, Out of box, Right footed, Open play)" minute="23" period="1" second="48" time="23" type="woodwork hit" type_id="14"/>
	<message comment="Clint Dempsey has shot blocked (18-yard box, Right footed, Open play)" minute="22" period="1" second="9" time="22" type="attempt blocked" type_id="15"/>
	<message comment="Leighton Baines blocks a shot" minute="22" period="1" second="9" time="22" type="save made" type_id="10"/>
	<message comment="Apostolos Vellios misses attempt (High, 6-yard box, Big Chance, Head, Open play)" minute="20" period="1" second="49" time="20" type="attempt missed" type_id="13"/>
	<message comment="John Arne Riise misses attempt (Out of box, Left footed, Open play)" minute="18" period="1" second="26" time="18" type="attempt missed" type_id="13"/>
	<message comment="Mark Schwarzer makes a save (Collected)" minute="18" period="1" second="0" time="18" type="save made" type_id="10"/>
	<message comment="Royston Drenthe has attempt saved (Low to the centre, Out of box, Left footed, Open play)" minute="18" period="1" second="0" time="18" type="attempt blocked" type_id="15"/>
	<message comment="Steve Sidwell misses attempt (To the left, Out of box, Left footed, Open play)" minute="15" period="1" second="58" time="15" type="attempt missed" type_id="13"/>
	<message comment="John Arne Riise wins a corner (To the left)" minute="13" period="1" second="25" time="13" type="corner" type_id="6"/>
	<message comment="John Arne Riise has shot blocked (18-yard box, Left footed, Open play)" minute="13" period="1" second="24" time="13" type="attempt blocked" type_id="15"/>
	<message comment="Tony Hibbert blocks a shot" minute="13" period="1" second="24" time="13" type="save made" type_id="10"/>
	<message comment="Jack Rodwell misses attempt (High to the left, 18-yard box, Big Chance, Head, Set piece)" minute="11" period="1" second="10" time="11" type="attempt missed" type_id="13"/>
	<message comment="Clint Dempsey misses attempt (To the left, 18-yard box, Right footed, Open play)" minute="8" period="1" second="3" time="8" type="attempt missed" type_id="13"/>
	<message comment="Sylvain Distin wins a corner (To the left)" minute="6" period="1" second="13" time="6" type="corner" type_id="6"/>
	<message comment="John Arne Riise blocks a shot" minute="6" period="1" second="11" time="6" type="save made" type_id="10"/>
	<message comment="Sylvain Distin has shot blocked (18-yard box, Left footed, Set piece)" minute="6" period="1" second="11" time="6" type="attempt blocked" type_id="15"/>
	<message comment="Formation Set" minute="0" period="14" second="0" time="5" type="end" type_id="30"/>
	<message comment="GOAL! Royston Drenthe scores , Assisted by Jack Rodwell (Low to the left, Out of box, Left footed, Open play)" minute="2" period="1" second="15" time="2" type="goal scored" type_id="16"/>
	<message comment="First half begins!" minute="0" period="1" second="0" time="0" type="start" type_id="32"/>
</Commentary>
