<?xml version="1.0" ?>
<Commentary away_team_name="Fulham" competition="English Premier League" game_date="2011-11-06" home_team_name="Tottenham" lang_id="en" season="Season 2011/2012" season_id="2011" sport_id="1" sport_name="Football">
	<message comment="Second half ends" minute="95" period="2" second="10" time="103" type="end" type_id="30"/>
	<message comment="GOAL! Jermain Defoe scores , Assisted by Emmanuel Adebayor (Low to the centre, 18-yard box, Right footed, Throw-in)" minute="94" period="2" second="13" time="102" type="goal scored" type_id="16"/>
	<message comment="Clint Dempsey wins a corner (To the right)" minute="92" period="2" second="41" time="100" type="corner" type_id="6"/>
	<message comment="Luka Modric blocks a shot (Last line)" minute="92" period="2" second="34" time="100" type="save made" type_id="10"/>
	<message comment="Clint Dempsey has shot blocked (6-yard box, Big Chance, Head, From corner)" minute="92" period="2" second="34" time="100" type="attempt blocked" type_id="15"/>
	<message comment="Brad Friedel makes a save (Standing, Parried into danger)" minute="92" period="2" second="32" time="100" type="save made" type_id="10"/>
	<message comment="Brede Hangeland has attempt saved (Low to the centre, 18-yard box, Head, From corner)" minute="92" period="2" second="32" time="100" type="attempt blocked" type_id="15"/>
	<message comment="Stephen Kelly wins a corner (To the left)" minute="91" period="2" second="58" time="99" type="corner" type_id="6"/>
	<message comment="Scott Parker blocks a shot" minute="91" period="2" second="50" time="99" type="save made" type_id="10"/>
	<message comment="Stephen Kelly has shot blocked (18-yard box, Right footed, Open play)" minute="91" period="2" second="50" time="99" type="attempt blocked" type_id="15"/>
	<message comment="Kyle Walker blocks a shot" minute="91" period="2" second="48" time="99" type="save made" type_id="10"/>
	<message comment="Bryan Ruiz has shot blocked (6-yard box, Left footed, Open play)" minute="91" period="2" second="48" time="99" type="attempt blocked" type_id="15"/>
	<message comment="Brad Friedel makes a save (Diving, Parried into danger)" minute="91" period="2" second="47" time="99" type="save made" type_id="10"/>
	<message comment="Clint Dempsey has attempt saved (Low to the centre, 6-yard box, Big Chance, Right footed, Open play)" minute="91" period="2" second="47" time="99" type="attempt blocked" type_id="15"/>
	<message comment="Ledley King blocks a shot" minute="91" period="2" second="46" time="99" type="save made" type_id="10"/>
	<message comment="Dickson Etuhu has shot blocked (18-yard box, Left footed, Open play)" minute="91" period="2" second="46" time="99" type="attempt blocked" type_id="15"/>
	<message comment="Scott Parker blocks a shot" minute="85" period="2" second="24" time="93" type="save made" type_id="10"/>
	<message comment="Bryan Ruiz has shot blocked (Out of box, Left footed, Open play)" minute="85" period="2" second="24" time="93" type="attempt blocked" type_id="15"/>
	<message comment="Mousa Dembélé misses attempt (To the left, Out of box, Left footed, Open play)" minute="83" period="2" second="33" time="91" type="attempt missed" type_id="13"/>
	<message comment="Brad Friedel makes a save (Parried safe)" minute="81" period="2" second="1" time="89" type="save made" type_id="10"/>
	<message comment="Bobby Zamora has attempt saved (Low to the right, 18-yard box, Right footed, Open play)" minute="81" period="2" second="1" time="89" type="attempt blocked" type_id="15"/>
	<message comment="Brad Friedel makes a save (Standing)" minute="78" period="2" second="26" time="86" type="save made" type_id="10"/>
	<message comment="Clint Dempsey has attempt saved (High to the centre, 18-yard box, Head, Open play)" minute="78" period="2" second="26" time="86" type="attempt blocked" type_id="15"/>
	<message comment="Aaron Lennon is substituted off" minute="77" period="2" second="24" time="85" type="substitution off" type_id="18"/>
	<message comment="Sandro is substituted on" minute="77" period="2" second="24" time="85" type="substitution on" type_id="19"/>
	<message comment="Danny Murphy is substituted off" minute="76" period="2" second="18" time="84" type="substitution off" type_id="18"/>
	<message comment="Dickson Etuhu is substituted on" minute="76" period="2" second="18" time="84" type="substitution on" type_id="19"/>
	<message comment="Bryan Ruiz misses attempt (To the left, 18-yard box, Left footed, From corner)" minute="74" period="2" second="39" time="82" type="attempt missed" type_id="13"/>
	<message comment="John Arne Riise misses attempt (To the right, Out of box, Left footed, From corner)" minute="74" period="2" second="36" time="82" type="attempt missed" type_id="13"/>
	<message comment="Clint Dempsey wins a corner (To the right)" minute="73" period="2" second="59" time="81" type="corner" type_id="6"/>
	<message comment="Ledley King blocks a shot (Last line)" minute="73" period="2" second="58" time="81" type="save made" type_id="10"/>
	<message comment="Clint Dempsey has shot blocked (18-yard box, Big Chance, Right footed, Open play)" minute="73" period="2" second="58" time="81" type="attempt blocked" type_id="15"/>
	<message comment="Younes Kaboul blocks a shot" minute="72" period="2" second="48" time="80" type="save made" type_id="10"/>
	<message comment="Steve Sidwell has shot blocked (Out of box, Left footed, Open play)" minute="72" period="2" second="48" time="80" type="attempt blocked" type_id="15"/>
	<message comment="Damien Duff is substituted off" minute="70" period="2" second="25" time="78" type="substitution off" type_id="18"/>
	<message comment="Bryan Ruiz is substituted on" minute="70" period="2" second="25" time="78" type="substitution on" type_id="19"/>
	<message comment="Mousa Dembélé misses attempt (To the right, Out of box, Left footed, Open play)" minute="70" period="2" second="1" time="78" type="attempt missed" type_id="13"/>
	<message comment="Brad Friedel makes a save (Diving, Parried safe)" minute="69" period="2" second="21" time="77" type="save made" type_id="10"/>
	<message comment="Chris Baird has attempt saved (High to the centre, Out of box, Right footed, Set piece)" minute="69" period="2" second="21" time="77" type="attempt blocked" type_id="15"/>
	<message comment="Younes Kaboul recieves a yellow card" minute="68" period="2" second="21" time="76" type="card received" type_id="17"/>
	<message comment="Rafael van der Vaart is substituted off" minute="66" period="2" second="5" time="74" type="substitution off" type_id="18"/>
	<message comment="Jermain Defoe is substituted on" minute="66" period="2" second="5" time="74" type="substitution on" type_id="19"/>
	<message comment="Luka Modric has shot blocked (Out of box, Right footed, Open play)" minute="62" period="2" second="33" time="70" type="attempt blocked" type_id="15"/>
	<message comment="Chris Baird blocks a shot" minute="62" period="2" second="33" time="70" type="save made" type_id="10"/>
	<message comment="Scott Parker blocks a shot" minute="60" period="2" second="46" time="68" type="save made" type_id="10"/>
	<message comment="Danny Murphy has shot blocked (Out of box, Right footed, Open play)" minute="60" period="2" second="46" time="68" type="attempt blocked" type_id="15"/>
	<message comment="Brad Friedel makes a save (Parried into danger)" minute="60" period="2" second="3" time="68" type="save made" type_id="10"/>
	<message comment="Mousa Dembélé has attempt saved (Low to the centre, 18-yard box, Left footed, Open play)" minute="60" period="2" second="3" time="68" type="attempt blocked" type_id="15"/>
	<message comment="John Arne Riise misses attempt (To the left, 18-yard box, Right footed, Open play)" minute="59" period="2" second="7" time="67" type="attempt missed" type_id="13"/>
	<message comment="Scott Parker blocks a shot" minute="58" period="2" second="46" time="66" type="save made" type_id="10"/>
	<message comment="Bobby Zamora has shot blocked (Out of box, Left footed, Open play)" minute="58" period="2" second="46" time="66" type="attempt blocked" type_id="15"/>
	<message comment="Brad Friedel makes a save (Diving)" minute="57" period="2" second="37" time="65" type="save made" type_id="10"/>
	<message comment="Mousa Dembélé has attempt saved (Low to the left, Out of box, Right footed, Open play)" minute="57" period="2" second="37" time="65" type="attempt blocked" type_id="15"/>
	<message comment="Younes Kaboul scores an OWN GOAL!  (Low to the centre, 6-yard box, Other body part, From corner)" minute="56" period="2" second="5" time="64" type="goal scored" type_id="16"/>
	<message comment="Clint Dempsey wins a corner (To the right)" minute="55" period="2" second="44" time="63" type="corner" type_id="6"/>
	<message comment="Scott Parker blocks a shot" minute="55" period="2" second="40" time="63" type="save made" type_id="10"/>
	<message comment="Clint Dempsey has shot blocked (Out of box, Right footed, Open play)" minute="55" period="2" second="40" time="63" type="attempt blocked" type_id="15"/>
	<message comment="Bobby Zamora wins a corner (To the right)" minute="53" period="2" second="20" time="61" type="corner" type_id="6"/>
	<message comment="Brede Hangeland wins a corner (To the left)" minute="52" period="2" second="21" time="60" type="corner" type_id="6"/>
	<message comment="Brede Hangeland has attempt saved (High to the centre, 18-yard box, Head, From corner)" minute="52" period="2" second="14" time="60" type="attempt blocked" type_id="15"/>
	<message comment="Brad Friedel makes a save (Parried safe)" minute="52" period="2" second="14" time="60" type="save made" type_id="10"/>
	<message comment="Damien Duff wins a corner (To the left)" minute="51" period="2" second="49" time="59" type="corner" type_id="6"/>
	<message comment="Damien Duff has shot blocked (Out of box, Left footed, Open play)" minute="51" period="2" second="47" time="59" type="attempt blocked" type_id="15"/>
	<message comment="Benoit Assou-Ekotto blocks a shot" minute="51" period="2" second="47" time="59" type="save made" type_id="10"/>
	<message comment="Steve Sidwell wins a corner (To the right)" minute="49" period="2" second="16" time="57" type="corner" type_id="6"/>
	<message comment="Mark Schwarzer makes a save (Standing)" minute="48" period="2" second="30" time="56" type="save made" type_id="10"/>
	<message comment="Emmanuel Adebayor has attempt saved (High to the centre, Out of box, Right footed, Open play)" minute="48" period="2" second="30" time="56" type="attempt blocked" type_id="15"/>
	<message comment="Mark Schwarzer makes a save (Collected)" minute="46" period="2" second="58" time="54" type="save made" type_id="10"/>
	<message comment="Gareth Bale has attempt saved (Low to the right, Out of box, Left footed, Fast break)" minute="46" period="2" second="58" time="54" type="attempt blocked" type_id="15"/>
	<message comment="Stephen Kelly is substituted on" minute="45" period="2" second="0" time="53" type="substitution on" type_id="19"/>
	<message comment="Zdenek Grygera is substituted off" minute="45" period="2" second="0" time="53" type="substitution off" type_id="18"/>
	<message comment="Second half begins!" minute="45" period="2" second="0" time="53" type="start" type_id="32"/>
	<message comment="First half ends" minute="52" period="1" second="33" time="52" type="end" type_id="30"/>
	<message comment="GOAL! Aaron Lennon scores , Assisted by Gareth Bale (Low to the right, 18-yard box, Left footed, Open play)" minute="45" period="1" second="5" time="45" type="goal scored" type_id="16"/>
	<message comment="Bobby Zamora misses attempt (High, Out of box, Left footed, Free kick)" minute="41" period="1" second="32" time="41" type="attempt missed" type_id="13"/>
	<message comment="Steve Sidwell blocks a shot" minute="37" period="1" second="56" time="37" type="save made" type_id="10"/>
	<message comment="Aaron Lennon has shot blocked (Out of box, Right footed, Open play)" minute="37" period="1" second="56" time="37" type="attempt blocked" type_id="15"/>
	<message comment="Clint Dempsey has attempt saved (High to the centre, 18-yard box, Head, Set piece)" minute="36" period="1" second="30" time="36" type="attempt blocked" type_id="15"/>
	<message comment="Brad Friedel makes a save" minute="36" period="1" second="30" time="36" type="save made" type_id="10"/>
	<message comment="Rafael van der Vaart has shot blocked (Out of box, Left footed, Free kick)" minute="32" period="1" second="19" time="32" type="attempt blocked" type_id="15"/>
	<message comment="Clint Dempsey wins a corner (To the left)" minute="22" period="1" second="57" time="22" type="corner" type_id="6"/>
	<message comment="Brad Friedel makes a save (Feet, Parried safe)" minute="22" period="1" second="56" time="22" type="save made" type_id="10"/>
	<message comment="Clint Dempsey has attempt saved (Low to the centre, 18-yard box, Right footed, Open play)" minute="22" period="1" second="56" time="22" type="attempt blocked" type_id="15"/>
	<message comment="John Arne Riise misses attempt (High, Out of box, Left footed, From corner)" minute="14" period="1" second="0" time="14" type="attempt missed" type_id="13"/>
	<message comment="John Arne Riise wins a corner (To the right)" minute="13" period="1" second="36" time="13" type="corner" type_id="6"/>
	<message comment="Formation Set" minute="0" period="14" second="0" time="13" type="end" type_id="30"/>
	<message comment="Clint Dempsey has shot blocked (18-yard box, Right footed, Open play)" minute="12" period="1" second="9" time="12" type="attempt blocked" type_id="15"/>
	<message comment="Ledley King blocks a shot" minute="12" period="1" second="9" time="12" type="save made" type_id="10"/>
	<message comment="Chris Baird scores an OWN GOAL!  (Low to the left, 6-yard box, Right footed, Open play)" minute="9" period="1" second="48" time="9" type="goal scored" type_id="16"/>
	<message comment="Gareth Bale misses attempt (To the right, 18-yard box, Left footed, Open play)" minute="9" period="1" second="47" time="9" type="attempt missed" type_id="13"/>
	<message comment="Scott Parker misses attempt (To the left, Out of box, Right footed, From corner)" minute="5" period="1" second="34" time="5" type="attempt missed" type_id="13"/>
	<message comment="Benoit Assou-Ekotto wins a corner (To the left)" minute="5" period="1" second="12" time="5" type="corner" type_id="6"/>
	<message comment="Emmanuel Adebayor is caught offside" minute="4" period="1" time="4" type="offside" type_id="10000"/>
	<message comment="Steve Sidwell has attempt saved (Low to the left, 6-yard box, Head, From corner)" minute="1" period="1" second="36" time="1" type="attempt blocked" type_id="15"/>
	<message comment="Brad Friedel makes a save (Parried into danger, Diving)" minute="1" period="1" second="36" time="1" type="save made" type_id="10"/>
	<message comment="John Arne Riise wins a corner (To the left)" minute="1" period="1" second="14" time="1" type="corner" type_id="6"/>
	<message comment="John Arne Riise has shot blocked (Out of box, Left footed, Open play)" minute="1" period="1" second="12" time="1" type="attempt blocked" type_id="15"/>
	<message comment="Scott Parker blocks a shot" minute="1" period="1" second="12" time="1" type="save made" type_id="10"/>
	<message comment="Clint Dempsey is caught offside" minute="1" period="1" time="1" type="offside" type_id="10000"/>
	<message comment="First half begins!" minute="0" period="1" second="0" time="0" type="start" type_id="32"/>
</Commentary>
