<?xml version="1.0" ?>
<Commentary away_team_name="Fulham" competition="English Premier League" game_date="2011-05-22" home_team_name="Arsenal" lang_id="en" season="Season 2010/2011" season_id="2010" sport_id="1" sport_name="Football">
	<message comment="Second half ends" minute="93" period="2" second="15" time="96" type="end" type_id="30"/>
	<message comment="Andrey Arshavin misses attempt (Out of box, Right footed, Open play)" minute="91" period="2" second="43" time="94" type="attempt missed" type_id="13"/>
	<message comment="GOAL! Theo Walcott scores , Assisted by Thomas Vermaelen (Low to the left, 18-yard box, Right footed, Open play)" minute="88" period="2" second="51" time="91" type="goal scored" type_id="16"/>
	<message comment="Thomas Vermaelen misses attempt (High to the left, 18-yard box, Head, From corner)" minute="83" period="2" second="37" time="86" type="attempt missed" type_id="13"/>
	<message comment="Marouane Chamakh wins a corner (To the right)" minute="83" period="2" second="4" time="86" type="corner" type_id="6"/>
	<message comment="Andrey Arshavin misses attempt (To the left, 18-yard box, Left footed, From corner)" minute="80" period="2" second="46" time="83" type="attempt missed" type_id="13"/>
	<message comment="Theo Walcott wins a corner (To the right)" minute="80" period="2" second="4" time="83" type="corner" type_id="6"/>
	<message comment="Steve Sidwell recieves a yellow card" minute="76" period="2" second="22" time="79" type="card received" type_id="17"/>
	<message comment="Andrey Arshavin is caught offside" minute="76" period="2" time="79" type="offside" type_id="10000"/>
	<message comment="Zoltán Gera recieves a red card" minute="73" period="2" second="50" time="76" type="card received" type_id="17"/>
	<message comment="Brede Hangeland misses attempt (High, 18-yard box, Head, From corner)" minute="73" period="2" second="0" time="76" type="attempt missed" type_id="13"/>
	<message comment="Andrew Johnson wins a corner (To the right)" minute="72" period="2" second="34" time="75" type="corner" type_id="6"/>
	<message comment="Bobby Zamora is substituted off" minute="70" period="2" second="35" time="73" type="substitution off" type_id="18"/>
	<message comment="Zoltán Gera is substituted on" minute="70" period="2" second="35" time="73" type="substitution on" type_id="19"/>
	<message comment="Steve Sidwell misses attempt (To the right, Out of box, Right footed, Throw-in)" minute="70" period="2" second="4" time="73" type="attempt missed" type_id="13"/>
	<message comment="Simon Davies misses attempt (18-yard box, Right footed, Fast break)" minute="68" period="2" second="13" time="71" type="attempt missed" type_id="13"/>
	<message comment="Jonathan Greening is substituted off" minute="64" period="2" second="59" time="67" type="substitution off" type_id="18"/>
	<message comment="Simon Davies is substituted on" minute="64" period="2" second="59" time="67" type="substitution on" type_id="19"/>
	<message comment="Danny Murphy is substituted off" minute="64" period="2" second="55" time="67" type="substitution off" type_id="18"/>
	<message comment="Dickson Etuhu is substituted on" minute="64" period="2" second="55" time="67" type="substitution on" type_id="19"/>
	<message comment="Kieran Gibbs is substituted off" minute="64" period="2" second="20" time="67" type="substitution off" type_id="18"/>
	<message comment="Emmanuel Eboué is substituted on" minute="64" period="2" second="20" time="67" type="substitution on" type_id="19"/>
	<message comment="Abou Diaby is substituted off" minute="64" period="2" second="15" time="67" type="substitution off" type_id="18"/>
	<message comment="Andrey Arshavin is substituted on" minute="64" period="2" second="15" time="67" type="substitution on" type_id="19"/>
	<message comment="Aaron Ramsey is substituted off" minute="64" period="2" second="5" time="67" type="substitution off" type_id="18"/>
	<message comment="Theo Walcott is substituted on" minute="64" period="2" second="5" time="67" type="substitution on" type_id="19"/>
	<message comment="Robin van Persie misses attempt (To the left, 18-yard box, Head, Open play)" minute="63" period="2" second="28" time="66" type="attempt missed" type_id="13"/>
	<message comment="Andrew Johnson has shot blocked (18-yard box, Right footed, Open play)" minute="61" period="2" second="51" time="64" type="attempt blocked" type_id="15"/>
	<message comment="Thomas Vermaelen blocks a shot" minute="61" period="2" second="51" time="64" type="save made" type_id="10"/>
	<message comment="Marouane Chamakh misses attempt (To the right, 18-yard box, Big Chance, Right footed, Open play)" minute="61" period="2" second="35" time="64" type="attempt missed" type_id="13"/>
	<message comment="Bobby Zamora is caught offside" minute="60" period="2" time="63" type="offside" type_id="10000"/>
	<message comment="Steve Sidwell blocks a shot" minute="58" period="2" second="25" time="61" type="save made" type_id="10"/>
	<message comment="Bacary Sagna has shot blocked (Out of box, Left footed, Open play)" minute="58" period="2" second="25" time="61" type="attempt blocked" type_id="15"/>
	<message comment="Andrew Johnson misses attempt (High, 18-yard box, Right footed, Open play)" minute="57" period="2" second="32" time="60" type="attempt missed" type_id="13"/>
	<message comment="GOAL! Bobby Zamora scores , Assisted by Jonathan Greening (High to the centre, 6-yard box, Big Chance, Head, Open play)" minute="55" period="2" second="55" time="58" type="goal scored" type_id="16"/>
	<message comment="Robin van Persie misses attempt (High, Out of box, Left footed, Free kick)" minute="54" period="2" second="37" time="57" type="attempt missed" type_id="13"/>
	<message comment="Jonathan Greening recieves a yellow card" minute="54" period="2" second="1" time="57" type="card received" type_id="17"/>
	<message comment="Bobby Zamora wins a corner (To the right)" minute="52" period="2" second="29" time="55" type="corner" type_id="6"/>
	<message comment="Samir Nasri wins a corner (To the left)" minute="51" period="2" second="15" time="54" type="corner" type_id="6"/>
	<message comment="Mark Schwarzer makes a save (Parried safe, Diving)" minute="51" period="2" second="12" time="54" type="save made" type_id="10"/>
	<message comment="Samir Nasri has attempt saved (High to the left, Out of box, Right footed, Free kick)" minute="51" period="2" second="12" time="54" type="attempt blocked" type_id="15"/>
	<message comment="Robin van Persie recieves a yellow card" minute="48" period="2" second="30" time="51" type="card received" type_id="17"/>
	<message comment="Bobby Zamora wins a corner (To the left)" minute="47" period="2" second="19" time="50" type="corner" type_id="6"/>
	<message comment="Clint Dempsey is caught offside" minute="46" period="2" time="49" type="offside" type_id="10000"/>
	<message comment="Second half begins!" minute="45" period="2" second="0" time="48" type="start" type_id="32"/>
	<message comment="First half ends" minute="47" period="1" second="8" time="47" type="end" type_id="30"/>
	<message comment="Bobby Zamora is caught offside" minute="43" period="1" time="43" type="offside" type_id="10000"/>
	<message comment="Samir Nasri misses attempt (18-yard box, Right footed, Open play)" minute="39" period="1" second="26" time="39" type="attempt missed" type_id="13"/>
	<message comment="Danny Murphy wins a corner (To the right)" minute="37" period="1" second="28" time="37" type="corner" type_id="6"/>
	<message comment="Matthew Briggs wins a corner (To the left)" minute="33" period="1" second="25" time="33" type="corner" type_id="6"/>
	<message comment="GOAL! Robin van Persie scores , Assisted by Abou Diaby (Low to the right, 18-yard box, Big Chance, Left footed, Open play)" minute="28" period="1" second="50" time="28" type="goal scored" type_id="16"/>
	<message comment="Bobby Zamora misses attempt (To the right, 18-yard box, Left footed, Fast break)" minute="27" period="1" second="28" time="27" type="attempt missed" type_id="13"/>
	<message comment="GOAL! Steve Sidwell scores , Assisted by Bobby Zamora (Low to the right, 18-yard box, Big Chance, Right footed, Fast break)" minute="25" period="1" second="13" time="25" type="goal scored" type_id="16"/>
	<message comment="Andrew Johnson has attempt saved (Low to the centre, 18-yard box, Right footed, Open play)" minute="23" period="1" second="10" time="23" type="attempt blocked" type_id="15"/>
	<message comment="Wojciech Szczesny makes a save (Collected, Diving)" minute="23" period="1" second="10" time="23" type="save made" type_id="10"/>
	<message comment="Mark Schwarzer makes a save (Diving, Parried into danger)" minute="17" period="1" second="52" time="17" type="save made" type_id="10"/>
	<message comment="Kieran Gibbs has attempt saved (Low to the centre, 18-yard box, Big Chance, Head, Open play)" minute="17" period="1" second="52" time="17" type="attempt blocked" type_id="15"/>
	<message comment="Andrew Johnson is caught offside" minute="13" period="1" time="13" type="offside" type_id="10000"/>
	<message comment="Mark Schwarzer makes a save (Standing)" minute="8" period="1" second="32" time="8" type="save made" type_id="10"/>
	<message comment="Samir Nasri has attempt saved (High to the right, 18-yard box, Big Chance, Head, Open play)" minute="8" period="1" second="32" time="8" type="attempt blocked" type_id="15"/>
	<message comment="Formation Set" minute="0" period="14" second="0" time="6" type="end" type_id="30"/>
	<message comment="Robin van Persie is caught offside" minute="4" period="1" time="4" type="offside" type_id="10000"/>
	<message comment="First half begins!" minute="0" period="1" second="0" time="0" type="start" type_id="32"/>
</Commentary>
