<?xml version="1.0" ?>
<Commentary away_team_name="Fulham" competition="English Premier League" game_date="2011-02-14" home_team_name="Chelsea" lang_id="en" season="Season 2010/2011" season_id="2010" sport_id="1" sport_name="Football">
	<message comment="Second half ends" minute="94" period="2" second="51" time="96" type="end" type_id="30"/>
	<message comment="Clint Dempsey misses attempt (High to the right, 18-yard box, Right footed, Set piece)" minute="93" period="2" second="18" time="95" type="attempt missed" type_id="13"/>
	<message comment="Petr Cech makes a save (Parried into danger, Diving, Penalty)" minute="93" period="2" second="17" time="95" type="save made" type_id="10"/>
	<message comment="Clint Dempsey has attempt saved (Low to the left, 18-yard box, Penalty, Big Chance, Right footed)" minute="93" period="2" second="17" time="95" type="attempt blocked" type_id="15"/>
	<message comment="Zoltán Gera recieves a yellow card" minute="90" period="2" second="40" time="92" type="card received" type_id="17"/>
	<message comment="Simon Davies misses attempt (18-yard box, Head, Open play)" minute="89" period="2" second="39" time="91" type="attempt missed" type_id="13"/>
	<message comment="Didier Drogba misses attempt (High to the left, 18-yard box, Left footed, Open play)" minute="86" period="2" second="1" time="88" type="attempt missed" type_id="13"/>
	<message comment="Salomon Kalou misses attempt (High, 18-yard box, Head, Open play)" minute="84" period="2" second="18" time="86" type="attempt missed" type_id="13"/>
	<message comment="Danny Murphy is substituted off" minute="82" period="2" second="35" time="84" type="substitution off" type_id="18"/>
	<message comment="Zoltán Gera is substituted on" minute="82" period="2" second="35" time="84" type="substitution on" type_id="19"/>
	<message comment="Mousa Dembélé is substituted off" minute="82" period="2" second="27" time="84" type="substitution off" type_id="18"/>
	<message comment="Eidur Gudjohnsen is substituted on" minute="82" period="2" second="27" time="84" type="substitution on" type_id="19"/>
	<message comment="Clint Dempsey has attempt saved (Low to the centre, 18-yard box, Right footed, Open play)" minute="81" period="2" second="47" time="83" type="attempt blocked" type_id="15"/>
	<message comment="Petr Cech makes a save (Parried into danger, Diving)" minute="81" period="2" second="47" time="83" type="save made" type_id="10"/>
	<message comment="Mark Schwarzer makes a save (Standing)" minute="81" period="2" second="27" time="83" type="save made" type_id="10"/>
	<message comment="Ramires has attempt saved (High to the centre, Out of box, Right footed, Open play)" minute="81" period="2" second="27" time="83" type="attempt blocked" type_id="15"/>
	<message comment="Michael Essien misses attempt (To the left, 18-yard box, Big Chance, Head, Open play)" minute="77" period="2" second="52" time="79" type="attempt missed" type_id="13"/>
	<message comment="David Luiz wins a corner (To the right)" minute="77" period="2" second="20" time="79" type="corner" type_id="6"/>
	<message comment="Mark Schwarzer makes a save (Standing)" minute="76" period="2" second="19" time="78" type="save made" type_id="10"/>
	<message comment="Michael Essien has attempt saved (Low to the left, Out of box, Right footed, Open play)" minute="76" period="2" second="19" time="78" type="attempt blocked" type_id="15"/>
	<message comment="Simon Davies is substituted on" minute="73" period="2" second="20" time="75" type="substitution on" type_id="19"/>
	<message comment="Andrew Johnson is substituted off" minute="73" period="2" second="20" time="75" type="substitution off" type_id="18"/>
	<message comment="Ramires misses attempt (To the left, Out of box, Right footed, Open play)" minute="72" period="2" second="54" time="74" type="attempt missed" type_id="13"/>
	<message comment="Frank Lampard misses attempt (Out of box, Left footed, Throw-in)" minute="72" period="2" second="22" time="74" type="attempt missed" type_id="13"/>
	<message comment="Salomon Kalou wins a corner (To the right)" minute="71" period="2" second="35" time="73" type="corner" type_id="6"/>
	<message comment="Fernando Torres is substituted off" minute="70" period="2" second="30" time="72" type="substitution off" type_id="18"/>
	<message comment="Didier Drogba is substituted on" minute="70" period="2" second="30" time="72" type="substitution on" type_id="19"/>
	<message comment="David Luiz misses attempt (High, 18-yard box, Head, From corner)" minute="70" period="2" second="8" time="72" type="attempt missed" type_id="13"/>
	<message comment="Ramires wins a corner (To the left)" minute="69" period="2" second="49" time="71" type="corner" type_id="6"/>
	<message comment="David Luiz misses attempt (High to the right, Out of box, Right footed, Open play)" minute="68" period="2" second="7" time="70" type="attempt missed" type_id="13"/>
	<message comment="Florent Malouda misses attempt (Out of box, Right footed, Open play)" minute="66" period="2" second="18" time="68" type="attempt missed" type_id="13"/>
	<message comment="Nicolas Anelka is substituted off" minute="65" period="2" second="10" time="67" type="substitution off" type_id="18"/>
	<message comment="Salomon Kalou is substituted on" minute="65" period="2" second="10" time="67" type="substitution on" type_id="19"/>
	<message comment="Nicolas Anelka wins a corner (To the left)" minute="63" period="2" second="27" time="65" type="corner" type_id="6"/>
	<message comment="Brede Hangeland blocks a shot" minute="63" period="2" second="24" time="65" type="save made" type_id="10"/>
	<message comment="Nicolas Anelka has shot blocked (Out of box, Right footed, Open play)" minute="63" period="2" second="24" time="65" type="attempt blocked" type_id="15"/>
	<message comment="Carlos Salcido has attempt saved (Low to the right, Out of box, Right footed, Open play)" minute="63" period="2" second="8" time="65" type="attempt blocked" type_id="15"/>
	<message comment="Petr Cech makes a save (Standing, Parried safe)" minute="63" period="2" second="8" time="65" type="save made" type_id="10"/>
	<message comment="Chris Baird blocks a shot" minute="62" period="2" second="45" time="64" type="save made" type_id="10"/>
	<message comment="Florent Malouda has shot blocked (18-yard box, Right footed, Open play)" minute="62" period="2" second="45" time="64" type="attempt blocked" type_id="15"/>
	<message comment="Clint Dempsey wins a corner (To the left)" minute="59" period="2" second="2" time="61" type="corner" type_id="6"/>
	<message comment="Mark Schwarzer makes a save" minute="53" period="2" second="31" time="55" type="save made" type_id="10"/>
	<message comment="Ramires has attempt saved (Low to the left, Out of box, Right footed, Open play)" minute="53" period="2" second="31" time="55" type="attempt blocked" type_id="15"/>
	<message comment="Florent Malouda misses attempt (To the right, Out of box, Left footed, Open play)" minute="52" period="2" second="3" time="54" type="attempt missed" type_id="13"/>
	<message comment="Andrew Johnson is caught offside" minute="50" period="2" time="52" type="offside" type_id="10000"/>
	<message comment="Fernando Torres misses attempt (High to the right, 18-yard box, Right footed, Open play)" minute="49" period="2" second="59" time="51" type="attempt missed" type_id="13"/>
	<message comment="Fernando Torres misses attempt (18-yard box, Head, Open play)" minute="46" period="2" second="41" time="48" type="attempt missed" type_id="13"/>
	<message comment="Second half begins!" minute="45" period="2" second="0" time="47" type="start" type_id="32"/>
	<message comment="First half ends" minute="46" period="1" second="59" time="46" type="end" type_id="30"/>
	<message comment="Florent Malouda is caught offside" minute="45" period="1" time="45" type="offside" type_id="10000"/>
	<message comment="Clint Dempsey has attempt saved (Low to the right, Out of box, Right footed, Open play)" minute="44" period="1" second="36" time="44" type="attempt blocked" type_id="15"/>
	<message comment="Petr Cech makes a save (Standing)" minute="44" period="1" second="36" time="44" type="save made" type_id="10"/>
	<message comment="Mark Schwarzer makes a save (Parried safe, Diving, From shot off target)" minute="44" period="1" second="8" time="44" type="save made" type_id="10"/>
	<message comment="Fernando Torres misses attempt (18-yard box, Right footed, Open play)" minute="44" period="1" second="5" time="44" type="attempt missed" type_id="13"/>
	<message comment="Nicolas Anelka misses attempt (To the left, Out of box, Right footed, Open play)" minute="43" period="1" second="27" time="43" type="attempt missed" type_id="13"/>
	<message comment="Steve Sidwell recieves a yellow card" minute="42" period="1" second="26" time="42" type="card received" type_id="17"/>
	<message comment="Branislav Ivanovic recieves a yellow card" minute="37" period="1" second="39" time="37" type="card received" type_id="17"/>
	<message comment="Nicolas Anelka is caught offside" minute="33" period="1" time="33" type="offside" type_id="10000"/>
	<message comment="Branislav Ivanovic misses attempt (To the left, 18-yard box, Head, From corner)" minute="32" period="1" second="13" time="32" type="attempt missed" type_id="13"/>
	<message comment="Branislav Ivanovic wins a corner (To the right)" minute="31" period="1" second="48" time="31" type="corner" type_id="6"/>
	<message comment="Florent Malouda misses attempt (Out of box, Left footed, Open play)" minute="31" period="1" second="3" time="31" type="attempt missed" type_id="13"/>
	<message comment="Carlos Salcido misses attempt (High to the right, Out of box, Right footed, Open play)" minute="30" period="1" second="11" time="30" type="attempt missed" type_id="13"/>
	<message comment="Mousa Dembélé misses attempt (To the right, Out of box, Left footed, Open play)" minute="29" period="1" second="19" time="29" type="attempt missed" type_id="13"/>
	<message comment="Frank Lampard misses attempt (18-yard box, Right footed, Open play)" minute="27" period="1" second="46" time="27" type="attempt missed" type_id="13"/>
	<message comment="Damien Duff wins a corner (To the right)" minute="24" period="1" second="43" time="24" type="corner" type_id="6"/>
	<message comment="Damien Duff has attempt saved (Low to the right, Out of box, Left footed, Open play)" minute="23" period="1" second="46" time="23" type="attempt blocked" type_id="15"/>
	<message comment="Petr Cech makes a save (Standing, Parried safe)" minute="23" period="1" second="46" time="23" type="save made" type_id="10"/>
	<message comment="Mousa Dembélé wins a corner (To the left)" minute="21" period="1" second="37" time="21" type="corner" type_id="6"/>
	<message comment="Chris Baird has shot blocked (Out of box, Right footed, Open play)" minute="19" period="1" second="44" time="19" type="attempt blocked" type_id="15"/>
	<message comment="John Terry blocks a shot" minute="19" period="1" second="44" time="19" type="save made" type_id="10"/>
	<message comment="Ramires wins a corner (To the left)" minute="16" period="1" second="36" time="16" type="corner" type_id="6"/>
	<message comment="Carlos Salcido blocks a shot" minute="16" period="1" second="33" time="16" type="save made" type_id="10"/>
	<message comment="Ramires has shot blocked (Out of box, Right footed, Open play)" minute="16" period="1" second="33" time="16" type="attempt blocked" type_id="15"/>
	<message comment="Brede Hangeland blocks a shot" minute="16" period="1" second="31" time="16" type="save made" type_id="10"/>
	<message comment="Frank Lampard has shot blocked (Out of box, Right footed, Open play)" minute="16" period="1" second="31" time="16" type="attempt blocked" type_id="15"/>
	<message comment="Andrew Johnson has shot blocked (Out of box, Right footed, Open play)" minute="12" period="1" second="42" time="12" type="attempt blocked" type_id="15"/>
	<message comment="John Terry blocks a shot" minute="12" period="1" second="42" time="12" type="save made" type_id="10"/>
	<message comment="Frank Lampard misses attempt (To the left, Out of box, Right footed, Open play)" minute="9" period="1" second="27" time="9" type="attempt missed" type_id="13"/>
	<message comment="John Terry misses attempt (To the right, 18-yard box, Head, Open play)" minute="8" period="1" second="51" time="8" type="attempt missed" type_id="13"/>
	<message comment="Brede Hangeland misses attempt (To the right, 18-yard box, Head, From corner)" minute="6" period="1" second="7" time="6" type="attempt missed" type_id="13"/>
	<message comment="Formation Set" minute="0" period="14" second="0" time="6" type="end" type_id="30"/>
	<message comment="Andrew Johnson wins a corner (To the right)" minute="5" period="1" second="36" time="5" type="corner" type_id="6"/>
	<message comment="David Luiz blocks a shot" minute="5" period="1" second="32" time="5" type="save made" type_id="10"/>
	<message comment="Andrew Johnson has shot blocked (18-yard box, Right footed, Open play)" minute="5" period="1" second="32" time="5" type="attempt blocked" type_id="15"/>
	<message comment="Florent Malouda is caught offside" minute="2" period="1" time="2" type="offside" type_id="10000"/>
	<message comment="First half begins!" minute="0" period="1" second="0" time="0" type="start" type_id="32"/>
</Commentary>
