<?xml version="1.0" ?>
<Commentary away_team_name="Fulham" competition="English Premier League" game_date="2014-03-30" home_team_name="Everton" lang_id="en" season="Season 2013/2014" season_id="2013" sport_id="1" sport_name="Football">
	<message comment="Second half ends" minute="94" period="2" second="6" time="96" type="end" type_id="30"/>
	<message comment="Cauley Woodrow wins a corner (To the left)" minute="94" period="2" second="2" time="96" type="corner" type_id="6"/>
	<message comment="Kevin Mirallas misses attempt (To the left, 18-yard box, Left footed, Open play)" minute="93" period="2" second="26" time="95" type="attempt missed" type_id="13"/>
	<message comment="Ashkan Dejagah has attempt saved (Low to the left, 18-yard box, Left footed, Open play)" minute="92" period="2" second="51" time="94" type="attempt blocked" type_id="15"/>
	<message comment="Tim Howard makes a save (Collected)" minute="92" period="2" second="51" time="94" type="save made" type_id="10"/>
	<message comment="Kevin Mirallas is caught offside" minute="90" period="2" time="92" type="offside" type_id="10000"/>
	<message comment="Steven Naismith hits the woodwork (To the left, Out of box, Right footed, Open play)" minute="89" period="2" second="43" time="91" type="woodwork hit" type_id="14"/>
	<message comment="Kevin Mirallas wins a corner (To the left)" minute="87" period="2" second="59" time="89" type="corner" type_id="6"/>
	<message comment="GOAL! Steven Naismith scores , Assisted by Leighton Baines (Low to the right, 6-yard box, Big Chance, Right footed, Open play)" minute="86" period="2" second="2" time="88" type="goal scored" type_id="16"/>
	<message comment="David Stockdale makes a save (Standing, Parried safe)" minute="83" period="2" second="2" time="85" type="save made" type_id="10"/>
	<message comment="Steven Naismith has attempt saved (Low to the centre, 18-yard box, Big Chance, Right footed, Open play)" minute="83" period="2" second="2" time="85" type="attempt blocked" type_id="15"/>
	<message comment="Kevin Mirallas wins a corner (To the right)" minute="82" period="2" second="7" time="84" type="corner" type_id="6"/>
	<message comment="Pajtim Kasami is caught offside" minute="81" period="2" time="83" type="offside" type_id="10000"/>
	<message comment="Moussa Dembele is substituted off" minute="80" period="2" second="53" time="82" type="substitution off" type_id="18"/>
	<message comment="Patrick Roberts is substituted on" minute="80" period="2" second="53" time="82" type="substitution on" type_id="19"/>
	<message comment="GOAL! Kevin Mirallas scores , Assisted by Aiden McGeady (Low to the left, 18-yard box, Left footed, Open play)" minute="78" period="2" second="13" time="80" type="goal scored" type_id="16"/>
	<message comment="James McCarthy misses attempt (To the left, 18-yard box, Right footed, Open play)" minute="76" period="2" second="59" time="78" type="attempt missed" type_id="13"/>
	<message comment="Leon Osman is substituted off" minute="76" period="2" second="38" time="78" type="substitution off" type_id="18"/>
	<message comment="Aiden McGeady is substituted on" minute="76" period="2" second="38" time="78" type="substitution on" type_id="19"/>
	<message comment="Pajtim Kasami has attempt saved (Low to the centre, 18-yard box, Left footed, Open play)" minute="75" period="2" second="46" time="77" type="attempt blocked" type_id="15"/>
	<message comment="Tim Howard makes a save (Parried into danger, Diving)" minute="75" period="2" second="46" time="77" type="save made" type_id="10"/>
	<message comment="John Heitinga has shot blocked (18-yard box, Left footed, Open play)" minute="75" period="2" second="45" time="77" type="attempt blocked" type_id="15"/>
	<message comment="Gareth Barry blocks a shot" minute="75" period="2" second="45" time="77" type="save made" type_id="10"/>
	<message comment="John Heitinga has shot blocked (Out of box, Left footed, Open play)" minute="75" period="2" second="28" time="77" type="attempt blocked" type_id="15"/>
	<message comment="James McCarthy blocks a shot" minute="75" period="2" second="28" time="77" type="save made" type_id="10"/>
	<message comment="Moussa Dembele has shot blocked (18-yard box, Left footed, Set piece)" minute="75" period="2" second="15" time="77" type="attempt blocked" type_id="15"/>
	<message comment="Sylvain Distin blocks a shot" minute="75" period="2" second="15" time="77" type="save made" type_id="10"/>
	<message comment="John Heitinga has attempt saved (Low to the centre, 6-yard box, Big Chance, Head, Set piece)" minute="75" period="2" second="14" time="77" type="attempt blocked" type_id="15"/>
	<message comment="Tim Howard makes a save (Parried into danger, Diving)" minute="75" period="2" second="14" time="77" type="save made" type_id="10"/>
	<message comment="Leighton Baines recieves a yellow card" minute="74" period="2" second="40" time="76" type="card received" type_id="17"/>
	<message comment="Cauley Woodrow is caught offside" minute="73" period="2" time="75" type="offside" type_id="10000"/>
	<message comment="Steve Sidwell blocks a shot" minute="72" period="2" second="35" time="74" type="save made" type_id="10"/>
	<message comment="Romelu Lukaku has shot blocked (Out of box, Left footed, Open play)" minute="72" period="2" second="35" time="74" type="attempt blocked" type_id="15"/>
	<message comment="GOAL! Ashkan Dejagah scores , Assisted by Steve Sidwell (High to the left, Out of box, Right footed, Open play)" minute="70" period="2" second="9" time="72" type="goal scored" type_id="16"/>
	<message comment="Pajtim Kasami has attempt saved (Low to the centre, Out of box, Left footed, Open play)" minute="69" period="2" second="29" time="71" type="attempt blocked" type_id="15"/>
	<message comment="Tim Howard makes a save (Collected)" minute="69" period="2" second="29" time="71" type="save made" type_id="10"/>
	<message comment="Gerard Deulofeu is substituted off" minute="67" period="2" second="36" time="69" type="substitution off" type_id="18"/>
	<message comment="Kevin Mirallas is substituted on" minute="67" period="2" second="36" time="69" type="substitution on" type_id="19"/>
	<message comment="Ashkan Dejagah wins a corner (To the left)" minute="67" period="2" second="3" time="69" type="corner" type_id="6"/>
	<message comment="David Stockdale makes a save (Diving, Parried safe)" minute="64" period="2" second="7" time="66" type="save made" type_id="10"/>
	<message comment="Romelu Lukaku has attempt saved (Low to the centre, 18-yard box, Left footed, Open play)" minute="64" period="2" second="7" time="66" type="attempt blocked" type_id="15"/>
	<message comment="William Kvist is substituted off" minute="63" period="2" second="46" time="65" type="substitution off" type_id="18"/>
	<message comment="Cauley Woodrow is substituted on" minute="63" period="2" second="46" time="65" type="substitution on" type_id="19"/>
	<message comment="Kieran Richardson is substituted off" minute="63" period="2" second="39" time="65" type="substitution off" type_id="18"/>
	<message comment="Ashkan Dejagah is substituted on" minute="63" period="2" second="39" time="65" type="substitution on" type_id="19"/>
	<message comment="Steve Sidwell blocks a shot" minute="61" period="2" second="20" time="63" type="save made" type_id="10"/>
	<message comment="Leon Osman has shot blocked (Out of box, Right footed, Open play)" minute="61" period="2" second="20" time="63" type="attempt blocked" type_id="15"/>
	<message comment="Steve Sidwell misses attempt (High, 18-yard box, Head, From corner)" minute="60" period="2" second="30" time="62" type="attempt missed" type_id="13"/>
	<message comment="Sascha Riether wins a corner (To the right)" minute="60" period="2" second="5" time="62" type="corner" type_id="6"/>
	<message comment="Romelu Lukaku has attempt saved (Low to the right, 18-yard box, Right footed, Open play)" minute="51" period="2" second="16" time="53" type="attempt blocked" type_id="15"/>
	<message comment="David Stockdale makes a save (Diving)" minute="51" period="2" second="16" time="53" type="save made" type_id="10"/>
	<message comment="David Stockdale scores an OWN GOAL!  (Low to the right, 6-yard box, Right footed, From corner)" minute="49" period="2" second="58" time="51" type="goal scored" type_id="16"/>
	<message comment="William Kvist blocks a shot" minute="49" period="2" second="56" time="51" type="save made" type_id="10"/>
	<message comment="Steven Naismith has shot blocked (18-yard box, Left footed, From corner)" minute="49" period="2" second="56" time="51" type="attempt blocked" type_id="15"/>
	<message comment="Gerard Deulofeu wins a corner (To the right)" minute="49" period="2" second="23" time="51" type="corner" type_id="6"/>
	<message comment="Kieran Richardson misses attempt (High, Out of box, Left footed, Open play)" minute="48" period="2" second="21" time="50" type="attempt missed" type_id="13"/>
	<message comment="Steven Naismith wins a corner (To the right)" minute="46" period="2" second="56" time="48" type="corner" type_id="6"/>
	<message comment="Ross Barkley is substituted off" minute="45" period="2" second="0" time="47" type="substitution off" type_id="18"/>
	<message comment="Steven Naismith is substituted on" minute="45" period="2" second="0" time="47" type="substitution on" type_id="19"/>
	<message comment="Second half begins!" minute="45" period="2" second="0" time="47" type="start" type_id="32"/>
	<message comment="First half ends" minute="46" period="1" second="5" time="46" type="end" type_id="30"/>
	<message comment="Moussa Dembele has attempt saved (Low to the centre, 18-yard box, Big Chance, Head, Open play)" minute="45" period="1" second="55" time="45" type="attempt blocked" type_id="15"/>
	<message comment="Tim Howard makes a save" minute="45" period="1" second="55" time="45" type="save made" type_id="10"/>
	<message comment="Moussa Dembele misses attempt (High, Out of box, Right footed, Open play)" minute="43" period="1" second="33" time="43" type="attempt missed" type_id="13"/>
	<message comment="Steve Sidwell misses attempt (To the left, Out of box, Left footed, Open play)" minute="40" period="1" second="36" time="40" type="attempt missed" type_id="13"/>
	<message comment="Pajtim Kasami has shot blocked (18-yard box, Left footed, Open play)" minute="37" period="1" second="3" time="37" type="attempt blocked" type_id="15"/>
	<message comment="James McCarthy blocks a shot" minute="37" period="1" second="3" time="37" type="save made" type_id="10"/>
	<message comment="David Stockdale makes a save (Standing)" minute="35" period="1" second="26" time="35" type="save made" type_id="10"/>
	<message comment="Ross Barkley has attempt saved (Low to the centre, Out of box, Right footed, Open play)" minute="35" period="1" second="26" time="35" type="attempt blocked" type_id="15"/>
	<message comment="Lewis Holtby has shot blocked (18-yard box, Left footed, Open play)" minute="34" period="1" second="42" time="34" type="attempt blocked" type_id="15"/>
	<message comment="Sylvain Distin blocks a shot" minute="34" period="1" second="42" time="34" type="save made" type_id="10"/>
	<message comment="John Arne Riise misses attempt (High to the right, Out of box, Left footed, Open play)" minute="33" period="1" second="33" time="33" type="attempt missed" type_id="13"/>
	<message comment="Lewis Holtby misses attempt (To the right, Out of box, Right footed, Set piece)" minute="31" period="1" second="15" time="31" type="attempt missed" type_id="13"/>
	<message comment="Séamus Coleman recieves a yellow card" minute="30" period="1" second="57" time="30" type="card received" type_id="17"/>
	<message comment="Moussa Dembele is caught offside" minute="29" period="1" time="29" type="offside" type_id="10000"/>
	<message comment="Lewis Holtby wins a corner (To the left)" minute="27" period="1" second="1" time="27" type="corner" type_id="6"/>
	<message comment="Steve Sidwell is caught offside" minute="27" period="1" time="27" type="offside" type_id="10000"/>
	<message comment="Lewis Holtby has attempt saved (High to the centre, 18-yard box, Head, Open play)" minute="26" period="1" second="59" time="26" type="attempt blocked" type_id="15"/>
	<message comment="Tim Howard makes a save (Parried safe, Diving)" minute="26" period="1" second="59" time="26" type="save made" type_id="10"/>
	<message comment="Lewis Holtby is caught offside" minute="25" period="1" time="25" type="offside" type_id="10000"/>
	<message comment="Sascha Riether recieves a yellow card" minute="22" period="1" second="55" time="22" type="card received" type_id="17"/>
	<message comment="Pajtim Kasami has shot blocked (Out of box, Left footed, Open play)" minute="22" period="1" second="44" time="22" type="attempt blocked" type_id="15"/>
	<message comment="Gareth Barry blocks a shot" minute="22" period="1" second="44" time="22" type="save made" type_id="10"/>
	<message comment="David Stockdale makes a save (Diving, Parried into danger)" minute="22" period="1" second="28" time="22" type="save made" type_id="10"/>
	<message comment="Gerard Deulofeu has attempt saved (Low to the centre, 18-yard box, Right footed, Open play)" minute="22" period="1" second="28" time="22" type="attempt blocked" type_id="15"/>
	<message comment="Kieran Richardson has attempt saved (Low to the centre, 18-yard box, Big Chance, Left footed, Open play)" minute="22" period="1" second="9" time="22" type="attempt blocked" type_id="15"/>
	<message comment="Tim Howard makes a save (Parried safe, Diving)" minute="22" period="1" second="9" time="22" type="save made" type_id="10"/>
	<message comment="Steve Sidwell is caught offside" minute="21" period="1" time="21" type="offside" type_id="10000"/>
	<message comment="Moussa Dembele is caught offside" minute="20" period="1" time="20" type="offside" type_id="10000"/>
	<message comment="Pajtim Kasami misses attempt (6-yard box, Head, From corner)" minute="12" period="1" second="57" time="12" type="attempt missed" type_id="13"/>
	<message comment="Brede Hangeland misses attempt (To the left, 18-yard box, Key pass, Head, From corner)" minute="12" period="1" second="56" time="12" type="attempt missed" type_id="13"/>
	<message comment="Moussa Dembele wins a corner (To the right)" minute="12" period="1" second="26" time="12" type="corner" type_id="6"/>
	<message comment="John Arne Riise wins a corner (To the left)" minute="11" period="1" second="36" time="11" type="corner" type_id="6"/>
	<message comment="Formation Set" minute="0" period="14" second="0" time="6" type="end" type_id="30"/>
	<message comment="Lewis Holtby misses attempt (High to the right, 18-yard box, Right footed, Fast break)" minute="2" period="1" second="49" time="2" type="attempt missed" type_id="13"/>
	<message comment="Gerard Deulofeu wins a corner (To the left)" minute="1" period="1" second="47" time="1" type="corner" type_id="6"/>
	<message comment="Romelu Lukaku wins a corner (To the left)" minute="1" period="1" second="19" time="1" type="corner" type_id="6"/>
	<message comment="Romelu Lukaku has shot blocked (18-yard box, Left footed, Open play)" minute="1" period="1" second="17" time="1" type="attempt blocked" type_id="15"/>
	<message comment="John Heitinga blocks a shot" minute="1" period="1" second="17" time="1" type="save made" type_id="10"/>
	<message comment="Pajtim Kasami is caught offside" minute="0" period="1" time="0" type="offside" type_id="10000"/>
	<message comment="First half begins!" minute="0" period="1" second="0" time="0" type="start" type_id="32"/>
</Commentary>
