<?xml version="1.0" ?>
<Commentary away_team_name="Hull" competition="English Premier League" game_date="2013-12-01" home_team_name="Liverpool" lang_id="en" season="Season 2013/2014" season_id="2013" sport_id="1" sport_name="Football">
	<message comment="Second half ends" minute="94" period="2" second="8" time="96" type="end" type_id="30"/>
	<message comment="Robbie Brady is substituted off" minute="91" period="2" second="58" time="93" type="substitution off" type_id="18"/>
	<message comment="George Boyd is substituted on" minute="91" period="2" second="58" time="93" type="substitution on" type_id="19"/>
	<message comment="Ahmed El Mohamady misses attempt (To the left, 18-yard box, Right footed, Fast break)" minute="90" period="2" second="52" time="92" type="attempt missed" type_id="13"/>
	<message comment="Yannick Sagbo is substituted off" minute="89" period="2" second="7" time="91" type="substitution off" type_id="18"/>
	<message comment="Danny Graham is substituted on" minute="89" period="2" second="7" time="91" type="substitution on" type_id="19"/>
	<message comment="Martin Skrtel scores an OWN GOAL!  (Low to the right, 18-yard box, Head, Open play)" minute="86" period="2" second="29" time="88" type="goal scored" type_id="16"/>
	<message comment="Tom Huddlestone misses attempt (18-yard box, Left footed, Open play)" minute="86" period="2" second="27" time="88" type="attempt missed" type_id="13"/>
	<message comment="Yannick Sagbo has attempt saved (Low to the centre, Out of box, Big Chance, Right footed, Open play)" minute="85" period="2" second="56" time="87" type="attempt blocked" type_id="15"/>
	<message comment="Simon Mignolet makes a save (Diving, Collected)" minute="85" period="2" second="56" time="87" type="save made" type_id="10"/>
	<message comment="Luis Suárez misses attempt (Out of box, Right footed, Free kick)" minute="82" period="2" second="29" time="84" type="attempt missed" type_id="13"/>
	<message comment="Luis Suárez has shot blocked (Out of box, Right footed, Open play)" minute="75" period="2" second="18" time="77" type="attempt blocked" type_id="15"/>
	<message comment="Alex Bruce blocks a shot" minute="75" period="2" second="18" time="77" type="save made" type_id="10"/>
	<message comment="Victor Moses is substituted off" minute="73" period="2" second="39" time="75" type="substitution off" type_id="18"/>
	<message comment="Luis Alberto is substituted on" minute="73" period="2" second="39" time="75" type="substitution on" type_id="19"/>
	<message comment="GOAL! David Meyler scores  (Low to the right, 18-yard box, Left footed, Open play)" minute="71" period="2" second="8" time="73" type="goal scored" type_id="16"/>
	<message comment="Kolo Touré blocks a shot" minute="71" period="2" second="6" time="73" type="save made" type_id="10"/>
	<message comment="David Meyler has shot blocked (Out of box, Left footed, Open play)" minute="71" period="2" second="6" time="73" type="attempt blocked" type_id="15"/>
	<message comment="Allan McGregor makes a save (Diving, Parried safe)" minute="70" period="2" second="10" time="72" type="save made" type_id="10"/>
	<message comment="Victor Moses has attempt saved (Low to the centre, 6-yard box, Big Chance, Right footed, Open play)" minute="70" period="2" second="10" time="72" type="attempt blocked" type_id="15"/>
	<message comment="Tom Huddlestone misses attempt (To the left, Out of box, Left footed, Open play)" minute="69" period="2" second="39" time="71" type="attempt missed" type_id="13"/>
	<message comment="Luis Suárez misses attempt (To the left, Out of box, Right footed, Open play)" minute="67" period="2" second="49" time="69" type="attempt missed" type_id="13"/>
	<message comment="Ahmed El Mohamady wins a corner (To the right)" minute="67" period="2" second="4" time="69" type="corner" type_id="6"/>
	<message comment="Robert Koren is substituted off" minute="65" period="2" second="38" time="67" type="substitution off" type_id="18"/>
	<message comment="Liam Rosenior is substituted on" minute="65" period="2" second="38" time="67" type="substitution on" type_id="19"/>
	<message comment="Raheem Sterling is substituted off" minute="65" period="2" second="18" time="67" type="substitution off" type_id="18"/>
	<message comment="Philippe Coutinho is substituted on" minute="65" period="2" second="18" time="67" type="substitution on" type_id="19"/>
	<message comment="Curtis Davies misses attempt (To the left, 18-yard box, Head, Set piece)" minute="60" period="2" second="55" time="62" type="attempt missed" type_id="13"/>
	<message comment="Victor Moses wins a corner (To the right)" minute="55" period="2" second="44" time="57" type="corner" type_id="6"/>
	<message comment="Luis Suárez wins a corner (To the right)" minute="50" period="2" second="20" time="52" type="corner" type_id="6"/>
	<message comment="Luis Suárez has attempt saved (Low to the right, 18-yard box, Right footed, Open play)" minute="46" period="2" second="48" time="48" type="attempt blocked" type_id="15"/>
	<message comment="Allan McGregor makes a save (Diving)" minute="46" period="2" second="48" time="48" type="save made" type_id="10"/>
	<message comment="Second half begins!" minute="45" period="2" second="0" time="47" type="start" type_id="32"/>
	<message comment="First half ends" minute="46" period="1" second="2" time="46" type="end" type_id="30"/>
	<message comment="Kolo Touré has shot blocked (18-yard box, Right footed, From corner)" minute="45" period="1" second="39" time="45" type="attempt blocked" type_id="15"/>
	<message comment="Alex Bruce blocks a shot" minute="45" period="1" second="39" time="45" type="save made" type_id="10"/>
	<message comment="Jordan Henderson wins a corner (To the right)" minute="45" period="1" second="3" time="45" type="corner" type_id="6"/>
	<message comment="Allan McGregor makes a save (Collected)" minute="44" period="1" second="35" time="44" type="save made" type_id="10"/>
	<message comment="Luis Suárez has attempt saved (Low to the centre, 18-yard box, Right footed, Open play)" minute="44" period="1" second="35" time="44" type="attempt blocked" type_id="15"/>
	<message comment="Robbie Brady recieves a yellow card" minute="43" period="1" second="44" time="43" type="card received" type_id="17"/>
	<message comment="Robbie Brady has shot blocked (Out of box, Left footed, Open play)" minute="42" period="1" second="30" time="42" type="attempt blocked" type_id="15"/>
	<message comment="Kolo Touré blocks a shot" minute="42" period="1" second="30" time="42" type="save made" type_id="10"/>
	<message comment="Curtis Davies blocks a shot" minute="41" period="1" second="11" time="41" type="save made" type_id="10"/>
	<message comment="Raheem Sterling has shot blocked (Out of box, Right footed, Open play)" minute="41" period="1" second="11" time="41" type="attempt blocked" type_id="15"/>
	<message comment="Tom Huddlestone has attempt saved (Low to the centre, Out of box, Right footed, Open play)" minute="34" period="1" second="41" time="34" type="attempt blocked" type_id="15"/>
	<message comment="Simon Mignolet makes a save (Collected)" minute="34" period="1" second="41" time="34" type="save made" type_id="10"/>
	<message comment="Tom Huddlestone misses attempt (High to the right, Out of box, Right footed, Set piece)" minute="28" period="1" second="56" time="28" type="attempt missed" type_id="13"/>
	<message comment="GOAL! Steven Gerrard scores  (Low to the right, Out of box, Right footed, Free kick)" minute="26" period="1" second="16" time="26" type="goal scored" type_id="16"/>
	<message comment="Curtis Davies recieves a yellow card" minute="24" period="1" second="55" time="24" type="card received" type_id="17"/>
	<message comment="GOAL! Jake Livermore scores , Assisted by David Meyler (Low to the left, Out of box, Right footed, Open play)" minute="19" period="1" second="43" time="19" type="goal scored" type_id="16"/>
	<message comment="Curtis Davies misses attempt (18-yard box, Head, From corner)" minute="15" period="1" second="0" time="15" type="attempt missed" type_id="13"/>
	<message comment="Ahmed El Mohamady wins a corner (To the right)" minute="14" period="1" second="30" time="14" type="corner" type_id="6"/>
	<message comment="Robert Koren is caught offside" minute="12" period="1" time="12" type="offside" type_id="10000"/>
	<message comment="Yannick Sagbo is caught offside" minute="8" period="1" time="8" type="offside" type_id="10000"/>
	<message comment="Raheem Sterling wins a corner (To the right)" minute="6" period="1" second="34" time="6" type="corner" type_id="6"/>
	<message comment="Formation Set" minute="0" period="14" second="0" time="6" type="end" type_id="30"/>
	<message comment="Jordan Henderson wins a corner (To the left)" minute="4" period="1" second="51" time="4" type="corner" type_id="6"/>
	<message comment="Victor Moses wins a corner (To the left)" minute="3" period="1" second="14" time="3" type="corner" type_id="6"/>
	<message comment="Yannick Sagbo is caught offside" minute="2" period="1" time="2" type="offside" type_id="10000"/>
	<message comment="First half begins!" minute="0" period="1" second="0" time="0" type="start" type_id="32"/>
</Commentary>
