<?xml version="1.0" ?>
<Commentary away_team_name="Hull" competition="English Premier League" game_date="2014-03-01" home_team_name="Newcastle United" lang_id="en" season="Season 2013/2014" season_id="2013" sport_id="1" sport_name="Football">
	<message comment="Second half ends" minute="94" period="2" second="17" time="97" type="end" type_id="30"/>
	<message comment="GOAL! Vurnon Anita scores  (Low to the centre, 6-yard box, Big Chance, Right footed, Open play)" minute="92" period="2" second="44" time="95" type="goal scored" type_id="16"/>
	<message comment="David Meyler blocks a shot" minute="92" period="2" second="42" time="95" type="save made" type_id="10"/>
	<message comment="Paul Dummett has shot blocked (18-yard box, Left footed, Open play)" minute="92" period="2" second="42" time="95" type="attempt blocked" type_id="15"/>
	<message comment="James Chester has shot blocked (18-yard box, Head, From corner)" minute="91" period="2" second="29" time="94" type="attempt blocked" type_id="15"/>
	<message comment="Ahmed El Mohamady wins a corner (To the left)" minute="91" period="2" second="10" time="94" type="corner" type_id="6"/>
	<message comment="Loïc Rémy wins a corner (To the right)" minute="89" period="2" second="47" time="92" type="corner" type_id="6"/>
	<message comment="Alex Bruce blocks a shot" minute="89" period="2" second="41" time="92" type="save made" type_id="10"/>
	<message comment="Loïc Rémy has shot blocked (18-yard box, Right footed, Fast break)" minute="89" period="2" second="41" time="92" type="attempt blocked" type_id="15"/>
	<message comment="Luuk de Jong is substituted off" minute="89" period="2" second="13" time="92" type="substitution off" type_id="18"/>
	<message comment="Dan Gosling is substituted on" minute="89" period="2" second="13" time="92" type="substitution on" type_id="19"/>
	<message comment="Nikica Jelavic misses attempt (To the right, 18-yard box, Head, Open play)" minute="86" period="2" second="19" time="89" type="attempt missed" type_id="13"/>
	<message comment="Curtis Davies is substituted off" minute="85" period="2" second="20" time="88" type="substitution off" type_id="18"/>
	<message comment="James Chester is substituted on" minute="85" period="2" second="20" time="88" type="substitution on" type_id="19"/>
	<message comment="Sone Aluko wins a corner (To the right)" minute="83" period="2" second="16" time="86" type="corner" type_id="6"/>
	<message comment="Tom Huddlestone recieves a yellow card" minute="80" period="2" second="25" time="83" type="card received" type_id="17"/>
	<message comment="Curtis Davies misses attempt (To the right, 18-yard box, Head, From corner)" minute="75" period="2" second="0" time="78" type="attempt missed" type_id="13"/>
	<message comment="Liam Rosenior wins a corner (To the left)" minute="74" period="2" second="43" time="77" type="corner" type_id="6"/>
	<message comment="Robert Koren has shot blocked (Out of box, Right footed, From corner)" minute="74" period="2" second="5" time="77" type="attempt blocked" type_id="15"/>
	<message comment="Vurnon Anita blocks a shot" minute="74" period="2" second="5" time="77" type="save made" type_id="10"/>
	<message comment="Nikica Jelavic wins a corner (To the left)" minute="73" period="2" second="41" time="76" type="corner" type_id="6"/>
	<message comment="recieves a red card" minute="72" period="2" second="7" time="75" type="card received" type_id="17"/>
	<message comment="David Meyler recieves a yellow card" minute="71" period="2" second="58" time="74" type="card received" type_id="17"/>
	<message comment="Ahmed El Mohamady blocks a shot (Last line)" minute="70" period="2" second="37" time="73" type="save made" type_id="10"/>
	<message comment="Yoan Gouffran has shot blocked (6-yard box, Left footed, From corner)" minute="70" period="2" second="37" time="73" type="attempt blocked" type_id="15"/>
	<message comment="Loïc Rémy wins a corner (To the right)" minute="70" period="2" second="8" time="73" type="corner" type_id="6"/>
	<message comment="Loïc Rémy has attempt saved (High to the right, Out of box, Left footed, Open play)" minute="69" period="2" second="49" time="72" type="attempt blocked" type_id="15"/>
	<message comment="Allan McGregor makes a save (Diving)" minute="69" period="2" second="49" time="72" type="save made" type_id="10"/>
	<message comment="Loïc Rémy misses attempt (High, Out of box, Right footed, Open play)" minute="62" period="2" second="46" time="65" type="attempt missed" type_id="13"/>
	<message comment="Jake Livermore is substituted off" minute="61" period="2" second="27" time="64" type="substitution off" type_id="18"/>
	<message comment="Sone Aluko is substituted on" minute="61" period="2" second="27" time="64" type="substitution on" type_id="19"/>
	<message comment="Maynor Figueroa is substituted off" minute="61" period="2" second="12" time="64" type="substitution off" type_id="18"/>
	<message comment="Robert Koren is substituted on" minute="61" period="2" second="12" time="64" type="substitution on" type_id="19"/>
	<message comment="Luuk de Jong misses attempt (To the right, 6-yard box, Right footed, From corner)" minute="60" period="2" second="26" time="63" type="attempt missed" type_id="13"/>
	<message comment="Mathieu Debuchy has shot blocked (18-yard box, Key pass, Right footed, From corner)" minute="60" period="2" second="24" time="63" type="attempt blocked" type_id="15"/>
	<message comment="Paul Dummett wins a corner (To the left)" minute="59" period="2" second="55" time="62" type="corner" type_id="6"/>
	<message comment="Mathieu Debuchy is caught offside" minute="57" period="2" time="60" type="offside" type_id="10000"/>
	<message comment="Yoan Gouffran misses attempt (To the right, 18-yard box, Left footed, Open play)" minute="56" period="2" second="1" time="59" type="attempt missed" type_id="13"/>
	<message comment="GOAL! Moussa Sissoko scores  (Low to the centre, 6-yard box, Big Chance, Right footed, Fast break)" minute="54" period="2" second="35" time="57" type="goal scored" type_id="16"/>
	<message comment="Allan McGregor makes a save (Diving, Parried into danger)" minute="54" period="2" second="33" time="57" type="save made" type_id="10"/>
	<message comment="Yoan Gouffran has attempt saved (Low to the centre, Out of box, Right footed, Fast break)" minute="54" period="2" second="33" time="57" type="attempt blocked" type_id="15"/>
	<message comment="Nikica Jelavic recieves a yellow card" minute="52" period="2" second="53" time="55" type="card received" type_id="17"/>
	<message comment="GOAL! Curtis Davies scores , Assisted by Tom Huddlestone (Low to the right, 18-yard box, Head, Set piece)" minute="45" period="2" second="58" time="48" type="goal scored" type_id="16"/>
	<message comment="Second half begins!" minute="45" period="2" second="0" time="48" type="start" type_id="32"/>
	<message comment="First half ends" minute="47" period="1" second="2" time="47" type="end" type_id="30"/>
	<message comment="GOAL! Loïc Rémy scores  (Low to the centre, 18-yard box, Big Chance, Right footed, Fast break)" minute="41" period="1" second="55" time="41" type="goal scored" type_id="16"/>
	<message comment="Shane Long misses attempt (High to the right, Out of box, Right footed, Open play)" minute="40" period="1" second="19" time="40" type="attempt missed" type_id="13"/>
	<message comment="Ahmed El Mohamady misses attempt (6-yard box, Big Chance, Head, Open play)" minute="39" period="1" second="7" time="39" type="attempt missed" type_id="13"/>
	<message comment="Nikica Jelavic has shot blocked (Out of box, Right footed, Free kick)" minute="35" period="1" second="39" time="35" type="attempt blocked" type_id="15"/>
	<message comment="Luuk de Jong blocks a shot" minute="35" period="1" second="39" time="35" type="save made" type_id="10"/>
	<message comment="Mapou Yanga-Mbiwa recieves a yellow card" minute="34" period="1" second="51" time="34" type="card received" type_id="17"/>
	<message comment="Loïc Rémy has shot blocked (Out of box, Right footed, Free kick)" minute="29" period="1" second="54" time="29" type="attempt blocked" type_id="15"/>
	<message comment="Curtis Davies blocks a shot" minute="29" period="1" second="54" time="29" type="save made" type_id="10"/>
	<message comment="Cheick Tioté recieves a yellow card" minute="28" period="1" second="5" time="28" type="card received" type_id="17"/>
	<message comment="Nikica Jelavic misses attempt (18-yard box, Big Chance, Head, Open play)" minute="26" period="1" second="32" time="26" type="attempt missed" type_id="13"/>
	<message comment="Shane Long misses attempt (To the right, 18-yard box, Head, Open play)" minute="22" period="1" second="34" time="22" type="attempt missed" type_id="13"/>
	<message comment="Loïc Rémy is caught offside" minute="21" period="1" time="21" type="offside" type_id="10000"/>
	<message comment="Nikica Jelavic is caught offside" minute="16" period="1" time="16" type="offside" type_id="10000"/>
	<message comment="Shane Long misses attempt (18-yard box, Head, From corner)" minute="11" period="1" second="21" time="11" type="attempt missed" type_id="13"/>
	<message comment="Ahmed El Mohamady wins a corner (To the right)" minute="10" period="1" second="55" time="10" type="corner" type_id="6"/>
	<message comment="Liam Rosenior wins a corner (To the left)" minute="10" period="1" second="18" time="10" type="corner" type_id="6"/>
	<message comment="GOAL! Moussa Sissoko scores , Assisted by Mathieu Debuchy (High to the right, 18-yard box, Right footed, Open play)" minute="9" period="1" second="12" time="9" type="goal scored" type_id="16"/>
	<message comment="Alex Bruce has attempt saved (Low to the centre, 6-yard box, Big Chance, Right footed, Set piece)" minute="8" period="1" second="45" time="8" type="attempt blocked" type_id="15"/>
	<message comment="Tim Krul makes a save (Parried into danger)" minute="8" period="1" second="45" time="8" type="save made" type_id="10"/>
	<message comment="Alex Bruce has attempt saved (Low to the centre, 6-yard box, Big Chance, Head, Set piece)" minute="8" period="1" second="43" time="8" type="attempt blocked" type_id="15"/>
	<message comment="Tim Krul makes a save (Diving, Parried into danger)" minute="8" period="1" second="43" time="8" type="save made" type_id="10"/>
	<message comment="Formation Set" minute="0" period="14" second="0" time="7" type="end" type_id="30"/>
	<message comment="Yoan Gouffran misses attempt (Out of box, Left footed, Open play)" minute="3" period="1" second="44" time="3" type="attempt missed" type_id="13"/>
	<message comment="Cheick Tioté misses attempt (To the left, Out of box, Right footed, Open play)" minute="3" period="1" second="40" time="3" type="attempt missed" type_id="13"/>
	<message comment="Mike Williamson misses attempt (Out of box, Left footed, Open play)" minute="3" period="1" second="32" time="3" type="attempt missed" type_id="13"/>
	<message comment="Loïc Rémy is caught offside" minute="0" period="1" time="0" type="offside" type_id="10000"/>
	<message comment="First half begins!" minute="0" period="1" second="0" time="0" type="start" type_id="32"/>
</Commentary>
