<?xml version="1.0" ?>
<Commentary away_team_name="Hull" competition="English Premier League" game_date="2013-10-05" home_team_name="Aston Villa" lang_id="en" season="Season 2013/2014" season_id="2013" sport_id="1" sport_name="Football">
	<message comment="Second half ends" minute="94" period="2" second="10" time="97" type="end" type_id="30"/>
	<message comment="Curtis Davies misses attempt (To the left, 18-yard box, Head, Set piece)" minute="92" period="2" second="48" time="95" type="attempt missed" type_id="13"/>
	<message comment="Allan McGregor makes a save (Diving)" minute="90" period="2" second="3" time="93" type="save made" type_id="10"/>
	<message comment="Karim El Ahmadi has attempt saved (Low to the left, Out of box, Right footed, Open play)" minute="90" period="2" second="3" time="93" type="attempt blocked" type_id="15"/>
	<message comment="Leandro Bacuna wins a corner (To the right)" minute="85" period="2" second="39" time="88" type="corner" type_id="6"/>
	<message comment="Antonio Luna wins a corner (To the left)" minute="84" period="2" second="58" time="87" type="corner" type_id="6"/>
	<message comment="Ahmed El Mohamady is substituted off" minute="84" period="2" second="11" time="87" type="substitution off" type_id="18"/>
	<message comment="David Meyler is substituted on" minute="84" period="2" second="11" time="87" type="substitution on" type_id="19"/>
	<message comment="Ciaran Clark misses attempt (High, 18-yard box, Head, From corner)" minute="78" period="2" second="12" time="81" type="attempt missed" type_id="13"/>
	<message comment="Fabian Delph wins a corner (To the left)" minute="77" period="2" second="40" time="80" type="corner" type_id="6"/>
	<message comment="Abdoulaye Diagne-Faye blocks a shot" minute="77" period="2" second="36" time="80" type="save made" type_id="10"/>
	<message comment="Fabian Delph has shot blocked (Out of box, Left footed, Open play)" minute="77" period="2" second="36" time="80" type="attempt blocked" type_id="15"/>
	<message comment="Gabriel Agbonlahor is substituted off" minute="74" period="2" second="11" time="77" type="substitution off" type_id="18"/>
	<message comment="Jordan Bowery is substituted on" minute="74" period="2" second="11" time="77" type="substitution on" type_id="19"/>
	<message comment="Aleksandar Tonev is substituted on" minute="73" period="2" second="55" time="76" type="substitution on" type_id="19"/>
	<message comment="Ashley Westwood is substituted off" minute="73" period="2" second="55" time="76" type="substitution off" type_id="18"/>
	<message comment="Allan McGregor makes a save (Standing)" minute="70" period="2" second="22" time="73" type="save made" type_id="10"/>
	<message comment="Andreas Weimann has attempt saved (Low to the left, Out of box, Right footed, Open play)" minute="70" period="2" second="22" time="73" type="attempt blocked" type_id="15"/>
	<message comment="Ahmed El Mohamady misses attempt (To the right, 18-yard box, Right footed, Open play)" minute="69" period="2" second="47" time="72" type="attempt missed" type_id="13"/>
	<message comment="Stephen Quinn is substituted off" minute="68" period="2" second="37" time="71" type="substitution off" type_id="18"/>
	<message comment="George Boyd is substituted on" minute="68" period="2" second="37" time="71" type="substitution on" type_id="19"/>
	<message comment="Yannick Sagbo is substituted on" minute="68" period="2" second="16" time="71" type="substitution on" type_id="19"/>
	<message comment="Sone Aluko is substituted off" minute="68" period="2" second="16" time="71" type="substitution off" type_id="18"/>
	<message comment="Karim El Ahmadi wins a corner (To the right)" minute="67" period="2" second="29" time="70" type="corner" type_id="6"/>
	<message comment="Tom Huddlestone blocks a shot" minute="67" period="2" second="28" time="70" type="save made" type_id="10"/>
	<message comment="Karim El Ahmadi has shot blocked (Out of box, Right footed, Open play)" minute="67" period="2" second="28" time="70" type="attempt blocked" type_id="15"/>
	<message comment="Allan McGregor makes a save" minute="66" period="2" second="41" time="69" type="save made" type_id="10"/>
	<message comment="Karim El Ahmadi has attempt saved (Low to the left, Out of box, Right footed, Open play)" minute="66" period="2" second="41" time="69" type="attempt blocked" type_id="15"/>
	<message comment="Ciaran Clark misses attempt (High to the right, 18-yard box, Head, Set piece)" minute="64" period="2" second="50" time="67" type="attempt missed" type_id="13"/>
	<message comment="Tom Huddlestone misses attempt (To the right, Out of box, Left footed, From corner)" minute="61" period="2" second="51" time="64" type="attempt missed" type_id="13"/>
	<message comment="Jake Livermore wins a corner (To the left)" minute="61" period="2" second="27" time="64" type="corner" type_id="6"/>
	<message comment="Stephen Quinn wins a corner (To the left)" minute="60" period="2" second="15" time="63" type="corner" type_id="6"/>
	<message comment="Ahmed El Mohamady wins a corner (To the left)" minute="59" period="2" second="33" time="62" type="corner" type_id="6"/>
	<message comment="Ahmed El Mohamady has shot blocked (18-yard box, Right footed, Open play)" minute="59" period="2" second="31" time="62" type="attempt blocked" type_id="15"/>
	<message comment="Antonio Luna blocks a shot" minute="59" period="2" second="31" time="62" type="save made" type_id="10"/>
	<message comment="Leandro Bacuna has shot blocked (Out of box, Right footed, Open play)" minute="55" period="2" second="40" time="58" type="attempt blocked" type_id="15"/>
	<message comment="Gabriel Agbonlahor misses attempt (18-yard box, Right footed, Open play)" minute="52" period="2" second="51" time="55" type="attempt missed" type_id="13"/>
	<message comment="Second half begins!" minute="45" period="2" second="0" time="48" type="start" type_id="32"/>
	<message comment="First half ends" minute="47" period="1" second="0" time="47" type="end" type_id="30"/>
	<message comment="Tom Huddlestone has attempt saved (Low to the centre, Out of box, Left footed, Open play)" minute="46" period="1" second="2" time="46" type="attempt blocked" type_id="15"/>
	<message comment="Brad Guzan makes a save (Standing, Parried safe)" minute="46" period="1" second="2" time="46" type="save made" type_id="10"/>
	<message comment="Curtis Davies recieves a yellow card" minute="43" period="1" second="43" time="43" type="card received" type_id="17"/>
	<message comment="Ashley Westwood recieves a yellow card" minute="34" period="1" second="21" time="34" type="card received" type_id="17"/>
	<message comment="Liam Rosenior recieves a yellow card" minute="33" period="1" second="3" time="33" type="card received" type_id="17"/>
	<message comment="Sone Aluko wins a corner (To the left)" minute="29" period="1" second="47" time="29" type="corner" type_id="6"/>
	<message comment="Antonio Luna is caught offside" minute="27" period="1" time="27" type="offside" type_id="10000"/>
	<message comment="Libor Kozák misses attempt (To the right, 18-yard box, Head, Open play)" minute="22" period="1" second="39" time="22" type="attempt missed" type_id="13"/>
	<message comment="Andreas Weimann misses attempt (To the right, Out of box, Right footed, Open play)" minute="22" period="1" second="26" time="22" type="attempt missed" type_id="13"/>
	<message comment="Curtis Davies blocks a shot" minute="22" period="1" second="0" time="22" type="save made" type_id="10"/>
	<message comment="Ciaran Clark has shot blocked (18-yard box, Left footed, From corner)" minute="22" period="1" second="0" time="22" type="attempt blocked" type_id="15"/>
	<message comment="Danny Graham blocks a shot" minute="21" period="1" second="58" time="21" type="save made" type_id="10"/>
	<message comment="Andreas Weimann has shot blocked (18-yard box, Right footed, From corner)" minute="21" period="1" second="58" time="21" type="attempt blocked" type_id="15"/>
	<message comment="Libor Kozák wins a corner (To the left)" minute="20" period="1" second="44" time="20" type="corner" type_id="6"/>
	<message comment="Gabriel Agbonlahor wins a corner (To the right)" minute="20" period="1" second="8" time="20" type="corner" type_id="6"/>
	<message comment="Allan McGregor makes a save (Parried safe, Diving)" minute="20" period="1" second="4" time="20" type="save made" type_id="10"/>
	<message comment="Gabriel Agbonlahor has attempt saved (Low to the right, 18-yard box, Left footed, Open play)" minute="20" period="1" second="4" time="20" type="attempt blocked" type_id="15"/>
	<message comment="Danny Graham misses attempt (To the left, 18-yard box, Left footed, Open play)" minute="18" period="1" second="11" time="18" type="attempt missed" type_id="13"/>
	<message comment="Stephen Quinn is caught offside" minute="16" period="1" time="16" type="offside" type_id="10000"/>
	<message comment="Antonio Luna is caught offside" minute="15" period="1" time="15" type="offside" type_id="10000"/>
	<message comment="Liam Rosenior wins a corner (To the left)" minute="14" period="1" second="50" time="14" type="corner" type_id="6"/>
	<message comment="Danny Graham wins a corner (To the left)" minute="14" period="1" second="16" time="14" type="corner" type_id="6"/>
	<message comment="Gabriel Agbonlahor misses attempt (High to the right, Out of box, Right footed, Open play)" minute="13" period="1" second="26" time="13" type="attempt missed" type_id="13"/>
	<message comment="Abdoulaye Diagne-Faye blocks a shot" minute="9" period="1" second="6" time="9" type="save made" type_id="10"/>
	<message comment="Gabriel Agbonlahor has shot blocked (Out of box, Left footed, Open play)" minute="9" period="1" second="6" time="9" type="attempt blocked" type_id="15"/>
	<message comment="Formation Set" minute="0" period="14" second="0" time="7" type="end" type_id="30"/>
	<message comment="Sone Aluko wins a corner (To the left)" minute="5" period="1" second="46" time="5" type="corner" type_id="6"/>
	<message comment="Libor Kozák wins a corner (To the left)" minute="5" period="1" second="13" time="5" type="corner" type_id="6"/>
	<message comment="Abdoulaye Diagne-Faye blocks a shot" minute="5" period="1" second="9" time="5" type="save made" type_id="10"/>
	<message comment="Libor Kozák has shot blocked (Out of box, Right footed, Open play)" minute="5" period="1" second="9" time="5" type="attempt blocked" type_id="15"/>
	<message comment="Curtis Davies blocks a shot" minute="2" period="1" second="22" time="2" type="save made" type_id="10"/>
	<message comment="Andreas Weimann has shot blocked (18-yard box, Left footed, Open play)" minute="2" period="1" second="22" time="2" type="attempt blocked" type_id="15"/>
	<message comment="First half begins!" minute="0" period="1" second="0" time="0" type="start" type_id="32"/>
</Commentary>
