<?xml version="1.0" ?>
<Commentary away_team_name="Hull" competition="English Premier League" game_date="2014-03-15" home_team_name="Manchester City" lang_id="en" season="Season 2013/2014" season_id="2013" sport_id="1" sport_name="Football">
	<message comment="Second half ends" minute="94" period="2" second="14" time="97" type="end" type_id="30"/>
	<message comment="Martín Demichelis misses attempt (High, 18-yard box, Left footed, From corner)" minute="93" period="2" second="11" time="96" type="attempt missed" type_id="13"/>
	<message comment="Fernandinho wins a corner (To the right)" minute="92" period="2" second="44" time="95" type="corner" type_id="6"/>
	<message comment="David Silva is substituted off" minute="90" period="2" second="59" time="93" type="substitution off" type_id="18"/>
	<message comment="Aleksandar Kolarov is substituted on" minute="90" period="2" second="59" time="93" type="substitution on" type_id="19"/>
	<message comment="GOAL! Edin Dzeko scores , Assisted by David Silva (Low to the left, 18-yard box, Big Chance, Left footed, Open play)" minute="89" period="2" second="45" time="92" type="goal scored" type_id="16"/>
	<message comment="Edin Dzeko has attempt saved (Low to the centre, 18-yard box, Big Chance, Left footed, Fast break)" minute="86" period="2" second="13" time="89" type="attempt blocked" type_id="15"/>
	<message comment="Allan McGregor makes a save (Parried into danger, Diving)" minute="86" period="2" second="13" time="89" type="save made" type_id="10"/>
	<message comment="Nikica Jelavic misses attempt (To the left, 18-yard box, Head, Open play)" minute="83" period="2" second="49" time="86" type="attempt missed" type_id="13"/>
	<message comment="Matty Fryatt is caught offside" minute="82" period="2" time="85" type="offside" type_id="10000"/>
	<message comment="Samir Nasri is substituted off" minute="80" period="2" second="22" time="83" type="substitution off" type_id="18"/>
	<message comment="Jesús Navas is substituted on" minute="80" period="2" second="22" time="83" type="substitution on" type_id="19"/>
	<message comment="Liam Rosenior is substituted off" minute="79" period="2" second="38" time="82" type="substitution off" type_id="18"/>
	<message comment="Matty Fryatt is substituted on" minute="79" period="2" second="38" time="82" type="substitution on" type_id="19"/>
	<message comment="David Silva wins a corner (To the left)" minute="76" period="2" second="46" time="79" type="corner" type_id="6"/>
	<message comment="Joe Hart makes a save" minute="73" period="2" second="21" time="76" type="save made" type_id="10"/>
	<message comment="Nikica Jelavic has attempt saved (High to the centre, 18-yard box, Head, Open play)" minute="73" period="2" second="21" time="76" type="attempt blocked" type_id="15"/>
	<message comment="Joe Hart makes a save (Collected)" minute="72" period="2" second="9" time="75" type="save made" type_id="10"/>
	<message comment="George Boyd has attempt saved (Low to the centre, Out of box, Left footed, Open play)" minute="72" period="2" second="9" time="75" type="attempt blocked" type_id="15"/>
	<message comment="Fernandinho misses attempt (18-yard box, Big Chance, Left footed, Open play)" minute="71" period="2" second="8" time="74" type="attempt missed" type_id="13"/>
	<message comment="David Silva has shot blocked (18-yard box, Left footed, Open play)" minute="71" period="2" second="8" time="74" type="attempt blocked" type_id="15"/>
	<message comment="Liam Rosenior blocks a shot" minute="71" period="2" second="8" time="74" type="save made" type_id="10"/>
	<message comment="Yaya Touré is substituted off" minute="70" period="2" second="41" time="73" type="substitution off" type_id="18"/>
	<message comment="Joleon Lescott is substituted on" minute="70" period="2" second="41" time="73" type="substitution on" type_id="19"/>
	<message comment="Liam Rosenior recieves a yellow card" minute="69" period="2" second="42" time="72" type="card received" type_id="17"/>
	<message comment="Joe Hart recieves a yellow card" minute="68" period="2" second="29" time="71" type="card received" type_id="17"/>
	<message comment="Shane Long misses attempt (18-yard box, Head, Open play)" minute="66" period="2" second="22" time="69" type="attempt missed" type_id="13"/>
	<message comment="George Boyd wins a corner (To the left)" minute="64" period="2" second="21" time="67" type="corner" type_id="6"/>
	<message comment="Martín Demichelis misses attempt (High to the right, 18-yard box, Right footed, Set piece)" minute="61" period="2" second="18" time="64" type="attempt missed" type_id="13"/>
	<message comment="Nikica Jelavic is caught offside" minute="61" period="2" time="64" type="offside" type_id="10000"/>
	<message comment="Nikica Jelavic wins a corner (To the left)" minute="58" period="2" second="49" time="61" type="corner" type_id="6"/>
	<message comment="Tom Huddlestone wins a corner (To the right)" minute="58" period="2" second="14" time="61" type="corner" type_id="6"/>
	<message comment="David Meyler is substituted off" minute="57" period="2" second="39" time="60" type="substitution off" type_id="18"/>
	<message comment="George Boyd is substituted on" minute="57" period="2" second="39" time="60" type="substitution on" type_id="19"/>
	<message comment="Ahmed El Mohamady misses attempt (To the left, Out of box, Right footed, Open play)" minute="57" period="2" second="1" time="60" type="attempt missed" type_id="13"/>
	<message comment="Joe Hart makes a save (Standing)" minute="54" period="2" second="54" time="57" type="save made" type_id="10"/>
	<message comment="Shane Long has attempt saved (Low to the right, 18-yard box, Head, Set piece)" minute="54" period="2" second="54" time="57" type="attempt blocked" type_id="15"/>
	<message comment="Pablo Zabaleta recieves a yellow card" minute="54" period="2" second="17" time="57" type="card received" type_id="17"/>
	<message comment="Joe Hart makes a save (Collected)" minute="51" period="2" second="36" time="54" type="save made" type_id="10"/>
	<message comment="Nikica Jelavic has attempt saved (Low to the centre, 18-yard box, Right footed, Set piece)" minute="51" period="2" second="36" time="54" type="attempt blocked" type_id="15"/>
	<message comment="Sone Aluko is caught offside" minute="50" period="2" time="53" type="offside" type_id="10000"/>
	<message comment="Joe Hart makes a save (Standing, Parried into danger)" minute="49" period="2" second="11" time="52" type="save made" type_id="10"/>
	<message comment="Shane Long has attempt saved (High to the centre, Out of box, Right footed, Open play)" minute="49" period="2" second="11" time="52" type="attempt blocked" type_id="15"/>
	<message comment="Shane Long misses attempt (18-yard box, Head, Open play)" minute="47" period="2" second="49" time="50" type="attempt missed" type_id="13"/>
	<message comment="Sone Aluko is substituted on" minute="45" period="2" second="0" time="48" type="substitution on" type_id="19"/>
	<message comment="Maynor Figueroa is substituted off" minute="45" period="2" second="0" time="48" type="substitution off" type_id="18"/>
	<message comment="Second half begins!" minute="45" period="2" second="0" time="48" type="start" type_id="32"/>
	<message comment="First half ends" minute="47" period="1" second="10" time="47" type="end" type_id="30"/>
	<message comment="Jake Livermore misses attempt (Out of box, Right footed, Open play)" minute="42" period="1" second="40" time="42" type="attempt missed" type_id="13"/>
	<message comment="Shane Long misses attempt (High to the right, 18-yard box, Head, Open play)" minute="39" period="1" second="59" time="39" type="attempt missed" type_id="13"/>
	<message comment="Edin Dzeko wins a corner (To the right)" minute="38" period="1" second="5" time="38" type="corner" type_id="6"/>
	<message comment="Nikica Jelavic is caught offside" minute="35" period="1" time="35" type="offside" type_id="10000"/>
	<message comment="Ahmed El Mohamady recieves a yellow card" minute="33" period="1" second="41" time="33" type="card received" type_id="17"/>
	<message comment="Pablo Zabaleta wins a corner (To the left)" minute="30" period="1" second="11" time="30" type="corner" type_id="6"/>
	<message comment="Pablo Zabaleta hits the woodwork (High, Out of box, Right footed, Open play)" minute="30" period="1" second="8" time="30" type="woodwork hit" type_id="14"/>
	<message comment="Martín Demichelis blocks a shot" minute="25" period="1" second="15" time="25" type="save made" type_id="10"/>
	<message comment="Jake Livermore has shot blocked (18-yard box, Left footed, Open play)" minute="25" period="1" second="15" time="25" type="attempt blocked" type_id="15"/>
	<message comment="Nikica Jelavic misses attempt (To the left, 18-yard box, Right footed, Open play)" minute="19" period="1" second="5" time="19" type="attempt missed" type_id="13"/>
	<message comment="GOAL! David Silva scores , Assisted by Yaya Touré (High to the left, Out of box, Left footed, Open play)" minute="13" period="1" second="38" time="13" type="goal scored" type_id="16"/>
	<message comment="Nikica Jelavic has shot blocked (Out of box, Right footed, Set piece)" minute="11" period="1" second="7" time="11" type="attempt blocked" type_id="15"/>
	<message comment="Gaël Clichy blocks a shot" minute="11" period="1" second="7" time="11" type="save made" type_id="10"/>
	<message comment="Nikica Jelavic has shot blocked (Out of box, Right footed, Free kick)" minute="11" period="1" second="5" time="11" type="attempt blocked" type_id="15"/>
	<message comment="Edin Dzeko blocks a shot" minute="11" period="1" second="5" time="11" type="save made" type_id="10"/>
	<message comment="Vincent Kompany recieves a red card" minute="9" period="1" second="36" time="9" type="card received" type_id="17"/>
	<message comment="Formation Set" minute="0" period="14" second="0" time="7" type="end" type_id="30"/>
	<message comment="Nikica Jelavic is caught offside" minute="6" period="1" time="6" type="offside" type_id="10000"/>
	<message comment="Nikica Jelavic is caught offside" minute="0" period="1" time="0" type="offside" type_id="10000"/>
	<message comment="First half begins!" minute="0" period="1" second="0" time="0" type="start" type_id="32"/>
</Commentary>
