<?xml version="1.0" ?>
<Commentary away_team_name="Hull" competition="English Premier League" game_date="2013-08-24" home_team_name="Norwich" lang_id="en" season="Season 2013/2014" season_id="2013" sport_id="1" sport_name="Football">
	<message comment="Second half ends" minute="96" period="2" second="13" time="99" type="end" type_id="30"/>
	<message comment="Javier Garrido recieves a yellow card" minute="95" period="2" second="2" time="98" type="card received" type_id="17"/>
	<message comment="Robert Koren is substituted off" minute="83" period="2" second="6" time="86" type="substitution off" type_id="18"/>
	<message comment="Liam Rosenior is substituted on" minute="83" period="2" second="6" time="86" type="substitution on" type_id="19"/>
	<message comment="James Chester blocks a shot" minute="82" period="2" second="19" time="85" type="save made" type_id="10"/>
	<message comment="Wes Hoolahan has shot blocked (Out of box, Left footed, Open play)" minute="82" period="2" second="19" time="85" type="attempt blocked" type_id="15"/>
	<message comment="Robbie Brady is substituted off" minute="79" period="2" second="31" time="82" type="substitution off" type_id="18"/>
	<message comment="George Boyd is substituted on" minute="79" period="2" second="31" time="82" type="substitution on" type_id="19"/>
	<message comment="Wes Hoolahan wins a corner (To the left)" minute="77" period="2" second="28" time="80" type="corner" type_id="6"/>
	<message comment="Jake Livermore recieves a yellow card" minute="75" period="2" second="43" time="78" type="card received" type_id="17"/>
	<message comment="Wes Hoolahan wins a corner (To the left)" minute="73" period="2" second="49" time="76" type="corner" type_id="6"/>
	<message comment="Nathan Redmond is substituted off" minute="72" period="2" second="40" time="75" type="substitution off" type_id="18"/>
	<message comment="Wes Hoolahan is substituted on" minute="72" period="2" second="40" time="75" type="substitution on" type_id="19"/>
	<message comment="Sone Aluko is substituted off" minute="71" period="2" second="52" time="74" type="substitution off" type_id="18"/>
	<message comment="Danny Graham is substituted on" minute="71" period="2" second="52" time="74" type="substitution on" type_id="19"/>
	<message comment="Curtis Davies misses attempt (18-yard box, Head, From corner)" minute="70" period="2" second="4" time="73" type="attempt missed" type_id="13"/>
	<message comment="Curtis Davies wins a corner (To the left)" minute="69" period="2" second="24" time="72" type="corner" type_id="6"/>
	<message comment="Ricky van Wolfswinkel wins a corner (To the right)" minute="66" period="2" second="29" time="69" type="corner" type_id="6"/>
	<message comment="Allan McGregor makes a save (Parried safe)" minute="66" period="2" second="28" time="69" type="save made" type_id="10"/>
	<message comment="Ricky van Wolfswinkel has attempt saved (High to the centre, 18-yard box, Head, Open play)" minute="66" period="2" second="28" time="69" type="attempt blocked" type_id="15"/>
	<message comment="Alexander Tettey is substituted off" minute="64" period="2" second="46" time="67" type="substitution off" type_id="18"/>
	<message comment="Johan Elmander is substituted on" minute="64" period="2" second="46" time="67" type="substitution on" type_id="19"/>
	<message comment="Alexander Tettey misses attempt (High to the left, Out of box, Left footed, Open play)" minute="62" period="2" second="45" time="65" type="attempt missed" type_id="13"/>
	<message comment="Jonny Howson misses attempt (High, Out of box, Right footed, Open play)" minute="61" period="2" second="1" time="64" type="attempt missed" type_id="13"/>
	<message comment="Allan McGregor makes a save (Standing)" minute="58" period="2" second="21" time="61" type="save made" type_id="10"/>
	<message comment="Jonny Howson has attempt saved (High to the left, Out of box, Right footed, Open play)" minute="58" period="2" second="21" time="61" type="attempt blocked" type_id="15"/>
	<message comment="Alexander Tettey wins a corner (To the left)" minute="51" period="2" second="39" time="54" type="corner" type_id="6"/>
	<message comment="Jake Livermore blocks a shot" minute="51" period="2" second="36" time="54" type="save made" type_id="10"/>
	<message comment="Alexander Tettey has shot blocked (Out of box, Right footed, Open play)" minute="51" period="2" second="36" time="54" type="attempt blocked" type_id="15"/>
	<message comment="Allan McGregor makes a save (Collected)" minute="48" period="2" second="20" time="51" type="save made" type_id="10"/>
	<message comment="Nathan Redmond has attempt saved (Low to the centre, Out of box, Right footed, Open play)" minute="48" period="2" second="20" time="51" type="attempt blocked" type_id="15"/>
	<message comment="Bradley Johnson is substituted off" minute="45" period="2" second="0" time="48" type="substitution off" type_id="18"/>
	<message comment="Robert Snodgrass is substituted on" minute="45" period="2" second="0" time="48" type="substitution on" type_id="19"/>
	<message comment="Second half begins!" minute="45" period="2" second="0" time="48" type="start" type_id="32"/>
	<message comment="First half ends" minute="47" period="1" second="48" time="47" type="end" type_id="30"/>
	<message comment="Nathan Redmond misses attempt (Out of box, Right footed, Free kick)" minute="47" period="1" second="43" time="47" type="attempt missed" type_id="13"/>
	<message comment="Robbie Brady misses attempt (High, Out of box, Right footed, Open play)" minute="45" period="1" second="53" time="45" type="attempt missed" type_id="13"/>
	<message comment="Sone Aluko misses attempt (To the left, 18-yard box, Left footed, Open play)" minute="36" period="1" second="20" time="36" type="attempt missed" type_id="13"/>
	<message comment="Bradley Johnson misses attempt (High, Out of box, Left footed, Open play)" minute="32" period="1" second="58" time="32" type="attempt missed" type_id="13"/>
	<message comment="Ricky van Wolfswinkel misses attempt (High, 18-yard box, Head, Open play)" minute="32" period="1" second="12" time="32" type="attempt missed" type_id="13"/>
	<message comment="Robert Koren misses attempt (Out of box, Right footed, Open play)" minute="30" period="1" second="34" time="30" type="attempt missed" type_id="13"/>
	<message comment="Yannick Sagbo recieves a red card" minute="26" period="1" second="30" time="26" type="card received" type_id="17"/>
	<message comment="Nathan Redmond misses attempt (High to the right, Out of box, Right footed, Open play)" minute="26" period="1" second="11" time="26" type="attempt missed" type_id="13"/>
	<message comment="Ricky van Wolfswinkel wins a corner (To the right)" minute="25" period="1" second="41" time="25" type="corner" type_id="6"/>
	<message comment="Yannick Sagbo is caught offside" minute="23" period="1" time="23" type="offside" type_id="10000"/>
	<message comment="GOAL! Robbie Brady scores  (Low to the left, 18-yard box, Big Chance, Penalty, Left footed)" minute="21" period="1" second="13" time="21" type="goal scored" type_id="16"/>
	<message comment="Jake Livermore misses attempt (18-yard box, Left footed, Open play)" minute="15" period="1" second="24" time="15" type="attempt missed" type_id="13"/>
	<message comment="Robert Koren has attempt saved (Low to the right, Out of box, Right footed, Open play)" minute="10" period="1" second="19" time="10" type="attempt blocked" type_id="15"/>
	<message comment="John Ruddy makes a save (Collected)" minute="10" period="1" second="19" time="10" type="save made" type_id="10"/>
	<message comment="Allan McGregor makes a save (Parried safe, Diving)" minute="9" period="1" second="42" time="9" type="save made" type_id="10"/>
	<message comment="Nathan Redmond has attempt saved (Low to the left, Out of box, Left footed, Open play)" minute="9" period="1" second="42" time="9" type="attempt blocked" type_id="15"/>
	<message comment="Formation Set" minute="0" period="14" second="0" time="9" type="end" type_id="30"/>
	<message comment="Leroy Fer misses attempt (18-yard box, Head, Open play)" minute="2" period="1" second="47" time="2" type="attempt missed" type_id="13"/>
	<message comment="First half begins!" minute="0" period="1" second="0" time="0" type="start" type_id="32"/>
</Commentary>
