<?xml version="1.0" ?>
<Commentary away_team_name="Hull" competition="English Premier League" game_date="2014-04-20" home_team_name="Arsenal" lang_id="en" season="Season 2013/2014" season_id="2013" sport_id="1" sport_name="Football">
	<message comment="Second half ends" minute="93" period="2" second="59" time="98" type="end" type_id="30"/>
	<message comment="Matty Fryatt is caught offside" minute="93" period="2" time="98" type="offside" type_id="10000"/>
	<message comment="Matty Fryatt is caught offside" minute="92" period="2" time="97" type="offside" type_id="10000"/>
	<message comment="Mathieu Flamini misses attempt (High to the right, 18-yard box, Right footed, Open play)" minute="91" period="2" second="32" time="96" type="attempt missed" type_id="13"/>
	<message comment="Matty Fryatt wins a corner (To the right)" minute="87" period="2" second="11" time="92" type="corner" type_id="6"/>
	<message comment="Matty Fryatt has attempt saved (Low to the right, Out of box, Left footed, Open play)" minute="85" period="2" second="22" time="90" type="attempt blocked" type_id="15"/>
	<message comment="Wojciech Szczesny makes a save (Diving)" minute="85" period="2" second="22" time="90" type="save made" type_id="10"/>
	<message comment="Lukas Podolski is substituted off" minute="83" period="2" second="50" time="88" type="substitution off" type_id="18"/>
	<message comment="Yaya Sanogo is substituted on" minute="83" period="2" second="50" time="88" type="substitution on" type_id="19"/>
	<message comment="George Boyd is substituted off" minute="83" period="2" second="42" time="88" type="substitution off" type_id="18"/>
	<message comment="Robert Koren is substituted on" minute="83" period="2" second="42" time="88" type="substitution on" type_id="19"/>
	<message comment="Tom Huddlestone wins a corner (To the right)" minute="78" period="2" second="1" time="83" type="corner" type_id="6"/>
	<message comment="Tom Huddlestone has attempt saved (High to the right, Out of box, Left footed, Open play)" minute="77" period="2" second="59" time="82" type="attempt blocked" type_id="15"/>
	<message comment="Wojciech Szczesny makes a save (Parried safe)" minute="77" period="2" second="59" time="82" type="save made" type_id="10"/>
	<message comment="Aaron Ramsey has attempt saved (Low to the centre, 18-yard box, Right footed, Open play)" minute="76" period="2" second="58" time="81" type="attempt blocked" type_id="15"/>
	<message comment="Steve Harper makes a save (Collected, Diving)" minute="76" period="2" second="58" time="81" type="save made" type_id="10"/>
	<message comment="Per Mertesacker misses attempt (18-yard box, Head, Set piece)" minute="74" period="2" second="36" time="79" type="attempt missed" type_id="13"/>
	<message comment="Alex Oxlade-Chamberlain is substituted on" minute="73" period="2" second="22" time="78" type="substitution on" type_id="19"/>
	<message comment="Olivier Giroud is substituted off" minute="73" period="2" second="22" time="78" type="substitution off" type_id="18"/>
	<message comment="Nikica Jelavic is substituted off" minute="69" period="2" second="6" time="74" type="substitution off" type_id="18"/>
	<message comment="Stephen Quinn is substituted on" minute="69" period="2" second="6" time="74" type="substitution on" type_id="19"/>
	<message comment="Olivier Giroud hits the woodwork (High, 6-yard box, Big Chance, Left footed, Open play)" minute="63" period="2" second="47" time="68" type="woodwork hit" type_id="14"/>
	<message comment="Mesut Özil is substituted off" minute="60" period="2" second="25" time="65" type="substitution off" type_id="18"/>
	<message comment="Mathieu Flamini is substituted on" minute="60" period="2" second="25" time="65" type="substitution on" type_id="19"/>
	<message comment="Nikica Jelavic wins a corner (To the left)" minute="59" period="2" second="20" time="64" type="corner" type_id="6"/>
	<message comment="Nikica Jelavic has shot blocked (18-yard box, Head, From corner)" minute="59" period="2" second="19" time="64" type="attempt blocked" type_id="15"/>
	<message comment="Laurent Koscielny blocks a shot" minute="59" period="2" second="19" time="64" type="save made" type_id="10"/>
	<message comment="Nikica Jelavic wins a corner (To the right)" minute="58" period="2" second="53" time="63" type="corner" type_id="6"/>
	<message comment="Nikica Jelavic has shot blocked (18-yard box, Right footed, Open play)" minute="58" period="2" second="51" time="63" type="attempt blocked" type_id="15"/>
	<message comment="Per Mertesacker blocks a shot" minute="58" period="2" second="51" time="63" type="save made" type_id="10"/>
	<message comment="GOAL! Lukas Podolski scores  (Low to the centre, 18-yard box, Big Chance, Left footed, Open play)" minute="53" period="2" second="19" time="58" type="goal scored" type_id="16"/>
	<message comment="Steve Harper makes a save (Diving, Parried into danger)" minute="53" period="2" second="17" time="58" type="save made" type_id="10"/>
	<message comment="Aaron Ramsey has attempt saved (Low to the centre, 18-yard box, Right footed, Open play)" minute="53" period="2" second="17" time="58" type="attempt blocked" type_id="15"/>
	<message comment="Matty Fryatt wins a corner (To the right)" minute="47" period="2" second="14" time="52" type="corner" type_id="6"/>
	<message comment="Matty Fryatt misses attempt (To the right, 18-yard box, Head, Open play)" minute="47" period="2" second="10" time="52" type="attempt missed" type_id="13"/>
	<message comment="Shane Long is substituted off" minute="45" period="2" second="0" time="50" type="substitution off" type_id="18"/>
	<message comment="Matty Fryatt is substituted on" minute="45" period="2" second="0" time="50" type="substitution on" type_id="19"/>
	<message comment="Second half begins!" minute="45" period="2" second="0" time="50" type="start" type_id="32"/>
	<message comment="First half ends" minute="49" period="1" second="2" time="49" type="end" type_id="30"/>
	<message comment="Olivier Giroud misses attempt (High, 18-yard box, Left footed, Open play)" minute="46" period="1" second="32" time="46" type="attempt missed" type_id="13"/>
	<message comment="GOAL! Lukas Podolski scores , Assisted by Aaron Ramsey (Low to the right, 18-yard box, Left footed, Open play)" minute="44" period="1" second="56" time="44" type="goal scored" type_id="16"/>
	<message comment="Shane Long has attempt saved (Low to the centre, 18-yard box, Other body part, Open play)" minute="43" period="1" second="55" time="43" type="attempt blocked" type_id="15"/>
	<message comment="Wojciech Szczesny makes a save (Diving)" minute="43" period="1" second="55" time="43" type="save made" type_id="10"/>
	<message comment="Shane Long misses attempt (High, 18-yard box, Head, Open play)" minute="42" period="1" second="32" time="42" type="attempt missed" type_id="13"/>
	<message comment="Mikel Arteta misses attempt (To the left, Out of box, Right footed, Set piece)" minute="37" period="1" second="49" time="37" type="attempt missed" type_id="13"/>
	<message comment="Aaron Ramsey has shot blocked (Out of box, Right footed, Free kick)" minute="37" period="1" second="46" time="37" type="attempt blocked" type_id="15"/>
	<message comment="Nikica Jelavic blocks a shot" minute="37" period="1" second="46" time="37" type="save made" type_id="10"/>
	<message comment="George Boyd misses attempt (18-yard box, Head, Open play)" minute="35" period="1" second="55" time="35" type="attempt missed" type_id="13"/>
	<message comment="Jake Livermore hits the woodwork (To the left, Out of box, Right footed, Open play)" minute="34" period="1" second="44" time="34" type="woodwork hit" type_id="14"/>
	<message comment="GOAL! Aaron Ramsey scores , Assisted by Santi Cazorla (Low to the left, 18-yard box, Big Chance, Right footed, Open play)" minute="30" period="1" second="44" time="30" type="goal scored" type_id="16"/>
	<message comment="Shane Long misses attempt (To the left, 18-yard box, Head, Open play)" minute="23" period="1" second="53" time="23" type="attempt missed" type_id="13"/>
	<message comment="Shane Long misses attempt (High to the right, 18-yard box, Big Chance, Right footed, Open play)" minute="22" period="1" second="33" time="22" type="attempt missed" type_id="13"/>
	<message comment="Nikica Jelavic is caught offside" minute="19" period="1" time="19" type="offside" type_id="10000"/>
	<message comment="Steve Harper makes a save (Parried safe, Diving)" minute="17" period="1" second="53" time="17" type="save made" type_id="10"/>
	<message comment="Lukas Podolski has attempt saved (Low to the left, Out of box, Right footed, Open play)" minute="17" period="1" second="53" time="17" type="attempt blocked" type_id="15"/>
	<message comment="David Meyler recieves a yellow card" minute="15" period="1" second="30" time="15" type="card received" type_id="17"/>
	<message comment="James Chester misses attempt (High, 6-yard box, Head, From corner)" minute="14" period="1" second="43" time="14" type="attempt missed" type_id="13"/>
	<message comment="Nikica Jelavic wins a corner (To the right)" minute="14" period="1" second="21" time="14" type="corner" type_id="6"/>
	<message comment="Nikica Jelavic has attempt saved (Low to the right, 18-yard box, Left footed, Set piece)" minute="14" period="1" second="20" time="14" type="attempt blocked" type_id="15"/>
	<message comment="Wojciech Szczesny makes a save (Diving)" minute="14" period="1" second="20" time="14" type="save made" type_id="10"/>
	<message comment="Per Mertesacker recieves a yellow card" minute="13" period="1" second="7" time="13" type="card received" type_id="17"/>
	<message comment="Nikica Jelavic is caught offside" minute="11" period="1" time="11" type="offside" type_id="10000"/>
	<message comment="Nacho Monreal is caught offside" minute="10" period="1" time="10" type="offside" type_id="10000"/>
	<message comment="Nikica Jelavic is caught offside" minute="9" period="1" time="9" type="offside" type_id="10000"/>
	<message comment="Formation Set" minute="0" period="14" second="0" time="8" type="end" type_id="30"/>
	<message comment="Olivier Giroud is caught offside" minute="1" period="1" time="1" type="offside" type_id="10000"/>
	<message comment="George Boyd wins a corner (To the right)" minute="0" period="1" second="43" time="0" type="corner" type_id="6"/>
	<message comment="First half begins!" minute="0" period="1" second="0" time="0" type="start" type_id="32"/>
</Commentary>
