<?xml version="1.0" ?>
<Commentary away_team_name="Liverpool" competition="English Premier League" game_date="2013-12-21" home_team_name="Cardiff" lang_id="en" season="Season 2013/2014" season_id="2013" sport_id="1" sport_name="Football">
	<message comment="Second half ends" minute="94" period="2" second="5" time="96" type="end" type_id="30"/>
	<message comment="Luis Suárez wins a corner (To the left)" minute="93" period="2" second="28" time="95" type="corner" type_id="6"/>
	<message comment="Raheem Sterling misses attempt (To the left, Out of box, Right footed, From corner)" minute="91" period="2" second="54" time="93" type="attempt missed" type_id="13"/>
	<message comment="Glen Johnson wins a corner (To the left)" minute="91" period="2" second="38" time="93" type="corner" type_id="6"/>
	<message comment="Steven Caulker blocks a shot" minute="89" period="2" second="59" time="91" type="save made" type_id="10"/>
	<message comment="Raheem Sterling has shot blocked (18-yard box, Right footed, Open play)" minute="89" period="2" second="59" time="91" type="attempt blocked" type_id="15"/>
	<message comment="Luis Suárez has attempt saved (Low to the left, 18-yard box, Left footed, Open play)" minute="89" period="2" second="10" time="91" type="attempt blocked" type_id="15"/>
	<message comment="David Marshall makes a save (Diving, Collected)" minute="89" period="2" second="10" time="91" type="save made" type_id="10"/>
	<message comment="Steven Caulker misses attempt (To the left, 18-yard box, Head, Open play)" minute="85" period="2" second="3" time="87" type="attempt missed" type_id="13"/>
	<message comment="Jordon Mutch wins a corner (To the left)" minute="84" period="2" second="16" time="86" type="corner" type_id="6"/>
	<message comment="Philippe Coutinho is substituted off" minute="82" period="2" second="34" time="84" type="substitution off" type_id="18"/>
	<message comment="Daniel Agger is substituted on" minute="82" period="2" second="34" time="84" type="substitution on" type_id="19"/>
	<message comment="Luis Suárez misses attempt (Out of box, Right footed, Fast break)" minute="81" period="2" second="52" time="83" type="attempt missed" type_id="13"/>
	<message comment="Philippe Coutinho misses attempt (To the left, Out of box, Right footed, Open play)" minute="80" period="2" second="51" time="82" type="attempt missed" type_id="13"/>
	<message comment="Craig Noone misses attempt (To the right, Out of box, Left footed, Open play)" minute="79" period="2" second="47" time="81" type="attempt missed" type_id="13"/>
	<message comment="Aron Gunnarsson is substituted off" minute="79" period="2" second="25" time="81" type="substitution off" type_id="18"/>
	<message comment="Andreas Cornelius is substituted on" minute="79" period="2" second="25" time="81" type="substitution on" type_id="19"/>
	<message comment="Jordan Henderson is caught offside" minute="78" period="2" time="80" type="offside" type_id="10000"/>
	<message comment="Joe Allen misses attempt (High, 18-yard box, Head, From corner)" minute="77" period="2" second="32" time="79" type="attempt missed" type_id="13"/>
	<message comment="Raheem Sterling wins a corner (To the right)" minute="77" period="2" second="8" time="79" type="corner" type_id="6"/>
	<message comment="Luis Suárez hits the woodwork (To the right, 6-yard box, Big Chance, Right footed, Open play)" minute="74" period="2" second="59" time="76" type="woodwork hit" type_id="14"/>
	<message comment="Glen Johnson wins a corner (To the left)" minute="73" period="2" second="4" time="75" type="corner" type_id="6"/>
	<message comment="Raheem Sterling recieves a yellow card" minute="71" period="2" second="19" time="73" type="card received" type_id="17"/>
	<message comment="Steven Caulker misses attempt (To the left, 18-yard box, Head, From corner)" minute="70" period="2" second="40" time="72" type="attempt missed" type_id="13"/>
	<message comment="Craig Noone wins a corner (To the left)" minute="70" period="2" second="18" time="72" type="corner" type_id="6"/>
	<message comment="Fraizer Campbell has shot blocked (Out of box, Right footed, Open play)" minute="70" period="2" second="7" time="72" type="attempt blocked" type_id="15"/>
	<message comment="Lucas Leiva blocks a shot" minute="70" period="2" second="7" time="72" type="save made" type_id="10"/>
	<message comment="Luis Suárez wins a corner (To the left)" minute="67" period="2" second="25" time="69" type="corner" type_id="6"/>
	<message comment="Luis Suárez has shot blocked (18-yard box, Right footed, Throw-in)" minute="67" period="2" second="23" time="69" type="attempt blocked" type_id="15"/>
	<message comment="Ben Turner blocks a shot" minute="67" period="2" second="23" time="69" type="save made" type_id="10"/>
	<message comment="Jordan Henderson wins a corner (To the right)" minute="66" period="2" second="8" time="68" type="corner" type_id="6"/>
	<message comment="Ben Turner has attempt saved (High to the centre, 18-yard box, Head, Set piece)" minute="65" period="2" second="6" time="67" type="attempt blocked" type_id="15"/>
	<message comment="Simon Mignolet makes a save" minute="65" period="2" second="6" time="67" type="save made" type_id="10"/>
	<message comment="Jordon Mutch misses attempt (High to the right, 18-yard box, Head, From corner)" minute="60" period="2" second="57" time="62" type="attempt missed" type_id="13"/>
	<message comment="Jordon Mutch wins a corner (To the left)" minute="60" period="2" second="39" time="62" type="corner" type_id="6"/>
	<message comment="GOAL! Jordon Mutch scores , Assisted by Peter Whittingham (Low to the right, 18-yard box, Big Chance, Head, Set piece)" minute="57" period="2" second="37" time="59" type="goal scored" type_id="16"/>
	<message comment="Jon Flanagan is substituted off" minute="54" period="2" second="50" time="56" type="substitution off" type_id="18"/>
	<message comment="Martin Kelly is substituted on" minute="54" period="2" second="50" time="56" type="substitution on" type_id="19"/>
	<message comment="Gary Medel is substituted off" minute="54" period="2" second="27" time="56" type="substitution off" type_id="18"/>
	<message comment="Fraizer Campbell is substituted on" minute="54" period="2" second="27" time="56" type="substitution on" type_id="19"/>
	<message comment="Peter Odemwingie is substituted off" minute="54" period="2" second="16" time="56" type="substitution off" type_id="18"/>
	<message comment="Kim Bo-Kyung is substituted on" minute="54" period="2" second="16" time="56" type="substitution on" type_id="19"/>
	<message comment="Jordan Henderson misses attempt (To the left, Out of box, Right footed, Open play)" minute="51" period="2" second="56" time="53" type="attempt missed" type_id="13"/>
	<message comment="Philippe Coutinho misses attempt (To the left, Out of box, Right footed, Open play)" minute="50" period="2" second="30" time="52" type="attempt missed" type_id="13"/>
	<message comment="Philippe Coutinho is caught offside" minute="47" period="2" time="49" type="offside" type_id="10000"/>
	<message comment="Raheem Sterling misses attempt (To the left, Out of box, Left footed, From corner)" minute="46" period="2" second="31" time="48" type="attempt missed" type_id="13"/>
	<message comment="Jon Flanagan wins a corner (To the left)" minute="46" period="2" second="10" time="48" type="corner" type_id="6"/>
	<message comment="Second half begins!" minute="45" period="2" second="0" time="47" type="start" type_id="32"/>
	<message comment="First half ends" minute="46" period="1" second="12" time="46" type="end" type_id="30"/>
	<message comment="GOAL! Luis Suárez scores , Assisted by Jordan Henderson (Low to the right, Out of box, Right footed, Open play)" minute="44" period="1" second="41" time="44" type="goal scored" type_id="16"/>
	<message comment="Luis Suárez misses attempt (18-yard box, Right footed, Open play)" minute="42" period="1" second="52" time="42" type="attempt missed" type_id="13"/>
	<message comment="GOAL! Raheem Sterling scores , Assisted by Luis Suárez (Low to the centre, 18-yard box, Big Chance, Right footed, Fast break)" minute="41" period="1" second="31" time="41" type="goal scored" type_id="16"/>
	<message comment="Martin Skrtel recieves a yellow card" minute="40" period="1" second="35" time="40" type="card received" type_id="17"/>
	<message comment="David Marshall makes a save (Diving, Parried safe)" minute="38" period="1" second="2" time="38" type="save made" type_id="10"/>
	<message comment="Raheem Sterling has attempt saved (Low to the centre, 18-yard box, Right footed, Open play)" minute="38" period="1" second="2" time="38" type="attempt blocked" type_id="15"/>
	<message comment="David Marshall makes a save (Diving, Parried into danger)" minute="37" period="1" second="11" time="37" type="save made" type_id="10"/>
	<message comment="Jon Flanagan has attempt saved (Low to the left, 18-yard box, Left footed, Open play)" minute="37" period="1" second="11" time="37" type="attempt blocked" type_id="15"/>
	<message comment="Martin Skrtel misses attempt (High, 18-yard box, Big Chance, Head, Set piece)" minute="34" period="1" second="28" time="34" type="attempt missed" type_id="13"/>
	<message comment="Philippe Coutinho hits the woodwork (To the left, 18-yard box, Right footed, From corner)" minute="32" period="1" second="47" time="32" type="woodwork hit" type_id="14"/>
	<message comment="Luis Suárez wins a corner (To the left)" minute="32" period="1" second="21" time="32" type="corner" type_id="6"/>
	<message comment="Lucas Leiva misses attempt (To the left, Out of box, Right footed, Open play)" minute="30" period="1" second="5" time="30" type="attempt missed" type_id="13"/>
	<message comment="GOAL! Luis Suárez scores , Assisted by Jordan Henderson (Low to the left, 18-yard box, Right footed, Open play)" minute="24" period="1" second="19" time="24" type="goal scored" type_id="16"/>
	<message comment="Jordon Mutch blocks a shot" minute="24" period="1" second="2" time="24" type="save made" type_id="10"/>
	<message comment="Philippe Coutinho has shot blocked (Out of box, Right footed, Open play)" minute="24" period="1" second="2" time="24" type="attempt blocked" type_id="15"/>
	<message comment="Peter Odemwingie is caught offside" minute="21" period="1" time="21" type="offside" type_id="10000"/>
	<message comment="Raheem Sterling has shot blocked (Out of box, Right footed, From corner)" minute="17" period="1" second="51" time="17" type="attempt blocked" type_id="15"/>
	<message comment="Ben Turner blocks a shot" minute="17" period="1" second="51" time="17" type="save made" type_id="10"/>
	<message comment="Luis Suárez wins a corner (To the left)" minute="17" period="1" second="13" time="17" type="corner" type_id="6"/>
	<message comment="Andrew Taylor blocks a shot" minute="17" period="1" second="12" time="17" type="save made" type_id="10"/>
	<message comment="Luis Suárez has shot blocked (Out of box, Right footed, Open play)" minute="17" period="1" second="12" time="17" type="attempt blocked" type_id="15"/>
	<message comment="Jordon Mutch misses attempt (To the right, 18-yard box, Head, From corner)" minute="15" period="1" second="0" time="15" type="attempt missed" type_id="13"/>
	<message comment="Craig Noone wins a corner (To the left)" minute="14" period="1" second="19" time="14" type="corner" type_id="6"/>
	<message comment="Craig Noone has attempt saved (High to the centre, Out of box, Left footed, Fast break)" minute="14" period="1" second="15" time="14" type="attempt blocked" type_id="15"/>
	<message comment="Simon Mignolet makes a save (Parried safe, Diving)" minute="14" period="1" second="15" time="14" type="save made" type_id="10"/>
	<message comment="Aron Gunnarsson blocks a shot" minute="12" period="1" second="56" time="12" type="save made" type_id="10"/>
	<message comment="Joe Allen has shot blocked (Out of box, Left footed, Open play)" minute="12" period="1" second="56" time="12" type="attempt blocked" type_id="15"/>
	<message comment="Jordon Mutch misses attempt (To the left, Out of box, Right footed, Open play)" minute="11" period="1" second="48" time="11" type="attempt missed" type_id="13"/>
	<message comment="Jordon Mutch wins a corner (To the right)" minute="6" period="1" second="51" time="6" type="corner" type_id="6"/>
	<message comment="Formation Set" minute="0" period="14" second="0" time="6" type="end" type_id="30"/>
	<message comment="Philippe Coutinho misses attempt (To the left, 18-yard box, Left footed, Open play)" minute="5" period="1" second="39" time="5" type="attempt missed" type_id="13"/>
	<message comment="Luis Suárez misses attempt (18-yard box, Right footed, Fast break)" minute="5" period="1" second="36" time="5" type="attempt missed" type_id="13"/>
	<message comment="Jordan Henderson has attempt saved (Low to the right, 6-yard box, Big Chance, Left footed, Open play)" minute="1" period="1" second="37" time="1" type="attempt blocked" type_id="15"/>
	<message comment="David Marshall makes a save (Diving, Parried into danger)" minute="1" period="1" second="37" time="1" type="save made" type_id="10"/>
	<message comment="First half begins!" minute="0" period="1" second="0" time="0" type="start" type_id="32"/>
</Commentary>
