<?xml version="1.0" ?>
<Commentary away_team_name="Liverpool" competition="English Premier League" game_date="2014-03-30" home_team_name="Tottenham" lang_id="en" season="Season 2013/2014" season_id="2013" sport_id="1" sport_name="Football">
	<message comment="Second half ends" minute="93" period="2" second="9" time="96" type="end" type_id="30"/>
	<message comment="Michael Dawson misses attempt (18-yard box, Head, From corner)" minute="92" period="2" second="17" time="95" type="attempt missed" type_id="13"/>
	<message comment="Christian Eriksen wins a corner (To the right)" minute="91" period="2" second="52" time="94" type="corner" type_id="6"/>
	<message comment="Christian Eriksen has attempt saved (Low to the right, Out of box, Left footed, Open play)" minute="91" period="2" second="50" time="94" type="attempt blocked" type_id="15"/>
	<message comment="Simon Mignolet makes a save (Diving, Parried safe)" minute="91" period="2" second="50" time="94" type="save made" type_id="10"/>
	<message comment="Andros Townsend wins a corner (To the right)" minute="90" period="2" second="28" time="93" type="corner" type_id="6"/>
	<message comment="Andros Townsend is caught offside" minute="90" period="2" time="93" type="offside" type_id="10000"/>
	<message comment="Luis Suárez is caught offside" minute="88" period="2" time="91" type="offside" type_id="10000"/>
	<message comment="Michael Dawson misses attempt (18-yard box, Head, From corner)" minute="86" period="2" second="18" time="89" type="attempt missed" type_id="13"/>
	<message comment="Nacer Chadli wins a corner (To the left)" minute="85" period="2" second="59" time="88" type="corner" type_id="6"/>
	<message comment="Christian Eriksen misses attempt (High, Out of box, Left footed, Open play)" minute="84" period="2" second="56" time="87" type="attempt missed" type_id="13"/>
	<message comment="Gylfi Sigurdsson wins a corner (To the right)" minute="83" period="2" second="55" time="86" type="corner" type_id="6"/>
	<message comment="Gylfi Sigurdsson has shot blocked (Out of box, Right footed, Open play)" minute="83" period="2" second="54" time="86" type="attempt blocked" type_id="15"/>
	<message comment="Lucas Leiva blocks a shot" minute="83" period="2" second="54" time="86" type="save made" type_id="10"/>
	<message comment="Raheem Sterling is substituted off" minute="82" period="2" second="14" time="85" type="substitution off" type_id="18"/>
	<message comment="Victor Moses is substituted on" minute="82" period="2" second="14" time="85" type="substitution on" type_id="19"/>
	<message comment="Daniel Sturridge is caught offside" minute="82" period="2" time="85" type="offside" type_id="10000"/>
	<message comment="Gylfi Sigurdsson wins a corner (To the left)" minute="80" period="2" second="24" time="83" type="corner" type_id="6"/>
	<message comment="Gylfi Sigurdsson has shot blocked (Out of box, Right footed, Open play)" minute="80" period="2" second="21" time="83" type="attempt blocked" type_id="15"/>
	<message comment="Lucas Leiva blocks a shot" minute="80" period="2" second="21" time="83" type="save made" type_id="10"/>
	<message comment="Michael Dawson misses attempt (High, 18-yard box, Right footed, From corner)" minute="76" period="2" second="29" time="79" type="attempt missed" type_id="13"/>
	<message comment="Nacer Chadli wins a corner (To the right)" minute="75" period="2" second="58" time="78" type="corner" type_id="6"/>
	<message comment="Nacer Chadli has shot blocked (18-yard box, Right footed, Open play)" minute="75" period="2" second="56" time="78" type="attempt blocked" type_id="15"/>
	<message comment="Daniel Agger blocks a shot" minute="75" period="2" second="56" time="78" type="save made" type_id="10"/>
	<message comment="GOAL! Jordan Henderson scores  (Low to the right, Out of box, Right footed, Free kick)" minute="74" period="2" second="17" time="77" type="goal scored" type_id="16"/>
	<message comment="Christian Eriksen wins a corner (To the left)" minute="72" period="2" second="27" time="75" type="corner" type_id="6"/>
	<message comment="Steven Gerrard is substituted off" minute="69" period="2" second="18" time="72" type="substitution off" type_id="18"/>
	<message comment="Lucas Leiva is substituted on" minute="69" period="2" second="18" time="72" type="substitution on" type_id="19"/>
	<message comment="Hugo Lloris makes a save (Standing, Parried into danger)" minute="67" period="2" second="17" time="70" type="save made" type_id="10"/>
	<message comment="Daniel Sturridge has attempt saved (Low to the centre, 18-yard box, Right footed, Open play)" minute="67" period="2" second="17" time="70" type="attempt blocked" type_id="15"/>
	<message comment="Philippe Coutinho is substituted off" minute="63" period="2" second="8" time="66" type="substitution off" type_id="18"/>
	<message comment="Joe Allen is substituted on" minute="63" period="2" second="8" time="66" type="substitution on" type_id="19"/>
	<message comment="Nacer Chadli misses attempt (High to the right, 18-yard box, Right footed, Open play)" minute="62" period="2" second="26" time="65" type="attempt missed" type_id="13"/>
	<message comment="Nabil Bentaleb is substituted off" minute="59" period="2" second="10" time="62" type="substitution off" type_id="18"/>
	<message comment="Mousa Dembélé is substituted on" minute="59" period="2" second="10" time="62" type="substitution on" type_id="19"/>
	<message comment="Aaron Lennon is substituted off" minute="59" period="2" second="6" time="62" type="substitution off" type_id="18"/>
	<message comment="Andros Townsend is substituted on" minute="59" period="2" second="6" time="62" type="substitution on" type_id="19"/>
	<message comment="Nabil Bentaleb misses attempt (High to the left, Out of box, Left footed, Open play)" minute="58" period="2" second="29" time="61" type="attempt missed" type_id="13"/>
	<message comment="GOAL! Philippe Coutinho scores , Assisted by Jon Flanagan (Low to the left, Out of box, Right footed, Open play)" minute="54" period="2" second="49" time="57" type="goal scored" type_id="16"/>
	<message comment="Jordan Henderson misses attempt (High, 18-yard box, Big Chance, Right footed, Open play)" minute="53" period="2" second="6" time="56" type="attempt missed" type_id="13"/>
	<message comment="Raheem Sterling wins a corner (To the right)" minute="46" period="2" second="7" time="49" type="corner" type_id="6"/>
	<message comment="Gylfi Sigurdsson recieves a yellow card" minute="45" period="2" second="46" time="48" type="card received" type_id="17"/>
	<message comment="Second half begins!" minute="45" period="2" second="0" time="48" type="start" type_id="32"/>
	<message comment="First half ends" minute="47" period="1" second="5" time="47" type="end" type_id="30"/>
	<message comment="Luis Suárez misses attempt (Out of box, Right footed, Free kick)" minute="44" period="1" second="34" time="44" type="attempt missed" type_id="13"/>
	<message comment="Hugo Lloris makes a save (Parried into danger, Diving)" minute="40" period="1" second="53" time="40" type="save made" type_id="10"/>
	<message comment="Luis Suárez has attempt saved (High to the left, 18-yard box, Big Chance, Head, Open play)" minute="40" period="1" second="53" time="40" type="attempt blocked" type_id="15"/>
	<message comment="Roberto Soldado has attempt saved (High to the right, 18-yard box, Right footed, Open play)" minute="39" period="1" second="27" time="39" type="attempt blocked" type_id="15"/>
	<message comment="Simon Mignolet makes a save (Diving, Parried safe)" minute="39" period="1" second="27" time="39" type="save made" type_id="10"/>
	<message comment="Nabil Bentaleb has attempt saved (Low to the centre, Out of box, Left footed, Open play)" minute="37" period="1" second="26" time="37" type="attempt blocked" type_id="15"/>
	<message comment="Simon Mignolet makes a save" minute="37" period="1" second="26" time="37" type="save made" type_id="10"/>
	<message comment="Daniel Sturridge misses attempt (Out of box, Left footed, Free kick)" minute="33" period="1" second="8" time="33" type="attempt missed" type_id="13"/>
	<message comment="Younes Kaboul recieves a yellow card" minute="32" period="1" second="17" time="32" type="card received" type_id="17"/>
	<message comment="Kyle Naughton has shot blocked (Out of box, Right footed, Open play)" minute="28" period="1" second="30" time="28" type="attempt blocked" type_id="15"/>
	<message comment="Steven Gerrard blocks a shot" minute="28" period="1" second="30" time="28" type="save made" type_id="10"/>
	<message comment="Raheem Sterling wins a corner (To the right)" minute="27" period="1" second="39" time="27" type="corner" type_id="6"/>
	<message comment="Luis Suárez wins a corner (To the left)" minute="26" period="1" second="48" time="26" type="corner" type_id="6"/>
	<message comment="Gylfi Sigurdsson has attempt saved (Low to the left, Out of box, Head, Open play)" minute="25" period="1" second="59" time="25" type="attempt blocked" type_id="15"/>
	<message comment="Simon Mignolet makes a save (Diving)" minute="25" period="1" second="59" time="25" type="save made" type_id="10"/>
	<message comment="Martin Skrtel blocks a shot" minute="25" period="1" second="57" time="25" type="save made" type_id="10"/>
	<message comment="Christian Eriksen has shot blocked (18-yard box, Left footed, Open play)" minute="25" period="1" second="57" time="25" type="attempt blocked" type_id="15"/>
	<message comment="GOAL! Luis Suárez scores  (Low to the right, 18-yard box, Left footed, Open play)" minute="24" period="1" second="2" time="24" type="goal scored" type_id="16"/>
	<message comment="Jan Vertonghen is substituted off" minute="23" period="1" second="27" time="23" type="substitution off" type_id="18"/>
	<message comment="Michael Dawson is substituted on" minute="23" period="1" second="27" time="23" type="substitution on" type_id="19"/>
	<message comment="Luis Suárez misses attempt (High to the right, Out of box, Right footed, Free kick)" minute="22" period="1" second="56" time="22" type="attempt missed" type_id="13"/>
	<message comment="Philippe Coutinho wins a corner (To the left)" minute="18" period="1" second="52" time="18" type="corner" type_id="6"/>
	<message comment="Jordan Henderson wins a corner (To the right)" minute="16" period="1" second="12" time="16" type="corner" type_id="6"/>
	<message comment="Philippe Coutinho misses attempt (To the right, 18-yard box, Right footed, Open play)" minute="15" period="1" second="2" time="15" type="attempt missed" type_id="13"/>
	<message comment="Formation Set" minute="0" period="14" second="0" time="6" type="end" type_id="30"/>
	<message comment="Luis Suárez misses attempt (To the right, Out of box, Right footed, Open play)" minute="4" period="1" second="33" time="4" type="attempt missed" type_id="13"/>
	<message comment="Younes Kaboul scores an OWN GOAL!  (Low to the right, 6-yard box, Right footed, Open play)" minute="1" period="1" second="37" time="1" type="goal scored" type_id="16"/>
	<message comment="First half begins!" minute="0" period="1" second="0" time="0" type="start" type_id="32"/>
</Commentary>
