<?xml version="1.0" ?>
<Commentary away_team_name="Liverpool" competition="English Premier League" game_date="2013-12-04" home_team_name="Norwich" lang_id="en" season="Season 2013/2014" season_id="2013" sport_id="1" sport_name="Football">
	<message comment="Second half ends" minute="92" period="2" second="4" time="95" type="end" type_id="30"/>
	<message comment="Luis Suárez is substituted off" minute="91" period="2" second="12" time="94" type="substitution off" type_id="18"/>
	<message comment="Iago Aspas is substituted on" minute="91" period="2" second="12" time="94" type="substitution on" type_id="19"/>
	<message comment="Luis Suárez misses attempt (To the left, Out of box, Left footed, Open play)" minute="90" period="2" second="2" time="93" type="attempt missed" type_id="13"/>
	<message comment="Bradley Johnson has attempt saved (Low to the centre, Out of box, Left footed, Open play)" minute="89" period="2" second="31" time="92" type="attempt blocked" type_id="15"/>
	<message comment="Simon Mignolet makes a save (Parried into danger, Diving)" minute="89" period="2" second="31" time="92" type="save made" type_id="10"/>
	<message comment="GOAL! Raheem Sterling scores , Assisted by Luis Suárez (High to the left, 18-yard box, Left footed, Open play)" minute="87" period="2" second="50" time="90" type="goal scored" type_id="16"/>
	<message comment="Steven Gerrard hits the woodwork (To the left, 18-yard box, Left footed, Open play)" minute="87" period="2" second="24" time="90" type="woodwork hit" type_id="14"/>
	<message comment="John Ruddy makes a save" minute="83" period="2" second="36" time="86" type="save made" type_id="10"/>
	<message comment="Luis Alberto has attempt saved (High to the right, Out of box, Right footed, Fast break)" minute="83" period="2" second="36" time="86" type="attempt blocked" type_id="15"/>
	<message comment="GOAL! Bradley Johnson scores , Assisted by Nathan Redmond (High to the right, 18-yard box, Head, Open play)" minute="82" period="2" second="17" time="85" type="goal scored" type_id="16"/>
	<message comment="Nathan Redmond misses attempt (To the right, 18-yard box, Left footed, Open play)" minute="79" period="2" second="38" time="82" type="attempt missed" type_id="13"/>
	<message comment="Steven Gerrard misses attempt (Out of box, Right footed, Open play)" minute="78" period="2" second="43" time="81" type="attempt missed" type_id="13"/>
	<message comment="John Ruddy makes a save (Diving, Collected)" minute="78" period="2" second="1" time="81" type="save made" type_id="10"/>
	<message comment="Luis Suárez has attempt saved (Low to the centre, 18-yard box, Right footed, Open play)" minute="78" period="2" second="1" time="81" type="attempt blocked" type_id="15"/>
	<message comment="GOAL! Luis Suárez scores  (High to the left, Out of box, Right footed, Free kick)" minute="73" period="2" second="53" time="76" type="goal scored" type_id="16"/>
	<message comment="Leroy Fer is substituted off" minute="71" period="2" second="14" time="74" type="substitution off" type_id="18"/>
	<message comment="Steven Whittaker is substituted on" minute="71" period="2" second="14" time="74" type="substitution on" type_id="19"/>
	<message comment="Luis Alberto is substituted on" minute="68" period="2" second="47" time="71" type="substitution on" type_id="19"/>
	<message comment="Jordan Henderson is substituted off" minute="68" period="2" second="47" time="71" type="substitution off" type_id="18"/>
	<message comment="Johan Elmander is substituted off" minute="68" period="2" second="43" time="71" type="substitution off" type_id="18"/>
	<message comment="Gary Hooper is substituted on" minute="68" period="2" second="43" time="71" type="substitution on" type_id="19"/>
	<message comment="Jon Flanagan recieves a yellow card" minute="68" period="2" second="20" time="71" type="card received" type_id="17"/>
	<message comment="Josh Murphy has attempt saved (Low to the centre, Out of box, Right footed, Open play)" minute="66" period="2" second="26" time="69" type="attempt blocked" type_id="15"/>
	<message comment="Simon Mignolet makes a save (Standing)" minute="66" period="2" second="26" time="69" type="save made" type_id="10"/>
	<message comment="John Ruddy makes a save (Standing)" minute="66" period="2" second="7" time="69" type="save made" type_id="10"/>
	<message comment="Steven Gerrard has attempt saved (Low to the centre, 18-yard box, Right footed, Fast break)" minute="66" period="2" second="7" time="69" type="attempt blocked" type_id="15"/>
	<message comment="John Ruddy makes a save (Diving, Parried safe)" minute="63" period="2" second="7" time="66" type="save made" type_id="10"/>
	<message comment="Luis Suárez has attempt saved (Low to the left, 18-yard box, Right footed, Open play)" minute="63" period="2" second="7" time="66" type="attempt blocked" type_id="15"/>
	<message comment="Wes Hoolahan is substituted off" minute="61" period="2" second="23" time="64" type="substitution off" type_id="18"/>
	<message comment="Josh Murphy is substituted on" minute="61" period="2" second="23" time="64" type="substitution on" type_id="19"/>
	<message comment="Nathan Redmond misses attempt (Out of box, Right footed, Open play)" minute="60" period="2" second="53" time="63" type="attempt missed" type_id="13"/>
	<message comment="Ryan Bennett blocks a shot" minute="60" period="2" second="3" time="63" type="save made" type_id="10"/>
	<message comment="Jordan Henderson has shot blocked (Out of box, Right footed, Open play)" minute="60" period="2" second="3" time="63" type="attempt blocked" type_id="15"/>
	<message comment="Joe Allen wins a corner (To the right)" minute="56" period="2" second="44" time="59" type="corner" type_id="6"/>
	<message comment="John Ruddy makes a save (Diving)" minute="56" period="2" second="41" time="59" type="save made" type_id="10"/>
	<message comment="Joe Allen has attempt saved (High to the right, Out of box, Right footed, From corner)" minute="56" period="2" second="41" time="59" type="attempt blocked" type_id="15"/>
	<message comment="Raheem Sterling wins a corner (To the left)" minute="56" period="2" second="28" time="59" type="corner" type_id="6"/>
	<message comment="Raheem Sterling has shot blocked (18-yard box, Left footed, Open play)" minute="56" period="2" second="27" time="59" type="attempt blocked" type_id="15"/>
	<message comment="Ryan Bennett blocks a shot" minute="56" period="2" second="27" time="59" type="save made" type_id="10"/>
	<message comment="Jon Flanagan misses attempt (To the left, Out of box, Right footed, Open play)" minute="53" period="2" second="24" time="56" type="attempt missed" type_id="13"/>
	<message comment="Russell Martin blocks a shot (Last line)" minute="51" period="2" second="19" time="54" type="save made" type_id="10"/>
	<message comment="Steven Gerrard has shot blocked (18-yard box, Big Chance, Head, Open play)" minute="51" period="2" second="19" time="54" type="attempt blocked" type_id="15"/>
	<message comment="Philippe Coutinho misses attempt (To the left, Out of box, Right footed, Free kick)" minute="50" period="2" second="29" time="53" type="attempt missed" type_id="13"/>
	<message comment="Sebastien Bassong misses attempt (High, 18-yard box, Big Chance, Head, Set piece)" minute="48" period="2" second="12" time="51" type="attempt missed" type_id="13"/>
	<message comment="Luis Suárez is caught offside" minute="46" period="2" time="49" type="offside" type_id="10000"/>
	<message comment="Second half begins!" minute="45" period="2" second="0" time="48" type="start" type_id="32"/>
	<message comment="First half ends" minute="47" period="1" second="4" time="47" type="end" type_id="30"/>
	<message comment="Wes Hoolahan misses attempt (To the left, 18-yard box, Left footed, Open play)" minute="45" period="1" second="19" time="45" type="attempt missed" type_id="13"/>
	<message comment="Raheem Sterling wins a corner (To the right)" minute="43" period="1" second="36" time="43" type="corner" type_id="6"/>
	<message comment="Steven Gerrard recieves a yellow card" minute="42" period="1" second="19" time="42" type="card received" type_id="17"/>
	<message comment="Russell Martin blocks a shot" minute="38" period="1" second="50" time="38" type="save made" type_id="10"/>
	<message comment="Philippe Coutinho has shot blocked (18-yard box, Right footed, Open play)" minute="38" period="1" second="50" time="38" type="attempt blocked" type_id="15"/>
	<message comment="John Ruddy makes a save (Diving)" minute="37" period="1" second="52" time="37" type="save made" type_id="10"/>
	<message comment="Steven Gerrard has attempt saved (Low to the left, Out of box, Right footed, Open play)" minute="37" period="1" second="52" time="37" type="attempt blocked" type_id="15"/>
	<message comment="GOAL! Luis Suárez scores , Assisted by Raheem Sterling (Low to the right, 18-yard box, Right footed, Open play)" minute="34" period="1" second="22" time="34" type="goal scored" type_id="16"/>
	<message comment="Nathan Redmond has attempt saved (Low to the right, Out of box, Right footed, Free kick)" minute="33" period="1" second="40" time="33" type="attempt blocked" type_id="15"/>
	<message comment="Simon Mignolet makes a save" minute="33" period="1" second="40" time="33" type="save made" type_id="10"/>
	<message comment="Joe Allen recieves a yellow card" minute="32" period="1" second="58" time="32" type="card received" type_id="17"/>
	<message comment="Raheem Sterling is caught offside" minute="31" period="1" time="31" type="offside" type_id="10000"/>
	<message comment="Bradley Johnson misses attempt (Out of box, Left footed, Open play)" minute="29" period="1" second="49" time="29" type="attempt missed" type_id="13"/>
	<message comment="GOAL! Luis Suárez scores , Assisted by Philippe Coutinho (High to the centre, 6-yard box, Big Chance, Left footed, From corner)" minute="28" period="1" second="21" time="28" type="goal scored" type_id="16"/>
	<message comment="Philippe Coutinho wins a corner (To the left)" minute="27" period="1" second="53" time="27" type="corner" type_id="6"/>
	<message comment="Wes Hoolahan blocks a shot" minute="26" period="1" second="11" time="26" type="save made" type_id="10"/>
	<message comment="Philippe Coutinho has shot blocked (18-yard box, Left footed, Open play)" minute="26" period="1" second="11" time="26" type="attempt blocked" type_id="15"/>
	<message comment="Wes Hoolahan misses attempt (High to the right, 18-yard box, Left footed, Open play)" minute="24" period="1" second="24" time="24" type="attempt missed" type_id="13"/>
	<message comment="Philippe Coutinho misses attempt (Out of box, Right footed, Open play)" minute="22" period="1" second="24" time="22" type="attempt missed" type_id="13"/>
	<message comment="Bradley Johnson recieves a yellow card" minute="19" period="1" second="48" time="19" type="card received" type_id="17"/>
	<message comment="Bradley Johnson has shot blocked (Out of box, Left footed, Open play)" minute="18" period="1" second="25" time="18" type="attempt blocked" type_id="15"/>
	<message comment="Steven Gerrard blocks a shot" minute="18" period="1" second="25" time="18" type="save made" type_id="10"/>
	<message comment="GOAL! Luis Suárez scores  (Low to the right, Out of box, Right footed, Open play)" minute="14" period="1" second="58" time="14" type="goal scored" type_id="16"/>
	<message comment="Jordan Henderson misses attempt (To the left, 18-yard box, Right footed, Open play)" minute="14" period="1" second="23" time="14" type="attempt missed" type_id="13"/>
	<message comment="Jordan Henderson misses attempt (To the left, 18-yard box, Left footed, Open play)" minute="11" period="1" second="46" time="11" type="attempt missed" type_id="13"/>
	<message comment="Martin Olsson blocks a shot" minute="11" period="1" second="30" time="11" type="save made" type_id="10"/>
	<message comment="Glen Johnson has shot blocked (18-yard box, Left footed, Open play)" minute="11" period="1" second="30" time="11" type="attempt blocked" type_id="15"/>
	<message comment="Jonny Howson blocks a shot" minute="10" period="1" second="45" time="10" type="save made" type_id="10"/>
	<message comment="Steven Gerrard has shot blocked (Out of box, Right footed, Open play)" minute="10" period="1" second="45" time="10" type="attempt blocked" type_id="15"/>
	<message comment="Wes Hoolahan has attempt saved (Low to the right, Out of box, Left footed, Open play)" minute="9" period="1" second="2" time="9" type="attempt blocked" type_id="15"/>
	<message comment="Simon Mignolet makes a save (Diving)" minute="9" period="1" second="2" time="9" type="save made" type_id="10"/>
	<message comment="Sebastien Bassong blocks a shot" minute="5" period="1" second="0" time="5" type="save made" type_id="10"/>
	<message comment="Philippe Coutinho has shot blocked (18-yard box, Left footed, Open play)" minute="5" period="1" second="0" time="5" type="attempt blocked" type_id="15"/>
	<message comment="Formation Set" minute="0" period="14" second="0" time="5" type="end" type_id="30"/>
	<message comment="Glen Johnson has shot blocked (Out of box, Right footed, Open play)" minute="4" period="1" second="22" time="4" type="attempt blocked" type_id="15"/>
	<message comment="Jonny Howson misses attempt (High to the right, Out of box, Right footed, Open play)" minute="1" period="1" second="55" time="1" type="attempt missed" type_id="13"/>
	<message comment="Nathan Redmond has shot blocked (Out of box, Right footed, Open play)" minute="1" period="1" second="50" time="1" type="attempt blocked" type_id="15"/>
	<message comment="Martin Skrtel blocks a shot" minute="1" period="1" second="50" time="1" type="save made" type_id="10"/>
	<message comment="First half begins!" minute="0" period="1" second="0" time="0" type="start" type_id="32"/>
</Commentary>
