<?xml version="1.0" ?>
<Commentary away_team_name="Liverpool" competition="English Premier League" game_date="2012-09-23" home_team_name="Manchester United" lang_id="en" season="Season 2012/2013" season_id="2012" sport_id="1" sport_name="Football">
	<message comment="Second half ends" minute="97" period="2" second="17" time="100" type="end" type_id="30"/>
	<message comment="Chicharito has attempt saved (Low to the right, Out of box, Left footed, Fast break)" minute="94" period="2" second="40" time="97" type="attempt blocked" type_id="15"/>
	<message comment="Pepe Reina makes a save (Diving)" minute="94" period="2" second="40" time="97" type="save made" type_id="10"/>
	<message comment="Robin van Persie wins a corner (To the left)" minute="89" period="2" second="24" time="92" type="corner" type_id="6"/>
	<message comment="Rafael is substituted off" minute="88" period="2" second="53" time="91" type="substitution off" type_id="18"/>
	<message comment="Danny Welbeck is substituted on" minute="88" period="2" second="53" time="91" type="substitution on" type_id="19"/>
	<message comment="Robin van Persie recieves a yellow card" minute="83" period="2" second="49" time="86" type="card received" type_id="17"/>
	<message comment="Glen Johnson wins a corner (To the left)" minute="83" period="2" second="25" time="86" type="corner" type_id="6"/>
	<message comment="Martin Kelly misses attempt (18-yard box, Head, Open play)" minute="82" period="2" second="31" time="85" type="attempt missed" type_id="13"/>
	<message comment="Shinji Kagawa is substituted off" minute="80" period="2" second="29" time="83" type="substitution off" type_id="18"/>
	<message comment="Chicharito is substituted on" minute="80" period="2" second="29" time="83" type="substitution on" type_id="19"/>
	<message comment="GOAL! Robin van Persie scores  (High to the right, 18-yard box, Penalty, Big Chance, Left footed)" minute="80" period="2" second="11" time="83" type="goal scored" type_id="16"/>
	<message comment="Daniel Agger is substituted off" minute="79" period="2" second="35" time="82" type="substitution off" type_id="18"/>
	<message comment="Jamie Carragher is substituted on" minute="79" period="2" second="35" time="82" type="substitution on" type_id="19"/>
	<message comment="Pepe Reina recieves a yellow card" minute="76" period="2" second="29" time="79" type="card received" type_id="17"/>
	<message comment="Luis Suárez misses attempt (To the left, 18-yard box, Right footed, Open play)" minute="68" period="2" second="56" time="71" type="attempt missed" type_id="13"/>
	<message comment="Raheem Sterling is substituted off" minute="65" period="2" second="47" time="68" type="substitution off" type_id="18"/>
	<message comment="Jordan Henderson is substituted on" minute="65" period="2" second="47" time="68" type="substitution on" type_id="19"/>
	<message comment="Suso wins a corner (To the left)" minute="64" period="2" second="52" time="67" type="corner" type_id="6"/>
	<message comment="Anders Lindegaard makes a save (Parried safe)" minute="64" period="2" second="47" time="67" type="save made" type_id="10"/>
	<message comment="Suso has attempt saved (High to the left, 18-yard box, Left footed, Open play)" minute="64" period="2" second="47" time="67" type="attempt blocked" type_id="15"/>
	<message comment="Ryan Giggs is caught offside" minute="64" period="2" time="67" type="offside" type_id="10000"/>
	<message comment="Robin van Persie misses attempt (High, 18-yard box, Head, Open play)" minute="62" period="2" second="57" time="65" type="attempt missed" type_id="13"/>
	<message comment="Michael Carrick wins a corner (To the left)" minute="62" period="2" second="5" time="65" type="corner" type_id="6"/>
	<message comment="Luis Suárez has attempt saved (Low to the left, Out of box, Left footed, Open play)" minute="60" period="2" second="54" time="63" type="attempt blocked" type_id="15"/>
	<message comment="Anders Lindegaard makes a save (Parried safe, Diving)" minute="60" period="2" second="54" time="63" type="save made" type_id="10"/>
	<message comment="Paul Scholes recieves a yellow card" minute="57" period="2" second="33" time="60" type="card received" type_id="17"/>
	<message comment="Anders Lindegaard makes a save (Collected)" minute="53" period="2" second="47" time="56" type="save made" type_id="10"/>
	<message comment="Steven Gerrard has attempt saved (Low to the centre, Out of box, Right footed, Open play)" minute="53" period="2" second="47" time="56" type="attempt blocked" type_id="15"/>
	<message comment="Luis Antonio Valencia wins a corner (To the right)" minute="52" period="2" second="21" time="55" type="corner" type_id="6"/>
	<message comment="GOAL! Rafael scores , Assisted by Shinji Kagawa (High to the left, 18-yard box, Left footed, Open play)" minute="50" period="2" second="29" time="53" type="goal scored" type_id="16"/>
	<message comment="Shinji Kagawa has shot blocked (Out of box, Right footed, Open play)" minute="49" period="2" second="7" time="52" type="attempt blocked" type_id="15"/>
	<message comment="Martin Skrtel blocks a shot" minute="49" period="2" second="7" time="52" type="save made" type_id="10"/>
	<message comment="GOAL! Steven Gerrard scores  (Low to the right, 18-yard box, Left footed, Open play)" minute="45" period="2" second="51" time="48" type="goal scored" type_id="16"/>
	<message comment="Nani is substituted off" minute="45" period="2" second="0" time="48" type="substitution off" type_id="18"/>
	<message comment="Paul Scholes is substituted on" minute="45" period="2" second="0" time="48" type="substitution on" type_id="19"/>
	<message comment="Second half begins!" minute="45" period="2" second="0" time="48" type="start" type_id="32"/>
	<message comment="Fabio Borini is substituted off" minute="45" period="2" second="0" time="48" type="substitution off" type_id="18"/>
	<message comment="Suso is substituted on" minute="45" period="2" second="0" time="48" type="substitution on" type_id="19"/>
	<message comment="First half ends" minute="47" period="1" second="15" time="47" type="end" type_id="30"/>
	<message comment="Daniel Agger misses attempt (High to the left, 18-yard box, Head, From corner)" minute="45" period="1" second="23" time="45" type="attempt missed" type_id="13"/>
	<message comment="Fabio Borini wins a corner (To the right)" minute="45" period="1" second="0" time="45" type="corner" type_id="6"/>
	<message comment="Michael Carrick has shot blocked (Out of box, Right footed, Open play)" minute="43" period="1" second="1" time="43" type="attempt blocked" type_id="15"/>
	<message comment="Anders Lindegaard makes a save (Parried safe, Diving)" minute="41" period="1" second="11" time="41" type="save made" type_id="10"/>
	<message comment="Luis Suárez has attempt saved (Low to the left, Out of box, Right footed, Free kick)" minute="41" period="1" second="11" time="41" type="attempt blocked" type_id="15"/>
	<message comment="Jonjo Shelvey recieves a red card" minute="38" period="1" second="27" time="38" type="card received" type_id="17"/>
	<message comment="Jonny Evans blocks a shot" minute="36" period="1" second="52" time="36" type="save made" type_id="10"/>
	<message comment="Raheem Sterling has shot blocked (18-yard box, Left footed, Open play)" minute="36" period="1" second="52" time="36" type="attempt blocked" type_id="15"/>
	<message comment="Luis Suárez wins a corner (To the left)" minute="33" period="1" second="29" time="33" type="corner" type_id="6"/>
	<message comment="Rio Ferdinand blocks a shot" minute="33" period="1" second="28" time="33" type="save made" type_id="10"/>
	<message comment="Luis Suárez has shot blocked (18-yard box, Left footed, Throw-in)" minute="33" period="1" second="28" time="33" type="attempt blocked" type_id="15"/>
	<message comment="Luis Suárez misses attempt (High to the right, 18-yard box, Head, Set piece)" minute="32" period="1" second="31" time="32" type="attempt missed" type_id="13"/>
	<message comment="Luis Suárez misses attempt (High to the right, Out of box, Right footed, Open play)" minute="26" period="1" second="39" time="26" type="attempt missed" type_id="13"/>
	<message comment="Nani misses attempt (High, Out of box, Right footed, Free kick)" minute="25" period="1" second="29" time="25" type="attempt missed" type_id="13"/>
	<message comment="Martin Kelly wins a corner (To the left)" minute="19" period="1" second="27" time="19" type="corner" type_id="6"/>
	<message comment="Formation Set" minute="0" period="14" second="0" time="10" type="end" type_id="30"/>
	<message comment="Steven Gerrard misses attempt (18-yard box, Right footed, From corner)" minute="8" period="1" second="29" time="8" type="attempt missed" type_id="13"/>
	<message comment="Raheem Sterling wins a corner (To the right)" minute="8" period="1" second="1" time="8" type="corner" type_id="6"/>
	<message comment="Anders Lindegaard makes a save (Diving, Parried into danger)" minute="6" period="1" second="51" time="6" type="save made" type_id="10"/>
	<message comment="Luis Suárez has attempt saved (Low to the left, 18-yard box, Right footed, Open play)" minute="6" period="1" second="51" time="6" type="attempt blocked" type_id="15"/>
	<message comment="Ryan Giggs misses attempt (Out of box, Left footed, Open play)" minute="6" period="1" second="17" time="6" type="attempt missed" type_id="13"/>
	<message comment="Glen Johnson wins a corner (To the left)" minute="4" period="1" second="49" time="4" type="corner" type_id="6"/>
	<message comment="First half begins!" minute="0" period="1" second="0" time="0" type="start" type_id="32"/>
</Commentary>
