<?xml version="1.0" ?>
<Commentary away_team_name="Liverpool" competition="English Premier League" game_date="2011-12-30" home_team_name="Newcastle United" lang_id="en" season="Season 2011/2012" season_id="2011" sport_id="1" sport_name="Football">
	<message comment="Second half ends" minute="94" period="2" second="4" time="98" type="end" type_id="30"/>
	<message comment="Stewart Downing misses attempt (High, Out of box, Left footed, Open play)" minute="93" period="2" second="6" time="97" type="attempt missed" type_id="13"/>
	<message comment="Glen Johnson misses attempt (To the left, Out of box, Left footed, Open play)" minute="89" period="2" second="15" time="93" type="attempt missed" type_id="13"/>
	<message comment="Gabriel Obertan is substituted off" minute="84" period="2" second="18" time="88" type="substitution off" type_id="18"/>
	<message comment="Sammy Ameobi is substituted on" minute="84" period="2" second="18" time="88" type="substitution on" type_id="19"/>
	<message comment="Glen Johnson misses attempt (To the left, Out of box, Right footed, Open play)" minute="79" period="2" second="27" time="83" type="attempt missed" type_id="13"/>
	<message comment="GOAL! Steven Gerrard scores , Assisted by Jordan Henderson (Low to the right, 18-yard box, Big Chance, Left footed, Open play)" minute="77" period="2" second="13" time="81" type="goal scored" type_id="16"/>
	<message comment="Dirk Kuyt wins a corner (To the left)" minute="76" period="2" second="18" time="80" type="corner" type_id="6"/>
	<message comment="Craig Bellamy is substituted off" minute="73" period="2" second="44" time="77" type="substitution off" type_id="18"/>
	<message comment="Dirk Kuyt is substituted on" minute="73" period="2" second="44" time="77" type="substitution on" type_id="19"/>
	<message comment="Andy Carroll hits the woodwork (High, 18-yard box, Head, Open play)" minute="72" period="2" second="8" time="76" type="woodwork hit" type_id="14"/>
	<message comment="Demba Ba has shot blocked (18-yard box, Big Chance, Right footed, Open play)" minute="69" period="2" second="58" time="73" type="attempt blocked" type_id="15"/>
	<message comment="Martin Skrtel blocks a shot (Last line)" minute="69" period="2" second="58" time="73" type="save made" type_id="10"/>
	<message comment="Craig Bellamy is caught offside" minute="68" period="2" time="72" type="offside" type_id="10000"/>
	<message comment="GOAL! Craig Bellamy scores  (High to the centre, Out of box, Right footed, Free kick)" minute="66" period="2" second="49" time="70" type="goal scored" type_id="16"/>
	<message comment="Haris Vuckic is substituted off" minute="64" period="2" second="55" time="68" type="substitution off" type_id="18"/>
	<message comment="Hatem Ben Arfa is substituted on" minute="64" period="2" second="55" time="68" type="substitution on" type_id="19"/>
	<message comment="Charlie Adam is substituted off" minute="58" period="2" second="57" time="62" type="substitution off" type_id="18"/>
	<message comment="Steven Gerrard is substituted on" minute="58" period="2" second="57" time="62" type="substitution on" type_id="19"/>
	<message comment="Yohan Cabaye misses attempt (High to the right, Out of box, Right footed, Free kick)" minute="58" period="2" second="31" time="62" type="attempt missed" type_id="13"/>
	<message comment="Craig Bellamy is caught offside" minute="55" period="2" time="59" type="offside" type_id="10000"/>
	<message comment="Demba Ba is caught offside" minute="55" period="2" time="59" type="offside" type_id="10000"/>
	<message comment="Stewart Downing misses attempt (High to the left, Out of box, Left footed, Open play)" minute="49" period="2" second="4" time="53" type="attempt missed" type_id="13"/>
	<message comment="Craig Bellamy wins a corner (To the left)" minute="45" period="2" second="47" time="49" type="corner" type_id="6"/>
	<message comment="Ryan Taylor is substituted off" minute="45" period="2" second="0" time="49" type="substitution off" type_id="18"/>
	<message comment="Davide Santon is substituted on" minute="45" period="2" second="0" time="49" type="substitution on" type_id="19"/>
	<message comment="Second half begins!" minute="45" period="2" second="0" time="49" type="start" type_id="32"/>
	<message comment="First half ends" minute="48" period="1" second="10" time="48" type="end" type_id="30"/>
	<message comment="Yohan Cabaye misses attempt (High, Out of box, Right footed, Open play)" minute="48" period="1" second="8" time="48" type="attempt missed" type_id="13"/>
	<message comment="Jay Spearing wins a corner (To the left)" minute="45" period="1" second="12" time="45" type="corner" type_id="6"/>
	<message comment="Cheick Tioté blocks a shot" minute="45" period="1" second="10" time="45" type="save made" type_id="10"/>
	<message comment="Jay Spearing has shot blocked (Out of box, Right footed, Open play)" minute="45" period="1" second="10" time="45" type="attempt blocked" type_id="15"/>
	<message comment="Stewart Downing is caught offside" minute="43" period="1" time="43" type="offside" type_id="10000"/>
	<message comment="Daniel Agger wins a corner (To the right)" minute="41" period="1" second="13" time="41" type="corner" type_id="6"/>
	<message comment="Haris Vuckic misses attempt (High, Out of box, Left footed, Open play)" minute="39" period="1" second="22" time="39" type="attempt missed" type_id="13"/>
	<message comment="Ryan Taylor recieves a yellow card" minute="35" period="1" second="36" time="35" type="card received" type_id="17"/>
	<message comment="Martin Skrtel misses attempt (18-yard box, Head, From corner)" minute="33" period="1" second="21" time="33" type="attempt missed" type_id="13"/>
	<message comment="Craig Bellamy wins a corner (To the left)" minute="33" period="1" second="1" time="33" type="corner" type_id="6"/>
	<message comment="Jordan Henderson misses attempt (To the left, 18-yard box, Head, Open play)" minute="31" period="1" second="2" time="31" type="attempt missed" type_id="13"/>
	<message comment="Stewart Downing has shot blocked (18-yard box, Left footed, Open play)" minute="30" period="1" second="56" time="30" type="attempt blocked" type_id="15"/>
	<message comment="Ryan Taylor blocks a shot" minute="30" period="1" second="56" time="30" type="save made" type_id="10"/>
	<message comment="GOAL! Craig Bellamy scores  (Low to the left, 18-yard box, Big Chance, Right footed, Open play)" minute="28" period="1" second="58" time="28" type="goal scored" type_id="16"/>
	<message comment="Charlie Adam wins a corner (To the right)" minute="28" period="1" second="2" time="28" type="corner" type_id="6"/>
	<message comment="Jonás Gutiérrez recieves a yellow card" minute="27" period="1" second="31" time="27" type="card received" type_id="17"/>
	<message comment="Daniel Agger scores an OWN GOAL!  (Low to the centre, 18-yard box, Other body part, Open play)" minute="24" period="1" second="25" time="24" type="goal scored" type_id="16"/>
	<message comment="Tim Krul makes a save (Diving)" minute="19" period="1" second="17" time="19" type="save made" type_id="10"/>
	<message comment="Stewart Downing has attempt saved (Low to the right, Out of box, Left footed, Open play)" minute="19" period="1" second="17" time="19" type="attempt blocked" type_id="15"/>
	<message comment="Charlie Adam misses attempt (High, Out of box, Left footed, Open play)" minute="18" period="1" second="11" time="18" type="attempt missed" type_id="13"/>
	<message comment="Andy Carroll has shot blocked (18-yard box, Right footed, Open play)" minute="18" period="1" second="2" time="18" type="attempt blocked" type_id="15"/>
	<message comment="Formation Set" minute="0" period="14" second="0" time="8" type="end" type_id="30"/>
	<message comment="Daniel Agger misses attempt (To the right, Out of box, Left footed, Open play)" minute="5" period="1" second="49" time="5" type="attempt missed" type_id="13"/>
	<message comment="Demba Ba is caught offside" minute="2" period="1" time="2" type="offside" type_id="10000"/>
	<message comment="Glen Johnson wins a corner (To the right)" minute="1" period="1" second="20" time="1" type="corner" type_id="6"/>
	<message comment="Craig Bellamy is caught offside" minute="0" period="1" time="0" type="offside" type_id="10000"/>
	<message comment="First half begins!" minute="0" period="1" second="0" time="0" type="start" type_id="32"/>
</Commentary>
