<?xml version="1.0" ?>
<Commentary away_team_name="Liverpool" competition="English Premier League" game_date="2014-05-11" home_team_name="Newcastle United2" lang_id="en" season="Season 2013/2014" season_id="2013" sport_id="1" sport_name="Football">
	<message comment="Second half ends" minute="94" period="2" second="6" time="97" type="end" type_id="30"/>
	<message comment="Moussa Sissoko wins a corner (To the right)" minute="88" period="2" second="33" time="91" type="corner" type_id="6"/>
	<message comment="Lucas Leiva recieves a yellow card" minute="88" period="2" second="9" time="91" type="card received" type_id="17"/>
	<message comment="Paul Dummett recieves a red card" minute="86" period="2" second="37" time="89" type="card received" type_id="17"/>
	<message comment="Massadio Haidara has shot blocked (Out of box, Left footed, Free kick)" minute="85" period="2" second="58" time="88" type="attempt blocked" type_id="15"/>
	<message comment="Martin Skrtel blocks a shot" minute="85" period="2" second="58" time="88" type="save made" type_id="10"/>
	<message comment="Lucas Leiva has shot blocked (Out of box, Right footed, Open play)" minute="84" period="2" second="11" time="87" type="attempt blocked" type_id="15"/>
	<message comment="Raheem Sterling is caught offside" minute="84" period="2" time="87" type="offside" type_id="10000"/>
	<message comment="Cheick Tioté is substituted off" minute="81" period="2" second="4" time="84" type="substitution off" type_id="18"/>
	<message comment="Paul Dummett is substituted on" minute="81" period="2" second="4" time="84" type="substitution on" type_id="19"/>
	<message comment="Daniel Sturridge is substituted off" minute="79" period="2" second="27" time="82" type="substitution off" type_id="18"/>
	<message comment="Lucas Leiva is substituted on" minute="79" period="2" second="27" time="82" type="substitution on" type_id="19"/>
	<message comment="Daniel Agger misses attempt (To the left, 6-yard box, Big Chance, Head, Set piece)" minute="78" period="2" second="42" time="81" type="attempt missed" type_id="13"/>
	<message comment="Yoan Gouffran is substituted off" minute="77" period="2" second="15" time="80" type="substitution off" type_id="18"/>
	<message comment="Sammy Ameobi is substituted on" minute="77" period="2" second="15" time="80" type="substitution on" type_id="19"/>
	<message comment="Steven Taylor is substituted off" minute="72" period="2" second="5" time="75" type="substitution off" type_id="18"/>
	<message comment="Luuk de Jong is substituted on" minute="72" period="2" second="5" time="75" type="substitution on" type_id="19"/>
	<message comment="Daniel Sturridge has shot blocked (Out of box, Left footed, Open play)" minute="69" period="2" second="52" time="72" type="attempt blocked" type_id="15"/>
	<message comment="Aly Cissokho is caught offside" minute="68" period="2" time="71" type="offside" type_id="10000"/>
	<message comment="Shola Ameobi recieves a red card after receiving second yellow card" minute="65" period="2" second="36" time="68" type="card received" type_id="17"/>
	<message comment="Shola Ameobi recieves a yellow card" minute="65" period="2" second="26" time="68" type="card received" type_id="17"/>
	<message comment="GOAL! Daniel Sturridge scores , Assisted by Steven Gerrard (Low to the centre, 6-yard box, Big Chance, Left footed, Set piece)" minute="64" period="2" second="36" time="67" type="goal scored" type_id="16"/>
	<message comment="Yoan Gouffran recieves a yellow card" minute="64" period="2" second="9" time="67" type="card received" type_id="17"/>
	<message comment="GOAL! Daniel Agger scores , Assisted by Steven Gerrard (Low to the left, 6-yard box, Left footed, Set piece)" minute="62" period="2" second="44" time="65" type="goal scored" type_id="16"/>
	<message comment="Vurnon Anita recieves a yellow card" minute="62" period="2" second="15" time="65" type="card received" type_id="17"/>
	<message comment="Philippe Coutinho wins a corner (To the right)" minute="61" period="2" second="28" time="64" type="corner" type_id="6"/>
	<message comment="Philippe Coutinho wins a corner (To the right)" minute="61" period="2" second="6" time="64" type="corner" type_id="6"/>
	<message comment="Daniel Sturridge misses attempt (To the right, Out of box, Left footed, Open play)" minute="59" period="2" second="35" time="62" type="attempt missed" type_id="13"/>
	<message comment="Joe Allen is substituted off" minute="58" period="2" second="54" time="61" type="substitution off" type_id="18"/>
	<message comment="Philippe Coutinho is substituted on" minute="58" period="2" second="54" time="61" type="substitution on" type_id="19"/>
	<message comment="Tim Krul makes a save (Standing, Collected)" minute="57" period="2" second="59" time="60" type="save made" type_id="10"/>
	<message comment="Luis Suárez has attempt saved (Low to the right, Out of box, Right footed, Free kick)" minute="57" period="2" second="59" time="60" type="attempt blocked" type_id="15"/>
	<message comment="Aly Cissokho wins a corner (To the left)" minute="53" period="2" second="18" time="56" type="corner" type_id="6"/>
	<message comment="Raheem Sterling wins a corner (To the right)" minute="47" period="2" second="12" time="50" type="corner" type_id="6"/>
	<message comment="Vurnon Anita blocks a shot" minute="47" period="2" second="8" time="50" type="save made" type_id="10"/>
	<message comment="Raheem Sterling has shot blocked (Out of box, Left footed, Open play)" minute="47" period="2" second="8" time="50" type="attempt blocked" type_id="15"/>
	<message comment="Jon Flanagan is substituted off" minute="45" period="2" second="0" time="48" type="substitution off" type_id="18"/>
	<message comment="Aly Cissokho is substituted on" minute="45" period="2" second="0" time="48" type="substitution on" type_id="19"/>
	<message comment="Second half begins!" minute="45" period="2" second="0" time="48" type="start" type_id="32"/>
	<message comment="First half ends" minute="47" period="1" second="21" time="47" type="end" type_id="30"/>
	<message comment="Shola Ameobi misses attempt (To the right, Out of box, Left footed, Open play)" minute="44" period="1" second="1" time="44" type="attempt missed" type_id="13"/>
	<message comment="Daniel Sturridge misses attempt (To the left, 18-yard box, Big Chance, Head, Open play)" minute="40" period="1" second="3" time="40" type="attempt missed" type_id="13"/>
	<message comment="Daniel Sturridge wins a corner (To the left)" minute="39" period="1" second="11" time="39" type="corner" type_id="6"/>
	<message comment="Mathieu Debuchy recieves a yellow card" minute="34" period="1" second="43" time="34" type="card received" type_id="17"/>
	<message comment="Luis Suárez has attempt saved (Low to the centre, 18-yard box, Left footed, Open play)" minute="33" period="1" second="44" time="33" type="attempt blocked" type_id="15"/>
	<message comment="Tim Krul makes a save (Diving, Collected)" minute="33" period="1" second="44" time="33" type="save made" type_id="10"/>
	<message comment="Shola Ameobi is caught offside" minute="33" period="1" time="33" type="offside" type_id="10000"/>
	<message comment="Moussa Sissoko blocks a shot" minute="31" period="1" second="9" time="31" type="save made" type_id="10"/>
	<message comment="Luis Suárez has shot blocked (Out of box, Right footed, Free kick)" minute="31" period="1" second="9" time="31" type="attempt blocked" type_id="15"/>
	<message comment="Yoan Gouffran has shot blocked (18-yard box, Right footed, Open play)" minute="28" period="1" second="27" time="28" type="attempt blocked" type_id="15"/>
	<message comment="Glen Johnson blocks a shot" minute="28" period="1" second="27" time="28" type="save made" type_id="10"/>
	<message comment="Vurnon Anita misses attempt (High, Out of box, Right footed, Open play)" minute="26" period="1" second="33" time="26" type="attempt missed" type_id="13"/>
	<message comment="Yoan Gouffran has attempt saved (Low to the centre, 18-yard box, Big Chance, Right footed, Open play)" minute="26" period="1" second="30" time="26" type="attempt blocked" type_id="15"/>
	<message comment="Simon Mignolet makes a save (Diving, Parried safe, Other body part)" minute="26" period="1" second="30" time="26" type="save made" type_id="10"/>
	<message comment="Tim Krul makes a save (Collected, Diving)" minute="23" period="1" second="14" time="23" type="save made" type_id="10"/>
	<message comment="Daniel Agger has attempt saved (Low to the centre, 18-yard box, Head, From corner)" minute="23" period="1" second="14" time="23" type="attempt blocked" type_id="15"/>
	<message comment="Shola Ameobi is caught offside" minute="23" period="1" time="23" type="offside" type_id="10000"/>
	<message comment="Luis Suárez wins a corner (To the right)" minute="22" period="1" second="4" time="22" type="corner" type_id="6"/>
	<message comment="Martin Skrtel scores an OWN GOAL!  (Low to the right, 18-yard box, Right footed, Open play)" minute="19" period="1" second="10" time="19" type="goal scored" type_id="16"/>
	<message comment="Fabricio Coloccini blocks a shot" minute="17" period="1" second="27" time="17" type="save made" type_id="10"/>
	<message comment="Glen Johnson has shot blocked (Out of box, Left footed, Open play)" minute="17" period="1" second="27" time="17" type="attempt blocked" type_id="15"/>
	<message comment="Shola Ameobi has attempt saved (Low to the centre, 18-yard box, Head, Open play)" minute="9" period="1" second="7" time="9" type="attempt blocked" type_id="15"/>
	<message comment="Simon Mignolet makes a save (Collected)" minute="9" period="1" second="7" time="9" type="save made" type_id="10"/>
	<message comment="Moussa Sissoko has shot blocked (18-yard box, Right footed, Open play)" minute="8" period="1" second="33" time="8" type="attempt blocked" type_id="15"/>
	<message comment="Jon Flanagan blocks a shot" minute="8" period="1" second="33" time="8" type="save made" type_id="10"/>
	<message comment="Daniel Sturridge is caught offside" minute="7" period="1" time="7" type="offside" type_id="10000"/>
	<message comment="Formation Set" minute="0" period="14" second="0" time="7" type="end" type_id="30"/>
	<message comment="Shola Ameobi misses attempt (To the left, 18-yard box, Head, From corner)" minute="4" period="1" second="3" time="4" type="attempt missed" type_id="13"/>
	<message comment="Moussa Sissoko wins a corner (To the right)" minute="3" period="1" second="32" time="3" type="corner" type_id="6"/>
	<message comment="First half begins!" minute="0" period="1" second="0" time="0" type="start" type_id="32"/>
</Commentary>
