<?xml version="1.0" ?>
<Commentary away_team_name="Liverpool" competition="English Premier League" game_date="2011-01-26" home_team_name="Fulham" lang_id="en" season="Season 2010/2011" season_id="2010" sport_id="1" sport_name="Football">
	<message comment="Second half ends" minute="93" period="2" second="15" time="95" type="end" type_id="30"/>
	<message comment="Mousa Dembélé has attempt saved (Low to the left, 6-yard box, Big Chance, Left footed, Set piece)" minute="87" period="2" second="11" time="89" type="attempt blocked" type_id="15"/>
	<message comment="Pepe Reina makes a save (Parried safe, Feet, Diving)" minute="87" period="2" second="11" time="89" type="save made" type_id="10"/>
	<message comment="Steve Sidwell blocks a shot" minute="83" period="2" second="47" time="85" type="save made" type_id="10"/>
	<message comment="Fábio Aurélio has shot blocked (18-yard box, Left footed, Open play)" minute="83" period="2" second="47" time="85" type="attempt blocked" type_id="15"/>
	<message comment="Maxi Rodríguez wins a corner (To the right)" minute="83" period="2" second="4" time="85" type="corner" type_id="6"/>
	<message comment="Brede Hangeland has shot blocked (18-yard box, Head, From corner)" minute="81" period="2" second="15" time="83" type="attempt blocked" type_id="15"/>
	<message comment="Raul Meireles blocks a shot (Last line)" minute="81" period="2" second="15" time="83" type="save made" type_id="10"/>
	<message comment="Aaron Hughes wins a corner (To the right)" minute="80" period="2" second="45" time="82" type="corner" type_id="6"/>
	<message comment="Pepe Reina makes a save (Diving, From shot off target)" minute="80" period="2" second="44" time="82" type="save made" type_id="10"/>
	<message comment="Aaron Hughes misses attempt (18-yard box, Head, From corner)" minute="80" period="2" second="41" time="82" type="attempt missed" type_id="13"/>
	<message comment="Clint Dempsey wins a corner (To the left)" minute="80" period="2" second="16" time="82" type="corner" type_id="6"/>
	<message comment="Christian Poulsen is substituted off" minute="79" period="2" second="57" time="81" type="substitution off" type_id="18"/>
	<message comment="Fábio Aurélio is substituted on" minute="79" period="2" second="57" time="81" type="substitution on" type_id="19"/>
	<message comment="Fernando Torres is caught offside" minute="79" period="2" time="81" type="offside" type_id="10000"/>
	<message comment="Jonjo Shelvey is caught offside" minute="78" period="2" time="80" type="offside" type_id="10000"/>
	<message comment="Clint Dempsey misses attempt (High to the right, 18-yard box, Right footed, Open play)" minute="76" period="2" second="45" time="78" type="attempt missed" type_id="13"/>
	<message comment="Raul Meireles wins a corner (To the right)" minute="73" period="2" second="25" time="75" type="corner" type_id="6"/>
	<message comment="Andrew Johnson misses attempt (To the left, 18-yard box, Head, Open play)" minute="73" period="2" second="12" time="75" type="attempt missed" type_id="13"/>
	<message comment="Steve Sidwell has shot blocked (Out of box, Right footed, Open play)" minute="71" period="2" second="27" time="73" type="attempt blocked" type_id="15"/>
	<message comment="Daniel Agger blocks a shot" minute="71" period="2" second="27" time="73" type="save made" type_id="10"/>
	<message comment="John Pantsil recieves a yellow card" minute="68" period="2" second="36" time="70" type="card received" type_id="17"/>
	<message comment="Dirk Kuyt is substituted off" minute="66" period="2" second="0" time="68" type="substitution off" type_id="18"/>
	<message comment="Jonjo Shelvey is substituted on" minute="66" period="2" second="0" time="68" type="substitution on" type_id="19"/>
	<message comment="Danny Murphy misses attempt (Out of box, Right footed, Free kick)" minute="65" period="2" second="35" time="67" type="attempt missed" type_id="13"/>
	<message comment="Dirk Kuyt is caught offside" minute="63" period="2" time="65" type="offside" type_id="10000"/>
	<message comment="Damien Duff is substituted off" minute="62" period="2" second="29" time="64" type="substitution off" type_id="18"/>
	<message comment="Zoltán Gera is substituted on" minute="62" period="2" second="29" time="64" type="substitution on" type_id="19"/>
	<message comment="Clint Dempsey misses attempt (To the right, Out of box, Left footed, Open play)" minute="60" period="2" second="12" time="62" type="attempt missed" type_id="13"/>
	<message comment="Clint Dempsey has attempt saved (Low to the centre, 18-yard box, Right footed, Open play)" minute="58" period="2" second="12" time="60" type="attempt blocked" type_id="15"/>
	<message comment="Pepe Reina makes a save (Diving)" minute="58" period="2" second="12" time="60" type="save made" type_id="10"/>
	<message comment="Dirk Kuyt is caught offside" minute="58" period="2" time="60" type="offside" type_id="10000"/>
	<message comment="John Pantsil scores an OWN GOAL!  (Low to the right, 6-yard box, Left footed, Open play)" minute="51" period="2" second="32" time="53" type="goal scored" type_id="16"/>
	<message comment="Brede Hangeland blocks a shot" minute="51" period="2" second="29" time="53" type="save made" type_id="10"/>
	<message comment="Fernando Torres has shot blocked (18-yard box, Right footed, Open play)" minute="51" period="2" second="29" time="53" type="attempt blocked" type_id="15"/>
	<message comment="Maxi Rodríguez misses attempt (To the left, 18-yard box, Head, Open play)" minute="50" period="2" second="33" time="52" type="attempt missed" type_id="13"/>
	<message comment="Brede Hangeland blocks a shot" minute="50" period="2" second="25" time="52" type="save made" type_id="10"/>
	<message comment="Maxi Rodríguez has shot blocked (18-yard box, Right footed, Open play)" minute="50" period="2" second="25" time="52" type="attempt blocked" type_id="15"/>
	<message comment="Second half begins!" minute="45" period="2" second="0" time="47" type="start" type_id="32"/>
	<message comment="First half ends" minute="46" period="1" second="12" time="46" type="end" type_id="30"/>
	<message comment="Fernando Torres misses attempt (High to the left, 6-yard box, Head, Open play)" minute="45" period="1" second="36" time="45" type="attempt missed" type_id="13"/>
	<message comment="Maxi Rodríguez wins a corner (To the left)" minute="41" period="1" second="11" time="41" type="corner" type_id="6"/>
	<message comment="John Pantsil blocks a shot" minute="41" period="1" second="9" time="41" type="save made" type_id="10"/>
	<message comment="Maxi Rodríguez has shot blocked (18-yard box, Right footed, Open play)" minute="41" period="1" second="9" time="41" type="attempt blocked" type_id="15"/>
	<message comment="Daniel Agger misses attempt (To the right, Out of box, Left footed, Open play)" minute="39" period="1" second="50" time="39" type="attempt missed" type_id="13"/>
	<message comment="Fernando Torres misses attempt (6-yard box, Right footed, Open play)" minute="32" period="1" second="57" time="32" type="attempt missed" type_id="13"/>
	<message comment="Mousa Dembélé has attempt saved (Low to the centre, 18-yard box, Big Chance, Left footed, Open play)" minute="28" period="1" second="54" time="28" type="attempt blocked" type_id="15"/>
	<message comment="Pepe Reina makes a save (Parried safe)" minute="28" period="1" second="54" time="28" type="save made" type_id="10"/>
	<message comment="Clint Dempsey has attempt saved (Low to the left, Out of box, Left footed, Open play)" minute="28" period="1" second="26" time="28" type="attempt blocked" type_id="15"/>
	<message comment="Pepe Reina makes a save (Parried safe, Standing)" minute="28" period="1" second="26" time="28" type="save made" type_id="10"/>
	<message comment="Glen Johnson wins a corner (To the left)" minute="24" period="1" second="49" time="24" type="corner" type_id="6"/>
	<message comment="David Stockdale makes a save (Diving, Parried safe)" minute="24" period="1" second="45" time="24" type="save made" type_id="10"/>
	<message comment="Glen Johnson has attempt saved (High to the left, Out of box, Right footed, Open play)" minute="24" period="1" second="45" time="24" type="attempt blocked" type_id="15"/>
	<message comment="Fernando Torres misses attempt (High, Out of box, Right footed, Open play)" minute="14" period="1" second="21" time="14" type="attempt missed" type_id="13"/>
	<message comment="Dirk Kuyt wins a corner (To the right)" minute="13" period="1" second="37" time="13" type="corner" type_id="6"/>
	<message comment="Steven Gerrard has attempt saved (Low to the left, Out of box, Left footed, Open play)" minute="12" period="1" second="4" time="12" type="attempt blocked" type_id="15"/>
	<message comment="David Stockdale makes a save" minute="12" period="1" second="4" time="12" type="save made" type_id="10"/>
	<message comment="Fernando Torres misses attempt (To the left, 18-yard box, Right footed, Open play)" minute="11" period="1" second="57" time="11" type="attempt missed" type_id="13"/>
	<message comment="Martin Skrtel misses attempt (18-yard box, Head, From corner)" minute="10" period="1" second="25" time="10" type="attempt missed" type_id="13"/>
	<message comment="Raul Meireles wins a corner (To the left)" minute="9" period="1" second="59" time="9" type="corner" type_id="6"/>
	<message comment="David Stockdale makes a save (Parried safe, Diving)" minute="9" period="1" second="56" time="9" type="save made" type_id="10"/>
	<message comment="Raul Meireles has attempt saved (Low to the left, 18-yard box, Head, Open play)" minute="9" period="1" second="56" time="9" type="attempt blocked" type_id="15"/>
	<message comment="Dirk Kuyt is caught offside" minute="7" period="1" time="7" type="offside" type_id="10000"/>
	<message comment="Fernando Torres is caught offside" minute="5" period="1" time="5" type="offside" type_id="10000"/>
	<message comment="Formation Set" minute="0" period="14" second="0" time="5" type="end" type_id="30"/>
	<message comment="First half begins!" minute="0" period="1" second="0" time="0" type="start" type_id="32"/>
</Commentary>
