<?xml version="1.0" ?>
<Commentary away_team_name="Liverpool" competition="English Premier League" game_date="2014-01-01" home_team_name="Hull" lang_id="en" season="Season 2013/2014" season_id="2013" sport_id="1" sport_name="Football">
	<message comment="Second half ends" minute="92" period="2" second="24" time="94" type="end" type_id="30"/>
	<message comment="Allan McGregor makes a save (Parried into danger)" minute="91" period="2" second="45" time="93" type="save made" type_id="10"/>
	<message comment="Philippe Coutinho has attempt saved (High to the right, 18-yard box, Right footed, Open play)" minute="91" period="2" second="45" time="93" type="attempt blocked" type_id="15"/>
	<message comment="George Boyd has shot blocked (18-yard box, Left footed, Open play)" minute="90" period="2" second="52" time="92" type="attempt blocked" type_id="15"/>
	<message comment="Kolo Touré blocks a shot" minute="90" period="2" second="52" time="92" type="save made" type_id="10"/>
	<message comment="Luis Suárez misses attempt (High, Out of box, Right footed, Free kick)" minute="86" period="2" second="9" time="88" type="attempt missed" type_id="13"/>
	<message comment="Curtis Davies recieves a yellow card" minute="85" period="2" second="22" time="87" type="card received" type_id="17"/>
	<message comment="Maynor Figueroa misses attempt (To the right, Out of box, Right footed, Open play)" minute="82" period="2" second="27" time="84" type="attempt missed" type_id="13"/>
	<message comment="Matty Fryatt wins a corner (To the right)" minute="81" period="2" second="36" time="83" type="corner" type_id="6"/>
	<message comment="Luis Suárez misses attempt (To the right, Out of box, Left footed, Open play)" minute="79" period="2" second="58" time="81" type="attempt missed" type_id="13"/>
	<message comment="Ahmed El Mohamady misses attempt (High to the left, 18-yard box, Right footed, Open play)" minute="78" period="2" second="23" time="80" type="attempt missed" type_id="13"/>
	<message comment="Matty Fryatt has shot blocked (Out of box, Right footed, Open play)" minute="78" period="2" second="19" time="80" type="attempt blocked" type_id="15"/>
	<message comment="Daniel Agger blocks a shot" minute="78" period="2" second="19" time="80" type="save made" type_id="10"/>
	<message comment="Tom Huddlestone has shot blocked (Out of box, Right footed, Open play)" minute="77" period="2" second="43" time="79" type="attempt blocked" type_id="15"/>
	<message comment="Martin Skrtel blocks a shot" minute="77" period="2" second="43" time="79" type="save made" type_id="10"/>
	<message comment="Jake Livermore wins a corner (To the right)" minute="76" period="2" second="15" time="78" type="corner" type_id="6"/>
	<message comment="Jake Livermore has shot blocked (Out of box, Right footed, Set piece)" minute="76" period="2" second="11" time="78" type="attempt blocked" type_id="15"/>
	<message comment="Jordan Henderson blocks a shot" minute="76" period="2" second="11" time="78" type="save made" type_id="10"/>
	<message comment="Raheem Sterling is substituted off" minute="75" period="2" second="56" time="77" type="substitution off" type_id="18"/>
	<message comment="Victor Moses is substituted on" minute="75" period="2" second="56" time="77" type="substitution on" type_id="19"/>
	<message comment="Philippe Coutinho misses attempt (To the left, Out of box, Right footed, Open play)" minute="74" period="2" second="41" time="76" type="attempt missed" type_id="13"/>
	<message comment="Allan McGregor makes a save (Diving, Parried safe)" minute="72" period="2" second="7" time="74" type="save made" type_id="10"/>
	<message comment="Philippe Coutinho has attempt saved (Low to the right, Out of box, Right footed, Open play)" minute="72" period="2" second="7" time="74" type="attempt blocked" type_id="15"/>
	<message comment="Philippe Coutinho misses attempt (High, Out of box, Right footed, Open play)" minute="70" period="2" second="0" time="72" type="attempt missed" type_id="13"/>
	<message comment="Curtis Davies misses attempt (To the left, Out of box, Right footed, From corner)" minute="65" period="2" second="54" time="67" type="attempt missed" type_id="13"/>
	<message comment="Matty Fryatt wins a corner (To the right)" minute="65" period="2" second="23" time="67" type="corner" type_id="6"/>
	<message comment="Jordan Henderson misses attempt (To the right, 18-yard box, Left footed, Open play)" minute="64" period="2" second="44" time="66" type="attempt missed" type_id="13"/>
	<message comment="Iago Aspas is substituted off" minute="61" period="2" second="25" time="63" type="substitution off" type_id="18"/>
	<message comment="Steven Gerrard is substituted on" minute="61" period="2" second="25" time="63" type="substitution on" type_id="19"/>
	<message comment="David Meyler is substituted off" minute="58" period="2" second="13" time="60" type="substitution off" type_id="18"/>
	<message comment="George Boyd is substituted on" minute="58" period="2" second="13" time="60" type="substitution on" type_id="19"/>
	<message comment="Robert Koren is substituted off" minute="58" period="2" second="3" time="60" type="substitution off" type_id="18"/>
	<message comment="Danny Graham is substituted on" minute="58" period="2" second="3" time="60" type="substitution on" type_id="19"/>
	<message comment="Yannick Sagbo is substituted off" minute="57" period="2" second="56" time="59" type="substitution off" type_id="18"/>
	<message comment="Matty Fryatt is substituted on" minute="57" period="2" second="56" time="59" type="substitution on" type_id="19"/>
	<message comment="Robert Koren wins a corner (To the right)" minute="57" period="2" second="12" time="59" type="corner" type_id="6"/>
	<message comment="Robert Koren has shot blocked (Out of box, Right footed, Open play)" minute="57" period="2" second="9" time="59" type="attempt blocked" type_id="15"/>
	<message comment="Daniel Agger blocks a shot" minute="57" period="2" second="9" time="59" type="save made" type_id="10"/>
	<message comment="Glen Johnson is substituted off" minute="54" period="2" second="37" time="56" type="substitution off" type_id="18"/>
	<message comment="Kolo Touré is substituted on" minute="54" period="2" second="37" time="56" type="substitution on" type_id="19"/>
	<message comment="Aly Cissokho wins a corner (To the right)" minute="51" period="2" second="59" time="53" type="corner" type_id="6"/>
	<message comment="James Chester blocks a shot" minute="51" period="2" second="56" time="53" type="save made" type_id="10"/>
	<message comment="Aly Cissokho has shot blocked (Out of box, Left footed, Open play)" minute="51" period="2" second="56" time="53" type="attempt blocked" type_id="15"/>
	<message comment="GOAL! Luis Suárez scores  (High to the left, Out of box, Right footed, Free kick)" minute="49" period="2" second="7" time="51" type="goal scored" type_id="16"/>
	<message comment="Second half begins!" minute="45" period="2" second="0" time="47" type="start" type_id="32"/>
	<message comment="First half ends" minute="46" period="1" second="21" time="46" type="end" type_id="30"/>
	<message comment="Philippe Coutinho misses attempt (18-yard box, Big Chance, Right footed, Open play)" minute="45" period="1" second="49" time="45" type="attempt missed" type_id="13"/>
	<message comment="Yannick Sagbo is caught offside" minute="43" period="1" time="43" type="offside" type_id="10000"/>
	<message comment="Jordan Henderson misses attempt (18-yard box, Big Chance, Right footed, Open play)" minute="41" period="1" second="33" time="41" type="attempt missed" type_id="13"/>
	<message comment="Luis Suárez recieves a yellow card" minute="38" period="1" second="26" time="38" type="card received" type_id="17"/>
	<message comment="GOAL! Daniel Agger scores , Assisted by Philippe Coutinho (Low to the left, 18-yard box, Head, From corner)" minute="35" period="1" second="58" time="35" type="goal scored" type_id="16"/>
	<message comment="Luis Suárez wins a corner (To the right)" minute="35" period="1" second="4" time="35" type="corner" type_id="6"/>
	<message comment="Glen Johnson wins a corner (To the right)" minute="28" period="1" second="14" time="28" type="corner" type_id="6"/>
	<message comment="Allan McGregor makes a save (Parried into danger, Other body part)" minute="24" period="1" second="30" time="24" type="save made" type_id="10"/>
	<message comment="Raheem Sterling has attempt saved (Low to the centre, 18-yard box, Big Chance, Right footed, Open play)" minute="24" period="1" second="30" time="24" type="attempt blocked" type_id="15"/>
	<message comment="Philippe Coutinho misses attempt (High, Out of box, Right footed, Open play)" minute="22" period="1" second="57" time="22" type="attempt missed" type_id="13"/>
	<message comment="Allan McGregor makes a save" minute="21" period="1" second="38" time="21" type="save made" type_id="10"/>
	<message comment="Philippe Coutinho has attempt saved (Low to the right, Out of box, Right footed, Free kick)" minute="21" period="1" second="38" time="21" type="attempt blocked" type_id="15"/>
	<message comment="Alex Bruce recieves a yellow card" minute="20" period="1" second="54" time="20" type="card received" type_id="17"/>
	<message comment="Luis Suárez is caught offside" minute="18" period="1" time="18" type="offside" type_id="10000"/>
	<message comment="Yannick Sagbo is caught offside" minute="16" period="1" time="16" type="offside" type_id="10000"/>
	<message comment="Luis Suárez misses attempt (To the left, Out of box, Right footed, Open play)" minute="15" period="1" second="34" time="15" type="attempt missed" type_id="13"/>
	<message comment="Robert Koren has shot blocked (18-yard box, Right footed, Open play)" minute="14" period="1" second="20" time="14" type="attempt blocked" type_id="15"/>
	<message comment="Martin Skrtel blocks a shot" minute="14" period="1" second="20" time="14" type="save made" type_id="10"/>
	<message comment="Yannick Sagbo misses attempt (Out of box, Right footed, Open play)" minute="11" period="1" second="56" time="11" type="attempt missed" type_id="13"/>
	<message comment="Formation Set" minute="0" period="14" second="0" time="4" type="end" type_id="30"/>
	<message comment="Maynor Figueroa blocks a shot" minute="3" period="1" second="53" time="3" type="save made" type_id="10"/>
	<message comment="Glen Johnson has shot blocked (Out of box, Left footed, Open play)" minute="3" period="1" second="53" time="3" type="attempt blocked" type_id="15"/>
	<message comment="First half begins!" minute="0" period="1" second="0" time="0" type="start" type_id="32"/>
</Commentary>
