<?xml version="1.0" ?>
<Commentary away_team_name="Liverpool" competition="English Premier League" game_date="2012-12-22" home_team_name="Fulham" lang_id="en" season="Season 2012/2013" season_id="2012" sport_id="1" sport_name="Football">
	<message comment="Second half ends" minute="93" period="2" second="3" time="95" type="end" type_id="30"/>
	<message comment="GOAL! Luis Suárez scores , Assisted by José Enrique (Low to the right, 18-yard box, Big Chance, Left footed, From corner)" minute="91" period="2" second="34" time="93" type="goal scored" type_id="16"/>
	<message comment="Luis Suárez wins a corner (To the left)" minute="91" period="2" second="6" time="93" type="corner" type_id="6"/>
	<message comment="Hugo Rodallega has attempt saved (Low to the right, Out of box, Right footed, Free kick)" minute="90" period="2" second="45" time="92" type="attempt blocked" type_id="15"/>
	<message comment="Pepe Reina makes a save (Parried safe, Diving)" minute="90" period="2" second="45" time="92" type="save made" type_id="10"/>
	<message comment="Ashkan Dejagah wins a corner (To the right)" minute="89" period="2" second="31" time="91" type="corner" type_id="6"/>
	<message comment="Ashkan Dejagah has shot blocked (Out of box, Right footed, Open play)" minute="89" period="2" second="25" time="91" type="attempt blocked" type_id="15"/>
	<message comment="Jamie Carragher blocks a shot" minute="89" period="2" second="25" time="91" type="save made" type_id="10"/>
	<message comment="Raheem Sterling has shot blocked (18-yard box, Right footed, From corner)" minute="86" period="2" second="30" time="88" type="attempt blocked" type_id="15"/>
	<message comment="Brede Hangeland blocks a shot" minute="86" period="2" second="30" time="88" type="save made" type_id="10"/>
	<message comment="Luis Suárez wins a corner (To the right)" minute="85" period="2" second="57" time="87" type="corner" type_id="6"/>
	<message comment="Mark Schwarzer makes a save (Diving, Parried safe)" minute="85" period="2" second="54" time="87" type="save made" type_id="10"/>
	<message comment="Luis Suárez has attempt saved (High to the right, Out of box, Right footed, Free kick)" minute="85" period="2" second="54" time="87" type="attempt blocked" type_id="15"/>
	<message comment="Giorgos Karagounis recieves a yellow card" minute="84" period="2" second="37" time="86" type="card received" type_id="17"/>
	<message comment="Lucas Leiva is substituted off" minute="82" period="2" second="20" time="84" type="substitution off" type_id="18"/>
	<message comment="Jamie Carragher is substituted on" minute="82" period="2" second="20" time="84" type="substitution on" type_id="19"/>
	<message comment="Dimitar Berbatov has attempt saved (Low to the right, 18-yard box, Left footed, Open play)" minute="80" period="2" second="44" time="82" type="attempt blocked" type_id="15"/>
	<message comment="Pepe Reina makes a save (Diving)" minute="80" period="2" second="44" time="82" type="save made" type_id="10"/>
	<message comment="Raheem Sterling is caught offside" minute="80" period="2" time="82" type="offside" type_id="10000"/>
	<message comment="Dimitar Berbatov has attempt saved (Low to the left, Out of box, Right footed, Open play)" minute="79" period="2" second="33" time="81" type="attempt blocked" type_id="15"/>
	<message comment="Pepe Reina makes a save (Diving, Parried into danger)" minute="79" period="2" second="33" time="81" type="save made" type_id="10"/>
	<message comment="Mark Schwarzer makes a save (Parried safe, Feet)" minute="78" period="2" second="39" time="80" type="save made" type_id="10"/>
	<message comment="Luis Suárez has attempt saved (Low to the centre, 18-yard box, Right footed, Open play)" minute="78" period="2" second="39" time="80" type="attempt blocked" type_id="15"/>
	<message comment="Steven Gerrard has attempt saved (Low to the centre, 18-yard box, Right footed, Set piece)" minute="77" period="2" second="46" time="79" type="attempt blocked" type_id="15"/>
	<message comment="Mark Schwarzer makes a save (Parried into danger, Feet)" minute="77" period="2" second="46" time="79" type="save made" type_id="10"/>
	<message comment="Ashkan Dejagah recieves a yellow card" minute="77" period="2" second="12" time="79" type="card received" type_id="17"/>
	<message comment="Jonjo Shelvey is substituted off" minute="73" period="2" second="47" time="75" type="substitution off" type_id="18"/>
	<message comment="Joe Allen is substituted on" minute="73" period="2" second="47" time="75" type="substitution on" type_id="19"/>
	<message comment="Martin Skrtel misses attempt (To the left, 18-yard box, Head, From corner)" minute="73" period="2" second="13" time="75" type="attempt missed" type_id="13"/>
	<message comment="Raheem Sterling wins a corner (To the right)" minute="72" period="2" second="44" time="74" type="corner" type_id="6"/>
	<message comment="Suso is substituted off" minute="70" period="2" second="41" time="72" type="substitution off" type_id="18"/>
	<message comment="Raheem Sterling is substituted on" minute="70" period="2" second="41" time="72" type="substitution on" type_id="19"/>
	<message comment="Stewart Downing misses attempt (Out of box, Left footed, Open play)" minute="68" period="2" second="47" time="70" type="attempt missed" type_id="13"/>
	<message comment="Glen Johnson misses attempt (Out of box, Left footed, Open play)" minute="67" period="2" second="26" time="69" type="attempt missed" type_id="13"/>
	<message comment="John Arne Riise misses attempt (To the right, Out of box, Left footed, Open play)" minute="60" period="2" second="15" time="62" type="attempt missed" type_id="13"/>
	<message comment="Hugo Rodallega misses attempt (To the right, 6-yard box, Big Chance, Head, From corner)" minute="57" period="2" second="16" time="59" type="attempt missed" type_id="13"/>
	<message comment="Kerim Frei wins a corner (To the left)" minute="56" period="2" second="49" time="58" type="corner" type_id="6"/>
	<message comment="Jonjo Shelvey wins a corner (To the right)" minute="54" period="2" second="22" time="56" type="corner" type_id="6"/>
	<message comment="Brede Hangeland blocks a shot" minute="54" period="2" second="20" time="56" type="save made" type_id="10"/>
	<message comment="Jonjo Shelvey has shot blocked (18-yard box, Big Chance, Right footed, Open play)" minute="54" period="2" second="20" time="56" type="attempt blocked" type_id="15"/>
	<message comment="Kieran Richardson is substituted off" minute="53" period="2" second="49" time="55" type="substitution off" type_id="18"/>
	<message comment="Kerim Frei is substituted on" minute="53" period="2" second="49" time="55" type="substitution on" type_id="19"/>
	<message comment="Glen Johnson recieves a yellow card" minute="52" period="2" second="58" time="54" type="card received" type_id="17"/>
	<message comment="GOAL! Stewart Downing scores , Assisted by Steven Gerrard (Low to the right, 18-yard box, Left footed, Open play)" minute="50" period="2" second="58" time="52" type="goal scored" type_id="16"/>
	<message comment="Luis Suárez wins a corner (To the left)" minute="48" period="2" second="31" time="50" type="corner" type_id="6"/>
	<message comment="Luis Suárez misses attempt (6-yard box, Big Chance, Right footed, Open play)" minute="46" period="2" second="10" time="48" type="attempt missed" type_id="13"/>
	<message comment="John Arne Riise blocks a shot" minute="46" period="2" second="8" time="48" type="save made" type_id="10"/>
	<message comment="Stewart Downing has shot blocked (18-yard box, Left footed, Open play)" minute="46" period="2" second="8" time="48" type="attempt blocked" type_id="15"/>
	<message comment="Alexander Kacaniklic is substituted off" minute="45" period="2" second="0" time="47" type="substitution off" type_id="18"/>
	<message comment="Hugo Rodallega is substituted on" minute="45" period="2" second="0" time="47" type="substitution on" type_id="19"/>
	<message comment="Second half begins!" minute="45" period="2" second="0" time="47" type="start" type_id="32"/>
	<message comment="First half ends" minute="46" period="1" second="0" time="46" type="end" type_id="30"/>
	<message comment="Mark Schwarzer makes a save (Collected)" minute="42" period="1" second="31" time="42" type="save made" type_id="10"/>
	<message comment="Luis Suárez has attempt saved (Low to the right, 18-yard box, Right footed, Open play)" minute="42" period="1" second="31" time="42" type="attempt blocked" type_id="15"/>
	<message comment="Suso misses attempt (To the right, 18-yard box, Left footed, Open play)" minute="39" period="1" second="20" time="39" type="attempt missed" type_id="13"/>
	<message comment="GOAL! Steven Gerrard scores , Assisted by Stewart Downing (Low to the left, 18-yard box, Big Chance, Right footed, Open play)" minute="35" period="1" second="13" time="35" type="goal scored" type_id="16"/>
	<message comment="Kieran Richardson has attempt saved (Low to the centre, Out of box, Left footed, Open play)" minute="26" period="1" second="45" time="26" type="attempt blocked" type_id="15"/>
	<message comment="Pepe Reina makes a save (Parried safe, Diving, Feet)" minute="26" period="1" second="45" time="26" type="save made" type_id="10"/>
	<message comment="Luis Suárez is caught offside" minute="26" period="1" time="26" type="offside" type_id="10000"/>
	<message comment="Daniel Agger misses attempt (High, 6-yard box, Big Chance, Left footed, Open play)" minute="24" period="1" second="31" time="24" type="attempt missed" type_id="13"/>
	<message comment="Brede Hangeland blocks a shot" minute="24" period="1" second="29" time="24" type="save made" type_id="10"/>
	<message comment="Steven Gerrard has shot blocked (Out of box, Right footed, Open play)" minute="24" period="1" second="29" time="24" type="attempt blocked" type_id="15"/>
	<message comment="Luis Suárez misses attempt (To the left, Out of box, Right footed, Open play)" minute="22" period="1" second="17" time="22" type="attempt missed" type_id="13"/>
	<message comment="Alexander Kacaniklic has shot blocked (18-yard box, Right footed, Open play)" minute="20" period="1" second="37" time="20" type="attempt blocked" type_id="15"/>
	<message comment="Martin Skrtel blocks a shot" minute="20" period="1" second="37" time="20" type="save made" type_id="10"/>
	<message comment="Mark Schwarzer makes a save (Collected, Standing)" minute="20" period="1" second="2" time="20" type="save made" type_id="10"/>
	<message comment="Martin Skrtel has attempt saved (Low to the left, 18-yard box, Head, From corner)" minute="20" period="1" second="2" time="20" type="attempt blocked" type_id="15"/>
	<message comment="Glen Johnson wins a corner (To the right)" minute="19" period="1" second="26" time="19" type="corner" type_id="6"/>
	<message comment="Stewart Downing misses attempt (Out of box, Left footed, Open play)" minute="12" period="1" second="48" time="12" type="attempt missed" type_id="13"/>
	<message comment="GOAL! Martin Skrtel scores , Assisted by Steven Gerrard (High to the centre, 18-yard box, Right footed, From corner)" minute="7" period="1" second="50" time="7" type="goal scored" type_id="16"/>
	<message comment="Jonjo Shelvey wins a corner (To the right)" minute="7" period="1" second="21" time="7" type="corner" type_id="6"/>
	<message comment="Aaron Hughes blocks a shot" minute="7" period="1" second="19" time="7" type="save made" type_id="10"/>
	<message comment="Jonjo Shelvey has shot blocked (18-yard box, Right footed, Open play)" minute="7" period="1" second="19" time="7" type="attempt blocked" type_id="15"/>
	<message comment="Daniel Agger misses attempt (High, 18-yard box, Head, From corner)" minute="5" period="1" second="7" time="5" type="attempt missed" type_id="13"/>
	<message comment="Formation Set" minute="0" period="14" second="0" time="5" type="end" type_id="30"/>
	<message comment="José Enrique wins a corner (To the left)" minute="4" period="1" second="39" time="4" type="corner" type_id="6"/>
	<message comment="First half begins!" minute="0" period="1" second="0" time="0" type="start" type_id="32"/>
</Commentary>
