<?xml version="1.0" ?>
<Commentary away_team_name="Liverpool" competition="English Premier League" game_date="2010-09-25" home_team_name="Sunderland" lang_id="en" season="Season 2010/2011" season_id="2010" sport_id="1" sport_name="Football">
	<message comment="Second half ends" minute="97" period="2" second="15" time="100" type="end" type_id="30"/>
	<message comment="Darren Bent is substituted off" minute="96" period="2" second="56" time="99" type="substitution off" type_id="18"/>
	<message comment="Boudewijn Zenden is substituted on" minute="96" period="2" second="56" time="99" type="substitution on" type_id="19"/>
	<message comment="Daniel Agger misses attempt (18-yard box, Big Chance, Head, Open play)" minute="96" period="2" second="17" time="99" type="attempt missed" type_id="13"/>
	<message comment="Glen Johnson wins a corner (To the right)" minute="95" period="2" second="38" time="98" type="corner" type_id="6"/>
	<message comment="Daniel Agger wins a corner (To the left)" minute="94" period="2" second="6" time="97" type="corner" type_id="6"/>
	<message comment="Simon Mignolet recieves a yellow card" minute="91" period="2" second="47" time="94" type="card received" type_id="17"/>
	<message comment="Steed Malbranque is substituted off" minute="88" period="2" second="18" time="91" type="substitution off" type_id="18"/>
	<message comment="Cristian Riveros is substituted on" minute="88" period="2" second="18" time="91" type="substitution on" type_id="19"/>
	<message comment="David N'Gog misses attempt (18-yard box, Head, Fast break)" minute="87" period="2" second="28" time="90" type="attempt missed" type_id="13"/>
	<message comment="Glen Johnson misses attempt (To the left, Out of box, Right footed, Open play)" minute="86" period="2" second="33" time="89" type="attempt missed" type_id="13"/>
	<message comment="Danny Welbeck is substituted off" minute="81" period="2" second="31" time="84" type="substitution off" type_id="18"/>
	<message comment="Asamoah Gyan is substituted on" minute="81" period="2" second="31" time="84" type="substitution on" type_id="19"/>
	<message comment="Dirk Kuyt misses attempt (Out of box, Right footed, Open play)" minute="78" period="2" second="25" time="81" type="attempt missed" type_id="13"/>
	<message comment="Fernando Torres has attempt saved (High to the centre, 18-yard box, Right footed, Open play)" minute="75" period="2" second="34" time="78" type="attempt blocked" type_id="15"/>
	<message comment="Simon Mignolet makes a save" minute="75" period="2" second="34" time="78" type="save made" type_id="10"/>
	<message comment="Phil Bardsley blocks a shot" minute="75" period="2" second="26" time="78" type="save made" type_id="10"/>
	<message comment="Joe Cole has shot blocked (18-yard box, Big Chance, Right footed, Open play)" minute="75" period="2" second="26" time="78" type="attempt blocked" type_id="15"/>
	<message comment="Simon Mignolet makes a save (Diving, Parried into danger)" minute="75" period="2" second="23" time="78" type="save made" type_id="10"/>
	<message comment="David N'Gog has attempt saved (Low to the right, Out of box, Right footed, Open play)" minute="75" period="2" second="23" time="78" type="attempt blocked" type_id="15"/>
	<message comment="Steven Gerrard recieves a yellow card" minute="74" period="2" second="24" time="77" type="card received" type_id="17"/>
	<message comment="GOAL! Steven Gerrard scores  (Low to the right, 18-yard box, Big Chance, Head, Open play)" minute="63" period="2" second="50" time="66" type="goal scored" type_id="16"/>
	<message comment="Joe Cole misses attempt (To the right, Out of box, Right footed, Open play)" minute="62" period="2" second="49" time="65" type="attempt missed" type_id="13"/>
	<message comment="Jordan Henderson misses attempt (To the right, Out of box, Right footed, Open play)" minute="62" period="2" second="12" time="65" type="attempt missed" type_id="13"/>
	<message comment="Christian Poulsen is substituted off" minute="61" period="2" second="2" time="64" type="substitution off" type_id="18"/>
	<message comment="David N'Gog is substituted on" minute="61" period="2" second="2" time="64" type="substitution on" type_id="19"/>
	<message comment="Steed Malbranque misses attempt (To the left, Out of box, Right footed, Open play)" minute="60" period="2" second="33" time="63" type="attempt missed" type_id="13"/>
	<message comment="Dirk Kuyt recieves a yellow card" minute="59" period="2" second="41" time="62" type="card received" type_id="17"/>
	<message comment="Fernando Torres recieves a yellow card" minute="58" period="2" second="22" time="61" type="card received" type_id="17"/>
	<message comment="Lee Cattermole misses attempt (To the right, Out of box, Right footed, Open play)" minute="53" period="2" second="25" time="56" type="attempt missed" type_id="13"/>
	<message comment="Jordan Henderson has attempt saved (Low to the left, Out of box, Right footed, Open play)" minute="52" period="2" second="49" time="55" type="attempt blocked" type_id="15"/>
	<message comment="Pepe Reina makes a save" minute="52" period="2" second="49" time="55" type="save made" type_id="10"/>
	<message comment="Darren Bent is caught offside" minute="52" period="2" time="55" type="offside" type_id="10000"/>
	<message comment="GOAL! Darren Bent scores , Assisted by Nedum Onuoha (High to the left, 6-yard box, Big Chance, Head, Open play)" minute="47" period="2" second="2" time="50" type="goal scored" type_id="16"/>
	<message comment="Second half begins!" minute="45" period="2" second="0" time="48" type="start" type_id="32"/>
	<message comment="First half ends" minute="47" period="1" second="9" time="47" type="end" type_id="30"/>
	<message comment="Ahmed El Mohamady misses attempt (To the right, Out of box, Right footed, Open play)" minute="45" period="1" second="28" time="45" type="attempt missed" type_id="13"/>
	<message comment="Jordan Henderson misses attempt (High, Out of box, Right footed, Set piece)" minute="30" period="1" second="5" time="30" type="attempt missed" type_id="13"/>
	<message comment="Ahmed El Mohamady misses attempt (To the right, 18-yard box, Right footed, From corner)" minute="28" period="1" second="23" time="28" type="attempt missed" type_id="13"/>
	<message comment="Paul Konchesky is substituted off" minute="27" period="1" second="52" time="27" type="substitution off" type_id="18"/>
	<message comment="Daniel Agger is substituted on" minute="27" period="1" second="52" time="27" type="substitution on" type_id="19"/>
	<message comment="Ahmed El Mohamady wins a corner (To the right)" minute="26" period="1" second="2" time="26" type="corner" type_id="6"/>
	<message comment="GOAL! Darren Bent scores  (Low to the left, 18-yard box, Penalty, Right footed)" minute="24" period="1" second="49" time="24" type="goal scored" type_id="16"/>
	<message comment="Martin Skrtel misses attempt (To the left, Out of box, Right footed, Open play)" minute="21" period="1" second="43" time="21" type="attempt missed" type_id="13"/>
	<message comment="Simon Mignolet makes a save (Collected, Diving)" minute="20" period="1" second="36" time="20" type="save made" type_id="10"/>
	<message comment="Raul Meireles has attempt saved (Low to the centre, Out of box, Left footed, Open play)" minute="20" period="1" second="36" time="20" type="attempt blocked" type_id="15"/>
	<message comment="Michael Turner misses attempt (High to the left, Out of box, Right footed, Open play)" minute="14" period="1" second="5" time="14" type="attempt missed" type_id="13"/>
	<message comment="Danny Welbeck wins a corner (To the left)" minute="13" period="1" second="19" time="13" type="corner" type_id="6"/>
	<message comment="Steed Malbranque wins a corner (To the left)" minute="11" period="1" second="41" time="11" type="corner" type_id="6"/>
	<message comment="Formation Set" minute="0" period="14" second="0" time="10" type="end" type_id="30"/>
	<message comment="Joe Cole misses attempt (High, Out of box, Right footed, From corner)" minute="8" period="1" second="55" time="8" type="attempt missed" type_id="13"/>
	<message comment="Raul Meireles wins a corner (To the right)" minute="8" period="1" second="24" time="8" type="corner" type_id="6"/>
	<message comment="Fernando Torres misses attempt (18-yard box, Right footed, Open play)" minute="7" period="1" second="44" time="7" type="attempt missed" type_id="13"/>
	<message comment="GOAL! Dirk Kuyt scores , Assisted by Fernando Torres (Low to the right, 18-yard box, Big Chance, Right footed, Open play)" minute="4" period="1" second="52" time="4" type="goal scored" type_id="16"/>
	<message comment="Fernando Torres is caught offside" minute="2" period="1" time="2" type="offside" type_id="10000"/>
	<message comment="First half begins!" minute="0" period="1" second="0" time="0" type="start" type_id="32"/>
</Commentary>
