<?xml version="1.0" ?>
<Commentary away_team_name="Liverpool" competition="English Premier League" game_date="2012-04-07" home_team_name="Aston Villa" lang_id="en" season="Season 2011/2012" season_id="2011" sport_id="1" sport_name="Football">
	<message comment="Second half ends" minute="95" period="2" second="38" time="97" type="end" type_id="30"/>
	<message comment="Craig Bellamy wins a corner (To the right)" minute="92" period="2" second="38" time="94" type="corner" type_id="6"/>
	<message comment="Alan Hutton blocks a shot" minute="92" period="2" second="28" time="94" type="save made" type_id="10"/>
	<message comment="Daniel Agger has shot blocked (18-yard box, Left footed, Open play)" minute="92" period="2" second="28" time="94" type="attempt blocked" type_id="15"/>
	<message comment="Shay Given makes a save (Parried into danger, Diving)" minute="92" period="2" second="17" time="94" type="save made" type_id="10"/>
	<message comment="Steven Gerrard has attempt saved (High to the centre, Out of box, Right footed, Open play)" minute="92" period="2" second="17" time="94" type="attempt blocked" type_id="15"/>
	<message comment="Jordan Henderson misses attempt (High to the right, Out of box, Right footed, Open play)" minute="91" period="2" second="8" time="93" type="attempt missed" type_id="13"/>
	<message comment="Shay Given makes a save" minute="88" period="2" second="2" time="90" type="save made" type_id="10"/>
	<message comment="Andy Carroll has attempt saved (Low to the centre, 18-yard box, Head, Open play)" minute="88" period="2" second="2" time="90" type="attempt blocked" type_id="15"/>
	<message comment="Samir Carruthers recieves a yellow card" minute="87" period="2" second="24" time="89" type="card received" type_id="17"/>
	<message comment="Barry Bannan is substituted off" minute="85" period="2" second="39" time="87" type="substitution off" type_id="18"/>
	<message comment="Samir Carruthers is substituted on" minute="85" period="2" second="39" time="87" type="substitution on" type_id="19"/>
	<message comment="Daniel Agger misses attempt (High, 18-yard box, Head, From corner)" minute="84" period="2" second="43" time="86" type="attempt missed" type_id="13"/>
	<message comment="Luis Suárez wins a corner (To the left)" minute="84" period="2" second="27" time="86" type="corner" type_id="6"/>
	<message comment="Andy Carroll misses attempt (High, 18-yard box, Head, Open play)" minute="82" period="2" second="53" time="84" type="attempt missed" type_id="13"/>
	<message comment="GOAL! Luis Suárez scores  (High to the left, 6-yard box, Big Chance, Head, From corner)" minute="81" period="2" second="32" time="83" type="goal scored" type_id="16"/>
	<message comment="Daniel Agger hits the woodwork (High, 6-yard box, Head, From corner)" minute="81" period="2" second="30" time="83" type="woodwork hit" type_id="14"/>
	<message comment="Luis Suárez wins a corner (To the left)" minute="81" period="2" second="4" time="83" type="corner" type_id="6"/>
	<message comment="Daniel Agger misses attempt (To the left, Out of box, Left footed, Open play)" minute="80" period="2" second="10" time="82" type="attempt missed" type_id="13"/>
	<message comment="Craig Bellamy hits the woodwork (To the left, 18-yard box, Left footed, Open play)" minute="78" period="2" second="36" time="80" type="woodwork hit" type_id="14"/>
	<message comment="Luis Suárez recieves a yellow card" minute="77" period="2" second="0" time="79" type="card received" type_id="17"/>
	<message comment="José Enrique is substituted off" minute="75" period="2" second="42" time="77" type="substitution off" type_id="18"/>
	<message comment="Daniel Agger is substituted on" minute="75" period="2" second="42" time="77" type="substitution on" type_id="19"/>
	<message comment="José Enrique wins a corner (To the right)" minute="73" period="2" second="5" time="75" type="corner" type_id="6"/>
	<message comment="Chris Herd is substituted off" minute="72" period="2" second="21" time="74" type="substitution off" type_id="18"/>
	<message comment="Andreas Weimann is substituted on" minute="72" period="2" second="21" time="74" type="substitution on" type_id="19"/>
	<message comment="Gary Gardner has attempt saved (Low to the right, Out of box, Right footed, Throw-in)" minute="69" period="2" second="49" time="71" type="attempt blocked" type_id="15"/>
	<message comment="Doni makes a save (Collected)" minute="69" period="2" second="49" time="71" type="save made" type_id="10"/>
	<message comment="Andy Carroll misses attempt (To the left, 18-yard box, Left footed, Open play)" minute="66" period="2" second="31" time="68" type="attempt missed" type_id="13"/>
	<message comment="Gary Gardner misses attempt (High to the right, Out of box, Right footed, Open play)" minute="65" period="2" second="50" time="67" type="attempt missed" type_id="13"/>
	<message comment="Craig Bellamy misses attempt (To the left, Out of box, Right footed, Set piece)" minute="65" period="2" second="8" time="67" type="attempt missed" type_id="13"/>
	<message comment="Jonjo Shelvey is substituted off" minute="64" period="2" second="41" time="66" type="substitution off" type_id="18"/>
	<message comment="Craig Bellamy is substituted on" minute="64" period="2" second="41" time="66" type="substitution on" type_id="19"/>
	<message comment="Stewart Downing is substituted off" minute="64" period="2" second="30" time="66" type="substitution off" type_id="18"/>
	<message comment="Andy Carroll is substituted on" minute="64" period="2" second="30" time="66" type="substitution on" type_id="19"/>
	<message comment="Stewart Downing wins a corner (To the right)" minute="61" period="2" second="27" time="63" type="corner" type_id="6"/>
	<message comment="Emile Heskey is substituted off" minute="57" period="2" second="57" time="59" type="substitution off" type_id="18"/>
	<message comment="Gary Gardner is substituted on" minute="57" period="2" second="57" time="59" type="substitution on" type_id="19"/>
	<message comment="Dirk Kuyt misses attempt (High to the left, 18-yard box, Left footed, Open play)" minute="55" period="2" second="59" time="57" type="attempt missed" type_id="13"/>
	<message comment="Luis Suárez hits the woodwork (To the left, 18-yard box, Head, Open play)" minute="53" period="2" second="0" time="55" type="woodwork hit" type_id="14"/>
	<message comment="Second half begins!" minute="45" period="2" second="0" time="47" type="start" type_id="32"/>
	<message comment="First half ends" minute="46" period="1" second="9" time="46" type="end" type_id="30"/>
	<message comment="Steven Gerrard misses attempt (High, 18-yard box, Right footed, Open play)" minute="45" period="1" second="55" time="45" type="attempt missed" type_id="13"/>
	<message comment="Shay Given makes a save (Standing)" minute="45" period="1" second="14" time="45" type="save made" type_id="10"/>
	<message comment="Luis Suárez has attempt saved (High to the centre, 18-yard box, Left footed, Open play)" minute="45" period="1" second="14" time="45" type="attempt blocked" type_id="15"/>
	<message comment="Dirk Kuyt misses attempt (High, 6-yard box, Big Chance, Right footed, Open play)" minute="43" period="1" second="47" time="43" type="attempt missed" type_id="13"/>
	<message comment="Steven Gerrard misses attempt (To the left, 18-yard box, Key pass, Right footed, Open play)" minute="43" period="1" second="45" time="43" type="attempt missed" type_id="13"/>
	<message comment="Jordan Henderson misses attempt (High, Out of box, Right footed, Open play)" minute="37" period="1" second="37" time="37" type="attempt missed" type_id="13"/>
	<message comment="Martin Skrtel misses attempt (18-yard box, Head, From corner)" minute="35" period="1" second="47" time="35" type="attempt missed" type_id="13"/>
	<message comment="José Enrique wins a corner (To the left)" minute="35" period="1" second="25" time="35" type="corner" type_id="6"/>
	<message comment="Luis Suárez wins a corner (To the right)" minute="33" period="1" second="19" time="33" type="corner" type_id="6"/>
	<message comment="Steven Gerrard misses attempt (To the left, Out of box, Right footed, Open play)" minute="32" period="1" second="6" time="32" type="attempt missed" type_id="13"/>
	<message comment="José Enrique wins a corner (To the left)" minute="24" period="1" second="46" time="24" type="corner" type_id="6"/>
	<message comment="Steven Gerrard misses attempt (High to the left, 18-yard box, Right footed, From corner)" minute="23" period="1" second="55" time="23" type="attempt missed" type_id="13"/>
	<message comment="Jordan Henderson wins a corner (To the right)" minute="23" period="1" second="31" time="23" type="corner" type_id="6"/>
	<message comment="James Collins misses attempt (18-yard box, Head, From corner)" minute="20" period="1" second="34" time="20" type="attempt missed" type_id="13"/>
	<message comment="Emile Heskey wins a corner (To the left)" minute="20" period="1" second="4" time="20" type="corner" type_id="6"/>
	<message comment="Emile Heskey has shot blocked (18-yard box, Right footed, Open play)" minute="20" period="1" second="2" time="20" type="attempt blocked" type_id="15"/>
	<message comment="Martin Skrtel blocks a shot" minute="20" period="1" second="2" time="20" type="save made" type_id="10"/>
	<message comment="Barry Bannan wins a corner (To the right)" minute="17" period="1" second="28" time="17" type="corner" type_id="6"/>
	<message comment="Luis Suárez wins a corner (To the left)" minute="10" period="1" second="52" time="10" type="corner" type_id="6"/>
	<message comment="GOAL! Chris Herd scores , Assisted by Barry Bannan (High to the left, 18-yard box, Right footed, Open play)" minute="9" period="1" second="33" time="9" type="goal scored" type_id="16"/>
	<message comment="Formation Set" minute="0" period="14" second="0" time="7" type="end" type_id="30"/>
	<message comment="Nathan Baker blocks a shot" minute="6" period="1" second="50" time="6" type="save made" type_id="10"/>
	<message comment="José Enrique has shot blocked (Out of box, Left footed, From corner)" minute="6" period="1" second="50" time="6" type="attempt blocked" type_id="15"/>
	<message comment="Dirk Kuyt wins a corner (To the right)" minute="6" period="1" second="25" time="6" type="corner" type_id="6"/>
	<message comment="Shay Given makes a save (Parried safe, Diving)" minute="6" period="1" second="23" time="6" type="save made" type_id="10"/>
	<message comment="Dirk Kuyt has attempt saved (Low to the right, 18-yard box, Right footed, Open play)" minute="6" period="1" second="23" time="6" type="attempt blocked" type_id="15"/>
	<message comment="Emile Heskey wins a corner (To the right)" minute="5" period="1" second="0" time="5" type="corner" type_id="6"/>
	<message comment="Steven Gerrard is caught offside" minute="0" period="1" time="0" type="offside" type_id="10000"/>
	<message comment="First half begins!" minute="0" period="1" second="0" time="0" type="start" type_id="32"/>
</Commentary>
