<?xml version="1.0" ?>
<Commentary away_team_name="Liverpool" competition="English Premier League" game_date="2011-01-16" home_team_name="Everton" lang_id="en" season="Season 2010/2011" season_id="2010" sport_id="1" sport_name="Football">
	<message comment="Second half ends" minute="94" period="2" second="21" time="96" type="end" type_id="30"/>
	<message comment="Dirk Kuyt recieves a yellow card" minute="89" period="2" second="6" time="91" type="card received" type_id="17"/>
	<message comment="Dirk Kuyt blocks a shot" minute="88" period="2" second="19" time="90" type="save made" type_id="10"/>
	<message comment="Séamus Coleman has shot blocked (Out of box, Right footed, From corner)" minute="88" period="2" second="19" time="90" type="attempt blocked" type_id="15"/>
	<message comment="James Vaughan wins a corner (To the left)" minute="87" period="2" second="51" time="89" type="corner" type_id="6"/>
	<message comment="Glen Johnson wins a corner (To the left)" minute="85" period="2" second="20" time="87" type="corner" type_id="6"/>
	<message comment="Maxi Rodríguez is caught offside" minute="83" period="2" time="85" type="offside" type_id="10000"/>
	<message comment="Victor Anichebe is substituted off" minute="80" period="2" second="54" time="82" type="substitution off" type_id="18"/>
	<message comment="Diniyar Bilyaletdinov is substituted on" minute="80" period="2" second="54" time="82" type="substitution on" type_id="19"/>
	<message comment="Raul Meireles is substituted off" minute="80" period="2" second="30" time="82" type="substitution off" type_id="18"/>
	<message comment="Jonjo Shelvey is substituted on" minute="80" period="2" second="30" time="82" type="substitution on" type_id="19"/>
	<message comment="Dirk Kuyt is caught offside" minute="80" period="2" time="82" type="offside" type_id="10000"/>
	<message comment="Leon Osman is substituted off" minute="77" period="2" second="7" time="79" type="substitution off" type_id="18"/>
	<message comment="Jack Rodwell is substituted on" minute="77" period="2" second="7" time="79" type="substitution on" type_id="19"/>
	<message comment="Fernando Torres misses attempt (18-yard box, Right footed, Open play)" minute="76" period="2" second="39" time="78" type="attempt missed" type_id="13"/>
	<message comment="Jermaine Beckford is substituted off" minute="73" period="2" second="7" time="75" type="substitution off" type_id="18"/>
	<message comment="James Vaughan is substituted on" minute="73" period="2" second="7" time="75" type="substitution on" type_id="19"/>
	<message comment="Fernando Torres has shot blocked (18-yard box, Right footed, From corner)" minute="72" period="2" second="13" time="74" type="attempt blocked" type_id="15"/>
	<message comment="John Heitinga blocks a shot" minute="72" period="2" second="13" time="74" type="save made" type_id="10"/>
	<message comment="Dirk Kuyt wins a corner (To the right)" minute="71" period="2" second="44" time="73" type="corner" type_id="6"/>
	<message comment="Tim Howard makes a save (Standing)" minute="70" period="2" second="45" time="72" type="save made" type_id="10"/>
	<message comment="Fernando Torres has attempt saved (Low to the centre, 18-yard box, Head, Open play)" minute="70" period="2" second="45" time="72" type="attempt blocked" type_id="15"/>
	<message comment="Victor Anichebe misses attempt (To the left, 6-yard box, Head, Set piece)" minute="69" period="2" second="1" time="71" type="attempt missed" type_id="13"/>
	<message comment="GOAL! Dirk Kuyt scores  (Low to the left, 18-yard box, Big Chance, Penalty, Right footed)" minute="67" period="2" second="21" time="69" type="goal scored" type_id="16"/>
	<message comment="Fernando Torres recieves a yellow card" minute="62" period="2" second="22" time="64" type="card received" type_id="17"/>
	<message comment="Victor Anichebe has attempt saved (High to the left, Out of box, Right footed, Open play)" minute="61" period="2" second="41" time="63" type="attempt blocked" type_id="15"/>
	<message comment="Pepe Reina makes a save (Standing)" minute="61" period="2" second="41" time="63" type="save made" type_id="10"/>
	<message comment="Tim Howard makes a save" minute="60" period="2" second="23" time="62" type="save made" type_id="10"/>
	<message comment="Maxi Rodríguez has attempt saved (High to the right, 18-yard box, Head, From corner)" minute="60" period="2" second="23" time="62" type="attempt blocked" type_id="15"/>
	<message comment="Dirk Kuyt wins a corner (To the right)" minute="59" period="2" second="54" time="61" type="corner" type_id="6"/>
	<message comment="Glen Johnson wins a corner (To the left)" minute="58" period="2" second="5" time="60" type="corner" type_id="6"/>
	<message comment="Tim Howard makes a save (Diving, Collected)" minute="54" period="2" second="58" time="56" type="save made" type_id="10"/>
	<message comment="Raul Meireles has attempt saved (Low to the centre, 18-yard box, Left footed, Open play)" minute="54" period="2" second="58" time="56" type="attempt blocked" type_id="15"/>
	<message comment="Fernando Torres is caught offside" minute="53" period="2" time="55" type="offside" type_id="10000"/>
	<message comment="Pepe Reina recieves a yellow card" minute="52" period="2" second="20" time="54" type="card received" type_id="17"/>
	<message comment="GOAL! Jermaine Beckford scores , Assisted by Leon Osman (Low to the right, 18-yard box, Big Chance, Right footed, Open play)" minute="51" period="2" second="34" time="53" type="goal scored" type_id="16"/>
	<message comment="GOAL! Sylvain Distin scores , Assisted by Mikel Arteta (High to the centre, 6-yard box, Head, From corner)" minute="45" period="2" second="40" time="47" type="goal scored" type_id="16"/>
	<message comment="Victor Anichebe wins a corner (To the left)" minute="45" period="2" second="22" time="47" type="corner" type_id="6"/>
	<message comment="Daniel Agger is substituted off" minute="45" period="2" second="0" time="47" type="substitution off" type_id="18"/>
	<message comment="Sotirios Kyrgiakos is substituted on" minute="45" period="2" second="0" time="47" type="substitution on" type_id="19"/>
	<message comment="Second half begins!" minute="45" period="2" second="0" time="47" type="start" type_id="32"/>
	<message comment="First half ends" minute="46" period="1" second="8" time="46" type="end" type_id="30"/>
	<message comment="Fernando Torres wins a corner (To the left)" minute="45" period="1" second="25" time="45" type="corner" type_id="6"/>
	<message comment="Victor Anichebe has attempt saved (Low to the centre, Out of box, Right footed, Open play)" minute="45" period="1" second="3" time="45" type="attempt blocked" type_id="15"/>
	<message comment="Pepe Reina makes a save" minute="45" period="1" second="3" time="45" type="save made" type_id="10"/>
	<message comment="Tim Howard makes a save (Collected)" minute="44" period="1" second="45" time="44" type="save made" type_id="10"/>
	<message comment="Maxi Rodríguez has attempt saved (Low to the centre, Out of box, Right footed, Open play)" minute="44" period="1" second="45" time="44" type="attempt blocked" type_id="15"/>
	<message comment="Raul Meireles has attempt saved (Low to the centre, 18-yard box, Right footed, Open play)" minute="41" period="1" second="33" time="41" type="attempt blocked" type_id="15"/>
	<message comment="Tim Howard makes a save (Parried safe, Diving)" minute="41" period="1" second="33" time="41" type="save made" type_id="10"/>
	<message comment="Fernando Torres wins a corner (To the right)" minute="40" period="1" second="2" time="40" type="corner" type_id="6"/>
	<message comment="Sylvain Distin blocks a shot" minute="39" period="1" second="59" time="39" type="save made" type_id="10"/>
	<message comment="Fernando Torres has shot blocked (Out of box, Right footed, Open play)" minute="39" period="1" second="59" time="39" type="attempt blocked" type_id="15"/>
	<message comment="Glen Johnson wins a corner (To the left)" minute="38" period="1" second="54" time="38" type="corner" type_id="6"/>
	<message comment="Leighton Baines wins a corner (To the left)" minute="35" period="1" second="34" time="35" type="corner" type_id="6"/>
	<message comment="Maxi Rodríguez misses attempt (High, 6-yard box, Big Chance, Right footed, Open play)" minute="30" period="1" second="19" time="30" type="attempt missed" type_id="13"/>
	<message comment="Tim Howard makes a save (Diving, Parried into danger)" minute="30" period="1" second="15" time="30" type="save made" type_id="10"/>
	<message comment="Fernando Torres has attempt saved (Low to the centre, 18-yard box, Right footed, Open play)" minute="30" period="1" second="15" time="30" type="attempt blocked" type_id="15"/>
	<message comment="GOAL! Raul Meireles scores  (High to the right, 18-yard box, Right footed, Open play)" minute="28" period="1" second="29" time="28" type="goal scored" type_id="16"/>
	<message comment="Tim Howard makes a save (Parried into danger, Standing, Feet)" minute="28" period="1" second="27" time="28" type="save made" type_id="10"/>
	<message comment="Dirk Kuyt has attempt saved (Low to the right, 6-yard box, Right footed, Open play)" minute="28" period="1" second="27" time="28" type="attempt blocked" type_id="15"/>
	<message comment="Dirk Kuyt has attempt saved (Low to the right, 18-yard box, Head, Open play)" minute="28" period="1" second="25" time="28" type="attempt blocked" type_id="15"/>
	<message comment="Tim Howard makes a save (Parried into danger, Diving)" minute="28" period="1" second="25" time="28" type="save made" type_id="10"/>
	<message comment="Leighton Baines wins a corner (To the right)" minute="27" period="1" second="9" time="27" type="corner" type_id="6"/>
	<message comment="Maxi Rodríguez misses attempt (To the right, 18-yard box, Head, From corner)" minute="22" period="1" second="18" time="22" type="attempt missed" type_id="13"/>
	<message comment="Dirk Kuyt wins a corner (To the left)" minute="21" period="1" second="52" time="21" type="corner" type_id="6"/>
	<message comment="Marouane Fellaini blocks a shot" minute="21" period="1" second="50" time="21" type="save made" type_id="10"/>
	<message comment="Dirk Kuyt has shot blocked (Out of box, Right footed, Open play)" minute="21" period="1" second="50" time="21" type="attempt blocked" type_id="15"/>
	<message comment="Marouane Fellaini wins a corner (To the left)" minute="20" period="1" second="36" time="20" type="corner" type_id="6"/>
	<message comment="Dirk Kuyt wins a corner (To the left)" minute="16" period="1" second="34" time="16" type="corner" type_id="6"/>
	<message comment="Phil Neville blocks a shot" minute="16" period="1" second="32" time="16" type="save made" type_id="10"/>
	<message comment="Dirk Kuyt has shot blocked (18-yard box, Left footed, Open play)" minute="16" period="1" second="32" time="16" type="attempt blocked" type_id="15"/>
	<message comment="Fernando Torres hits the woodwork (To the left, 18-yard box, Left footed, Open play)" minute="16" period="1" second="30" time="16" type="woodwork hit" type_id="14"/>
	<message comment="Leon Osman misses attempt (High, Out of box, Right footed, From corner)" minute="13" period="1" second="14" time="13" type="attempt missed" type_id="13"/>
	<message comment="Leon Osman wins a corner (To the left)" minute="12" period="1" second="26" time="12" type="corner" type_id="6"/>
	<message comment="Fernando Torres misses attempt (High, Out of box, Left footed, Open play)" minute="11" period="1" second="0" time="11" type="attempt missed" type_id="13"/>
	<message comment="Martin Kelly wins a corner (To the right)" minute="10" period="1" second="27" time="10" type="corner" type_id="6"/>
	<message comment="Daniel Agger blocks a shot" minute="8" period="1" second="16" time="8" type="save made" type_id="10"/>
	<message comment="Victor Anichebe has shot blocked (18-yard box, Right footed, Open play)" minute="8" period="1" second="16" time="8" type="attempt blocked" type_id="15"/>
	<message comment="Fernando Torres is caught offside" minute="7" period="1" time="7" type="offside" type_id="10000"/>
	<message comment="Formation Set" minute="0" period="14" second="0" time="6" type="end" type_id="30"/>
	<message comment="Jermaine Beckford misses attempt (High to the right, Out of box, Right footed, Open play)" minute="3" period="1" second="23" time="3" type="attempt missed" type_id="13"/>
	<message comment="Dirk Kuyt is caught offside" minute="2" period="1" time="2" type="offside" type_id="10000"/>
	<message comment="Séamus Coleman misses attempt (To the right, Out of box, Right footed, Open play)" minute="1" period="1" second="51" time="1" type="attempt missed" type_id="13"/>
	<message comment="Tim Howard makes a save (Collected)" minute="0" period="1" second="10" time="0" type="save made" type_id="10"/>
	<message comment="Fernando Torres has attempt saved (Low to the right, 18-yard box, Right footed, Open play)" minute="0" period="1" second="10" time="0" type="attempt blocked" type_id="15"/>
	<message comment="First half begins!" minute="0" period="1" second="0" time="0" type="start" type_id="32"/>
</Commentary>
