<?xml version="1.0" ?>
<Commentary away_team_name="Liverpool" competition="English Premier League" game_date="2010-11-07" home_team_name="Chelsea" lang_id="en" season="Season 2010/2011" season_id="2010" sport_id="1" sport_name="Football">
	<message comment="Second half ends" minute="93" period="2" second="13" time="95" type="end" type_id="30"/>
	<message comment="Raul Meireles is substituted off" minute="91" period="2" second="30" time="93" type="substitution off" type_id="18"/>
	<message comment="Jay Spearing is substituted on" minute="91" period="2" second="30" time="93" type="substitution on" type_id="19"/>
	<message comment="Alex recieves a yellow card" minute="90" period="2" second="10" time="92" type="card received" type_id="17"/>
	<message comment="Pepe Reina makes a save" minute="89" period="2" second="6" time="91" type="save made" type_id="10"/>
	<message comment="Daniel Sturridge has attempt saved (Low to the right, 18-yard box, Left footed, Open play)" minute="89" period="2" second="6" time="91" type="attempt blocked" type_id="15"/>
	<message comment="David N'Gog is caught offside" minute="89" period="2" time="91" type="offside" type_id="10000"/>
	<message comment="Fernando Torres is substituted off" minute="87" period="2" second="15" time="89" type="substitution off" type_id="18"/>
	<message comment="David N'Gog is substituted on" minute="87" period="2" second="15" time="89" type="substitution on" type_id="19"/>
	<message comment="Pepe Reina makes a save (Parried into danger, Diving)" minute="85" period="2" second="21" time="87" type="save made" type_id="10"/>
	<message comment="Nicolas Anelka has attempt saved (Low to the centre, 18-yard box, Right footed, Open play)" minute="85" period="2" second="21" time="87" type="attempt blocked" type_id="15"/>
	<message comment="Dirk Kuyt is substituted off" minute="83" period="2" second="35" time="85" type="substitution off" type_id="18"/>
	<message comment="Jonjo Shelvey is substituted on" minute="83" period="2" second="35" time="85" type="substitution on" type_id="19"/>
	<message comment="Daniel Sturridge misses attempt (To the right, 18-yard box, Head, Open play)" minute="83" period="2" second="8" time="85" type="attempt missed" type_id="13"/>
	<message comment="José Bosingwa wins a corner (To the right)" minute="81" period="2" second="14" time="83" type="corner" type_id="6"/>
	<message comment="Nicolas Anelka wins a corner (To the left)" minute="80" period="2" second="13" time="82" type="corner" type_id="6"/>
	<message comment="Florent Malouda misses attempt (To the right, Out of box, Left footed, Open play)" minute="79" period="2" second="18" time="81" type="attempt missed" type_id="13"/>
	<message comment="Paul Konchesky blocks a shot" minute="77" period="2" second="35" time="79" type="save made" type_id="10"/>
	<message comment="Daniel Sturridge has shot blocked (Out of box, Left footed, Open play)" minute="77" period="2" second="35" time="79" type="attempt blocked" type_id="15"/>
	<message comment="Yuri Zhirkov is substituted off" minute="75" period="2" second="21" time="77" type="substitution off" type_id="18"/>
	<message comment="Daniel Sturridge is substituted on" minute="75" period="2" second="21" time="77" type="substitution on" type_id="19"/>
	<message comment="Dirk Kuyt wins a corner (To the left)" minute="73" period="2" second="42" time="75" type="corner" type_id="6"/>
	<message comment="Dirk Kuyt has attempt saved (Low to the left, 18-yard box, Right footed, From corner)" minute="73" period="2" second="41" time="75" type="attempt blocked" type_id="15"/>
	<message comment="Petr Cech makes a save (Feet, Diving, Parried safe)" minute="73" period="2" second="41" time="75" type="save made" type_id="10"/>
	<message comment="Raul Meireles has shot blocked (Out of box, Right footed, From corner)" minute="73" period="2" second="37" time="75" type="attempt blocked" type_id="15"/>
	<message comment="Alex blocks a shot" minute="73" period="2" second="37" time="75" type="save made" type_id="10"/>
	<message comment="Fernando Torres wins a corner (To the right)" minute="73" period="2" second="1" time="75" type="corner" type_id="6"/>
	<message comment="Fernando Torres has shot blocked (Out of box, Right footed, Open play)" minute="72" period="2" second="59" time="74" type="attempt blocked" type_id="15"/>
	<message comment="Alex blocks a shot" minute="72" period="2" second="59" time="74" type="save made" type_id="10"/>
	<message comment="Maxi Rodríguez has attempt saved (Low to the centre, Out of box, Right footed, Set piece)" minute="71" period="2" second="12" time="73" type="attempt blocked" type_id="15"/>
	<message comment="Petr Cech makes a save" minute="71" period="2" second="12" time="73" type="save made" type_id="10"/>
	<message comment="Branislav Ivanovic is substituted off" minute="69" period="2" second="50" time="71" type="substitution off" type_id="18"/>
	<message comment="José Bosingwa is substituted on" minute="69" period="2" second="50" time="71" type="substitution on" type_id="19"/>
	<message comment="Florent Malouda has attempt saved (Low to the centre, 18-yard box, Big Chance, Right footed, Open play)" minute="65" period="2" second="6" time="67" type="attempt blocked" type_id="15"/>
	<message comment="Pepe Reina makes a save (Diving, Parried into danger)" minute="65" period="2" second="6" time="67" type="save made" type_id="10"/>
	<message comment="Yuri Zhirkov wins a corner (To the left)" minute="60" period="2" second="56" time="62" type="corner" type_id="6"/>
	<message comment="Pepe Reina makes a save (Diving, Parried safe)" minute="60" period="2" second="53" time="62" type="save made" type_id="10"/>
	<message comment="Yuri Zhirkov has attempt saved (High to the left, 18-yard box, Left footed, Throw-in)" minute="60" period="2" second="53" time="62" type="attempt blocked" type_id="15"/>
	<message comment="Florent Malouda wins a corner (To the left)" minute="60" period="2" second="2" time="62" type="corner" type_id="6"/>
	<message comment="Ramires misses attempt (18-yard box, Big Chance, Head, Open play)" minute="59" period="2" second="22" time="61" type="attempt missed" type_id="13"/>
	<message comment="Didier Drogba misses attempt (To the right, Out of box, Right footed, Free kick)" minute="58" period="2" second="8" time="60" type="attempt missed" type_id="13"/>
	<message comment="Jamie Carragher blocks a shot" minute="56" period="2" second="43" time="58" type="save made" type_id="10"/>
	<message comment="Nicolas Anelka has shot blocked (Out of box, Left footed, Open play)" minute="56" period="2" second="43" time="58" type="attempt blocked" type_id="15"/>
	<message comment="Florent Malouda is caught offside" minute="54" period="2" time="56" type="offside" type_id="10000"/>
	<message comment="Maxi Rodríguez has attempt saved (High to the centre, Out of box, Right footed, Open play)" minute="46" period="2" second="12" time="48" type="attempt blocked" type_id="15"/>
	<message comment="Petr Cech makes a save (Standing)" minute="46" period="2" second="12" time="48" type="save made" type_id="10"/>
	<message comment="Fernando Torres is caught offside" minute="45" period="2" time="47" type="offside" type_id="10000"/>
	<message comment="Salomon Kalou is substituted off" minute="45" period="2" second="0" time="47" type="substitution off" type_id="18"/>
	<message comment="Didier Drogba is substituted on" minute="45" period="2" second="0" time="47" type="substitution on" type_id="19"/>
	<message comment="Second half begins!" minute="45" period="2" second="0" time="47" type="start" type_id="32"/>
	<message comment="First half ends" minute="46" period="1" second="6" time="46" type="end" type_id="30"/>
	<message comment="Nicolas Anelka is caught offside" minute="45" period="1" time="45" type="offside" type_id="10000"/>
	<message comment="GOAL! Fernando Torres scores , Assisted by Raul Meireles (High to the right, 18-yard box, Right footed, Open play)" minute="43" period="1" second="58" time="43" type="goal scored" type_id="16"/>
	<message comment="Florent Malouda wins a corner (To the left)" minute="38" period="1" second="31" time="38" type="corner" type_id="6"/>
	<message comment="Jamie Carragher blocks a shot" minute="38" period="1" second="29" time="38" type="save made" type_id="10"/>
	<message comment="Florent Malouda has shot blocked (Out of box, Left footed, Open play)" minute="38" period="1" second="29" time="38" type="attempt blocked" type_id="15"/>
	<message comment="Dirk Kuyt is caught offside" minute="37" period="1" time="37" type="offside" type_id="10000"/>
	<message comment="Alex misses attempt (High to the right, 18-yard box, Head, Set piece)" minute="34" period="1" second="51" time="34" type="attempt missed" type_id="13"/>
	<message comment="John Terry blocks a shot" minute="32" period="1" second="7" time="32" type="save made" type_id="10"/>
	<message comment="Martin Kelly has shot blocked (Out of box, Left footed, Open play)" minute="32" period="1" second="7" time="32" type="attempt blocked" type_id="15"/>
	<message comment="Nicolas Anelka is caught offside" minute="29" period="1" time="29" type="offside" type_id="10000"/>
	<message comment="Raul Meireles has attempt saved (Low to the left, 18-yard box, Right footed, Open play)" minute="27" period="1" second="55" time="27" type="attempt blocked" type_id="15"/>
	<message comment="Petr Cech makes a save (Diving)" minute="27" period="1" second="55" time="27" type="save made" type_id="10"/>
	<message comment="Maxi Rodríguez misses attempt (High to the right, 18-yard box, Right footed, Open play)" minute="20" period="1" second="44" time="20" type="attempt missed" type_id="13"/>
	<message comment="Yuri Zhirkov recieves a yellow card" minute="19" period="1" second="37" time="19" type="card received" type_id="17"/>
	<message comment="Pepe Reina makes a save (Standing, Parried safe)" minute="13" period="1" second="4" time="13" type="save made" type_id="10"/>
	<message comment="Salomon Kalou has attempt saved (Low to the right, 18-yard box, Head, Open play)" minute="13" period="1" second="4" time="13" type="attempt blocked" type_id="15"/>
	<message comment="Fernando Torres misses attempt (To the left, Out of box, Right footed, Open play)" minute="12" period="1" second="2" time="12" type="attempt missed" type_id="13"/>
	<message comment="GOAL! Fernando Torres scores , Assisted by Dirk Kuyt (Low to the left, 18-yard box, Big Chance, Right footed, Open play)" minute="10" period="1" second="52" time="10" type="goal scored" type_id="16"/>
	<message comment="Formation Set" minute="0" period="14" second="0" time="5" type="end" type_id="30"/>
	<message comment="Lucas Leiva has shot blocked (Out of box, Right footed, Open play)" minute="4" period="1" second="50" time="4" type="attempt blocked" type_id="15"/>
	<message comment="Yuri Zhirkov blocks a shot" minute="4" period="1" second="50" time="4" type="save made" type_id="10"/>
	<message comment="First half begins!" minute="0" period="1" second="0" time="0" type="start" type_id="32"/>
</Commentary>
