<?xml version="1.0" ?>
<Commentary away_team_name="Liverpool" competition="English Premier League" game_date="2014-01-28" home_team_name="Everton" lang_id="en" season="Season 2013/2014" season_id="2013" sport_id="1" sport_name="Football">
	<message comment="Second half ends" minute="93" period="2" second="3" time="97" type="end" type_id="30"/>
	<message comment="Jordan Henderson wins a corner (To the left)" minute="91" period="2" second="47" time="95" type="corner" type_id="6"/>
	<message comment="John Stones blocks a shot" minute="91" period="2" second="46" time="95" type="save made" type_id="10"/>
	<message comment="Jordan Henderson has shot blocked (18-yard box, Right footed, Open play)" minute="91" period="2" second="46" time="95" type="attempt blocked" type_id="15"/>
	<message comment="Victor Moses misses attempt (18-yard box, Right footed, Open play)" minute="85" period="2" second="39" time="89" type="attempt missed" type_id="13"/>
	<message comment="John Stones misses attempt (To the left, 18-yard box, Head, From corner)" minute="82" period="2" second="38" time="86" type="attempt missed" type_id="13"/>
	<message comment="John Stones wins a corner (To the right)" minute="82" period="2" second="17" time="86" type="corner" type_id="6"/>
	<message comment="Philippe Coutinho is substituted off" minute="78" period="2" second="57" time="82" type="substitution off" type_id="18"/>
	<message comment="Luis Alberto is substituted on" minute="78" period="2" second="57" time="82" type="substitution on" type_id="19"/>
	<message comment="Simon Mignolet makes a save (Collected)" minute="77" period="2" second="26" time="81" type="save made" type_id="10"/>
	<message comment="Leon Osman has attempt saved (Low to the centre, Out of box, Left footed, Open play)" minute="77" period="2" second="26" time="81" type="attempt blocked" type_id="15"/>
	<message comment="James McCarthy misses attempt (To the right, 18-yard box, Left footed, Open play)" minute="76" period="2" second="21" time="80" type="attempt missed" type_id="13"/>
	<message comment="Philippe Coutinho has shot blocked (Out of box, Right footed, Open play)" minute="76" period="2" second="0" time="80" type="attempt blocked" type_id="15"/>
	<message comment="Antolín Alcaraz blocks a shot" minute="76" period="2" second="0" time="80" type="save made" type_id="10"/>
	<message comment="Ross Barkley is substituted off" minute="75" period="2" second="43" time="79" type="substitution off" type_id="18"/>
	<message comment="Aiden McGeady is substituted on" minute="75" period="2" second="43" time="79" type="substitution on" type_id="19"/>
	<message comment="Raheem Sterling misses attempt (High, 18-yard box, Left footed, Open play)" minute="73" period="2" second="32" time="77" type="attempt missed" type_id="13"/>
	<message comment="Jon Flanagan is substituted off" minute="72" period="2" second="38" time="76" type="substitution off" type_id="18"/>
	<message comment="Martin Kelly is substituted on" minute="72" period="2" second="38" time="76" type="substitution on" type_id="19"/>
	<message comment="Daniel Sturridge is substituted off" minute="71" period="2" second="4" time="75" type="substitution off" type_id="18"/>
	<message comment="Victor Moses is substituted on" minute="71" period="2" second="4" time="75" type="substitution on" type_id="19"/>
	<message comment="Daniel Sturridge misses attempt (High, 18-yard box, Left footed, Fast break)" minute="69" period="2" second="43" time="73" type="attempt missed" type_id="13"/>
	<message comment="James McCarthy wins a corner (To the left)" minute="69" period="2" second="10" time="73" type="corner" type_id="6"/>
	<message comment="Simon Mignolet makes a save (Diving, Parried safe)" minute="69" period="2" second="8" time="73" type="save made" type_id="10"/>
	<message comment="James McCarthy has attempt saved (Low to the left, Out of box, Right footed, Open play)" minute="69" period="2" second="8" time="73" type="attempt blocked" type_id="15"/>
	<message comment="Antolín Alcaraz misses attempt (High, 18-yard box, Head, From corner)" minute="66" period="2" second="39" time="70" type="attempt missed" type_id="13"/>
	<message comment="Ross Barkley wins a corner (To the right)" minute="66" period="2" second="21" time="70" type="corner" type_id="6"/>
	<message comment="Philippe Coutinho blocks a shot" minute="61" period="2" second="41" time="65" type="save made" type_id="10"/>
	<message comment="Kevin Mirallas has shot blocked (Out of box, Right footed, Free kick)" minute="61" period="2" second="41" time="65" type="attempt blocked" type_id="15"/>
	<message comment="Philippe Coutinho wins a corner (To the left)" minute="59" period="2" second="17" time="63" type="corner" type_id="6"/>
	<message comment="Philippe Coutinho hits the woodwork (To the left, 18-yard box, Right footed, From corner)" minute="59" period="2" second="16" time="63" type="woodwork hit" type_id="14"/>
	<message comment="Steven Gerrard wins a corner (To the left)" minute="58" period="2" second="59" time="62" type="corner" type_id="6"/>
	<message comment="Steven Gerrard blocks a shot" minute="55" period="2" second="5" time="59" type="save made" type_id="10"/>
	<message comment="Ross Barkley has shot blocked (Out of box, Right footed, Open play)" minute="55" period="2" second="5" time="59" type="attempt blocked" type_id="15"/>
	<message comment="Daniel Sturridge misses attempt (18-yard box, Penalty, Big Chance, Left footed)" minute="53" period="2" second="56" time="57" type="attempt missed" type_id="13"/>
	<message comment="Steven Gerrard blocks a shot" minute="52" period="2" second="53" time="56" type="save made" type_id="10"/>
	<message comment="Kevin Mirallas has shot blocked (18-yard box, Right footed, Open play)" minute="52" period="2" second="53" time="56" type="attempt blocked" type_id="15"/>
	<message comment="Kevin Mirallas recieves a yellow card" minute="51" period="2" second="28" time="55" type="card received" type_id="17"/>
	<message comment="GOAL! Luis Suárez scores  (Low to the right, 18-yard box, Big Chance, Left footed, Fast break)" minute="49" period="2" second="17" time="53" type="goal scored" type_id="16"/>
	<message comment="Simon Mignolet makes a save (Parried into danger, Diving)" minute="48" period="2" second="57" time="52" type="save made" type_id="10"/>
	<message comment="Leon Osman has attempt saved (High to the centre, Out of box, Right footed, Open play)" minute="48" period="2" second="57" time="52" type="attempt blocked" type_id="15"/>
	<message comment="Leon Osman wins a corner (To the left)" minute="47" period="2" second="44" time="51" type="corner" type_id="6"/>
	<message comment="Jordan Henderson blocks a shot" minute="47" period="2" second="29" time="51" type="save made" type_id="10"/>
	<message comment="Ross Barkley has shot blocked (18-yard box, Left footed, Open play)" minute="47" period="2" second="29" time="51" type="attempt blocked" type_id="15"/>
	<message comment="Steven Pienaar is substituted off" minute="45" period="2" second="0" time="49" type="substitution off" type_id="18"/>
	<message comment="Leon Osman is substituted on" minute="45" period="2" second="0" time="49" type="substitution on" type_id="19"/>
	<message comment="Second half begins!" minute="45" period="2" second="0" time="49" type="start" type_id="32"/>
	<message comment="First half ends" minute="48" period="1" second="0" time="48" type="end" type_id="30"/>
	<message comment="Gareth Barry recieves a yellow card" minute="46" period="1" second="59" time="46" type="card received" type_id="17"/>
	<message comment="Ross Barkley has shot blocked (Out of box, Right footed, Open play)" minute="46" period="1" second="48" time="46" type="attempt blocked" type_id="15"/>
	<message comment="Martin Skrtel blocks a shot" minute="45" period="1" second="1" time="45" type="save made" type_id="10"/>
	<message comment="Kevin Mirallas has shot blocked (Out of box, Right footed, Open play)" minute="45" period="1" second="1" time="45" type="attempt blocked" type_id="15"/>
	<message comment="Kevin Mirallas wins a corner (To the right)" minute="42" period="1" second="16" time="42" type="corner" type_id="6"/>
	<message comment="Gareth Barry wins a corner (To the left)" minute="40" period="1" second="6" time="40" type="corner" type_id="6"/>
	<message comment="Gareth Barry has shot blocked (18-yard box, Head, From corner)" minute="40" period="1" second="3" time="40" type="attempt blocked" type_id="15"/>
	<message comment="Kevin Mirallas wins a corner (To the right)" minute="39" period="1" second="47" time="39" type="corner" type_id="6"/>
	<message comment="Steven Pienaar recieves a yellow card" minute="37" period="1" second="18" time="37" type="card received" type_id="17"/>
	<message comment="GOAL! Daniel Sturridge scores , Assisted by Kolo Touré (Low to the right, Out of box, Big Chance, Left footed, Open play)" minute="34" period="1" second="26" time="34" type="goal scored" type_id="16"/>
	<message comment="GOAL! Daniel Sturridge scores , Assisted by Philippe Coutinho (Low to the right, 18-yard box, Big Chance, Left footed, Fast break)" minute="32" period="1" second="18" time="32" type="goal scored" type_id="16"/>
	<message comment="Kevin Mirallas misses attempt (Out of box, Right footed, Open play)" minute="31" period="1" second="32" time="31" type="attempt missed" type_id="13"/>
	<message comment="Gareth Barry misses attempt (To the right, 18-yard box, Left footed, Open play)" minute="30" period="1" second="10" time="30" type="attempt missed" type_id="13"/>
	<message comment="Simon Mignolet makes a save (Diving, Parried into danger)" minute="30" period="1" second="6" time="30" type="save made" type_id="10"/>
	<message comment="Phil Jagielka has attempt saved (High to the left, 18-yard box, Left footed, Open play)" minute="30" period="1" second="6" time="30" type="attempt blocked" type_id="15"/>
	<message comment="Kevin Mirallas wins a corner (To the right)" minute="29" period="1" second="28" time="29" type="corner" type_id="6"/>
	<message comment="Daniel Sturridge misses attempt (Out of box, Right footed, Open play)" minute="26" period="1" second="4" time="26" type="attempt missed" type_id="13"/>
	<message comment="Steven Gerrard blocks a shot" minute="25" period="1" second="40" time="25" type="save made" type_id="10"/>
	<message comment="Ross Barkley has shot blocked (Out of box, Left footed, Open play)" minute="25" period="1" second="40" time="25" type="attempt blocked" type_id="15"/>
	<message comment="Steven Naismith is substituted on" minute="24" period="1" second="38" time="24" type="substitution on" type_id="19"/>
	<message comment="Romelu Lukaku is substituted off" minute="24" period="1" second="38" time="24" type="substitution off" type_id="18"/>
	<message comment="Daniel Sturridge is caught offside" minute="23" period="1" time="23" type="offside" type_id="10000"/>
	<message comment="GOAL! Steven Gerrard scores , Assisted by Luis Suárez (High to the left, 18-yard box, Head, From corner)" minute="20" period="1" second="39" time="20" type="goal scored" type_id="16"/>
	<message comment="Luis Suárez wins a corner (To the left)" minute="20" period="1" second="2" time="20" type="corner" type_id="6"/>
	<message comment="John Stones blocks a shot" minute="20" period="1" second="1" time="20" type="save made" type_id="10"/>
	<message comment="Luis Suárez has shot blocked (18-yard box, Right footed, Open play)" minute="20" period="1" second="1" time="20" type="attempt blocked" type_id="15"/>
	<message comment="Raheem Sterling has attempt saved (Low to the left, 18-yard box, Big Chance, Right footed, Open play)" minute="17" period="1" second="33" time="17" type="attempt blocked" type_id="15"/>
	<message comment="Tim Howard makes a save (Standing, Parried into danger)" minute="17" period="1" second="33" time="17" type="save made" type_id="10"/>
	<message comment="Steven Gerrard misses attempt (High, Out of box, Right footed, Open play)" minute="16" period="1" second="18" time="16" type="attempt missed" type_id="13"/>
	<message comment="Steven Pienaar misses attempt (To the left, 18-yard box, Right footed, Open play)" minute="15" period="1" second="5" time="15" type="attempt missed" type_id="13"/>
	<message comment="Luis Suárez has attempt saved (Low to the centre, Out of box, Right footed, Open play)" minute="14" period="1" second="36" time="14" type="attempt blocked" type_id="15"/>
	<message comment="Tim Howard makes a save (Collected)" minute="14" period="1" second="36" time="14" type="save made" type_id="10"/>
	<message comment="Daniel Sturridge has attempt saved (Low to the centre, Out of box, Left footed, Open play)" minute="10" period="1" second="8" time="10" type="attempt blocked" type_id="15"/>
	<message comment="Tim Howard makes a save (Collected)" minute="10" period="1" second="8" time="10" type="save made" type_id="10"/>
	<message comment="Jordan Henderson misses attempt (High, 18-yard box, Right footed, From corner)" minute="7" period="1" second="44" time="7" type="attempt missed" type_id="13"/>
	<message comment="Luis Suárez wins a corner (To the right)" minute="7" period="1" second="13" time="7" type="corner" type_id="6"/>
	<message comment="Luis Suárez has attempt saved (Low to the right, Out of box, Left footed, Open play)" minute="7" period="1" second="12" time="7" type="attempt blocked" type_id="15"/>
	<message comment="Tim Howard makes a save (Diving, Parried safe)" minute="7" period="1" second="12" time="7" type="save made" type_id="10"/>
	<message comment="Formation Set" minute="0" period="14" second="0" time="7" type="end" type_id="30"/>
	<message comment="Tim Howard makes a save (Diving, Parried safe)" minute="2" period="1" second="41" time="2" type="save made" type_id="10"/>
	<message comment="Jordan Henderson has attempt saved (Low to the right, Out of box, Right footed, Open play)" minute="2" period="1" second="41" time="2" type="attempt blocked" type_id="15"/>
	<message comment="Ross Barkley misses attempt (Out of box, Left footed, Open play)" minute="1" period="1" second="3" time="1" type="attempt missed" type_id="13"/>
	<message comment="First half begins!" minute="0" period="1" second="0" time="0" type="start" type_id="32"/>
</Commentary>
