<?xml version="1.0" ?>
<Commentary away_team_name="Liverpool" competition="English Premier League" game_date="2014-01-18" home_team_name="Aston Villa" lang_id="en" season="Season 2013/2014" season_id="2013" sport_id="1" sport_name="Football">
	<message comment="Second half ends" minute="94" period="2" second="9" time="98" type="end" type_id="30"/>
	<message comment="Raheem Sterling recieves a yellow card" minute="89" period="2" second="29" time="93" type="card received" type_id="17"/>
	<message comment="Leandro Bacuna recieves a yellow card" minute="87" period="2" second="47" time="91" type="card received" type_id="17"/>
	<message comment="Ryan Bertrand is substituted off" minute="80" period="2" second="58" time="84" type="substitution off" type_id="18"/>
	<message comment="Antonio Luna is substituted on" minute="80" period="2" second="58" time="84" type="substitution on" type_id="19"/>
	<message comment="Luis Suárez misses attempt (Out of box, Right footed, Free kick)" minute="76" period="2" second="29" time="80" type="attempt missed" type_id="13"/>
	<message comment="Luis Suárez is caught offside" minute="73" period="2" time="77" type="offside" type_id="10000"/>
	<message comment="Grant Holt misses attempt (To the left, 18-yard box, Head, From corner)" minute="71" period="2" second="43" time="75" type="attempt missed" type_id="13"/>
	<message comment="Ciaran Clark wins a corner (To the right)" minute="71" period="2" second="20" time="75" type="corner" type_id="6"/>
	<message comment="Raheem Sterling misses attempt (To the right, Out of box, Left footed, Open play)" minute="66" period="2" second="55" time="70" type="attempt missed" type_id="13"/>
	<message comment="Lucas Leiva is substituted off" minute="65" period="2" second="31" time="69" type="substitution off" type_id="18"/>
	<message comment="Joe Allen is substituted on" minute="65" period="2" second="31" time="69" type="substitution on" type_id="19"/>
	<message comment="Brad Guzan makes a save (Diving, Parried into danger)" minute="64" period="2" second="52" time="68" type="save made" type_id="10"/>
	<message comment="Jordan Henderson has attempt saved (Low to the right, Out of box, Right footed, Open play)" minute="64" period="2" second="52" time="68" type="attempt blocked" type_id="15"/>
	<message comment="Brad Guzan makes a save (Collected, Standing)" minute="63" period="2" second="1" time="67" type="save made" type_id="10"/>
	<message comment="Luis Suárez has attempt saved (Low to the centre, 18-yard box, Right footed, Set piece)" minute="63" period="2" second="1" time="67" type="attempt blocked" type_id="15"/>
	<message comment="Karim El Ahmadi is substituted off" minute="61" period="2" second="30" time="65" type="substitution off" type_id="18"/>
	<message comment="Yacouba Sylla is substituted on" minute="61" period="2" second="30" time="65" type="substitution on" type_id="19"/>
	<message comment="Fabian Delph misses attempt (Out of box, Right footed, Open play)" minute="60" period="2" second="0" time="64" type="attempt missed" type_id="13"/>
	<message comment="Brad Guzan makes a save (Diving, Collected)" minute="56" period="2" second="53" time="60" type="save made" type_id="10"/>
	<message comment="Daniel Sturridge has attempt saved (Low to the right, Out of box, Left footed, Open play)" minute="56" period="2" second="53" time="60" type="attempt blocked" type_id="15"/>
	<message comment="Fabian Delph misses attempt (To the left, Out of box, Left footed, Open play)" minute="55" period="2" second="46" time="59" type="attempt missed" type_id="13"/>
	<message comment="Luis Suárez misses attempt (Out of box, Right footed, Free kick)" minute="53" period="2" second="52" time="57" type="attempt missed" type_id="13"/>
	<message comment="GOAL! Steven Gerrard scores  (Low to the right, 18-yard box, Penalty, Big Chance, Right footed)" minute="52" period="2" second="42" time="56" type="goal scored" type_id="16"/>
	<message comment="Gabriel Agbonlahor is substituted off" minute="48" period="2" second="50" time="52" type="substitution off" type_id="18"/>
	<message comment="Grant Holt is substituted on" minute="48" period="2" second="50" time="52" type="substitution on" type_id="19"/>
	<message comment="Ryan Bertrand recieves a yellow card" minute="47" period="2" second="48" time="51" type="card received" type_id="17"/>
	<message comment="Luis Suárez misses attempt (High to the right, 18-yard box, Right footed, Open play)" minute="46" period="2" second="14" time="50" type="attempt missed" type_id="13"/>
	<message comment="Philippe Coutinho is substituted off" minute="45" period="2" second="0" time="49" type="substitution off" type_id="18"/>
	<message comment="Lucas Leiva is substituted on" minute="45" period="2" second="0" time="49" type="substitution on" type_id="19"/>
	<message comment="Second half begins!" minute="45" period="2" second="0" time="49" type="start" type_id="32"/>
	<message comment="First half ends" minute="48" period="1" second="0" time="48" type="end" type_id="30"/>
	<message comment="GOAL! Daniel Sturridge scores , Assisted by Jordan Henderson (High to the left, 18-yard box, Big Chance, Right footed, Open play)" minute="46" period="1" second="54" time="46" type="goal scored" type_id="16"/>
	<message comment="Philippe Coutinho wins a corner (To the right)" minute="44" period="1" second="4" time="44" type="corner" type_id="6"/>
	<message comment="Ciaran Clark blocks a shot" minute="44" period="1" second="3" time="44" type="save made" type_id="10"/>
	<message comment="Philippe Coutinho has shot blocked (Out of box, Right footed, Open play)" minute="44" period="1" second="3" time="44" type="attempt blocked" type_id="15"/>
	<message comment="Aly Cissokho misses attempt (To the left, 18-yard box, Left footed, Open play)" minute="40" period="1" second="35" time="40" type="attempt missed" type_id="13"/>
	<message comment="GOAL! Christian Benteke scores , Assisted by Gabriel Agbonlahor (Low to the centre, 18-yard box, Big Chance, Head, Open play)" minute="35" period="1" second="59" time="35" type="goal scored" type_id="16"/>
	<message comment="Luis Suárez is caught offside" minute="32" period="1" time="32" type="offside" type_id="10000"/>
	<message comment="Brad Guzan makes a save (Standing, Parried safe)" minute="31" period="1" second="30" time="31" type="save made" type_id="10"/>
	<message comment="Raheem Sterling has attempt saved (High to the left, 18-yard box, Right footed, Open play)" minute="31" period="1" second="30" time="31" type="attempt blocked" type_id="15"/>
	<message comment="Daniel Sturridge misses attempt (High to the left, Out of box, Left footed, Open play)" minute="27" period="1" second="38" time="27" type="attempt missed" type_id="13"/>
	<message comment="Gabriel Agbonlahor wins a corner (To the left)" minute="27" period="1" second="4" time="27" type="corner" type_id="6"/>
	<message comment="GOAL! Andreas Weimann scores , Assisted by Gabriel Agbonlahor (Low to the centre, 6-yard box, Big Chance, Right footed, Open play)" minute="24" period="1" second="42" time="24" type="goal scored" type_id="16"/>
	<message comment="Aly Cissokho blocks a shot" minute="23" period="1" second="3" time="23" type="save made" type_id="10"/>
	<message comment="Gabriel Agbonlahor has shot blocked (6-yard box, Right footed, From corner)" minute="23" period="1" second="3" time="23" type="attempt blocked" type_id="15"/>
	<message comment="Ciaran Clark hits the woodwork (To the right, 18-yard box, Head, From corner)" minute="23" period="1" second="2" time="23" type="woodwork hit" type_id="14"/>
	<message comment="Karim El Ahmadi wins a corner (To the right)" minute="22" period="1" second="37" time="22" type="corner" type_id="6"/>
	<message comment="Daniel Sturridge misses attempt (Out of box, Left footed, Open play)" minute="20" period="1" second="57" time="20" type="attempt missed" type_id="13"/>
	<message comment="Karim El Ahmadi recieves a yellow card" minute="20" period="1" second="16" time="20" type="card received" type_id="17"/>
	<message comment="Andreas Weimann misses attempt (High to the right, Out of box, Left footed, Fast break)" minute="17" period="1" second="2" time="17" type="attempt missed" type_id="13"/>
	<message comment="Ciaran Clark recieves a yellow card" minute="15" period="1" second="45" time="15" type="card received" type_id="17"/>
	<message comment="Simon Mignolet makes a save (Standing, Parried safe)" minute="15" period="1" second="19" time="15" type="save made" type_id="10"/>
	<message comment="Ashley Westwood has attempt saved (Low to the centre, 18-yard box, Right footed, Open play)" minute="15" period="1" second="19" time="15" type="attempt blocked" type_id="15"/>
	<message comment="Kolo Touré blocks a shot" minute="12" period="1" second="27" time="12" type="save made" type_id="10"/>
	<message comment="Gabriel Agbonlahor has shot blocked (18-yard box, Left footed, Open play)" minute="12" period="1" second="27" time="12" type="attempt blocked" type_id="15"/>
	<message comment="Aly Cissokho blocks a shot" minute="9" period="1" second="9" time="9" type="save made" type_id="10"/>
	<message comment="Andreas Weimann has shot blocked (18-yard box, Right footed, Throw-in)" minute="9" period="1" second="9" time="9" type="attempt blocked" type_id="15"/>
	<message comment="Formation Set" minute="0" period="14" second="0" time="8" type="end" type_id="30"/>
	<message comment="Steven Gerrard wins a corner (To the left)" minute="5" period="1" second="17" time="5" type="corner" type_id="6"/>
	<message comment="Luis Suárez is caught offside" minute="3" period="1" time="3" type="offside" type_id="10000"/>
	<message comment="Christian Benteke is caught offside" minute="2" period="1" time="2" type="offside" type_id="10000"/>
	<message comment="Gabriel Agbonlahor misses attempt (18-yard box, Big Chance, Right footed, Open play)" minute="0" period="1" second="54" time="0" type="attempt missed" type_id="13"/>
	<message comment="First half begins!" minute="0" period="1" second="0" time="0" type="start" type_id="32"/>
</Commentary>
