<?xml version="1.0" ?>
<Commentary away_team_name="Liverpool" competition="English Premier League" game_date="2013-01-19" home_team_name="Norwich" lang_id="en" season="Season 2012/2013" season_id="2012" sport_id="1" sport_name="Football">
	<message comment="Second half ends" minute="92" period="2" second="1" time="94" type="end" type_id="30"/>
	<message comment="Luis Suárez is caught offside" minute="91" period="2" time="93" type="offside" type_id="10000"/>
	<message comment="Robert Snodgrass is substituted off" minute="85" period="2" second="43" time="87" type="substitution off" type_id="18"/>
	<message comment="Anthony Pilkington is substituted on" minute="85" period="2" second="43" time="87" type="substitution on" type_id="19"/>
	<message comment="Steven Gerrard wins a corner (To the left)" minute="80" period="2" second="58" time="82" type="corner" type_id="6"/>
	<message comment="Luis Suárez wins a corner (To the left)" minute="80" period="2" second="13" time="82" type="corner" type_id="6"/>
	<message comment="Robert Snodgrass recieves a yellow card" minute="79" period="2" second="45" time="81" type="card received" type_id="17"/>
	<message comment="Jordan Henderson is substituted off" minute="76" period="2" second="53" time="78" type="substitution off" type_id="18"/>
	<message comment="Joe Allen is substituted on" minute="76" period="2" second="53" time="78" type="substitution on" type_id="19"/>
	<message comment="Ryan Bennett scores an OWN GOAL!  (Low to the centre, 6-yard box, Right footed, Open play)" minute="73" period="2" second="53" time="75" type="goal scored" type_id="16"/>
	<message comment="Raheem Sterling has shot blocked (18-yard box, Big Chance, Right footed, Open play)" minute="73" period="2" second="52" time="75" type="attempt blocked" type_id="15"/>
	<message comment="Ryan Bennett blocks a shot (Last line)" minute="73" period="2" second="52" time="75" type="save made" type_id="10"/>
	<message comment="Russell Martin wins a corner (To the right)" minute="70" period="2" second="30" time="72" type="corner" type_id="6"/>
	<message comment="Daniel Sturridge is substituted off" minute="68" period="2" second="32" time="70" type="substitution off" type_id="18"/>
	<message comment="Fabio Borini is substituted on" minute="68" period="2" second="32" time="70" type="substitution on" type_id="19"/>
	<message comment="Lucas Leiva is substituted off" minute="68" period="2" second="18" time="70" type="substitution off" type_id="18"/>
	<message comment="Raheem Sterling is substituted on" minute="68" period="2" second="18" time="70" type="substitution on" type_id="19"/>
	<message comment="GOAL! Steven Gerrard scores , Assisted by Glen Johnson (Low to the left, Out of box, Right footed, Open play)" minute="65" period="2" second="37" time="67" type="goal scored" type_id="16"/>
	<message comment="Elliott Bennett is substituted off" minute="64" period="2" second="39" time="66" type="substitution off" type_id="18"/>
	<message comment="Wes Hoolahan is substituted on" minute="64" period="2" second="39" time="66" type="substitution on" type_id="19"/>
	<message comment="GOAL! Daniel Sturridge scores , Assisted by Stewart Downing (Low to the left, 6-yard box, Big Chance, Left footed, Open play)" minute="58" period="2" second="2" time="60" type="goal scored" type_id="16"/>
	<message comment="Stewart Downing misses attempt (To the right, Out of box, Left footed, Open play)" minute="55" period="2" second="16" time="57" type="attempt missed" type_id="13"/>
	<message comment="Luis Suárez wins a corner (To the right)" minute="54" period="2" second="32" time="56" type="corner" type_id="6"/>
	<message comment="Andre Wisdom misses attempt (To the left, Out of box, Left footed, Open play)" minute="52" period="2" second="43" time="54" type="attempt missed" type_id="13"/>
	<message comment="Glen Johnson wins a corner (To the left)" minute="51" period="2" second="36" time="53" type="corner" type_id="6"/>
	<message comment="Daniel Sturridge has shot blocked (Out of box, Left footed, Open play)" minute="50" period="2" second="17" time="52" type="attempt blocked" type_id="15"/>
	<message comment="Ryan Bennett blocks a shot" minute="50" period="2" second="17" time="52" type="save made" type_id="10"/>
	<message comment="Steven Gerrard is caught offside" minute="50" period="2" time="52" type="offside" type_id="10000"/>
	<message comment="Alexander Tettey misses attempt (To the left, Out of box, Right footed, Open play)" minute="49" period="2" second="10" time="51" type="attempt missed" type_id="13"/>
	<message comment="Second half begins!" minute="45" period="2" second="0" time="47" type="start" type_id="32"/>
	<message comment="First half ends" minute="46" period="1" second="11" time="46" type="end" type_id="30"/>
	<message comment="Mark Bunn makes a save (Parried safe, Diving, Other body part)" minute="45" period="1" second="54" time="45" type="save made" type_id="10"/>
	<message comment="Daniel Sturridge has attempt saved (Low to the right, 18-yard box, Right footed, Open play)" minute="45" period="1" second="54" time="45" type="attempt blocked" type_id="15"/>
	<message comment="Glen Johnson recieves a yellow card" minute="41" period="1" second="32" time="41" type="card received" type_id="17"/>
	<message comment="Glen Johnson misses attempt (Out of box, Right footed, Open play)" minute="40" period="1" second="45" time="40" type="attempt missed" type_id="13"/>
	<message comment="Grant Holt has shot blocked (Out of box, Right footed, From corner)" minute="39" period="1" second="0" time="39" type="attempt blocked" type_id="15"/>
	<message comment="Andre Wisdom blocks a shot" minute="39" period="1" second="0" time="39" type="save made" type_id="10"/>
	<message comment="Robert Snodgrass wins a corner (To the right)" minute="37" period="1" second="32" time="37" type="corner" type_id="6"/>
	<message comment="Alexander Tettey wins a corner (To the right)" minute="37" period="1" second="0" time="37" type="corner" type_id="6"/>
	<message comment="Alexander Tettey has shot blocked (Out of box, Left footed, Open play)" minute="36" period="1" second="58" time="36" type="attempt blocked" type_id="15"/>
	<message comment="Jamie Carragher blocks a shot" minute="36" period="1" second="58" time="36" type="save made" type_id="10"/>
	<message comment="GOAL! Luis Suárez scores , Assisted by Lucas Leiva (Low to the right, 18-yard box, Big Chance, Left footed, Open play)" minute="35" period="1" second="52" time="35" type="goal scored" type_id="16"/>
	<message comment="Mark Bunn makes a save (Standing, Collected)" minute="34" period="1" second="44" time="34" type="save made" type_id="10"/>
	<message comment="Jordan Henderson has attempt saved (High to the centre, Out of box, Right footed, From corner)" minute="34" period="1" second="44" time="34" type="attempt blocked" type_id="15"/>
	<message comment="Stewart Downing wins a corner (To the right)" minute="34" period="1" second="12" time="34" type="corner" type_id="6"/>
	<message comment="Luis Suárez wins a corner (To the right)" minute="33" period="1" second="51" time="33" type="corner" type_id="6"/>
	<message comment="Andre Wisdom misses attempt (High, 18-yard box, Head, From corner)" minute="31" period="1" second="2" time="31" type="attempt missed" type_id="13"/>
	<message comment="Luis Suárez wins a corner (To the right)" minute="30" period="1" second="35" time="30" type="corner" type_id="6"/>
	<message comment="Mark Bunn makes a save (Standing, Collected)" minute="27" period="1" second="37" time="27" type="save made" type_id="10"/>
	<message comment="Luis Suárez has attempt saved (High to the centre, 18-yard box, Right footed, From corner)" minute="27" period="1" second="37" time="27" type="attempt blocked" type_id="15"/>
	<message comment="Jordan Henderson wins a corner (To the right)" minute="27" period="1" second="10" time="27" type="corner" type_id="6"/>
	<message comment="GOAL! Jordan Henderson scores  (High to the right, Out of box, Right footed, Open play)" minute="25" period="1" second="40" time="25" type="goal scored" type_id="16"/>
	<message comment="Elliott Bennett wins a corner (To the left)" minute="20" period="1" second="0" time="20" type="corner" type_id="6"/>
	<message comment="Steven Gerrard misses attempt (To the left, Out of box, Right footed, Open play)" minute="18" period="1" second="17" time="18" type="attempt missed" type_id="13"/>
	<message comment="Jordan Henderson wins a corner (To the right)" minute="17" period="1" second="21" time="17" type="corner" type_id="6"/>
	<message comment="Robert Snodgrass is caught offside" minute="16" period="1" time="16" type="offside" type_id="10000"/>
	<message comment="Ryan Bennett blocks a shot" minute="12" period="1" second="50" time="12" type="save made" type_id="10"/>
	<message comment="Luis Suárez has shot blocked (Out of box, Right footed, Open play)" minute="12" period="1" second="50" time="12" type="attempt blocked" type_id="15"/>
	<message comment="Mark Bunn makes a save (Diving)" minute="11" period="1" second="36" time="11" type="save made" type_id="10"/>
	<message comment="Daniel Sturridge has attempt saved (Low to the centre, 18-yard box, Left footed, Open play)" minute="11" period="1" second="36" time="11" type="attempt blocked" type_id="15"/>
	<message comment="Stewart Downing misses attempt (Out of box, Left footed, Open play)" minute="7" period="1" second="25" time="7" type="attempt missed" type_id="13"/>
	<message comment="Ryan Bennett has attempt saved (High to the left, 18-yard box, Big Chance, Head, Set piece)" minute="6" period="1" second="49" time="6" type="attempt blocked" type_id="15"/>
	<message comment="Brad Jones makes a save (Standing, Parried safe)" minute="6" period="1" second="49" time="6" type="save made" type_id="10"/>
	<message comment="Formation Set" minute="0" period="14" second="0" time="4" type="end" type_id="30"/>
	<message comment="Stewart Downing misses attempt (6-yard box, Head, Open play)" minute="2" period="1" second="29" time="2" type="attempt missed" type_id="13"/>
	<message comment="First half begins!" minute="0" period="1" second="0" time="0" type="start" type_id="32"/>
</Commentary>
