<?xml version="1.0" ?>
<Commentary away_team_name="Liverpool" competition="English Premier League" game_date="2012-10-07" home_team_name="Stoke" lang_id="en" season="Season 2012/2013" season_id="2012" sport_id="1" sport_name="Football">
	<message comment="Second half ends" minute="94" period="2" second="25" time="97" type="end" type_id="30"/>
	<message comment="Joe Cole misses attempt (High, Out of box, Right footed, From corner)" minute="92" period="2" second="44" time="95" type="attempt missed" type_id="13"/>
	<message comment="Luis Suárez wins a corner (To the right)" minute="92" period="2" second="22" time="95" type="corner" type_id="6"/>
	<message comment="Matthew Etherington wins a corner (To the left)" minute="90" period="2" second="28" time="93" type="corner" type_id="6"/>
	<message comment="Martin Skrtel hits the woodwork (To the right, 6-yard box, Big Chance, Right footed, Set piece)" minute="89" period="2" second="40" time="92" type="woodwork hit" type_id="14"/>
	<message comment="Dean Whitehead recieves a yellow card" minute="89" period="2" second="1" time="92" type="card received" type_id="17"/>
	<message comment="Luis Suárez hits the woodwork (To the right, 18-yard box, Right footed, Throw-in)" minute="82" period="2" second="6" time="85" type="woodwork hit" type_id="14"/>
	<message comment="Charlie Adam is substituted off" minute="80" period="2" second="6" time="83" type="substitution off" type_id="18"/>
	<message comment="Maurice Edu is substituted on" minute="80" period="2" second="6" time="83" type="substitution on" type_id="19"/>
	<message comment="Nuri Sahin is substituted off" minute="78" period="2" second="24" time="81" type="substitution off" type_id="18"/>
	<message comment="Oussama Assaidi is substituted on" minute="78" period="2" second="24" time="81" type="substitution on" type_id="19"/>
	<message comment="Nuri Sahin misses attempt (Out of box, Left footed, Open play)" minute="76" period="2" second="55" time="79" type="attempt missed" type_id="13"/>
	<message comment="Jonathan Walters recieves a yellow card" minute="76" period="2" second="29" time="79" type="card received" type_id="17"/>
	<message comment="Jonathan Walters is caught offside" minute="76" period="2" time="79" type="offside" type_id="10000"/>
	<message comment="Asmir Begovic makes a save (From shot off target, Diving, Collected)" minute="74" period="2" second="30" time="77" type="save made" type_id="10"/>
	<message comment="Joe Cole misses attempt (Out of box, Left footed, Open play)" minute="74" period="2" second="27" time="77" type="attempt missed" type_id="13"/>
	<message comment="Peter Crouch blocks a shot" minute="73" period="2" second="1" time="76" type="save made" type_id="10"/>
	<message comment="Martin Skrtel has shot blocked (18-yard box, Right footed, Open play)" minute="73" period="2" second="1" time="76" type="attempt blocked" type_id="15"/>
	<message comment="Peter Crouch blocks a shot" minute="72" period="2" second="59" time="75" type="save made" type_id="10"/>
	<message comment="Luis Suárez has shot blocked (18-yard box, Right footed, Open play)" minute="72" period="2" second="59" time="75" type="attempt blocked" type_id="15"/>
	<message comment="Charlie Adam recieves a yellow card" minute="72" period="2" second="19" time="75" type="card received" type_id="17"/>
	<message comment="Raheem Sterling hits the woodwork (To the right, 18-yard box, Right footed, Open play)" minute="70" period="2" second="49" time="73" type="woodwork hit" type_id="14"/>
	<message comment="Daniel Agger misses attempt (To the right, Out of box, Left footed, Free kick)" minute="69" period="2" second="24" time="72" type="attempt missed" type_id="13"/>
	<message comment="Ryan Shawcross recieves a yellow card" minute="69" period="2" second="6" time="72" type="card received" type_id="17"/>
	<message comment="Joe Cole is substituted on" minute="66" period="2" second="34" time="69" type="substitution on" type_id="19"/>
	<message comment="Suso is substituted off" minute="66" period="2" second="34" time="69" type="substitution off" type_id="18"/>
	<message comment="Steven Nzonzi misses attempt (High to the right, Out of box, Right footed, Open play)" minute="64" period="2" second="18" time="67" type="attempt missed" type_id="13"/>
	<message comment="Charlie Adam misses attempt (To the right, Out of box, Left footed, Open play)" minute="63" period="2" second="32" time="66" type="attempt missed" type_id="13"/>
	<message comment="Michael Kightly is substituted off" minute="63" period="2" second="11" time="66" type="substitution off" type_id="18"/>
	<message comment="Matthew Etherington is substituted on" minute="63" period="2" second="11" time="66" type="substitution on" type_id="19"/>
	<message comment="Andre Wisdom wins a corner (To the right)" minute="60" period="2" second="29" time="63" type="corner" type_id="6"/>
	<message comment="Jonathan Walters wins a corner (To the right)" minute="59" period="2" second="31" time="62" type="corner" type_id="6"/>
	<message comment="Luis Suárez misses attempt (18-yard box, Left footed, Throw-in)" minute="58" period="2" second="48" time="61" type="attempt missed" type_id="13"/>
	<message comment="Glen Johnson misses attempt (High, 18-yard box, Right footed, Open play)" minute="51" period="2" second="5" time="54" type="attempt missed" type_id="13"/>
	<message comment="Asmir Begovic makes a save (Diving, Parried into danger)" minute="49" period="2" second="47" time="52" type="save made" type_id="10"/>
	<message comment="Glen Johnson has attempt saved (Low to the left, Out of box, Right footed, Open play)" minute="49" period="2" second="47" time="52" type="attempt blocked" type_id="15"/>
	<message comment="Steven Gerrard wins a corner (To the right)" minute="48" period="2" second="28" time="51" type="corner" type_id="6"/>
	<message comment="Second half begins!" minute="45" period="2" second="0" time="48" type="start" type_id="32"/>
	<message comment="First half ends" minute="47" period="1" second="0" time="47" type="end" type_id="30"/>
	<message comment="Steven Gerrard misses attempt (To the left, Out of box, Right footed, Fast break)" minute="34" period="1" second="0" time="34" type="attempt missed" type_id="13"/>
	<message comment="Robert Huth recieves a yellow card" minute="32" period="1" second="19" time="32" type="card received" type_id="17"/>
	<message comment="Daniel Agger misses attempt (18-yard box, Left footed, From corner)" minute="28" period="1" second="25" time="28" type="attempt missed" type_id="13"/>
	<message comment="Dean Whitehead blocks a shot" minute="28" period="1" second="18" time="28" type="save made" type_id="10"/>
	<message comment="Suso has shot blocked (Out of box, Left footed, Open play)" minute="28" period="1" second="18" time="28" type="attempt blocked" type_id="15"/>
	<message comment="Steven Gerrard wins a corner (To the right)" minute="26" period="1" second="33" time="26" type="corner" type_id="6"/>
	<message comment="Asmir Begovic makes a save (Parried safe, Diving)" minute="26" period="1" second="29" time="26" type="save made" type_id="10"/>
	<message comment="Steven Gerrard has attempt saved (High to the right, Out of box, Right footed, Open play)" minute="26" period="1" second="29" time="26" type="attempt blocked" type_id="15"/>
	<message comment="Michael Kightly recieves a yellow card" minute="23" period="1" second="59" time="23" type="card received" type_id="17"/>
	<message comment="Charlie Adam wins a corner (To the right)" minute="20" period="1" second="16" time="20" type="corner" type_id="6"/>
	<message comment="Glenn Whelan is substituted off" minute="20" period="1" second="13" time="20" type="substitution off" type_id="18"/>
	<message comment="Dean Whitehead is substituted on" minute="20" period="1" second="13" time="20" type="substitution on" type_id="19"/>
	<message comment="Michael Kightly wins a corner (To the left)" minute="19" period="1" second="34" time="19" type="corner" type_id="6"/>
	<message comment="Michael Kightly has attempt saved (High to the right, Out of box, Right footed, Open play)" minute="19" period="1" second="32" time="19" type="attempt blocked" type_id="15"/>
	<message comment="Pepe Reina makes a save (Parried safe)" minute="19" period="1" second="32" time="19" type="save made" type_id="10"/>
	<message comment="Luis Suárez wins a corner (To the left)" minute="17" period="1" second="5" time="17" type="corner" type_id="6"/>
	<message comment="Luis Suárez has shot blocked (18-yard box, Left footed, Open play)" minute="17" period="1" second="3" time="17" type="attempt blocked" type_id="15"/>
	<message comment="Ryan Shawcross blocks a shot" minute="17" period="1" second="3" time="17" type="save made" type_id="10"/>
	<message comment="Glenn Whelan wins a corner (To the right)" minute="13" period="1" second="57" time="13" type="corner" type_id="6"/>
	<message comment="Peter Crouch is caught offside" minute="9" period="1" time="9" type="offside" type_id="10000"/>
	<message comment="Nuri Sahin has shot blocked (18-yard box, Right footed, Open play)" minute="7" period="1" second="25" time="7" type="attempt blocked" type_id="15"/>
	<message comment="Formation Set" minute="0" period="14" second="0" time="7" type="end" type_id="30"/>
	<message comment="Marc Wilson misses attempt (High to the right, Out of box, Right footed, Open play)" minute="6" period="1" second="41" time="6" type="attempt missed" type_id="13"/>
	<message comment="Nuri Sahin blocks a shot" minute="4" period="1" second="14" time="4" type="save made" type_id="10"/>
	<message comment="Charlie Adam has shot blocked (18-yard box, Left footed, Open play)" minute="4" period="1" second="14" time="4" type="attempt blocked" type_id="15"/>
	<message comment="Pepe Reina makes a save (Standing, Parried into danger)" minute="4" period="1" second="5" time="4" type="save made" type_id="10"/>
	<message comment="Charlie Adam has attempt saved (Low to the centre, 18-yard box, Big Chance, Left footed, Open play)" minute="4" period="1" second="5" time="4" type="attempt blocked" type_id="15"/>
	<message comment="First half begins!" minute="0" period="1" second="0" time="0" type="start" type_id="32"/>
</Commentary>
