<?xml version="1.0" ?>
<Commentary away_team_name="Manchester City" competition="English Premier League" game_date="2010-12-28" home_team_name="Aston Villa" lang_id="en" season="Season 2010/2011" season_id="2010" sport_id="1" sport_name="Football">
	<message comment="Second half ends" minute="93" period="2" second="4" time="95" type="end" type_id="30"/>
	<message comment="James Milner recieves a yellow card" minute="89" period="2" second="16" time="91" type="card received" type_id="17"/>
	<message comment="Eric Lichaj wins a corner (To the right)" minute="86" period="2" second="56" time="88" type="corner" type_id="6"/>
	<message comment="Eric Lichaj has attempt saved (Low to the right, 18-yard box, Big Chance, Right footed, Open play)" minute="86" period="2" second="54" time="88" type="attempt blocked" type_id="15"/>
	<message comment="Joe Hart makes a save (Standing, Parried safe)" minute="86" period="2" second="54" time="88" type="save made" type_id="10"/>
	<message comment="Stewart Downing misses attempt (Out of box, Left footed, Free kick)" minute="84" period="2" second="29" time="86" type="attempt missed" type_id="13"/>
	<message comment="Jô wins a corner (To the left)" minute="82" period="2" second="0" time="84" type="corner" type_id="6"/>
	<message comment="James Collins has shot blocked (18-yard box, Head, From corner)" minute="80" period="2" second="35" time="82" type="attempt blocked" type_id="15"/>
	<message comment="Pablo Zabaleta blocks a shot" minute="80" period="2" second="35" time="82" type="save made" type_id="10"/>
	<message comment="Robert Pires is substituted on" minute="80" period="2" second="30" time="82" type="substitution on" type_id="19"/>
	<message comment="Nigel Reo-Coker is substituted off" minute="80" period="2" second="29" time="82" type="substitution off" type_id="18"/>
	<message comment="Fabian Delph wins a corner (To the right)" minute="79" period="2" second="59" time="81" type="corner" type_id="6"/>
	<message comment="Stewart Downing wins a corner (To the right)" minute="79" period="2" second="34" time="81" type="corner" type_id="6"/>
	<message comment="Fabian Delph wins a corner (To the right)" minute="79" period="2" second="17" time="81" type="corner" type_id="6"/>
	<message comment="Fabian Delph has attempt saved (Low to the right, Out of box, Left footed, From corner)" minute="79" period="2" second="15" time="81" type="attempt blocked" type_id="15"/>
	<message comment="Joe Hart makes a save (Parried safe, Diving)" minute="79" period="2" second="15" time="81" type="save made" type_id="10"/>
	<message comment="Stiliyan Petrov wins a corner (To the right)" minute="78" period="2" second="50" time="80" type="corner" type_id="6"/>
	<message comment="Nigel de Jong is substituted off" minute="76" period="2" second="54" time="78" type="substitution off" type_id="18"/>
	<message comment="Wayne Bridge is substituted on" minute="76" period="2" second="54" time="78" type="substitution on" type_id="19"/>
	<message comment="James Milner wins a corner (To the right)" minute="72" period="2" second="17" time="74" type="corner" type_id="6"/>
	<message comment="Carlos Cuellar blocks a shot" minute="72" period="2" second="15" time="74" type="save made" type_id="10"/>
	<message comment="James Milner has shot blocked (Out of box, Left footed, Open play)" minute="72" period="2" second="15" time="74" type="attempt blocked" type_id="15"/>
	<message comment="Pablo Zabaleta misses attempt (High to the left, 18-yard box, Left footed, Open play)" minute="70" period="2" second="2" time="72" type="attempt missed" type_id="13"/>
	<message comment="Eric Lichaj recieves a yellow card" minute="69" period="2" second="9" time="71" type="card received" type_id="17"/>
	<message comment="Jô misses attempt (High to the left, 18-yard box, Big Chance, Left footed, From corner)" minute="67" period="2" second="40" time="69" type="attempt missed" type_id="13"/>
	<message comment="James Milner wins a corner (To the left)" minute="67" period="2" second="14" time="69" type="corner" type_id="6"/>
	<message comment="Yaya Touré is substituted off" minute="62" period="2" second="14" time="64" type="substitution off" type_id="18"/>
	<message comment="Jô is substituted on" minute="62" period="2" second="14" time="64" type="substitution on" type_id="19"/>
	<message comment="Nathan Delfouneso misses attempt (To the right, 18-yard box, Head, Open play)" minute="61" period="2" second="51" time="63" type="attempt missed" type_id="13"/>
	<message comment="James Milner is substituted on" minute="57" period="2" second="47" time="59" type="substitution on" type_id="19"/>
	<message comment="David Silva is substituted off" minute="57" period="2" second="46" time="59" type="substitution off" type_id="18"/>
	<message comment="Nathan Delfouneso has attempt saved (Low to the centre, Out of box, Right footed, Open play)" minute="56" period="2" second="8" time="58" type="attempt blocked" type_id="15"/>
	<message comment="Joe Hart makes a save (Collected)" minute="56" period="2" second="8" time="58" type="save made" type_id="10"/>
	<message comment="Marc Albrighton is substituted off" minute="55" period="2" second="2" time="57" type="substitution off" type_id="18"/>
	<message comment="Nathan Delfouneso is substituted on" minute="55" period="2" second="2" time="57" type="substitution on" type_id="19"/>
	<message comment="Barry Bannan is substituted off" minute="54" period="2" second="57" time="56" type="substitution off" type_id="18"/>
	<message comment="Fabian Delph is substituted on" minute="54" period="2" second="57" time="56" type="substitution on" type_id="19"/>
	<message comment="GOAL! Mario Balotelli scores  (Low to the centre, 18-yard box, Big Chance, Penalty, Right footed)" minute="54" period="2" second="12" time="56" type="goal scored" type_id="16"/>
	<message comment="Patrick Vieira wins a corner (To the right)" minute="52" period="2" second="43" time="54" type="corner" type_id="6"/>
	<message comment="Brad Friedel makes a save (Standing, Parried safe, Other body part)" minute="52" period="2" second="41" time="54" type="save made" type_id="10"/>
	<message comment="Patrick Vieira has attempt saved (Low to the right, 18-yard box, Right footed, From corner)" minute="52" period="2" second="41" time="54" type="attempt blocked" type_id="15"/>
	<message comment="Pablo Zabaleta wins a corner (To the left)" minute="52" period="2" second="16" time="54" type="corner" type_id="6"/>
	<message comment="Stewart Downing misses attempt (Out of box, Left footed, Free kick)" minute="46" period="2" second="8" time="48" type="attempt missed" type_id="13"/>
	<message comment="Second half begins!" minute="45" period="2" second="0" time="47" type="start" type_id="32"/>
	<message comment="First half ends" minute="46" period="1" second="10" time="46" type="end" type_id="30"/>
	<message comment="Micah Richards misses attempt (To the left, Out of box, Right footed, Open play)" minute="44" period="1" second="5" time="44" type="attempt missed" type_id="13"/>
	<message comment="Nigel Reo-Coker wins a corner (To the left)" minute="41" period="1" second="31" time="41" type="corner" type_id="6"/>
	<message comment="Marc Albrighton has attempt saved (Low to the centre, Out of box, Right footed, Open play)" minute="41" period="1" second="25" time="41" type="attempt blocked" type_id="15"/>
	<message comment="Joe Hart makes a save (Diving, Parried into danger)" minute="41" period="1" second="25" time="41" type="save made" type_id="10"/>
	<message comment="Mario Balotelli is caught offside" minute="35" period="1" time="35" type="offside" type_id="10000"/>
	<message comment="David Silva wins a corner (To the right)" minute="32" period="1" second="39" time="32" type="corner" type_id="6"/>
	<message comment="Eric Lichaj blocks a shot" minute="32" period="1" second="35" time="32" type="save made" type_id="10"/>
	<message comment="David Silva has shot blocked (18-yard box, Right footed, Open play)" minute="32" period="1" second="35" time="32" type="attempt blocked" type_id="15"/>
	<message comment="David Silva wins a corner (To the right)" minute="30" period="1" second="48" time="30" type="corner" type_id="6"/>
	<message comment="James Collins blocks a shot" minute="30" period="1" second="47" time="30" type="save made" type_id="10"/>
	<message comment="David Silva has shot blocked (Out of box, Left footed, Set piece)" minute="30" period="1" second="47" time="30" type="attempt blocked" type_id="15"/>
	<message comment="GOAL! Mario Balotelli scores  (Low to the centre, 6-yard box, Big Chance, Right footed, Open play)" minute="26" period="1" second="4" time="26" type="goal scored" type_id="16"/>
	<message comment="Brad Friedel makes a save (Diving, Parried into danger)" minute="26" period="1" second="3" time="26" type="save made" type_id="10"/>
	<message comment="David Silva has attempt saved (Low to the left, 18-yard box, Left footed, Open play)" minute="26" period="1" second="3" time="26" type="attempt blocked" type_id="15"/>
	<message comment="Stephen Warnock recieves a yellow card" minute="17" period="1" second="47" time="17" type="card received" type_id="17"/>
	<message comment="Stewart Downing misses attempt (High to the left, Out of box, Left footed, Free kick)" minute="14" period="1" second="32" time="14" type="attempt missed" type_id="13"/>
	<message comment="GOAL! Joleon Lescott scores , Assisted by Adam Johnson (High to the left, 18-yard box, Head, From corner)" minute="12" period="1" second="6" time="12" type="goal scored" type_id="16"/>
	<message comment="Yaya Touré wins a corner (To the right)" minute="10" period="1" second="38" time="10" type="corner" type_id="6"/>
	<message comment="Carlos Cuellar blocks a shot" minute="10" period="1" second="36" time="10" type="save made" type_id="10"/>
	<message comment="Yaya Touré has shot blocked (18-yard box, Right footed, Open play)" minute="10" period="1" second="36" time="10" type="attempt blocked" type_id="15"/>
	<message comment="GOAL! Mario Balotelli scores  (Low to the right, 18-yard box, Penalty, Big Chance, Right footed)" minute="7" period="1" second="15" time="7" type="goal scored" type_id="16"/>
	<message comment="Formation Set" minute="0" period="14" second="0" time="5" type="end" type_id="30"/>
	<message comment="Mario Balotelli is caught offside" minute="0" period="1" time="0" type="offside" type_id="10000"/>
	<message comment="First half begins!" minute="0" period="1" second="0" time="0" type="start" type_id="32"/>
</Commentary>
