<?xml version="1.0" ?>
<Commentary away_team_name="Manchester United" competition="English Premier League" game_date="2014-01-11" home_team_name="Swansea" lang_id="en" season="Season 2013/2014" season_id="2013" sport_id="1" sport_name="Football">
	<message comment="Second half ends" minute="93" period="2" second="5" time="96" type="end" type_id="30"/>
	<message comment="Wilfried Bony misses attempt (High, Out of box, Right footed, Free kick)" minute="91" period="2" second="59" time="94" type="attempt missed" type_id="13"/>
	<message comment="Chicharito is caught offside" minute="86" period="2" time="89" type="offside" type_id="10000"/>
	<message comment="Danny Welbeck is substituted off" minute="85" period="2" second="12" time="88" type="substitution off" type_id="18"/>
	<message comment="Chicharito is substituted on" minute="85" period="2" second="12" time="88" type="substitution on" type_id="19"/>
	<message comment="Nemanja Vidic blocks a shot" minute="83" period="2" second="28" time="86" type="save made" type_id="10"/>
	<message comment="Alejandro Pozuelo has shot blocked (18-yard box, Left footed, Open play)" minute="83" period="2" second="28" time="86" type="attempt blocked" type_id="15"/>
	<message comment="Adnan Januzaj misses attempt (Out of box, Left footed, Free kick)" minute="80" period="2" second="58" time="83" type="attempt missed" type_id="13"/>
	<message comment="Patrice Evra is substituted off" minute="78" period="2" second="54" time="81" type="substitution off" type_id="18"/>
	<message comment="Alexander Büttner is substituted on" minute="78" period="2" second="54" time="81" type="substitution on" type_id="19"/>
	<message comment="Wayne Routledge misses attempt (To the right, Out of box, Right footed, From corner)" minute="78" period="2" second="22" time="81" type="attempt missed" type_id="13"/>
	<message comment="Wayne Routledge wins a corner (To the right)" minute="77" period="2" second="57" time="80" type="corner" type_id="6"/>
	<message comment="Angel Rangel wins a corner (To the left)" minute="77" period="2" second="14" time="80" type="corner" type_id="6"/>
	<message comment="Gerhard Tremmel makes a save (Parried into danger, Diving)" minute="75" period="2" second="44" time="78" type="save made" type_id="10"/>
	<message comment="Shinji Kagawa has attempt saved (Low to the centre, 18-yard box, Big Chance, Left footed, Fast break)" minute="75" period="2" second="44" time="78" type="attempt blocked" type_id="15"/>
	<message comment="Álvaro Vázquez wins a corner (To the right)" minute="75" period="2" second="9" time="78" type="corner" type_id="6"/>
	<message comment="Wilfried Bony misses attempt (To the right, Out of box, Right footed, Open play)" minute="73" period="2" second="54" time="76" type="attempt missed" type_id="13"/>
	<message comment="Shinji Kagawa misses attempt (To the left, Out of box, Right footed, From corner)" minute="73" period="2" second="28" time="76" type="attempt missed" type_id="13"/>
	<message comment="Adnan Januzaj wins a corner (To the left)" minute="72" period="2" second="51" time="75" type="corner" type_id="6"/>
	<message comment="Wayne Routledge has shot blocked (18-yard box, Right footed, Open play)" minute="71" period="2" second="46" time="74" type="attempt blocked" type_id="15"/>
	<message comment="Rafael blocks a shot" minute="71" period="2" second="46" time="74" type="save made" type_id="10"/>
	<message comment="Jordi Amat has attempt saved (High to the centre, 18-yard box, Big Chance, Head, Open play)" minute="69" period="2" second="25" time="72" type="attempt blocked" type_id="15"/>
	<message comment="David de Gea makes a save (Collected, Standing)" minute="69" period="2" second="25" time="72" type="save made" type_id="10"/>
	<message comment="Danny Welbeck misses attempt (To the right, Out of box, Right footed, Open play)" minute="67" period="2" second="13" time="70" type="attempt missed" type_id="13"/>
	<message comment="Chris Smalling misses attempt (High, 6-yard box, Big Chance, Right footed, From corner)" minute="65" period="2" second="11" time="68" type="attempt missed" type_id="13"/>
	<message comment="Adnan Januzaj wins a corner (To the left)" minute="64" period="2" second="30" time="67" type="corner" type_id="6"/>
	<message comment="Adnan Januzaj has shot blocked (18-yard box, Left footed, Open play)" minute="64" period="2" second="29" time="67" type="attempt blocked" type_id="15"/>
	<message comment="Ashley Williams blocks a shot" minute="64" period="2" second="29" time="67" type="save made" type_id="10"/>
	<message comment="Alejandro Pozuelo misses attempt (High to the right, Out of box, Right footed, Open play)" minute="63" period="2" second="26" time="66" type="attempt missed" type_id="13"/>
	<message comment="Jonjo Shelvey is substituted off" minute="62" period="2" second="39" time="65" type="substitution off" type_id="18"/>
	<message comment="Álvaro Vázquez is substituted on" minute="62" period="2" second="39" time="65" type="substitution on" type_id="19"/>
	<message comment="GOAL! Danny Welbeck scores , Assisted by Patrice Evra (Low to the right, 18-yard box, Right footed, Open play)" minute="58" period="2" second="22" time="61" type="goal scored" type_id="16"/>
	<message comment="Luis Antonio Valencia wins a corner (To the right)" minute="57" period="2" second="28" time="60" type="corner" type_id="6"/>
	<message comment="Jonjo Shelvey misses attempt (High to the left, Out of box, Left footed, Open play)" minute="56" period="2" second="4" time="59" type="attempt missed" type_id="13"/>
	<message comment="Shinji Kagawa misses attempt (High, Out of box, Right footed, Open play)" minute="52" period="2" second="35" time="55" type="attempt missed" type_id="13"/>
	<message comment="GOAL! Luis Antonio Valencia scores  (Low to the left, 6-yard box, Big Chance, Right footed, Open play)" minute="46" period="2" second="1" time="49" type="goal scored" type_id="16"/>
	<message comment="Shinji Kagawa has attempt saved (Low to the centre, 18-yard box, Head, Open play)" minute="45" period="2" second="59" time="48" type="attempt blocked" type_id="15"/>
	<message comment="Gerhard Tremmel makes a save (Parried into danger, Diving)" minute="45" period="2" second="59" time="48" type="save made" type_id="10"/>
	<message comment="Second half begins!" minute="45" period="2" second="0" time="48" type="start" type_id="32"/>
	<message comment="First half ends" minute="47" period="1" second="28" time="47" type="end" type_id="30"/>
	<message comment="Wilfried Bony recieves a yellow card" minute="46" period="1" second="41" time="46" type="card received" type_id="17"/>
	<message comment="Alejandro Pozuelo wins a corner (To the left)" minute="45" period="1" second="8" time="45" type="corner" type_id="6"/>
	<message comment="Nemanja Vidic blocks a shot" minute="45" period="1" second="7" time="45" type="save made" type_id="10"/>
	<message comment="Alejandro Pozuelo has shot blocked (Out of box, Right footed, Open play)" minute="45" period="1" second="7" time="45" type="attempt blocked" type_id="15"/>
	<message comment="Jonjo Shelvey has shot blocked (Out of box, Left footed, Open play)" minute="42" period="1" second="39" time="42" type="attempt blocked" type_id="15"/>
	<message comment="Michael Carrick blocks a shot" minute="42" period="1" second="39" time="42" type="save made" type_id="10"/>
	<message comment="Jonjo Shelvey misses attempt (To the left, 18-yard box, Right footed, Open play)" minute="38" period="1" second="25" time="38" type="attempt missed" type_id="13"/>
	<message comment="Patrice Evra misses attempt (To the right, 18-yard box, Head, Set piece)" minute="37" period="1" second="22" time="37" type="attempt missed" type_id="13"/>
	<message comment="Angel Rangel recieves a yellow card" minute="36" period="1" second="48" time="36" type="card received" type_id="17"/>
	<message comment="Danny Welbeck misses attempt (18-yard box, Big Chance, Right footed, Open play)" minute="35" period="1" second="49" time="35" type="attempt missed" type_id="13"/>
	<message comment="Darren Fletcher misses attempt (High, 18-yard box, Right footed, Open play)" minute="34" period="1" second="6" time="34" type="attempt missed" type_id="13"/>
	<message comment="Patrice Evra has attempt saved (Low to the right, 18-yard box, Left footed, Open play)" minute="27" period="1" second="16" time="27" type="attempt blocked" type_id="15"/>
	<message comment="Gerhard Tremmel makes a save (Collected, Diving)" minute="27" period="1" second="16" time="27" type="save made" type_id="10"/>
	<message comment="Wilfried Bony misses attempt (To the right, Out of box, Right footed, Open play)" minute="24" period="1" second="16" time="24" type="attempt missed" type_id="13"/>
	<message comment="Ben Davies wins a corner (To the left)" minute="20" period="1" second="2" time="20" type="corner" type_id="6"/>
	<message comment="José Cañas is substituted off" minute="16" period="1" second="20" time="16" type="substitution off" type_id="18"/>
	<message comment="Chico Flores is substituted on" minute="16" period="1" second="20" time="16" type="substitution on" type_id="19"/>
	<message comment="Adnan Januzaj hits the woodwork (High, Out of box, Left footed, Free kick)" minute="10" period="1" second="29" time="10" type="woodwork hit" type_id="14"/>
	<message comment="Formation Set" minute="0" period="14" second="0" time="6" type="end" type_id="30"/>
	<message comment="Nemanja Vidic misses attempt (High to the right, 18-yard box, Right footed, Set piece)" minute="5" period="1" second="40" time="5" type="attempt missed" type_id="13"/>
	<message comment="David de Gea makes a save (Standing)" minute="4" period="1" second="43" time="4" type="save made" type_id="10"/>
	<message comment="Jonjo Shelvey has attempt saved (High to the centre, Out of box, Right footed, Open play)" minute="4" period="1" second="43" time="4" type="attempt blocked" type_id="15"/>
	<message comment="First half begins!" minute="0" period="1" second="0" time="0" type="start" type_id="32"/>
</Commentary>
