<?xml version="1.0" ?>
<Commentary away_team_name="Manchester United" competition="English Premier League" game_date="2011-01-22" home_team_name="Birmingham" lang_id="en" season="Season 2010/2011" season_id="2010" sport_id="1" sport_name="Football">
	<message comment="Second half ends" minute="92" period="2" second="20" time="95" type="end" type_id="30"/>
	<message comment="Matt Derbyshire is caught offside" minute="90" period="2" time="93" type="offside" type_id="10000"/>
	<message comment="David Bentley is substituted off" minute="84" period="2" second="27" time="87" type="substitution off" type_id="18"/>
	<message comment="Craig Gardner is substituted on" minute="84" period="2" second="27" time="87" type="substitution on" type_id="19"/>
	<message comment="Jordon Mutch misses attempt (High to the right, Out of box, Right footed, Open play)" minute="84" period="2" second="0" time="87" type="attempt missed" type_id="13"/>
	<message comment="Michael Owen misses attempt (18-yard box, Right footed, Fast break)" minute="80" period="2" second="22" time="83" type="attempt missed" type_id="13"/>
	<message comment="Sebastian Larsson wins a corner (To the left)" minute="79" period="2" second="41" time="82" type="corner" type_id="6"/>
	<message comment="Nani misses attempt (High, 18-yard box, Left footed, Fast break)" minute="78" period="2" second="14" time="81" type="attempt missed" type_id="13"/>
	<message comment="Wayne Rooney misses attempt (High to the right, 6-yard box, Right footed, Open play)" minute="77" period="2" second="3" time="80" type="attempt missed" type_id="13"/>
	<message comment="GOAL! Nani scores , Assisted by John O'Shea (Low to the left, Out of box, Left footed, Open play)" minute="75" period="2" second="20" time="78" type="goal scored" type_id="16"/>
	<message comment="Ben Foster makes a save (Parried safe, Standing)" minute="71" period="2" second="15" time="74" type="save made" type_id="10"/>
	<message comment="Nani has attempt saved (High to the right, Out of box, Right footed, Open play)" minute="71" period="2" second="15" time="74" type="attempt blocked" type_id="15"/>
	<message comment="Dimitar Berbatov misses attempt (To the left, 18-yard box, Big Chance, Right footed, Open play)" minute="68" period="2" second="26" time="71" type="attempt missed" type_id="13"/>
	<message comment="David Bentley misses attempt (To the right, 18-yard box, Left footed, Open play)" minute="67" period="2" second="9" time="70" type="attempt missed" type_id="13"/>
	<message comment="Keith Fahey is substituted off" minute="64" period="2" second="9" time="67" type="substitution off" type_id="18"/>
	<message comment="Sebastian Larsson is substituted on" minute="64" period="2" second="9" time="67" type="substitution on" type_id="19"/>
	<message comment="Nani misses attempt (Out of box, Left footed, Open play)" minute="63" period="2" second="38" time="66" type="attempt missed" type_id="13"/>
	<message comment="Wayne Rooney misses attempt (To the left, 18-yard box, Right footed, Open play)" minute="62" period="2" second="20" time="65" type="attempt missed" type_id="13"/>
	<message comment="Nani misses attempt (18-yard box, Left footed, Open play)" minute="60" period="2" second="57" time="63" type="attempt missed" type_id="13"/>
	<message comment="Matt Derbyshire has attempt saved (Low to the left, 18-yard box, Big Chance, Right footed, Open play)" minute="57" period="2" second="59" time="60" type="attempt blocked" type_id="15"/>
	<message comment="Edwin van der Sar makes a save (Parried into danger, Diving, Other body part)" minute="57" period="2" second="59" time="60" type="save made" type_id="10"/>
	<message comment="Nani misses attempt (High, Out of box, Right footed, Free kick)" minute="57" period="2" second="17" time="60" type="attempt missed" type_id="13"/>
	<message comment="David Bentley is caught offside" minute="55" period="2" time="58" type="offside" type_id="10000"/>
	<message comment="Ryan Giggs is substituted off" minute="54" period="2" second="58" time="57" type="substitution off" type_id="18"/>
	<message comment="Michael Owen is substituted on" minute="54" period="2" second="58" time="57" type="substitution on" type_id="19"/>
	<message comment="Nani misses attempt (High to the left, Out of box, Left footed, Open play)" minute="53" period="2" second="40" time="56" type="attempt missed" type_id="13"/>
	<message comment="GOAL! Dimitar Berbatov scores , Assisted by Ryan Giggs (High to the centre, 18-yard box, Big Chance, Right footed, Open play)" minute="52" period="2" second="11" time="55" type="goal scored" type_id="16"/>
	<message comment="David Bentley misses attempt (Out of box, Left footed, Throw-in)" minute="51" period="2" second="19" time="54" type="attempt missed" type_id="13"/>
	<message comment="Wayne Rooney misses attempt (6-yard box, Big Chance, Head, Open play)" minute="46" period="2" second="44" time="49" type="attempt missed" type_id="13"/>
	<message comment="Patrice Evra is substituted off" minute="45" period="2" second="0" time="48" type="substitution off" type_id="18"/>
	<message comment="Fabio is substituted on" minute="45" period="2" second="0" time="48" type="substitution on" type_id="19"/>
	<message comment="Aliaksandr Hleb is substituted off" minute="45" period="2" second="0" time="48" type="substitution off" type_id="18"/>
	<message comment="Cameron Jerome is substituted on" minute="45" period="2" second="0" time="48" type="substitution on" type_id="19"/>
	<message comment="Second half begins!" minute="45" period="2" second="0" time="48" type="start" type_id="32"/>
	<message comment="First half ends" minute="47" period="1" second="22" time="47" type="end" type_id="30"/>
	<message comment="GOAL! Ryan Giggs scores , Assisted by Wayne Rooney (High to the left, 6-yard box, Big Chance, Left footed, Open play)" minute="46" period="1" second="13" time="46" type="goal scored" type_id="16"/>
	<message comment="Patrice Evra wins a corner (To the left)" minute="45" period="1" second="28" time="45" type="corner" type_id="6"/>
	<message comment="Nani wins a corner (To the right)" minute="43" period="1" second="44" time="43" type="corner" type_id="6"/>
	<message comment="John O'Shea wins a corner (To the right)" minute="41" period="1" second="21" time="41" type="corner" type_id="6"/>
	<message comment="Ryan Giggs wins a corner (To the right)" minute="41" period="1" second="4" time="41" type="corner" type_id="6"/>
	<message comment="Ryan Giggs wins a corner (To the right)" minute="39" period="1" second="59" time="39" type="corner" type_id="6"/>
	<message comment="Jordon Mutch blocks a shot" minute="39" period="1" second="56" time="39" type="save made" type_id="10"/>
	<message comment="Ryan Giggs has shot blocked (18-yard box, Left footed, Fast break)" minute="39" period="1" second="56" time="39" type="attempt blocked" type_id="15"/>
	<message comment="Ben Foster makes a save (Standing, Parried safe)" minute="38" period="1" second="9" time="38" type="save made" type_id="10"/>
	<message comment="Darron Gibson has attempt saved (High to the centre, Out of box, Left footed, Open play)" minute="38" period="1" second="9" time="38" type="attempt blocked" type_id="15"/>
	<message comment="Dimitar Berbatov is caught offside" minute="34" period="1" time="34" type="offside" type_id="10000"/>
	<message comment="Dimitar Berbatov misses attempt (Out of box, Right footed, Open play)" minute="31" period="1" second="42" time="31" type="attempt missed" type_id="13"/>
	<message comment="GOAL! Dimitar Berbatov scores , Assisted by Wayne Rooney (Low to the left, 18-yard box, Right footed, Open play)" minute="30" period="1" second="32" time="30" type="goal scored" type_id="16"/>
	<message comment="Keith Fahey misses attempt (High to the right, Out of box, Right footed, From corner)" minute="24" period="1" second="52" time="24" type="attempt missed" type_id="13"/>
	<message comment="David Bentley wins a corner (To the left)" minute="24" period="1" second="35" time="24" type="corner" type_id="6"/>
	<message comment="Michael Carrick is substituted off" minute="24" period="1" second="15" time="24" type="substitution off" type_id="18"/>
	<message comment="Darron Gibson is substituted on" minute="24" period="1" second="15" time="24" type="substitution on" type_id="19"/>
	<message comment="David Murphy wins a corner (To the left)" minute="23" period="1" second="41" time="23" type="corner" type_id="6"/>
	<message comment="Dimitar Berbatov is caught offside" minute="21" period="1" time="21" type="offside" type_id="10000"/>
	<message comment="Dimitar Berbatov is caught offside" minute="19" period="1" time="19" type="offside" type_id="10000"/>
	<message comment="Nani misses attempt (High to the left, 18-yard box, Left footed, Open play)" minute="17" period="1" second="46" time="17" type="attempt missed" type_id="13"/>
	<message comment="Liam Ridgewell blocks a shot" minute="17" period="1" second="39" time="17" type="save made" type_id="10"/>
	<message comment="Ryan Giggs has shot blocked (18-yard box, Left footed, Open play)" minute="17" period="1" second="39" time="17" type="attempt blocked" type_id="15"/>
	<message comment="Nani wins a corner (To the right)" minute="14" period="1" second="30" time="14" type="corner" type_id="6"/>
	<message comment="Ryan Giggs wins a corner (To the left)" minute="10" period="1" second="18" time="10" type="corner" type_id="6"/>
	<message comment="John O'Shea wins a corner (To the right)" minute="9" period="1" second="12" time="9" type="corner" type_id="6"/>
	<message comment="Patrice Evra wins a corner (To the left)" minute="7" period="1" second="27" time="7" type="corner" type_id="6"/>
	<message comment="Formation Set" minute="0" period="14" second="0" time="5" type="end" type_id="30"/>
	<message comment="Michael Carrick misses attempt (Out of box, Right footed, Open play)" minute="4" period="1" second="34" time="4" type="attempt missed" type_id="13"/>
	<message comment="Ben Foster makes a save (Feet, Diving, Parried safe)" minute="4" period="1" second="21" time="4" type="save made" type_id="10"/>
	<message comment="Dimitar Berbatov has attempt saved (Low to the centre, 18-yard box, Right footed, Open play)" minute="4" period="1" second="21" time="4" type="attempt blocked" type_id="15"/>
	<message comment="GOAL! Dimitar Berbatov scores , Assisted by John O'Shea (Low to the centre, 6-yard box, Big Chance, Head, From corner)" minute="1" period="1" second="32" time="1" type="goal scored" type_id="16"/>
	<message comment="Nani wins a corner (To the right)" minute="1" period="1" second="1" time="1" type="corner" type_id="6"/>
	<message comment="First half begins!" minute="0" period="1" second="0" time="0" type="start" type_id="32"/>
</Commentary>
