<?xml version="1.0" ?>
<Commentary away_team_name="Manchester City" competition="English Premier League" game_date="2010-12-04" home_team_name="Bolton" lang_id="en" season="Season 2010/2011" season_id="2010" sport_id="1" sport_name="Football">
	<message comment="Second half ends" minute="94" period="2" second="9" time="97" type="end" type_id="30"/>
	<message comment="Mario Balotelli misses attempt (High to the left, Out of box, Right footed, Free kick)" minute="91" period="2" second="17" time="94" type="attempt missed" type_id="13"/>
	<message comment="Carlos Tevez is substituted off" minute="89" period="2" second="40" time="92" type="substitution off" type_id="18"/>
	<message comment="James Milner is substituted on" minute="89" period="2" second="40" time="92" type="substitution on" type_id="19"/>
	<message comment="Zat Knight recieves a yellow card" minute="88" period="2" second="18" time="91" type="card received" type_id="17"/>
	<message comment="Rodrigo Moreno has shot blocked (18-yard box, Left footed, Open play)" minute="84" period="2" second="57" time="87" type="attempt blocked" type_id="15"/>
	<message comment="Gareth Barry blocks a shot" minute="84" period="2" second="57" time="87" type="save made" type_id="10"/>
	<message comment="David Silva is substituted off" minute="83" period="2" second="45" time="86" type="substitution off" type_id="18"/>
	<message comment="Micah Richards is substituted on" minute="83" period="2" second="45" time="86" type="substitution on" type_id="19"/>
	<message comment="Chung-Yong Lee is substituted off" minute="81" period="2" second="9" time="84" type="substitution off" type_id="18"/>
	<message comment="Rodrigo Moreno is substituted on" minute="81" period="2" second="9" time="84" type="substitution on" type_id="19"/>
	<message comment="Aleksandar Kolarov recieves a red card after receiving second yellow card" minute="77" period="2" second="43" time="80" type="card received" type_id="17"/>
	<message comment="Johan Elmander is substituted off" minute="76" period="2" second="6" time="79" type="substitution off" type_id="18"/>
	<message comment="Ivan Klasnic is substituted on" minute="76" period="2" second="6" time="79" type="substitution on" type_id="19"/>
	<message comment="Aleksandar Kolarov misses attempt (18-yard box, Left footed, Open play)" minute="75" period="2" second="37" time="78" type="attempt missed" type_id="13"/>
	<message comment="Aleksandar Kolarov recieves a yellow card" minute="74" period="2" second="15" time="77" type="card received" type_id="17"/>
	<message comment="Zat Knight misses attempt (To the left, 18-yard box, Right footed, From corner)" minute="71" period="2" second="40" time="74" type="attempt missed" type_id="13"/>
	<message comment="Matthew Taylor wins a corner (To the left)" minute="71" period="2" second="30" time="74" type="corner" type_id="6"/>
	<message comment="Matthew Taylor has shot blocked (18-yard box, Left footed, Open play)" minute="71" period="2" second="15" time="74" type="attempt blocked" type_id="15"/>
	<message comment="Gareth Barry blocks a shot" minute="71" period="2" second="15" time="74" type="save made" type_id="10"/>
	<message comment="Aleksandar Kolarov misses attempt (To the left, 18-yard box, Left footed, From corner)" minute="69" period="2" second="43" time="72" type="attempt missed" type_id="13"/>
	<message comment="Yaya Touré wins a corner (To the left)" minute="69" period="2" second="10" time="72" type="corner" type_id="6"/>
	<message comment="Gary Cahill blocks a shot" minute="69" period="2" second="9" time="72" type="save made" type_id="10"/>
	<message comment="Yaya Touré has shot blocked (Out of box, Right footed, Open play)" minute="69" period="2" second="9" time="72" type="attempt blocked" type_id="15"/>
	<message comment="Mario Balotelli wins a corner (To the right)" minute="67" period="2" second="43" time="70" type="corner" type_id="6"/>
	<message comment="Johan Elmander blocks a shot" minute="65" period="2" second="46" time="68" type="save made" type_id="10"/>
	<message comment="Aleksandar Kolarov has shot blocked (Out of box, Left footed, From corner)" minute="65" period="2" second="46" time="68" type="attempt blocked" type_id="15"/>
	<message comment="Aleksandar Kolarov wins a corner (To the right)" minute="65" period="2" second="23" time="68" type="corner" type_id="6"/>
	<message comment="Jussi Jääskeläinen makes a save (Parried safe, Diving)" minute="65" period="2" second="20" time="68" type="save made" type_id="10"/>
	<message comment="Aleksandar Kolarov has attempt saved (Low to the right, Out of box, Left footed, Free kick)" minute="65" period="2" second="20" time="68" type="attempt blocked" type_id="15"/>
	<message comment="Joe Hart makes a save (Standing)" minute="63" period="2" second="37" time="66" type="save made" type_id="10"/>
	<message comment="Johan Elmander has attempt saved (Low to the centre, 6-yard box, Right footed, From corner)" minute="63" period="2" second="37" time="66" type="attempt blocked" type_id="15"/>
	<message comment="Zat Knight has shot blocked (18-yard box, Head, From corner)" minute="63" period="2" second="34" time="66" type="attempt blocked" type_id="15"/>
	<message comment="Joleon Lescott blocks a shot" minute="63" period="2" second="34" time="66" type="save made" type_id="10"/>
	<message comment="Matthew Taylor wins a corner (To the left)" minute="63" period="2" second="12" time="66" type="corner" type_id="6"/>
	<message comment="Martin Petrov is substituted off" minute="62" period="2" second="53" time="65" type="substitution off" type_id="18"/>
	<message comment="Matthew Taylor is substituted on" minute="62" period="2" second="53" time="65" type="substitution on" type_id="19"/>
	<message comment="Carlos Tevez is caught offside" minute="62" period="2" time="65" type="offside" type_id="10000"/>
	<message comment="Pablo Zabaleta wins a corner (To the right)" minute="60" period="2" second="51" time="63" type="corner" type_id="6"/>
	<message comment="David Silva hits the woodwork (High, 18-yard box, Left footed, Open play)" minute="59" period="2" second="55" time="62" type="woodwork hit" type_id="14"/>
	<message comment="Carlos Tevez misses attempt (High to the left, Out of box, Left footed, Open play)" minute="59" period="2" second="9" time="62" type="attempt missed" type_id="13"/>
	<message comment="Mario Balotelli wins a corner (To the right)" minute="58" period="2" second="4" time="61" type="corner" type_id="6"/>
	<message comment="Jussi Jääskeläinen makes a save (Parried safe, Diving, Feet)" minute="57" period="2" second="53" time="60" type="save made" type_id="10"/>
	<message comment="Mario Balotelli has attempt saved (Low to the centre, 18-yard box, Left footed, Open play)" minute="57" period="2" second="53" time="60" type="attempt blocked" type_id="15"/>
	<message comment="Mario Balotelli hits the woodwork (To the right, 18-yard box, Big Chance, Right footed, Open play)" minute="56" period="2" second="25" time="59" type="woodwork hit" type_id="14"/>
	<message comment="Pablo Zabaleta wins a corner (To the right)" minute="53" period="2" second="55" time="56" type="corner" type_id="6"/>
	<message comment="Jussi Jääskeläinen makes a save (Parried into danger, Diving, Other body part)" minute="53" period="2" second="53" time="56" type="save made" type_id="10"/>
	<message comment="Pablo Zabaleta has attempt saved (Low to the centre, 18-yard box, Right footed, Open play)" minute="53" period="2" second="53" time="56" type="attempt blocked" type_id="15"/>
	<message comment="Martin Petrov is caught offside" minute="52" period="2" time="55" type="offside" type_id="10000"/>
	<message comment="Martin Petrov misses attempt (18-yard box, Left footed, From corner)" minute="51" period="2" second="12" time="54" type="attempt missed" type_id="13"/>
	<message comment="Johan Elmander wins a corner (To the left)" minute="50" period="2" second="52" time="53" type="corner" type_id="6"/>
	<message comment="Johan Elmander has shot blocked (18-yard box, Right footed, Open play)" minute="50" period="2" second="46" time="53" type="attempt blocked" type_id="15"/>
	<message comment="Joleon Lescott blocks a shot" minute="50" period="2" second="46" time="53" type="save made" type_id="10"/>
	<message comment="Martin Petrov wins a corner (To the left)" minute="50" period="2" second="6" time="53" type="corner" type_id="6"/>
	<message comment="Jussi Jääskeläinen makes a save (Diving)" minute="48" period="2" second="32" time="51" type="save made" type_id="10"/>
	<message comment="David Silva has attempt saved (Low to the right, 18-yard box, Right footed, Open play)" minute="48" period="2" second="32" time="51" type="attempt blocked" type_id="15"/>
	<message comment="Kevin Davies misses attempt (18-yard box, Right footed, Open play)" minute="47" period="2" second="0" time="50" type="attempt missed" type_id="13"/>
	<message comment="Carlos Tevez wins a corner (To the left)" minute="46" period="2" second="2" time="49" type="corner" type_id="6"/>
	<message comment="Second half begins!" minute="45" period="2" second="0" time="48" type="start" type_id="32"/>
	<message comment="First half ends" minute="47" period="1" second="8" time="47" type="end" type_id="30"/>
	<message comment="Mario Balotelli is caught offside" minute="44" period="1" time="44" type="offside" type_id="10000"/>
	<message comment="Mark Davies misses attempt (High to the right, Out of box, Right footed, Open play)" minute="42" period="1" second="20" time="42" type="attempt missed" type_id="13"/>
	<message comment="Carlos Tevez misses attempt (To the left, 18-yard box, Left footed, Open play)" minute="41" period="1" second="3" time="41" type="attempt missed" type_id="13"/>
	<message comment="Carlos Tevez misses attempt (High, 18-yard box, Right footed, Open play)" minute="38" period="1" second="29" time="38" type="attempt missed" type_id="13"/>
	<message comment="Carlos Tevez misses attempt (Out of box, Right footed, Open play)" minute="36" period="1" second="57" time="36" type="attempt missed" type_id="13"/>
	<message comment="Jussi Jääskeläinen makes a save (Diving)" minute="36" period="1" second="5" time="36" type="save made" type_id="10"/>
	<message comment="Carlos Tevez has attempt saved (Low to the left, 18-yard box, Right footed, Fast break)" minute="36" period="1" second="5" time="36" type="attempt blocked" type_id="15"/>
	<message comment="Johan Elmander wins a corner (To the left)" minute="34" period="1" second="27" time="34" type="corner" type_id="6"/>
	<message comment="Kevin Davies misses attempt (To the left, 18-yard box, Head, From corner)" minute="34" period="1" second="8" time="34" type="attempt missed" type_id="13"/>
	<message comment="Kevin Davies wins a corner (To the left)" minute="33" period="1" second="42" time="33" type="corner" type_id="6"/>
	<message comment="Carlos Tevez recieves a yellow card" minute="32" period="1" second="20" time="32" type="card received" type_id="17"/>
	<message comment="Kolo Touré is substituted off" minute="31" period="1" second="20" time="31" type="substitution off" type_id="18"/>
	<message comment="Joleon Lescott is substituted on" minute="31" period="1" second="20" time="31" type="substitution on" type_id="19"/>
	<message comment="Gareth Barry is caught offside" minute="29" period="1" time="29" type="offside" type_id="10000"/>
	<message comment="Yaya Touré recieves a yellow card" minute="26" period="1" second="27" time="26" type="card received" type_id="17"/>
	<message comment="Mario Balotelli is caught offside" minute="25" period="1" time="25" type="offside" type_id="10000"/>
	<message comment="Carlos Tevez is caught offside" minute="19" period="1" time="19" type="offside" type_id="10000"/>
	<message comment="Johan Elmander wins a corner (To the left)" minute="17" period="1" second="14" time="17" type="corner" type_id="6"/>
	<message comment="Martin Petrov wins a corner (To the right)" minute="16" period="1" second="16" time="16" type="corner" type_id="6"/>
	<message comment="Martin Petrov has shot blocked (Out of box, Left footed, Free kick)" minute="16" period="1" second="14" time="16" type="attempt blocked" type_id="15"/>
	<message comment="Mario Balotelli blocks a shot" minute="16" period="1" second="14" time="16" type="save made" type_id="10"/>
	<message comment="David Silva wins a corner (To the left)" minute="13" period="1" second="17" time="13" type="corner" type_id="6"/>
	<message comment="Gary Cahill blocks a shot" minute="13" period="1" second="15" time="13" type="save made" type_id="10"/>
	<message comment="David Silva has shot blocked (18-yard box, Left footed, Open play)" minute="13" period="1" second="15" time="13" type="attempt blocked" type_id="15"/>
	<message comment="Kevin Davies recieves a yellow card" minute="8" period="1" second="26" time="8" type="card received" type_id="17"/>
	<message comment="Formation Set" minute="0" period="14" second="0" time="7" type="end" type_id="30"/>
	<message comment="Paul Robinson blocks a shot" minute="6" period="1" second="24" time="6" type="save made" type_id="10"/>
	<message comment="David Silva has shot blocked (Out of box, Left footed, Open play)" minute="6" period="1" second="24" time="6" type="attempt blocked" type_id="15"/>
	<message comment="Zat Knight blocks a shot" minute="6" period="1" second="16" time="6" type="save made" type_id="10"/>
	<message comment="Mario Balotelli has shot blocked (18-yard box, Right footed, Open play)" minute="6" period="1" second="16" time="6" type="attempt blocked" type_id="15"/>
	<message comment="GOAL! Carlos Tevez scores , Assisted by Yaya Touré (Low to the left, 18-yard box, Big Chance, Right footed, Open play)" minute="3" period="1" second="27" time="3" type="goal scored" type_id="16"/>
	<message comment="Jussi Jääskeläinen makes a save (Collected, Diving)" minute="1" period="1" second="46" time="1" type="save made" type_id="10"/>
	<message comment="Carlos Tevez has attempt saved (Low to the centre, 18-yard box, Right footed, Open play)" minute="1" period="1" second="46" time="1" type="attempt blocked" type_id="15"/>
	<message comment="Chung-Yong Lee misses attempt (High, Out of box, Left footed, Open play)" minute="0" period="1" second="11" time="0" type="attempt missed" type_id="13"/>
	<message comment="First half begins!" minute="0" period="1" second="0" time="0" type="start" type_id="32"/>
</Commentary>
