<?xml version="1.0" ?>
<Commentary away_team_name="Manchester City" competition="English Premier League" game_date="2013-08-19" home_team_name="Newcastle United" lang_id="en" season="Season 2013/2014" season_id="2013" sport_id="1" sport_name="Football">
	<message comment="Second half ends" minute="92" period="2" second="59" time="97" type="end" type_id="30"/>
	<message comment="Jesús Navas wins a corner (To the right)" minute="91" period="2" second="14" time="96" type="corner" type_id="6"/>
	<message comment="Álvaro Negredo misses attempt (High to the left, 18-yard box, Left footed, Open play)" minute="90" period="2" second="4" time="95" type="attempt missed" type_id="13"/>
	<message comment="Tim Krul makes a save (Collected)" minute="88" period="2" second="48" time="93" type="save made" type_id="10"/>
	<message comment="Edin Dzeko has attempt saved (Low to the left, 18-yard box, Right footed, Open play)" minute="88" period="2" second="48" time="93" type="attempt blocked" type_id="15"/>
	<message comment="Tim Krul makes a save (Diving, Parried into danger)" minute="85" period="2" second="25" time="90" type="save made" type_id="10"/>
	<message comment="Javi García has attempt saved (Low to the right, 18-yard box, Head, From corner)" minute="85" period="2" second="25" time="90" type="attempt blocked" type_id="15"/>
	<message comment="Álvaro Negredo wins a corner (To the left)" minute="85" period="2" second="3" time="90" type="corner" type_id="6"/>
	<message comment="Álvaro Negredo is caught offside" minute="85" period="2" time="90" type="offside" type_id="10000"/>
	<message comment="David Silva is substituted off" minute="79" period="2" second="39" time="84" type="substitution off" type_id="18"/>
	<message comment="Álvaro Negredo is substituted on" minute="79" period="2" second="39" time="84" type="substitution on" type_id="19"/>
	<message comment="Edin Dzeko misses attempt (18-yard box, Head, Open play)" minute="79" period="2" second="4" time="84" type="attempt missed" type_id="13"/>
	<message comment="Javi García blocks a shot" minute="78" period="2" second="49" time="83" type="save made" type_id="10"/>
	<message comment="Vurnon Anita has shot blocked (Out of box, Right footed, Open play)" minute="78" period="2" second="49" time="83" type="attempt blocked" type_id="15"/>
	<message comment="GOAL! Samir Nasri scores , Assisted by Pablo Zabaleta (Low to the right, 18-yard box, Big Chance, Left footed, Open play)" minute="74" period="2" second="17" time="79" type="goal scored" type_id="16"/>
	<message comment="Javi García blocks a shot" minute="72" period="2" second="17" time="77" type="save made" type_id="10"/>
	<message comment="Papiss Demba Cissé has shot blocked (18-yard box, Left footed, Open play)" minute="72" period="2" second="17" time="77" type="attempt blocked" type_id="15"/>
	<message comment="Vincent Kompany is substituted off" minute="70" period="2" second="21" time="75" type="substitution off" type_id="18"/>
	<message comment="Javi García is substituted on" minute="70" period="2" second="21" time="75" type="substitution on" type_id="19"/>
	<message comment="Edin Dzeko misses attempt (To the left, 18-yard box, Head, From corner)" minute="67" period="2" second="4" time="72" type="attempt missed" type_id="13"/>
	<message comment="Jesús Navas wins a corner (To the right)" minute="66" period="2" second="34" time="71" type="corner" type_id="6"/>
	<message comment="Hatem Ben Arfa is substituted off" minute="64" period="2" second="15" time="69" type="substitution off" type_id="18"/>
	<message comment="Sammy Ameobi is substituted on" minute="64" period="2" second="15" time="69" type="substitution on" type_id="19"/>
	<message comment="Edin Dzeko wins a corner (To the left)" minute="62" period="2" second="40" time="67" type="corner" type_id="6"/>
	<message comment="Tim Krul makes a save (Parried safe, Diving)" minute="62" period="2" second="38" time="67" type="save made" type_id="10"/>
	<message comment="Edin Dzeko has attempt saved (Low to the left, Out of box, Right footed, Open play)" minute="62" period="2" second="38" time="67" type="attempt blocked" type_id="15"/>
	<message comment="Sergio Agüero is substituted off" minute="61" period="2" second="1" time="66" type="substitution off" type_id="18"/>
	<message comment="Samir Nasri is substituted on" minute="61" period="2" second="1" time="66" type="substitution on" type_id="19"/>
	<message comment="David Silva wins a corner (To the right)" minute="60" period="2" second="0" time="65" type="corner" type_id="6"/>
	<message comment="Gaël Clichy wins a corner (To the left)" minute="56" period="2" second="4" time="61" type="corner" type_id="6"/>
	<message comment="Mathieu Debuchy blocks a shot" minute="56" period="2" second="2" time="61" type="save made" type_id="10"/>
	<message comment="Gaël Clichy has shot blocked (18-yard box, Left footed, Open play)" minute="56" period="2" second="2" time="61" type="attempt blocked" type_id="15"/>
	<message comment="Tim Krul makes a save (Diving, Parried into danger)" minute="52" period="2" second="35" time="57" type="save made" type_id="10"/>
	<message comment="David Silva has attempt saved (Low to the left, 6-yard box, Big Chance, Left footed, Open play)" minute="52" period="2" second="35" time="57" type="attempt blocked" type_id="15"/>
	<message comment="Jesús Navas wins a corner (To the right)" minute="52" period="2" second="0" time="57" type="corner" type_id="6"/>
	<message comment="GOAL! Yaya Touré scores  (High to the left, Out of box, Right footed, Free kick)" minute="49" period="2" second="59" time="54" type="goal scored" type_id="16"/>
	<message comment="Tim Krul makes a save (Parried into danger, Diving)" minute="48" period="2" second="47" time="53" type="save made" type_id="10"/>
	<message comment="Edin Dzeko has attempt saved (High to the centre, 6-yard box, Big Chance, Head, Open play)" minute="48" period="2" second="47" time="53" type="attempt blocked" type_id="15"/>
	<message comment="Second half begins!" minute="45" period="2" second="0" time="50" type="start" type_id="32"/>
	<message comment="First half ends" minute="49" period="1" second="50" time="49" type="end" type_id="30"/>
	<message comment="Yoan Gouffran is substituted off" minute="48" period="1" second="45" time="48" type="substitution off" type_id="18"/>
	<message comment="Paul Dummett is substituted on" minute="48" period="1" second="45" time="48" type="substitution on" type_id="19"/>
	<message comment="Steven Taylor recieves a red card" minute="47" period="1" second="5" time="47" type="card received" type_id="17"/>
	<message comment="Steven Taylor blocks a shot" minute="46" period="1" second="6" time="46" type="save made" type_id="10"/>
	<message comment="Sergio Agüero has shot blocked (18-yard box, Right footed, Open play)" minute="46" period="1" second="6" time="46" type="attempt blocked" type_id="15"/>
	<message comment="Edin Dzeko misses attempt (To the right, 18-yard box, Head, Open play)" minute="44" period="1" second="42" time="44" type="attempt missed" type_id="13"/>
	<message comment="Joe Hart makes a save (Diving)" minute="44" period="1" second="5" time="44" type="save made" type_id="10"/>
	<message comment="Cheick Tioté has attempt saved (Low to the left, Out of box, Right footed, Open play)" minute="44" period="1" second="5" time="44" type="attempt blocked" type_id="15"/>
	<message comment="Jonás Gutiérrez is substituted off" minute="43" period="1" second="10" time="43" type="substitution off" type_id="18"/>
	<message comment="Vurnon Anita is substituted on" minute="43" period="1" second="10" time="43" type="substitution on" type_id="19"/>
	<message comment="Mathieu Debuchy recieves a yellow card" minute="39" period="1" second="5" time="39" type="card received" type_id="17"/>
	<message comment="Hatem Ben Arfa misses attempt (Out of box, Left footed, Open play)" minute="36" period="1" second="55" time="36" type="attempt missed" type_id="13"/>
	<message comment="Moussa Sissoko recieves a yellow card" minute="33" period="1" second="0" time="33" type="card received" type_id="17"/>
	<message comment="Fernandinho recieves a yellow card" minute="31" period="1" second="55" time="31" type="card received" type_id="17"/>
	<message comment="Edin Dzeko recieves a yellow card" minute="30" period="1" second="36" time="30" type="card received" type_id="17"/>
	<message comment="Mapou Yanga-Mbiwa recieves a yellow card" minute="30" period="1" second="34" time="30" type="card received" type_id="17"/>
	<message comment="Hatem Ben Arfa wins a corner (To the right)" minute="25" period="1" second="44" time="25" type="corner" type_id="6"/>
	<message comment="Joleon Lescott blocks a shot" minute="25" period="1" second="42" time="25" type="save made" type_id="10"/>
	<message comment="Hatem Ben Arfa has shot blocked (Out of box, Left footed, Open play)" minute="25" period="1" second="42" time="25" type="attempt blocked" type_id="15"/>
	<message comment="GOAL! Sergio Agüero scores , Assisted by Edin Dzeko (Low to the left, Out of box, Right footed, Open play)" minute="21" period="1" second="25" time="21" type="goal scored" type_id="16"/>
	<message comment="Edin Dzeko misses attempt (To the right, 18-yard box, Left footed, Open play)" minute="19" period="1" second="52" time="19" type="attempt missed" type_id="13"/>
	<message comment="Papiss Demba Cissé is caught offside" minute="18" period="1" time="18" type="offside" type_id="10000"/>
	<message comment="Yaya Touré is caught offside" minute="17" period="1" time="17" type="offside" type_id="10000"/>
	<message comment="Yoan Gouffran is caught offside" minute="9" period="1" time="9" type="offside" type_id="10000"/>
	<message comment="Formation Set" minute="0" period="14" second="0" time="7" type="end" type_id="30"/>
	<message comment="GOAL! David Silva scores  (Low to the right, 18-yard box, Big Chance, Head, Open play)" minute="5" period="1" second="55" time="5" type="goal scored" type_id="16"/>
	<message comment="Hatem Ben Arfa misses attempt (High, Out of box, Left footed, Open play)" minute="4" period="1" second="26" time="4" type="attempt missed" type_id="13"/>
	<message comment="Joleon Lescott misses attempt (18-yard box, Head, From corner)" minute="3" period="1" second="45" time="3" type="attempt missed" type_id="13"/>
	<message comment="Edin Dzeko wins a corner (To the left)" minute="3" period="1" second="17" time="3" type="corner" type_id="6"/>
	<message comment="Tim Krul makes a save (Diving)" minute="3" period="1" second="15" time="3" type="save made" type_id="10"/>
	<message comment="Edin Dzeko has attempt saved (Low to the left, 18-yard box, Right footed, Open play)" minute="3" period="1" second="15" time="3" type="attempt blocked" type_id="15"/>
	<message comment="David Silva has shot blocked (18-yard box, Left footed, Open play)" minute="2" period="1" second="1" time="2" type="attempt blocked" type_id="15"/>
	<message comment="Moussa Sissoko blocks a shot" minute="2" period="1" second="1" time="2" type="save made" type_id="10"/>
	<message comment="Sergio Agüero has attempt saved (Low to the centre, 18-yard box, Big Chance, Right footed, Open play)" minute="1" period="1" second="58" time="1" type="attempt blocked" type_id="15"/>
	<message comment="Tim Krul makes a save (Parried safe, Diving)" minute="1" period="1" second="58" time="1" type="save made" type_id="10"/>
	<message comment="Sergio Agüero is caught offside" minute="0" period="1" time="0" type="offside" type_id="10000"/>
	<message comment="First half begins!" minute="0" period="1" second="0" time="0" type="start" type_id="32"/>
</Commentary>
