<?xml version="1.0" ?>
<Commentary away_team_name="Manchester United" competition="English Premier League" game_date="2013-12-04" home_team_name="Everton" lang_id="en" season="Season 2013/2014" season_id="2013" sport_id="1" sport_name="Football">
	<message comment="Second half ends" minute="94" period="2" second="45" time="96" type="end" type_id="30"/>
	<message comment="Ryan Giggs recieves a yellow card" minute="92" period="2" second="52" time="94" type="card received" type_id="17"/>
	<message comment="Romelu Lukaku misses attempt (Out of box, Left footed, Open play)" minute="92" period="2" second="26" time="94" type="attempt missed" type_id="13"/>
	<message comment="Kevin Mirallas is substituted off" minute="91" period="2" second="14" time="93" type="substitution off" type_id="18"/>
	<message comment="Steven Naismith is substituted on" minute="91" period="2" second="14" time="93" type="substitution on" type_id="19"/>
	<message comment="GOAL! Bryan Oviedo scores , Assisted by Romelu Lukaku (Low to the centre, 18-yard box, Big Chance, Left footed, Open play)" minute="85" period="2" second="5" time="87" type="goal scored" type_id="16"/>
	<message comment="Romelu Lukaku misses attempt (To the left, 18-yard box, Key pass, Right footed, Open play)" minute="85" period="2" second="2" time="87" type="attempt missed" type_id="13"/>
	<message comment="Kevin Mirallas hits the woodwork (To the left, Out of box, Right footed, Free kick)" minute="84" period="2" second="31" time="86" type="woodwork hit" type_id="14"/>
	<message comment="Danny Welbeck is substituted off" minute="80" period="2" second="6" time="82" type="substitution off" type_id="18"/>
	<message comment="Chicharito is substituted on" minute="80" period="2" second="6" time="82" type="substitution on" type_id="19"/>
	<message comment="Steven Pienaar is substituted off" minute="79" period="2" second="51" time="81" type="substitution off" type_id="18"/>
	<message comment="Leon Osman is substituted on" minute="79" period="2" second="51" time="81" type="substitution on" type_id="19"/>
	<message comment="Nani misses attempt (To the right, Out of box, Right footed, Open play)" minute="73" period="2" second="12" time="75" type="attempt missed" type_id="13"/>
	<message comment="Wayne Rooney misses attempt (High to the right, 18-yard box, Right footed, Open play)" minute="71" period="2" second="31" time="73" type="attempt missed" type_id="13"/>
	<message comment="Danny Welbeck hits the woodwork (High, 6-yard box, Head, From corner)" minute="71" period="2" second="17" time="73" type="woodwork hit" type_id="14"/>
	<message comment="Tim Howard makes a save (Diving, Parried into danger)" minute="71" period="2" second="15" time="73" type="save made" type_id="10"/>
	<message comment="Patrice Evra has attempt saved (High to the centre, 18-yard box, Head, From corner)" minute="71" period="2" second="15" time="73" type="attempt blocked" type_id="15"/>
	<message comment="Marouane Fellaini wins a corner (To the left)" minute="70" period="2" second="54" time="72" type="corner" type_id="6"/>
	<message comment="James McCarthy blocks a shot" minute="70" period="2" second="53" time="72" type="save made" type_id="10"/>
	<message comment="Marouane Fellaini has shot blocked (18-yard box, Right footed, Open play)" minute="70" period="2" second="53" time="72" type="attempt blocked" type_id="15"/>
	<message comment="Chris Smalling wins a corner (To the right)" minute="69" period="2" second="45" time="71" type="corner" type_id="6"/>
	<message comment="Gareth Barry blocks a shot" minute="69" period="2" second="43" time="71" type="save made" type_id="10"/>
	<message comment="Chris Smalling has shot blocked (18-yard box, Head, From corner)" minute="69" period="2" second="43" time="71" type="attempt blocked" type_id="15"/>
	<message comment="Adnan Januzaj wins a corner (To the right)" minute="69" period="2" second="11" time="71" type="corner" type_id="6"/>
	<message comment="Tim Howard makes a save (Parried safe)" minute="69" period="2" second="9" time="71" type="save made" type_id="10"/>
	<message comment="Adnan Januzaj has attempt saved (High to the centre, Out of box, Left footed, Fast break)" minute="69" period="2" second="9" time="71" type="attempt blocked" type_id="15"/>
	<message comment="Gerard Deulofeu has attempt saved (Low to the right, 18-yard box, Right footed, Open play)" minute="68" period="2" second="54" time="70" type="attempt blocked" type_id="15"/>
	<message comment="David de Gea makes a save (Collected)" minute="68" period="2" second="54" time="70" type="save made" type_id="10"/>
	<message comment="Ross Barkley is substituted off" minute="68" period="2" second="4" time="70" type="substitution off" type_id="18"/>
	<message comment="Gerard Deulofeu is substituted on" minute="68" period="2" second="4" time="70" type="substitution on" type_id="19"/>
	<message comment="Patrice Evra is caught offside" minute="67" period="2" time="69" type="offside" type_id="10000"/>
	<message comment="Ross Barkley has shot blocked (18-yard box, Left footed, Open play)" minute="60" period="2" second="41" time="62" type="attempt blocked" type_id="15"/>
	<message comment="Luis Antonio Valencia blocks a shot" minute="60" period="2" second="41" time="62" type="save made" type_id="10"/>
	<message comment="Wayne Rooney recieves a yellow card" minute="60" period="2" second="5" time="62" type="card received" type_id="17"/>
	<message comment="Bryan Oviedo misses attempt (To the left, Out of box, Right footed, Open play)" minute="59" period="2" second="50" time="61" type="attempt missed" type_id="13"/>
	<message comment="Nani misses attempt (High to the right, Out of box, Right footed, Open play)" minute="58" period="2" second="0" time="60" type="attempt missed" type_id="13"/>
	<message comment="Rafael is substituted off" minute="57" period="2" second="27" time="59" type="substitution off" type_id="18"/>
	<message comment="Adnan Januzaj is substituted on" minute="57" period="2" second="27" time="59" type="substitution on" type_id="19"/>
	<message comment="Shinji Kagawa is substituted off" minute="57" period="2" second="17" time="59" type="substitution off" type_id="18"/>
	<message comment="Nani is substituted on" minute="57" period="2" second="17" time="59" type="substitution on" type_id="19"/>
	<message comment="Kevin Mirallas misses attempt (To the right, Out of box, Right footed, Open play)" minute="54" period="2" second="54" time="56" type="attempt missed" type_id="13"/>
	<message comment="Romelu Lukaku has shot blocked (Out of box, Right footed, Open play)" minute="51" period="2" second="20" time="53" type="attempt blocked" type_id="15"/>
	<message comment="Chris Smalling blocks a shot" minute="51" period="2" second="20" time="53" type="save made" type_id="10"/>
	<message comment="Marouane Fellaini wins a corner (To the left)" minute="49" period="2" second="30" time="51" type="corner" type_id="6"/>
	<message comment="James McCarthy blocks a shot" minute="49" period="2" second="27" time="51" type="save made" type_id="10"/>
	<message comment="Marouane Fellaini has shot blocked (Out of box, Right footed, Open play)" minute="49" period="2" second="27" time="51" type="attempt blocked" type_id="15"/>
	<message comment="Phil Jagielka blocks a shot" minute="49" period="2" second="10" time="51" type="save made" type_id="10"/>
	<message comment="Shinji Kagawa has shot blocked (18-yard box, Right footed, Open play)" minute="49" period="2" second="10" time="51" type="attempt blocked" type_id="15"/>
	<message comment="Ross Barkley wins a corner (To the left)" minute="47" period="2" second="20" time="49" type="corner" type_id="6"/>
	<message comment="Tim Howard makes a save (Parried safe)" minute="45" period="2" second="56" time="47" type="save made" type_id="10"/>
	<message comment="Patrice Evra has attempt saved (High to the centre, Out of box, Left footed, Open play)" minute="45" period="2" second="56" time="47" type="attempt blocked" type_id="15"/>
	<message comment="Second half begins!" minute="45" period="2" second="0" time="47" type="start" type_id="32"/>
	<message comment="First half ends" minute="46" period="1" second="9" time="46" type="end" type_id="30"/>
	<message comment="Kevin Mirallas is caught offside" minute="43" period="1" time="43" type="offside" type_id="10000"/>
	<message comment="Wayne Rooney has attempt saved (High to the left, 6-yard box, Right footed, Open play)" minute="42" period="1" second="33" time="42" type="attempt blocked" type_id="15"/>
	<message comment="Tim Howard makes a save (Standing)" minute="42" period="1" second="33" time="42" type="save made" type_id="10"/>
	<message comment="Luis Antonio Valencia wins a corner (To the right)" minute="41" period="1" second="10" time="41" type="corner" type_id="6"/>
	<message comment="Kevin Mirallas has shot blocked (18-yard box, Right footed, Open play)" minute="40" period="1" second="20" time="40" type="attempt blocked" type_id="15"/>
	<message comment="Chris Smalling blocks a shot" minute="40" period="1" second="20" time="40" type="save made" type_id="10"/>
	<message comment="Romelu Lukaku has attempt saved (Low to the right, 18-yard box, Left footed, Open play)" minute="40" period="1" second="15" time="40" type="attempt blocked" type_id="15"/>
	<message comment="David de Gea makes a save (Parried into danger)" minute="40" period="1" second="15" time="40" type="save made" type_id="10"/>
	<message comment="Séamus Coleman is caught offside" minute="40" period="1" time="40" type="offside" type_id="10000"/>
	<message comment="Ross Barkley misses attempt (To the left, Out of box, Left footed, Open play)" minute="37" period="1" second="45" time="37" type="attempt missed" type_id="13"/>
	<message comment="Nemanja Vidic misses attempt (To the right, 18-yard box, Head, From corner)" minute="31" period="1" second="9" time="31" type="attempt missed" type_id="13"/>
	<message comment="Ryan Giggs wins a corner (To the left)" minute="30" period="1" second="34" time="30" type="corner" type_id="6"/>
	<message comment="Wayne Rooney hits the woodwork (To the right, Out of box, Right footed, Open play)" minute="28" period="1" second="27" time="28" type="woodwork hit" type_id="14"/>
	<message comment="Chris Smalling misses attempt (To the right, 18-yard box, Right footed, From corner)" minute="26" period="1" second="45" time="26" type="attempt missed" type_id="13"/>
	<message comment="Luis Antonio Valencia wins a corner (To the right)" minute="26" period="1" second="12" time="26" type="corner" type_id="6"/>
	<message comment="Romelu Lukaku wins a corner (To the right)" minute="25" period="1" second="13" time="25" type="corner" type_id="6"/>
	<message comment="Ryan Giggs misses attempt (18-yard box, Head, Open play)" minute="23" period="1" second="46" time="23" type="attempt missed" type_id="13"/>
	<message comment="Tim Howard makes a save (Parried safe)" minute="21" period="1" second="13" time="21" type="save made" type_id="10"/>
	<message comment="Shinji Kagawa has attempt saved (Low to the centre, 18-yard box, Big Chance, Left footed, Open play)" minute="21" period="1" second="13" time="21" type="attempt blocked" type_id="15"/>
	<message comment="Tim Howard makes a save (Diving, Parried into danger)" minute="15" period="1" second="13" time="15" type="save made" type_id="10"/>
	<message comment="Wayne Rooney has attempt saved (Low to the left, 18-yard box, Right footed, Open play)" minute="15" period="1" second="13" time="15" type="attempt blocked" type_id="15"/>
	<message comment="Kevin Mirallas wins a corner (To the left)" minute="8" period="1" second="40" time="8" type="corner" type_id="6"/>
	<message comment="David de Gea makes a save (Parried safe)" minute="8" period="1" second="37" time="8" type="save made" type_id="10"/>
	<message comment="Kevin Mirallas has attempt saved (High to the centre, Out of box, Right footed, Open play)" minute="8" period="1" second="37" time="8" type="attempt blocked" type_id="15"/>
	<message comment="Romelu Lukaku wins a corner (To the left)" minute="7" period="1" second="31" time="7" type="corner" type_id="6"/>
	<message comment="Romelu Lukaku has shot blocked (18-yard box, Left footed, Fast break)" minute="7" period="1" second="30" time="7" type="attempt blocked" type_id="15"/>
	<message comment="Nemanja Vidic blocks a shot" minute="7" period="1" second="30" time="7" type="save made" type_id="10"/>
	<message comment="Formation Set" minute="0" period="14" second="0" time="6" type="end" type_id="30"/>
	<message comment="Romelu Lukaku misses attempt (To the right, Out of box, Left footed, Open play)" minute="4" period="1" second="12" time="4" type="attempt missed" type_id="13"/>
	<message comment="First half begins!" minute="0" period="1" second="0" time="0" type="start" type_id="32"/>
</Commentary>
