<?xml version="1.0" ?>
<Commentary away_team_name="Manchester United" competition="English Premier League" game_date="2012-10-20" home_team_name="Stoke" lang_id="en" season="Season 2012/2013" season_id="2012" sport_id="1" sport_name="Football">
	<message comment="Second half ends" minute="93" period="2" second="7" time="96" type="end" type_id="30"/>
	<message comment="Dean Whitehead is substituted off" minute="85" period="2" second="18" time="88" type="substitution off" type_id="18"/>
	<message comment="Wilson Palacios is substituted on" minute="85" period="2" second="18" time="88" type="substitution on" type_id="19"/>
	<message comment="Matthew Etherington wins a corner (To the left)" minute="85" period="2" second="0" time="88" type="corner" type_id="6"/>
	<message comment="Michael Owen wins a corner (To the right)" minute="80" period="2" second="43" time="83" type="corner" type_id="6"/>
	<message comment="Michael Owen has shot blocked (6-yard box, Right footed, From corner)" minute="80" period="2" second="38" time="83" type="attempt blocked" type_id="15"/>
	<message comment="Robin van Persie blocks a shot" minute="80" period="2" second="38" time="83" type="save made" type_id="10"/>
	<message comment="Charlie Adam wins a corner (To the right)" minute="80" period="2" second="14" time="83" type="corner" type_id="6"/>
	<message comment="Marc Wilson misses attempt (High to the left, Out of box, Left footed, Open play)" minute="77" period="2" second="50" time="80" type="attempt missed" type_id="13"/>
	<message comment="Danny Welbeck is substituted off" minute="77" period="2" second="28" time="80" type="substitution off" type_id="18"/>
	<message comment="Chicharito is substituted on" minute="77" period="2" second="28" time="80" type="substitution on" type_id="19"/>
	<message comment="Nani is caught offside" minute="75" period="2" time="78" type="offside" type_id="10000"/>
	<message comment="Luis Antonio Valencia is substituted off" minute="74" period="2" second="6" time="77" type="substitution off" type_id="18"/>
	<message comment="Nani is substituted on" minute="74" period="2" second="6" time="77" type="substitution on" type_id="19"/>
	<message comment="Michael Kightly is substituted off" minute="73" period="2" second="44" time="76" type="substitution off" type_id="18"/>
	<message comment="Michael Owen is substituted on" minute="73" period="2" second="44" time="76" type="substitution on" type_id="19"/>
	<message comment="Jonathan Walters is substituted off" minute="69" period="2" second="52" time="72" type="substitution off" type_id="18"/>
	<message comment="Matthew Etherington is substituted on" minute="69" period="2" second="52" time="72" type="substitution on" type_id="19"/>
	<message comment="Paul Scholes is substituted off" minute="69" period="2" second="35" time="72" type="substitution off" type_id="18"/>
	<message comment="Anderson is substituted on" minute="69" period="2" second="35" time="72" type="substitution on" type_id="19"/>
	<message comment="Robin van Persie misses attempt (High, Out of box, Right footed, Open play)" minute="69" period="2" second="10" time="72" type="attempt missed" type_id="13"/>
	<message comment="GOAL! Wayne Rooney scores , Assisted by Danny Welbeck (Low to the left, 6-yard box, Big Chance, Left footed, From corner)" minute="64" period="2" second="41" time="67" type="goal scored" type_id="16"/>
	<message comment="Wayne Rooney wins a corner (To the right)" minute="64" period="2" second="3" time="67" type="corner" type_id="6"/>
	<message comment="GOAL! Michael Kightly scores  (Low to the right, 18-yard box, Left footed, Open play)" minute="57" period="2" second="59" time="60" type="goal scored" type_id="16"/>
	<message comment="Asmir Begovic makes a save (Collected)" minute="52" period="2" second="37" time="55" type="save made" type_id="10"/>
	<message comment="Luis Antonio Valencia has attempt saved (Low to the centre, 18-yard box, Left footed, Open play)" minute="52" period="2" second="37" time="55" type="attempt blocked" type_id="15"/>
	<message comment="Jonny Evans wins a corner (To the right)" minute="48" period="2" second="26" time="51" type="corner" type_id="6"/>
	<message comment="Asmir Begovic makes a save (Diving, Parried safe)" minute="48" period="2" second="23" time="51" type="save made" type_id="10"/>
	<message comment="Jonny Evans has attempt saved (High to the centre, 6-yard box, Big Chance, Head, Open play)" minute="48" period="2" second="23" time="51" type="attempt blocked" type_id="15"/>
	<message comment="Jonny Evans misses attempt (To the left, 6-yard box, Head, From corner)" minute="48" period="2" second="18" time="51" type="attempt missed" type_id="13"/>
	<message comment="Robin van Persie wins a corner (To the right)" minute="47" period="2" second="33" time="50" type="corner" type_id="6"/>
	<message comment="GOAL! Danny Welbeck scores , Assisted by Wayne Rooney (Low to the left, 18-yard box, Big Chance, Head, Open play)" minute="45" period="2" second="52" time="48" type="goal scored" type_id="16"/>
	<message comment="Second half begins!" minute="45" period="2" second="0" time="48" type="start" type_id="32"/>
	<message comment="First half ends" minute="47" period="1" second="6" time="47" type="end" type_id="30"/>
	<message comment="Michael Kightly has shot blocked (Out of box, Left footed, From corner)" minute="46" period="1" second="55" time="46" type="attempt blocked" type_id="15"/>
	<message comment="Rafael blocks a shot" minute="46" period="1" second="55" time="46" type="save made" type_id="10"/>
	<message comment="Robert Huth wins a corner (To the left)" minute="46" period="1" second="25" time="46" type="corner" type_id="6"/>
	<message comment="Robert Huth has shot blocked (Out of box, Right footed, Free kick)" minute="46" period="1" second="18" time="46" type="attempt blocked" type_id="15"/>
	<message comment="Jonny Evans blocks a shot" minute="46" period="1" second="18" time="46" type="save made" type_id="10"/>
	<message comment="GOAL! Robin van Persie scores , Assisted by Luis Antonio Valencia (Low to the left, 6-yard box, Big Chance, Left footed, Open play)" minute="43" period="1" second="55" time="43" type="goal scored" type_id="16"/>
	<message comment="Paul Scholes recieves a yellow card" minute="40" period="1" second="42" time="40" type="card received" type_id="17"/>
	<message comment="Danny Welbeck hits the woodwork (High, Out of box, Right footed, Open play)" minute="38" period="1" second="59" time="38" type="woodwork hit" type_id="14"/>
	<message comment="Dean Whitehead blocks a shot" minute="38" period="1" second="9" time="38" type="save made" type_id="10"/>
	<message comment="Paul Scholes has shot blocked (18-yard box, Left footed, Open play)" minute="38" period="1" second="9" time="38" type="attempt blocked" type_id="15"/>
	<message comment="Asmir Begovic makes a save (Standing)" minute="35" period="1" second="24" time="35" type="save made" type_id="10"/>
	<message comment="Wayne Rooney has attempt saved (Low to the right, 18-yard box, Head, Open play)" minute="35" period="1" second="24" time="35" type="attempt blocked" type_id="15"/>
	<message comment="Danny Welbeck misses attempt (High, 18-yard box, Right footed, Open play)" minute="33" period="1" second="1" time="33" type="attempt missed" type_id="13"/>
	<message comment="Michael Kightly recieves a yellow card" minute="28" period="1" second="27" time="28" type="card received" type_id="17"/>
	<message comment="GOAL! Wayne Rooney scores , Assisted by Robin van Persie (Low to the right, 6-yard box, Big Chance, Head, Open play)" minute="26" period="1" second="55" time="26" type="goal scored" type_id="16"/>
	<message comment="Rafael misses attempt (To the left, Out of box, Right footed, Open play)" minute="26" period="1" second="12" time="26" type="attempt missed" type_id="13"/>
	<message comment="Jonathan Walters has attempt saved (Low to the right, 18-yard box, Left footed, Open play)" minute="23" period="1" second="52" time="23" type="attempt blocked" type_id="15"/>
	<message comment="David de Gea makes a save (Parried safe, Diving)" minute="23" period="1" second="52" time="23" type="save made" type_id="10"/>
	<message comment="Danny Welbeck misses attempt (To the right, 18-yard box, Left footed, Open play)" minute="20" period="1" second="22" time="20" type="attempt missed" type_id="13"/>
	<message comment="Jonathan Walters has shot blocked (6-yard box, Head, Open play)" minute="19" period="1" second="50" time="19" type="attempt blocked" type_id="15"/>
	<message comment="Patrice Evra blocks a shot" minute="19" period="1" second="50" time="19" type="save made" type_id="10"/>
	<message comment="Robin van Persie is caught offside" minute="19" period="1" time="19" type="offside" type_id="10000"/>
	<message comment="Patrice Evra misses attempt (High, Out of box, Left footed, Open play)" minute="17" period="1" second="45" time="17" type="attempt missed" type_id="13"/>
	<message comment="David de Gea makes a save (Collected)" minute="17" period="1" second="5" time="17" type="save made" type_id="10"/>
	<message comment="Peter Crouch has attempt saved (Low to the left, 6-yard box, Head, Open play)" minute="17" period="1" second="5" time="17" type="attempt blocked" type_id="15"/>
	<message comment="Wayne Rooney scores an OWN GOAL!  (Low to the centre, 6-yard box, Head, Set piece)" minute="10" period="1" second="39" time="10" type="goal scored" type_id="16"/>
	<message comment="Formation Set" minute="0" period="14" second="0" time="6" type="end" type_id="30"/>
	<message comment="Charlie Adam misses attempt (High to the right, Out of box, Right footed, Open play)" minute="5" period="1" second="50" time="5" type="attempt missed" type_id="13"/>
	<message comment="Robin van Persie is caught offside" minute="2" period="1" time="2" type="offside" type_id="10000"/>
	<message comment="Paul Scholes misses attempt (To the right, Out of box, Right footed, Open play)" minute="0" period="1" second="28" time="0" type="attempt missed" type_id="13"/>
	<message comment="First half begins!" minute="0" period="1" second="0" time="0" type="start" type_id="32"/>
</Commentary>
