<?xml version="1.0" ?>
<Commentary away_team_name="Manchester United" competition="English Premier League" game_date="2013-04-22" home_team_name="Aston Villa" lang_id="en" season="Season 2012/2013" season_id="2012" sport_id="1" sport_name="Football">
	<message comment="Second half ends" minute="92" period="2" second="3" time="95" type="end" type_id="30"/>
	<message comment="Rafael wins a corner (To the right)" minute="88" period="2" second="7" time="91" type="corner" type_id="6"/>
	<message comment="Danny Welbeck wins a corner (To the right)" minute="87" period="2" second="39" time="90" type="corner" type_id="6"/>
	<message comment="Danny Welbeck has shot blocked (18-yard box, Head, Open play)" minute="87" period="2" second="37" time="90" type="attempt blocked" type_id="15"/>
	<message comment="Ron Vlaar blocks a shot" minute="87" period="2" second="37" time="90" type="save made" type_id="10"/>
	<message comment="Karim El Ahmadi has attempt saved (High to the centre, Out of box, Right footed, Free kick)" minute="86" period="2" second="58" time="89" type="attempt blocked" type_id="15"/>
	<message comment="David de Gea makes a save (Standing)" minute="86" period="2" second="58" time="89" type="save made" type_id="10"/>
	<message comment="Robin van Persie is caught offside" minute="85" period="2" time="88" type="offside" type_id="10000"/>
	<message comment="Joe Bennett is substituted off" minute="79" period="2" second="53" time="82" type="substitution off" type_id="18"/>
	<message comment="Ciaran Clark is substituted on" minute="79" period="2" second="53" time="82" type="substitution on" type_id="19"/>
	<message comment="Shinji Kagawa misses attempt (High to the left, 18-yard box, Big Chance, Left footed, Open play)" minute="76" period="2" second="35" time="79" type="attempt missed" type_id="13"/>
	<message comment="Karim El Ahmadi wins a corner (To the right)" minute="74" period="2" second="28" time="77" type="corner" type_id="6"/>
	<message comment="Karim El Ahmadi has attempt saved (High to the centre, Out of box, Right footed, Open play)" minute="74" period="2" second="21" time="77" type="attempt blocked" type_id="15"/>
	<message comment="David de Gea makes a save (Diving)" minute="74" period="2" second="21" time="77" type="save made" type_id="10"/>
	<message comment="Wayne Rooney is substituted off" minute="71" period="2" second="22" time="74" type="substitution off" type_id="18"/>
	<message comment="Danny Welbeck is substituted on" minute="71" period="2" second="22" time="74" type="substitution on" type_id="19"/>
	<message comment="Andreas Weimann blocks a shot (Last line)" minute="70" period="2" second="50" time="73" type="save made" type_id="10"/>
	<message comment="Jonny Evans has shot blocked (18-yard box, Left footed, From corner)" minute="70" period="2" second="50" time="73" type="attempt blocked" type_id="15"/>
	<message comment="Ryan Giggs wins a corner (To the left)" minute="70" period="2" second="10" time="73" type="corner" type_id="6"/>
	<message comment="Wayne Rooney misses attempt (High, 18-yard box, Right footed, Open play)" minute="62" period="2" second="57" time="65" type="attempt missed" type_id="13"/>
	<message comment="Nathan Baker blocks a shot" minute="62" period="2" second="49" time="65" type="save made" type_id="10"/>
	<message comment="Wayne Rooney has shot blocked (Out of box, Right footed, Open play)" minute="62" period="2" second="49" time="65" type="attempt blocked" type_id="15"/>
	<message comment="Robin van Persie is caught offside" minute="58" period="2" time="61" type="offside" type_id="10000"/>
	<message comment="Christian Benteke has attempt saved (Low to the right, 18-yard box, Right footed, Open play)" minute="52" period="2" second="39" time="55" type="attempt blocked" type_id="15"/>
	<message comment="David de Gea makes a save (Diving, Parried into danger)" minute="52" period="2" second="39" time="55" type="save made" type_id="10"/>
	<message comment="Andreas Weimann has shot blocked (18-yard box, Head, From corner)" minute="49" period="2" second="7" time="52" type="attempt blocked" type_id="15"/>
	<message comment="Robin van Persie blocks a shot (Last line)" minute="49" period="2" second="7" time="52" type="save made" type_id="10"/>
	<message comment="Andreas Weimann wins a corner (To the left)" minute="48" period="2" second="36" time="51" type="corner" type_id="6"/>
	<message comment="Wayne Rooney misses attempt (High to the right, 18-yard box, Right footed, From corner)" minute="47" period="2" second="14" time="50" type="attempt missed" type_id="13"/>
	<message comment="Michael Carrick wins a corner (To the right)" minute="46" period="2" second="45" time="49" type="corner" type_id="6"/>
	<message comment="Robin van Persie wins a corner (To the right)" minute="46" period="2" second="4" time="49" type="corner" type_id="6"/>
	<message comment="Charles N'Zogbia is substituted off" minute="45" period="2" second="0" time="48" type="substitution off" type_id="18"/>
	<message comment="Karim El Ahmadi is substituted on" minute="45" period="2" second="0" time="48" type="substitution on" type_id="19"/>
	<message comment="Second half begins!" minute="45" period="2" second="0" time="48" type="start" type_id="32"/>
	<message comment="First half ends" minute="47" period="1" second="4" time="47" type="end" type_id="30"/>
	<message comment="Ron Vlaar misses attempt (High to the left, Out of box, Right footed, Open play)" minute="44" period="1" second="49" time="44" type="attempt missed" type_id="13"/>
	<message comment="Gabriel Agbonlahor misses attempt (Out of box, Left footed, Open play)" minute="41" period="1" second="35" time="41" type="attempt missed" type_id="13"/>
	<message comment="Luis Antonio Valencia is caught offside" minute="34" period="1" time="34" type="offside" type_id="10000"/>
	<message comment="GOAL! Robin van Persie scores , Assisted by Ryan Giggs (High to the left, 18-yard box, Big Chance, Left footed, Open play)" minute="32" period="1" second="18" time="32" type="goal scored" type_id="16"/>
	<message comment="Andreas Weimann misses attempt (To the right, Out of box, Left footed, From corner)" minute="31" period="1" second="0" time="31" type="attempt missed" type_id="13"/>
	<message comment="Fabian Delph has shot blocked (Out of box, Right footed, From corner)" minute="30" period="1" second="47" time="30" type="attempt blocked" type_id="15"/>
	<message comment="Wayne Rooney blocks a shot" minute="30" period="1" second="47" time="30" type="save made" type_id="10"/>
	<message comment="Charles N'Zogbia wins a corner (To the left)" minute="30" period="1" second="16" time="30" type="corner" type_id="6"/>
	<message comment="Patrice Evra recieves a yellow card" minute="27" period="1" second="17" time="27" type="card received" type_id="17"/>
	<message comment="Ryan Giggs is caught offside" minute="16" period="1" time="16" type="offside" type_id="10000"/>
	<message comment="Michael Carrick misses attempt (To the left, Out of box, Right footed, Open play)" minute="15" period="1" second="21" time="15" type="attempt missed" type_id="13"/>
	<message comment="GOAL! Robin van Persie scores , Assisted by Wayne Rooney (Low to the right, Out of box, Left footed, Fast break)" minute="12" period="1" second="19" time="12" type="goal scored" type_id="16"/>
	<message comment="Christian Benteke misses attempt (18-yard box, Big Chance, Right footed, Fast break)" minute="11" period="1" second="4" time="11" type="attempt missed" type_id="13"/>
	<message comment="Rafael hits the woodwork (To the left, Out of box, Right footed, Open play)" minute="9" period="1" second="23" time="9" type="woodwork hit" type_id="14"/>
	<message comment="Formation Set" minute="0" period="14" second="0" time="5" type="end" type_id="30"/>
	<message comment="Robin van Persie misses attempt (18-yard box, Left footed, Open play)" minute="2" period="1" second="42" time="2" type="attempt missed" type_id="13"/>
	<message comment="GOAL! Robin van Persie scores , Assisted by Ryan Giggs (High to the centre, 6-yard box, Big Chance, Left footed, Open play)" minute="1" period="1" second="22" time="1" type="goal scored" type_id="16"/>
	<message comment="First half begins!" minute="0" period="1" second="0" time="0" type="start" type_id="32"/>
</Commentary>
