<?xml version="1.0" ?>
<Commentary away_team_name="Manchester United" competition="English Premier League" game_date="2012-02-11" home_team_name="Liverpool" lang_id="en" season="Season 2011/2012" season_id="2011" sport_id="1" sport_name="Football">
	<message comment="Second half ends" minute="94" period="2" second="1" time="96" type="end" type_id="30"/>
	<message comment="Wayne Rooney wins a corner (To the right)" minute="93" period="2" second="43" time="95" type="corner" type_id="6"/>
	<message comment="Luis Suárez misses attempt (High to the right, 6-yard box, Big Chance, Head, Open play)" minute="91" period="2" second="50" time="93" type="attempt missed" type_id="13"/>
	<message comment="Glen Johnson wins a corner (To the left)" minute="90" period="2" second="43" time="92" type="corner" type_id="6"/>
	<message comment="David de Gea makes a save (Diving)" minute="90" period="2" second="41" time="92" type="save made" type_id="10"/>
	<message comment="Glen Johnson has attempt saved (High to the centre, Out of box, Left footed, Set piece)" minute="90" period="2" second="41" time="92" type="attempt blocked" type_id="15"/>
	<message comment="Luis Suárez is caught offside" minute="85" period="2" time="87" type="offside" type_id="10000"/>
	<message comment="Luis Suárez has shot blocked (Out of box, Right footed, Open play)" minute="82" period="2" second="15" time="84" type="attempt blocked" type_id="15"/>
	<message comment="Danny Welbeck misses attempt (High to the left, 18-yard box, Left footed, Open play)" minute="81" period="2" second="8" time="83" type="attempt missed" type_id="13"/>
	<message comment="GOAL! Luis Suárez scores  (Low to the centre, 6-yard box, Big Chance, Right footed, Set piece)" minute="79" period="2" second="55" time="81" type="goal scored" type_id="16"/>
	<message comment="Michael Carrick recieves a yellow card" minute="79" period="2" second="34" time="81" type="card received" type_id="17"/>
	<message comment="Dirk Kuyt is substituted off" minute="74" period="2" second="41" time="76" type="substitution off" type_id="18"/>
	<message comment="Charlie Adam is substituted on" minute="74" period="2" second="41" time="76" type="substitution on" type_id="19"/>
	<message comment="Daniel Agger misses attempt (To the left, Out of box, Left footed, Open play)" minute="74" period="2" second="16" time="76" type="attempt missed" type_id="13"/>
	<message comment="Pepe Reina makes a save (Diving)" minute="73" period="2" second="25" time="75" type="save made" type_id="10"/>
	<message comment="Danny Welbeck has attempt saved (Low to the left, 18-yard box, Right footed, Open play)" minute="73" period="2" second="25" time="75" type="attempt blocked" type_id="15"/>
	<message comment="Craig Bellamy has shot blocked (Out of box, Right footed, Open play)" minute="61" period="2" second="45" time="63" type="attempt blocked" type_id="15"/>
	<message comment="Jonny Evans blocks a shot" minute="61" period="2" second="45" time="63" type="save made" type_id="10"/>
	<message comment="Stewart Downing is substituted off" minute="60" period="2" second="47" time="62" type="substitution off" type_id="18"/>
	<message comment="Craig Bellamy is substituted on" minute="60" period="2" second="47" time="62" type="substitution on" type_id="19"/>
	<message comment="Jay Spearing is substituted off" minute="60" period="2" second="32" time="62" type="substitution off" type_id="18"/>
	<message comment="Andy Carroll is substituted on" minute="60" period="2" second="32" time="62" type="substitution on" type_id="19"/>
	<message comment="Wayne Rooney misses attempt (To the right, 18-yard box, Big Chance, Right footed, Open play)" minute="58" period="2" second="42" time="60" type="attempt missed" type_id="13"/>
	<message comment="GOAL! Wayne Rooney scores , Assisted by Luis Antonio Valencia (Low to the centre, 18-yard box, Big Chance, Left footed, Open play)" minute="49" period="2" second="4" time="51" type="goal scored" type_id="16"/>
	<message comment="Stewart Downing is caught offside" minute="48" period="2" time="50" type="offside" type_id="10000"/>
	<message comment="GOAL! Wayne Rooney scores  (High to the centre, 6-yard box, Big Chance, Right footed, From corner)" minute="46" period="2" second="17" time="48" type="goal scored" type_id="16"/>
	<message comment="Luis Antonio Valencia wins a corner (To the right)" minute="45" period="2" second="46" time="47" type="corner" type_id="6"/>
	<message comment="Second half begins!" minute="45" period="2" second="0" time="47" type="start" type_id="32"/>
	<message comment="First half ends" minute="46" period="1" second="8" time="46" type="end" type_id="30"/>
	<message comment="Stewart Downing recieves a yellow card" minute="44" period="1" second="5" time="44" type="card received" type_id="17"/>
	<message comment="Martin Skrtel misses attempt (High, 18-yard box, Right footed, From corner)" minute="41" period="1" second="33" time="41" type="attempt missed" type_id="13"/>
	<message comment="Steven Gerrard wins a corner (To the left)" minute="41" period="1" second="13" time="41" type="corner" type_id="6"/>
	<message comment="Steven Gerrard wins a corner (To the right)" minute="40" period="1" second="26" time="40" type="corner" type_id="6"/>
	<message comment="Steven Gerrard has shot blocked (Out of box, Right footed, Open play)" minute="40" period="1" second="25" time="40" type="attempt blocked" type_id="15"/>
	<message comment="Paul Scholes blocks a shot" minute="40" period="1" second="25" time="40" type="save made" type_id="10"/>
	<message comment="Danny Welbeck misses attempt (To the left, 18-yard box, Right footed, Open play)" minute="37" period="1" second="7" time="37" type="attempt missed" type_id="13"/>
	<message comment="Patrice Evra misses attempt (High to the right, 18-yard box, Head, Open play)" minute="33" period="1" second="59" time="33" type="attempt missed" type_id="13"/>
	<message comment="Paul Scholes wins a corner (To the left)" minute="30" period="1" second="24" time="30" type="corner" type_id="6"/>
	<message comment="Pepe Reina makes a save (Standing, Parried into danger)" minute="30" period="1" second="21" time="30" type="save made" type_id="10"/>
	<message comment="Paul Scholes has attempt saved (Low to the centre, 6-yard box, Big Chance, Head, Open play)" minute="30" period="1" second="21" time="30" type="attempt blocked" type_id="15"/>
	<message comment="Jordan Henderson is caught offside" minute="27" period="1" time="27" type="offside" type_id="10000"/>
	<message comment="Wayne Rooney misses attempt (To the left, Out of box, Right footed, Open play)" minute="26" period="1" second="32" time="26" type="attempt missed" type_id="13"/>
	<message comment="Pepe Reina makes a save (Diving)" minute="18" period="1" second="3" time="18" type="save made" type_id="10"/>
	<message comment="Rafael has attempt saved (Low to the centre, 18-yard box, Left footed, Open play)" minute="18" period="1" second="3" time="18" type="attempt blocked" type_id="15"/>
	<message comment="Glen Johnson misses attempt (18-yard box, Left footed, Open play)" minute="9" period="1" second="19" time="9" type="attempt missed" type_id="13"/>
	<message comment="Pepe Reina makes a save (Standing)" minute="6" period="1" second="35" time="6" type="save made" type_id="10"/>
	<message comment="Wayne Rooney has attempt saved (High to the left, 18-yard box, Head, From corner)" minute="6" period="1" second="35" time="6" type="attempt blocked" type_id="15"/>
	<message comment="Ryan Giggs wins a corner (To the left)" minute="6" period="1" second="3" time="6" type="corner" type_id="6"/>
	<message comment="Formation Set" minute="0" period="14" second="0" time="6" type="end" type_id="30"/>
	<message comment="David de Gea makes a save (Collected)" minute="2" period="1" second="17" time="2" type="save made" type_id="10"/>
	<message comment="Glen Johnson has attempt saved (Low to the right, Out of box, Left footed, Open play)" minute="2" period="1" second="17" time="2" type="attempt blocked" type_id="15"/>
	<message comment="First half begins!" minute="0" period="1" second="0" time="0" type="start" type_id="32"/>
</Commentary>
