<?xml version="1.0" ?>
<Commentary away_team_name="Manchester City" competition="English Premier League" game_date="2011-12-21" home_team_name="Stoke" lang_id="en" season="Season 2011/2012" season_id="2011" sport_id="1" sport_name="Football">
	<message comment="Second half ends" minute="93" period="2" second="20" time="96" type="end" type_id="30"/>
	<message comment="Thomas Sørensen makes a save (Parried safe, Diving, Feet)" minute="93" period="2" second="13" time="96" type="save made" type_id="10"/>
	<message comment="Adam Johnson has attempt saved (Low to the centre, 18-yard box, Big Chance, Left footed, Open play)" minute="93" period="2" second="13" time="96" type="attempt blocked" type_id="15"/>
	<message comment="Thomas Sørensen makes a save (Diving, Collected)" minute="91" period="2" second="39" time="94" type="save made" type_id="10"/>
	<message comment="James Milner has attempt saved (Low to the right, Out of box, Right footed, Open play)" minute="91" period="2" second="39" time="94" type="attempt blocked" type_id="15"/>
	<message comment="Adam Johnson recieves a yellow card" minute="88" period="2" second="28" time="91" type="card received" type_id="17"/>
	<message comment="Gareth Barry is substituted off" minute="82" period="2" second="10" time="85" type="substitution off" type_id="18"/>
	<message comment="James Milner is substituted on" minute="82" period="2" second="10" time="85" type="substitution on" type_id="19"/>
	<message comment="Marc Wilson misses attempt (To the right, 6-yard box, Other body part, From corner)" minute="81" period="2" second="34" time="84" type="attempt missed" type_id="13"/>
	<message comment="Jermaine Pennant wins a corner (To the left)" minute="80" period="2" second="59" time="83" type="corner" type_id="6"/>
	<message comment="Jonathan Woodgate is substituted off" minute="79" period="2" second="49" time="82" type="substitution off" type_id="18"/>
	<message comment="Salif Diao is substituted on" minute="79" period="2" second="49" time="82" type="substitution on" type_id="19"/>
	<message comment="Robert Huth blocks a shot" minute="77" period="2" second="32" time="80" type="save made" type_id="10"/>
	<message comment="Mario Balotelli has shot blocked (18-yard box, Right footed, Open play)" minute="77" period="2" second="32" time="80" type="attempt blocked" type_id="15"/>
	<message comment="Robert Huth blocks a shot" minute="77" period="2" second="26" time="80" type="save made" type_id="10"/>
	<message comment="Mario Balotelli has shot blocked (Out of box, Right footed, Open play)" minute="77" period="2" second="26" time="80" type="attempt blocked" type_id="15"/>
	<message comment="Kenwyne Jones is substituted off" minute="73" period="2" second="23" time="76" type="substitution off" type_id="18"/>
	<message comment="Jermaine Pennant is substituted on" minute="73" period="2" second="23" time="76" type="substitution on" type_id="19"/>
	<message comment="Ricardo Fuller recieves a yellow card" minute="70" period="2" second="40" time="73" type="card received" type_id="17"/>
	<message comment="Gareth Barry wins a corner (To the left)" minute="68" period="2" second="54" time="71" type="corner" type_id="6"/>
	<message comment="Thomas Sørensen makes a save (Standing, Parried safe)" minute="68" period="2" second="45" time="71" type="save made" type_id="10"/>
	<message comment="Gareth Barry has attempt saved (High to the left, 18-yard box, Left footed, Open play)" minute="68" period="2" second="45" time="71" type="attempt blocked" type_id="15"/>
	<message comment="Cameron Jerome is substituted off" minute="68" period="2" second="6" time="71" type="substitution off" type_id="18"/>
	<message comment="Ricardo Fuller is substituted on" minute="68" period="2" second="6" time="71" type="substitution on" type_id="19"/>
	<message comment="David Silva is substituted off" minute="67" period="2" second="45" time="70" type="substitution off" type_id="18"/>
	<message comment="Mario Balotelli is substituted on" minute="67" period="2" second="45" time="70" type="substitution on" type_id="19"/>
	<message comment="Vincent Kompany misses attempt (To the right, Out of box, Right footed, Open play)" minute="67" period="2" second="6" time="70" type="attempt missed" type_id="13"/>
	<message comment="Matt Upson blocks a shot" minute="65" period="2" second="11" time="68" type="save made" type_id="10"/>
	<message comment="David Silva has shot blocked (18-yard box, Left footed, Open play)" minute="65" period="2" second="11" time="68" type="attempt blocked" type_id="15"/>
	<message comment="Marc Wilson misses attempt (18-yard box, Head, From corner)" minute="61" period="2" second="17" time="64" type="attempt missed" type_id="13"/>
	<message comment="Jonathan Walters wins a corner (To the right)" minute="60" period="2" second="44" time="63" type="corner" type_id="6"/>
	<message comment="Micah Richards is substituted off" minute="59" period="2" second="5" time="62" type="substitution off" type_id="18"/>
	<message comment="Stefan Savic is substituted on" minute="59" period="2" second="5" time="62" type="substitution on" type_id="19"/>
	<message comment="Sergio Agüero misses attempt (To the left, 18-yard box, Big Chance, Right footed, Open play)" minute="58" period="2" second="12" time="61" type="attempt missed" type_id="13"/>
	<message comment="Thomas Sørensen makes a save (Diving)" minute="55" period="2" second="3" time="58" type="save made" type_id="10"/>
	<message comment="Sergio Agüero has attempt saved (Low to the right, Out of box, Right footed, Open play)" minute="55" period="2" second="3" time="58" type="attempt blocked" type_id="15"/>
	<message comment="GOAL! Sergio Agüero scores , Assisted by Samir Nasri (Low to the left, 18-yard box, Big Chance, Right footed, Open play)" minute="53" period="2" second="10" time="56" type="goal scored" type_id="16"/>
	<message comment="Thomas Sørensen makes a save (Collected, Diving)" minute="52" period="2" second="0" time="55" type="save made" type_id="10"/>
	<message comment="Sergio Agüero has attempt saved (Low to the right, 18-yard box, Right footed, Open play)" minute="52" period="2" second="0" time="55" type="attempt blocked" type_id="15"/>
	<message comment="Thomas Sørensen makes a save (Diving, Collected)" minute="49" period="2" second="0" time="52" type="save made" type_id="10"/>
	<message comment="Sergio Agüero has attempt saved (Low to the centre, Out of box, Right footed, Open play)" minute="49" period="2" second="0" time="52" type="attempt blocked" type_id="15"/>
	<message comment="Second half begins!" minute="45" period="2" second="0" time="48" type="start" type_id="32"/>
	<message comment="First half ends" minute="47" period="1" second="12" time="47" type="end" type_id="30"/>
	<message comment="Gareth Barry wins a corner (To the left)" minute="43" period="1" second="47" time="43" type="corner" type_id="6"/>
	<message comment="Adam Johnson wins a corner (To the left)" minute="41" period="1" second="57" time="41" type="corner" type_id="6"/>
	<message comment="Thomas Sørensen makes a save (Parried safe, Diving)" minute="41" period="1" second="50" time="41" type="save made" type_id="10"/>
	<message comment="Adam Johnson has attempt saved (Low to the left, Out of box, Left footed, Free kick)" minute="41" period="1" second="50" time="41" type="attempt blocked" type_id="15"/>
	<message comment="GOAL! Adam Johnson scores  (Low to the left, Out of box, Left footed, Open play)" minute="35" period="1" second="33" time="35" type="goal scored" type_id="16"/>
	<message comment="Jonathan Walters is caught offside" minute="30" period="1" time="30" type="offside" type_id="10000"/>
	<message comment="GOAL! Sergio Agüero scores  (Low to the right, 6-yard box, Big Chance, Left footed, From corner)" minute="28" period="1" second="27" time="28" type="goal scored" type_id="16"/>
	<message comment="Thomas Sørensen makes a save (Parried into danger, Diving)" minute="28" period="1" second="25" time="28" type="save made" type_id="10"/>
	<message comment="Vincent Kompany has attempt saved (Low to the right, 6-yard box, Big Chance, Right footed, Open play)" minute="28" period="1" second="25" time="28" type="attempt blocked" type_id="15"/>
	<message comment="Samir Nasri wins a corner (To the left)" minute="27" period="1" second="54" time="27" type="corner" type_id="6"/>
	<message comment="Micah Richards recieves a yellow card" minute="22" period="1" second="42" time="22" type="card received" type_id="17"/>
	<message comment="Robert Huth blocks a shot" minute="20" period="1" second="36" time="20" type="save made" type_id="10"/>
	<message comment="Yaya Touré has shot blocked (Out of box, Right footed, Open play)" minute="20" period="1" second="36" time="20" type="attempt blocked" type_id="15"/>
	<message comment="Robert Huth blocks a shot" minute="19" period="1" second="40" time="19" type="save made" type_id="10"/>
	<message comment="Samir Nasri has shot blocked (Out of box, Right footed, Open play)" minute="19" period="1" second="40" time="19" type="attempt blocked" type_id="15"/>
	<message comment="Samir Nasri misses attempt (To the right, 18-yard box, Right footed, Open play)" minute="18" period="1" second="3" time="18" type="attempt missed" type_id="13"/>
	<message comment="Marc Wilson blocks a shot" minute="14" period="1" second="30" time="14" type="save made" type_id="10"/>
	<message comment="Adam Johnson has shot blocked (18-yard box, Left footed, Open play)" minute="14" period="1" second="30" time="14" type="attempt blocked" type_id="15"/>
	<message comment="Dean Whitehead blocks a shot" minute="12" period="1" second="34" time="12" type="save made" type_id="10"/>
	<message comment="David Silva has shot blocked (Out of box, Left footed, Open play)" minute="12" period="1" second="34" time="12" type="attempt blocked" type_id="15"/>
	<message comment="Matt Upson blocks a shot" minute="12" period="1" second="32" time="12" type="save made" type_id="10"/>
	<message comment="Sergio Agüero has shot blocked (Out of box, Right footed, Open play)" minute="12" period="1" second="32" time="12" type="attempt blocked" type_id="15"/>
	<message comment="Micah Richards wins a corner (To the right)" minute="11" period="1" second="0" time="11" type="corner" type_id="6"/>
	<message comment="Jonathan Walters misses attempt (To the right, 18-yard box, Head, Fast break)" minute="7" period="1" second="53" time="7" type="attempt missed" type_id="13"/>
	<message comment="Formation Set" minute="0" period="14" second="0" time="6" type="end" type_id="30"/>
	<message comment="Micah Richards is caught offside" minute="1" period="1" time="1" type="offside" type_id="10000"/>
	<message comment="First half begins!" minute="0" period="1" second="0" time="0" type="start" type_id="32"/>
</Commentary>
