<?xml version="1.0" ?>
<Commentary away_team_name="Manchester United" competition="English Premier League" game_date="2010-10-16" home_team_name="West Bromwich Albion" lang_id="en" season="Season 2010/2011" season_id="2010" sport_id="1" sport_name="Football">
	<message comment="Second half ends" minute="94" period="2" second="3" time="97" type="end" type_id="30"/>
	<message comment="Jonas Olsson blocks a shot" minute="92" period="2" second="59" time="95" type="save made" type_id="10"/>
	<message comment="Nani has shot blocked (Out of box, Right footed, Open play)" minute="92" period="2" second="59" time="95" type="attempt blocked" type_id="15"/>
	<message comment="Graham Dorrans has attempt saved (Low to the centre, Out of box, Right footed, Fast break)" minute="91" period="2" second="24" time="94" type="attempt blocked" type_id="15"/>
	<message comment="Edwin van der Sar makes a save (Collected)" minute="91" period="2" second="24" time="94" type="save made" type_id="10"/>
	<message comment="James Morrison is substituted off" minute="85" period="2" second="33" time="88" type="substitution off" type_id="18"/>
	<message comment="Graham Dorrans is substituted on" minute="85" period="2" second="33" time="88" type="substitution on" type_id="19"/>
	<message comment="Chris Brunt misses attempt (To the right, Out of box, Right footed, Open play)" minute="84" period="2" second="12" time="87" type="attempt missed" type_id="13"/>
	<message comment="Gabriel Tamas blocks a shot (Last line)" minute="80" period="2" second="8" time="83" type="save made" type_id="10"/>
	<message comment="Wayne Rooney has shot blocked (18-yard box, Right footed, Free kick)" minute="80" period="2" second="8" time="83" type="attempt blocked" type_id="15"/>
	<message comment="Scott Carson recieves a yellow card" minute="79" period="2" second="21" time="82" type="card received" type_id="17"/>
	<message comment="Marc-Antoine Fortuné is substituted off" minute="78" period="2" second="10" time="81" type="substitution off" type_id="18"/>
	<message comment="Roman Bednar is substituted on" minute="78" period="2" second="10" time="81" type="substitution on" type_id="19"/>
	<message comment="Marc-Antoine Fortuné is caught offside" minute="72" period="2" time="75" type="offside" type_id="10000"/>
	<message comment="Anderson is substituted off" minute="71" period="2" second="36" time="74" type="substitution off" type_id="18"/>
	<message comment="Wayne Rooney is substituted on" minute="71" period="2" second="36" time="74" type="substitution on" type_id="19"/>
	<message comment="Michael Carrick is substituted off" minute="71" period="2" second="6" time="74" type="substitution off" type_id="18"/>
	<message comment="Paul Scholes is substituted on" minute="71" period="2" second="6" time="74" type="substitution on" type_id="19"/>
	<message comment="Chicharito misses attempt (High to the right, Out of box, Right footed, Open play)" minute="70" period="2" second="41" time="73" type="attempt missed" type_id="13"/>
	<message comment="Anderson has attempt saved (Low to the right, 18-yard box, Left footed, Open play)" minute="69" period="2" second="25" time="72" type="attempt blocked" type_id="15"/>
	<message comment="Scott Carson makes a save (Diving, Parried into danger)" minute="69" period="2" second="25" time="72" type="save made" type_id="10"/>
	<message comment="Somen Tchoyi is substituted off" minute="68" period="2" second="38" time="71" type="substitution off" type_id="18"/>
	<message comment="Jerome Thomas is substituted on" minute="68" period="2" second="38" time="71" type="substitution on" type_id="19"/>
	<message comment="Anderson wins a corner (To the left)" minute="66" period="2" second="32" time="69" type="corner" type_id="6"/>
	<message comment="Nani misses attempt (High, Out of box, Right footed, Free kick)" minute="65" period="2" second="1" time="68" type="attempt missed" type_id="13"/>
	<message comment="Patrice Evra wins a corner (To the left)" minute="62" period="2" second="47" time="65" type="corner" type_id="6"/>
	<message comment="Scott Carson makes a save (Parried safe)" minute="62" period="2" second="37" time="65" type="save made" type_id="10"/>
	<message comment="Patrice Evra has attempt saved (High to the left, 18-yard box, Right footed, Open play)" minute="62" period="2" second="37" time="65" type="attempt blocked" type_id="15"/>
	<message comment="Jonas Olsson blocks a shot" minute="61" period="2" second="58" time="64" type="save made" type_id="10"/>
	<message comment="Chicharito has shot blocked (18-yard box, Right footed, Open play)" minute="61" period="2" second="58" time="64" type="attempt blocked" type_id="15"/>
	<message comment="Darron Gibson recieves a yellow card" minute="57" period="2" second="59" time="60" type="card received" type_id="17"/>
	<message comment="Jonas Olsson blocks a shot" minute="55" period="2" second="15" time="58" type="save made" type_id="10"/>
	<message comment="Dimitar Berbatov has shot blocked (18-yard box, Right footed, Open play)" minute="55" period="2" second="15" time="58" type="attempt blocked" type_id="15"/>
	<message comment="GOAL! Somen Tchoyi scores  (High to the centre, 6-yard box, Big Chance, Right footed, Open play)" minute="54" period="2" second="7" time="57" type="goal scored" type_id="16"/>
	<message comment="Dimitar Berbatov is caught offside" minute="52" period="2" time="55" type="offside" type_id="10000"/>
	<message comment="Nicky Shorey blocks a shot" minute="51" period="2" second="56" time="54" type="save made" type_id="10"/>
	<message comment="Dimitar Berbatov has shot blocked (18-yard box, Right footed, Open play)" minute="51" period="2" second="56" time="54" type="attempt blocked" type_id="15"/>
	<message comment="Patrice Evra is caught offside" minute="51" period="2" time="54" type="offside" type_id="10000"/>
	<message comment="Patrice Evra scores an OWN GOAL!  (Low to the right, 6-yard box, Right footed, Set piece)" minute="49" period="2" second="44" time="52" type="goal scored" type_id="16"/>
	<message comment="Nemanja Vidic hits the woodwork (To the left, 18-yard box, Head, From corner)" minute="46" period="2" second="19" time="49" type="woodwork hit" type_id="14"/>
	<message comment="Chicharito wins a corner (To the left)" minute="45" period="2" second="38" time="48" type="corner" type_id="6"/>
	<message comment="Gabriel Tamas blocks a shot" minute="45" period="2" second="33" time="48" type="save made" type_id="10"/>
	<message comment="Chicharito has shot blocked (18-yard box, Head, Open play)" minute="45" period="2" second="33" time="48" type="attempt blocked" type_id="15"/>
	<message comment="Second half begins!" minute="45" period="2" second="0" time="48" type="start" type_id="32"/>
	<message comment="First half ends" minute="47" period="1" second="3" time="47" type="end" type_id="30"/>
	<message comment="Nani misses attempt (High to the left, Out of box, Left footed, Open play)" minute="42" period="1" second="33" time="42" type="attempt missed" type_id="13"/>
	<message comment="Ryan Giggs is substituted off" minute="42" period="1" second="10" time="42" type="substitution off" type_id="18"/>
	<message comment="Darron Gibson is substituted on" minute="42" period="1" second="10" time="42" type="substitution on" type_id="19"/>
	<message comment="Nicky Shorey recieves a yellow card" minute="38" period="1" second="8" time="38" type="card received" type_id="17"/>
	<message comment="James Morrison misses attempt (To the right, Out of box, Right footed, Open play)" minute="32" period="1" second="18" time="32" type="attempt missed" type_id="13"/>
	<message comment="Gabriel Tamas misses attempt (High to the left, 18-yard box, Head, From corner)" minute="30" period="1" second="36" time="30" type="attempt missed" type_id="13"/>
	<message comment="Nicky Shorey wins a corner (To the left)" minute="30" period="1" second="0" time="30" type="corner" type_id="6"/>
	<message comment="GOAL! Nani scores , Assisted by Dimitar Berbatov (Low to the left, 18-yard box, Big Chance, Left footed, Fast break)" minute="24" period="1" second="53" time="24" type="goal scored" type_id="16"/>
	<message comment="Chris Brunt misses attempt (Out of box, Left footed, Open play)" minute="23" period="1" second="35" time="23" type="attempt missed" type_id="13"/>
	<message comment="Dimitar Berbatov misses attempt (To the right, 18-yard box, Big Chance, Right footed, Open play)" minute="20" period="1" second="44" time="20" type="attempt missed" type_id="13"/>
	<message comment="Chicharito misses attempt (High to the right, 18-yard box, Head, Open play)" minute="19" period="1" second="20" time="19" type="attempt missed" type_id="13"/>
	<message comment="Youssouf Mulumbu blocks a shot" minute="18" period="1" second="26" time="18" type="save made" type_id="10"/>
	<message comment="Ryan Giggs has shot blocked (Out of box, Left footed, Free kick)" minute="18" period="1" second="26" time="18" type="attempt blocked" type_id="15"/>
	<message comment="Chicharito is caught offside" minute="16" period="1" time="16" type="offside" type_id="10000"/>
	<message comment="Jonas Olsson misses attempt (To the right, 18-yard box, Head, Set piece)" minute="14" period="1" second="42" time="14" type="attempt missed" type_id="13"/>
	<message comment="Dimitar Berbatov misses attempt (Out of box, Right footed, Open play)" minute="13" period="1" second="18" time="13" type="attempt missed" type_id="13"/>
	<message comment="James Morrison blocks a shot" minute="9" period="1" second="49" time="9" type="save made" type_id="10"/>
	<message comment="Anderson has shot blocked (Out of box, Left footed, Open play)" minute="9" period="1" second="49" time="9" type="attempt blocked" type_id="15"/>
	<message comment="Chris Brunt wins a corner (To the left)" minute="8" period="1" second="18" time="8" type="corner" type_id="6"/>
	<message comment="Chris Brunt has shot blocked (Out of box, Left footed, Open play)" minute="8" period="1" second="17" time="8" type="attempt blocked" type_id="15"/>
	<message comment="Michael Carrick blocks a shot" minute="8" period="1" second="17" time="8" type="save made" type_id="10"/>
	<message comment="Formation Set" minute="0" period="14" second="0" time="7" type="end" type_id="30"/>
	<message comment="GOAL! Chicharito scores  (Low to the right, 18-yard box, Big Chance, Left footed, Set piece)" minute="4" period="1" second="35" time="4" type="goal scored" type_id="16"/>
	<message comment="Scott Carson makes a save (Diving, Parried into danger)" minute="4" period="1" second="33" time="4" type="save made" type_id="10"/>
	<message comment="Nani has attempt saved (Low to the left, Out of box, Right footed, Free kick)" minute="4" period="1" second="33" time="4" type="attempt blocked" type_id="15"/>
	<message comment="Marc-Antoine Fortuné is caught offside" minute="1" period="1" time="1" type="offside" type_id="10000"/>
	<message comment="Chris Brunt misses attempt (To the right, 18-yard box, Head, Fast break)" minute="0" period="1" second="47" time="0" type="attempt missed" type_id="13"/>
	<message comment="First half begins!" minute="0" period="1" second="0" time="0" type="start" type_id="32"/>
</Commentary>
