<?xml version="1.0" ?>
<Commentary away_team_name="Manchester United" competition="English Premier League" game_date="2013-05-05" home_team_name="Chelsea" lang_id="en" season="Season 2012/2013" season_id="2012" sport_id="1" sport_name="Football">
	<message comment="Second half ends" minute="94" period="2" second="27" time="95" type="end" type_id="30"/>
	<message comment="Ramires misses attempt (Out of box, Right footed, Fast break)" minute="93" period="2" second="28" time="94" type="attempt missed" type_id="13"/>
	<message comment="Juan Mata is substituted off" minute="90" period="2" second="24" time="91" type="substitution off" type_id="18"/>
	<message comment="Nathan Aké is substituted on" minute="90" period="2" second="24" time="91" type="substitution on" type_id="19"/>
	<message comment="Chicharito is caught offside" minute="90" period="2" time="91" type="offside" type_id="10000"/>
	<message comment="Luis Antonio Valencia is substituted off" minute="89" period="2" second="37" time="90" type="substitution off" type_id="18"/>
	<message comment="Chicharito is substituted on" minute="89" period="2" second="37" time="90" type="substitution on" type_id="19"/>
	<message comment="Rafael recieves a red card" minute="88" period="2" second="28" time="89" type="card received" type_id="17"/>
	<message comment="GOAL! Juan Mata scores , Assisted by Oscar (Low to the right, 18-yard box, Left footed, Open play)" minute="86" period="2" second="7" time="87" type="goal scored" type_id="16"/>
	<message comment="David Luiz recieves a yellow card" minute="85" period="2" second="5" time="86" type="card received" type_id="17"/>
	<message comment="Rafael blocks a shot" minute="83" period="2" second="55" time="84" type="save made" type_id="10"/>
	<message comment="Juan Mata has shot blocked (Out of box, Left footed, Open play)" minute="83" period="2" second="55" time="84" type="attempt blocked" type_id="15"/>
	<message comment="Robin van Persie is caught offside" minute="83" period="2" time="84" type="offside" type_id="10000"/>
	<message comment="David Luiz misses attempt (Out of box, Right footed, Free kick)" minute="82" period="2" second="40" time="83" type="attempt missed" type_id="13"/>
	<message comment="Phil Jones recieves a yellow card" minute="80" period="2" second="19" time="81" type="card received" type_id="17"/>
	<message comment="Rafael wins a corner (To the right)" minute="79" period="2" second="29" time="80" type="corner" type_id="6"/>
	<message comment="Juan Mata wins a corner (To the right)" minute="77" period="2" second="37" time="78" type="corner" type_id="6"/>
	<message comment="Frank Lampard wins a corner (To the right)" minute="77" period="2" second="10" time="78" type="corner" type_id="6"/>
	<message comment="Frank Lampard wins a corner (To the left)" minute="76" period="2" second="37" time="77" type="corner" type_id="6"/>
	<message comment="Victor Moses is substituted off" minute="75" period="2" second="55" time="76" type="substitution off" type_id="18"/>
	<message comment="Fernando Torres is substituted on" minute="75" period="2" second="55" time="76" type="substitution on" type_id="19"/>
	<message comment="Robin van Persie is caught offside" minute="74" period="2" time="75" type="offside" type_id="10000"/>
	<message comment="Wayne Rooney misses attempt (High, 18-yard box, Head, From corner)" minute="72" period="2" second="26" time="73" type="attempt missed" type_id="13"/>
	<message comment="Rafael wins a corner (To the right)" minute="71" period="2" second="36" time="72" type="corner" type_id="6"/>
	<message comment="Anderson is substituted off" minute="68" period="2" second="18" time="69" type="substitution off" type_id="18"/>
	<message comment="Wayne Rooney is substituted on" minute="68" period="2" second="18" time="69" type="substitution on" type_id="19"/>
	<message comment="Alexander Büttner is substituted on" minute="67" period="2" second="56" time="68" type="substitution on" type_id="19"/>
	<message comment="Tom Cleverley is substituted off" minute="67" period="2" second="56" time="68" type="substitution off" type_id="18"/>
	<message comment="Victor Moses is caught offside" minute="67" period="2" time="68" type="offside" type_id="10000"/>
	<message comment="Phil Jones blocks a shot" minute="66" period="2" second="53" time="67" type="save made" type_id="10"/>
	<message comment="Juan Mata has shot blocked (Out of box, Left footed, Free kick)" minute="66" period="2" second="53" time="67" type="attempt blocked" type_id="15"/>
	<message comment="Frank Lampard misses attempt (High, 18-yard box, Right footed, Open play)" minute="55" period="2" second="15" time="56" type="attempt missed" type_id="13"/>
	<message comment="Nemanja Vidic recieves a yellow card" minute="51" period="2" second="38" time="52" type="card received" type_id="17"/>
	<message comment="Demba Ba wins a corner (To the right)" minute="49" period="2" second="33" time="50" type="corner" type_id="6"/>
	<message comment="Jonny Evans blocks a shot" minute="49" period="2" second="31" time="50" type="save made" type_id="10"/>
	<message comment="Demba Ba has shot blocked (18-yard box, Right footed, Open play)" minute="49" period="2" second="31" time="50" type="attempt blocked" type_id="15"/>
	<message comment="Robin van Persie is caught offside" minute="47" period="2" time="48" type="offside" type_id="10000"/>
	<message comment="Second half begins!" minute="45" period="2" second="0" time="46" type="start" type_id="32"/>
	<message comment="First half ends" minute="45" period="1" second="8" time="45" type="end" type_id="30"/>
	<message comment="Robin van Persie has attempt saved (Low to the centre, 18-yard box, Head, Open play)" minute="44" period="1" second="51" time="44" type="attempt blocked" type_id="15"/>
	<message comment="Petr Cech makes a save (Standing)" minute="44" period="1" second="51" time="44" type="save made" type_id="10"/>
	<message comment="Ryan Giggs misses attempt (High to the right, 18-yard box, Left footed, Open play)" minute="43" period="1" second="31" time="43" type="attempt missed" type_id="13"/>
	<message comment="Oscar misses attempt (Out of box, Right footed, Open play)" minute="42" period="1" second="54" time="42" type="attempt missed" type_id="13"/>
	<message comment="Robin van Persie misses attempt (18-yard box, Left footed, Open play)" minute="41" period="1" second="58" time="41" type="attempt missed" type_id="13"/>
	<message comment="David Luiz misses attempt (High to the left, Out of box, Right footed, Open play)" minute="41" period="1" second="8" time="41" type="attempt missed" type_id="13"/>
	<message comment="Ryan Giggs is caught offside" minute="36" period="1" time="36" type="offside" type_id="10000"/>
	<message comment="Jonny Evans blocks a shot" minute="35" period="1" second="27" time="35" type="save made" type_id="10"/>
	<message comment="Juan Mata has shot blocked (Out of box, Left footed, Open play)" minute="35" period="1" second="27" time="35" type="attempt blocked" type_id="15"/>
	<message comment="Tom Cleverley misses attempt (High, Out of box, Right footed, Open play)" minute="33" period="1" second="30" time="33" type="attempt missed" type_id="13"/>
	<message comment="Robin van Persie has shot blocked (18-yard box, Left footed, Open play)" minute="32" period="1" second="10" time="32" type="attempt blocked" type_id="15"/>
	<message comment="César Azpilicueta blocks a shot" minute="32" period="1" second="10" time="32" type="save made" type_id="10"/>
	<message comment="Demba Ba misses attempt (To the right, 18-yard box, Right footed, Open play)" minute="29" period="1" second="39" time="29" type="attempt missed" type_id="13"/>
	<message comment="Anders Lindegaard makes a save (Collected)" minute="27" period="1" second="39" time="27" type="save made" type_id="10"/>
	<message comment="Frank Lampard has attempt saved (Low to the centre, Out of box, Right footed, Open play)" minute="27" period="1" second="39" time="27" type="attempt blocked" type_id="15"/>
	<message comment="César Azpilicueta wins a corner (To the right)" minute="26" period="1" second="56" time="26" type="corner" type_id="6"/>
	<message comment="Juan Mata wins a corner (To the left)" minute="20" period="1" second="14" time="20" type="corner" type_id="6"/>
	<message comment="Oscar wins a corner (To the right)" minute="19" period="1" second="39" time="19" type="corner" type_id="6"/>
	<message comment="Tom Cleverley has shot blocked (Out of box, Left footed, Open play)" minute="18" period="1" second="39" time="18" type="attempt blocked" type_id="15"/>
	<message comment="Robin van Persie misses attempt (To the left, 18-yard box, Left footed, Open play)" minute="17" period="1" second="49" time="17" type="attempt missed" type_id="13"/>
	<message comment="Victor Moses misses attempt (High to the right, Out of box, Right footed, Open play)" minute="16" period="1" second="2" time="16" type="attempt missed" type_id="13"/>
	<message comment="Petr Cech makes a save (Collected)" minute="15" period="1" second="3" time="15" type="save made" type_id="10"/>
	<message comment="Ryan Giggs has attempt saved (Low to the centre, Out of box, Left footed, Open play)" minute="15" period="1" second="3" time="15" type="attempt blocked" type_id="15"/>
	<message comment="Anders Lindegaard makes a save (Diving, Parried into danger)" minute="13" period="1" second="10" time="13" type="save made" type_id="10"/>
	<message comment="Oscar has attempt saved (Low to the right, 18-yard box, Right footed, Open play)" minute="13" period="1" second="10" time="13" type="attempt blocked" type_id="15"/>
	<message comment="Juan Mata is caught offside" minute="12" period="1" time="12" type="offside" type_id="10000"/>
	<message comment="Tom Cleverley misses attempt (To the left, Out of box, Right footed, Open play)" minute="8" period="1" second="42" time="8" type="attempt missed" type_id="13"/>
	<message comment="Ramires misses attempt (To the left, Out of box, Right footed, Open play)" minute="6" period="1" second="17" time="6" type="attempt missed" type_id="13"/>
	<message comment="César Azpilicueta has shot blocked (18-yard box, Left footed, Open play)" minute="5" period="1" second="49" time="5" type="attempt blocked" type_id="15"/>
	<message comment="Formation Set" minute="0" period="14" second="0" time="5" type="end" type_id="30"/>
	<message comment="Demba Ba misses attempt (High to the left, 6-yard box, Big Chance, Head, Open play)" minute="2" period="1" second="22" time="2" type="attempt missed" type_id="13"/>
	<message comment="First half begins!" minute="0" period="1" second="0" time="0" type="start" type_id="32"/>
</Commentary>
