<?xml version="1.0" ?>
<Commentary away_team_name="Manchester United" competition="English Premier League" game_date="2012-12-26" home_team_name="Newcastle United" lang_id="en" season="Season 2012/2013" season_id="2012" sport_id="1" sport_name="Football">
	<message comment="Second half ends" minute="98" period="2" second="55" time="101" type="end" type_id="30"/>
	<message comment="Danny Simpson misses attempt (To the right, Out of box, Right footed, Open play)" minute="97" period="2" second="38" time="100" type="attempt missed" type_id="13"/>
	<message comment="Chicharito is substituted off" minute="92" period="2" second="7" time="95" type="substitution off" type_id="18"/>
	<message comment="Darren Fletcher is substituted on" minute="92" period="2" second="7" time="95" type="substitution on" type_id="19"/>
	<message comment="GOAL! Chicharito scores , Assisted by Michael Carrick (Low to the right, 18-yard box, Big Chance, Right footed, Open play)" minute="89" period="2" second="59" time="92" type="goal scored" type_id="16"/>
	<message comment="Robin van Persie misses attempt (6-yard box, Big Chance, Head, Open play)" minute="88" period="2" second="12" time="91" type="attempt missed" type_id="13"/>
	<message comment="Shola Ameobi has attempt saved (High to the centre, 18-yard box, Head, Open play)" minute="87" period="2" second="40" time="90" type="attempt blocked" type_id="15"/>
	<message comment="David de Gea makes a save" minute="87" period="2" second="40" time="90" type="save made" type_id="10"/>
	<message comment="Tim Krul makes a save" minute="86" period="2" second="28" time="89" type="save made" type_id="10"/>
	<message comment="Chicharito has attempt saved (Low to the centre, 18-yard box, Big Chance, Head, Open play)" minute="86" period="2" second="28" time="89" type="attempt blocked" type_id="15"/>
	<message comment="Sammy Ameobi hits the woodwork (To the left, 18-yard box, Left footed, Open play)" minute="84" period="2" second="45" time="87" type="woodwork hit" type_id="14"/>
	<message comment="Gabriel Obertan has attempt saved (Low to the right, Out of box, Right footed, Set piece)" minute="82" period="2" second="20" time="85" type="attempt blocked" type_id="15"/>
	<message comment="David de Gea makes a save (Collected)" minute="82" period="2" second="20" time="85" type="save made" type_id="10"/>
	<message comment="Chicharito misses attempt (18-yard box, Big Chance, Head, Open play)" minute="79" period="2" second="41" time="82" type="attempt missed" type_id="13"/>
	<message comment="Papiss Demba Cissé is substituted off" minute="79" period="2" second="25" time="82" type="substitution off" type_id="18"/>
	<message comment="Sammy Ameobi is substituted on" minute="79" period="2" second="25" time="82" type="substitution on" type_id="19"/>
	<message comment="Robin van Persie misses attempt (18-yard box, Left footed, Open play)" minute="78" period="2" second="43" time="81" type="attempt missed" type_id="13"/>
	<message comment="Fabricio Coloccini blocks a shot" minute="77" period="2" second="30" time="80" type="save made" type_id="10"/>
	<message comment="Chicharito has shot blocked (Out of box, Right footed, Open play)" minute="77" period="2" second="30" time="80" type="attempt blocked" type_id="15"/>
	<message comment="Sylvain Marveaux has attempt saved (Low to the centre, Out of box, Left footed, Open play)" minute="74" period="2" second="24" time="77" type="attempt blocked" type_id="15"/>
	<message comment="David de Gea makes a save (Collected)" minute="74" period="2" second="24" time="77" type="save made" type_id="10"/>
	<message comment="Davide Santon blocks a shot" minute="73" period="2" second="25" time="76" type="save made" type_id="10"/>
	<message comment="Luis Antonio Valencia has shot blocked (18-yard box, Right footed, Open play)" minute="73" period="2" second="25" time="76" type="attempt blocked" type_id="15"/>
	<message comment="Danny Simpson wins a corner (To the left)" minute="71" period="2" second="54" time="74" type="corner" type_id="6"/>
	<message comment="Danny Simpson has shot blocked (Out of box, Left footed, Open play)" minute="71" period="2" second="50" time="74" type="attempt blocked" type_id="15"/>
	<message comment="Ryan Giggs blocks a shot" minute="71" period="2" second="50" time="74" type="save made" type_id="10"/>
	<message comment="Demba Ba is substituted off" minute="71" period="2" second="27" time="74" type="substitution off" type_id="18"/>
	<message comment="Shola Ameobi is substituted on" minute="71" period="2" second="27" time="74" type="substitution on" type_id="19"/>
	<message comment="GOAL! Robin van Persie scores , Assisted by Michael Carrick (Low to the right, 18-yard box, Big Chance, Left footed, Open play)" minute="70" period="2" second="14" time="73" type="goal scored" type_id="16"/>
	<message comment="Tim Krul makes a save (Diving, Parried into danger)" minute="70" period="2" second="11" time="73" type="save made" type_id="10"/>
	<message comment="Robin van Persie has attempt saved (Low to the centre, 18-yard box, Left footed, Open play)" minute="70" period="2" second="11" time="73" type="attempt blocked" type_id="15"/>
	<message comment="Paul Scholes is substituted off" minute="68" period="2" second="30" time="71" type="substitution off" type_id="18"/>
	<message comment="Tom Cleverley is substituted on" minute="68" period="2" second="30" time="71" type="substitution on" type_id="19"/>
	<message comment="GOAL! Papiss Demba Cissé scores , Assisted by Gabriel Obertan (High to the left, 18-yard box, Left footed, Open play)" minute="67" period="2" second="45" time="70" type="goal scored" type_id="16"/>
	<message comment="Chris Smalling wins a corner (To the right)" minute="65" period="2" second="4" time="68" type="corner" type_id="6"/>
	<message comment="Chicharito is caught offside" minute="65" period="2" time="68" type="offside" type_id="10000"/>
	<message comment="Davide Santon blocks a shot" minute="64" period="2" second="53" time="67" type="save made" type_id="10"/>
	<message comment="Chris Smalling has shot blocked (18-yard box, Right footed, Open play)" minute="64" period="2" second="53" time="67" type="attempt blocked" type_id="15"/>
	<message comment="Gael Bigirimana is substituted off" minute="64" period="2" second="26" time="67" type="substitution off" type_id="18"/>
	<message comment="Gabriel Obertan is substituted on" minute="64" period="2" second="26" time="67" type="substitution on" type_id="19"/>
	<message comment="Papiss Demba Cissé recieves a yellow card" minute="63" period="2" second="41" time="66" type="card received" type_id="17"/>
	<message comment="Danny Simpson recieves a yellow card" minute="60" period="2" second="9" time="63" type="card received" type_id="17"/>
	<message comment="GOAL! Patrice Evra scores  (Low to the right, Out of box, Left footed, From corner)" minute="57" period="2" second="42" time="60" type="goal scored" type_id="16"/>
	<message comment="Luis Antonio Valencia wins a corner (To the right)" minute="57" period="2" second="2" time="60" type="corner" type_id="6"/>
	<message comment="Robin van Persie is caught offside" minute="54" period="2" time="57" type="offside" type_id="10000"/>
	<message comment="Luis Antonio Valencia recieves a yellow card" minute="52" period="2" second="42" time="55" type="card received" type_id="17"/>
	<message comment="Demba Ba wins a corner (To the right)" minute="51" period="2" second="38" time="54" type="corner" type_id="6"/>
	<message comment="Demba Ba has shot blocked (6-yard box, Head, Open play)" minute="51" period="2" second="37" time="54" type="attempt blocked" type_id="15"/>
	<message comment="Rio Ferdinand blocks a shot" minute="51" period="2" second="37" time="54" type="save made" type_id="10"/>
	<message comment="Robin van Persie misses attempt (To the left, 18-yard box, Left footed, Open play)" minute="48" period="2" second="11" time="51" type="attempt missed" type_id="13"/>
	<message comment="Chicharito is caught offside" minute="48" period="2" time="51" type="offside" type_id="10000"/>
	<message comment="Second half begins!" minute="45" period="2" second="0" time="48" type="start" type_id="32"/>
	<message comment="First half ends" minute="47" period="1" second="22" time="47" type="end" type_id="30"/>
	<message comment="Robin van Persie misses attempt (To the left, Out of box, Left footed, Free kick)" minute="43" period="1" second="30" time="43" type="attempt missed" type_id="13"/>
	<message comment="Mike Williamson recieves a yellow card" minute="42" period="1" second="34" time="42" type="card received" type_id="17"/>
	<message comment="Sylvain Marveaux hits the woodwork (High, Out of box, Left footed, Free kick)" minute="38" period="1" second="51" time="38" type="woodwork hit" type_id="14"/>
	<message comment="Chicharito recieves a yellow card" minute="37" period="1" second="48" time="37" type="card received" type_id="17"/>
	<message comment="Jonny Evans recieves a yellow card" minute="35" period="1" second="26" time="35" type="card received" type_id="17"/>
	<message comment="Davide Santon has attempt saved (Low to the centre, Out of box, Right footed, Open play)" minute="33" period="1" second="51" time="33" type="attempt blocked" type_id="15"/>
	<message comment="David de Gea makes a save (Parried into danger)" minute="33" period="1" second="51" time="33" type="save made" type_id="10"/>
	<message comment="Jonny Evans scores an OWN GOAL!  (Low to the right, 18-yard box, Right footed, Open play)" minute="27" period="1" second="50" time="27" type="goal scored" type_id="16"/>
	<message comment="Demba Ba misses attempt (To the right, Out of box, Left footed, Open play)" minute="25" period="1" second="18" time="25" type="attempt missed" type_id="13"/>
	<message comment="GOAL! Jonny Evans scores  (Low to the centre, 6-yard box, Big Chance, Right footed, Set piece)" minute="24" period="1" second="22" time="24" type="goal scored" type_id="16"/>
	<message comment="Tim Krul makes a save (Parried into danger, Diving, Feet)" minute="24" period="1" second="20" time="24" type="save made" type_id="10"/>
	<message comment="Chicharito has attempt saved (Low to the centre, 18-yard box, Big Chance, Right footed, Set piece)" minute="24" period="1" second="20" time="24" type="attempt blocked" type_id="15"/>
	<message comment="Demba Ba has shot blocked (18-yard box, Right footed, Open play)" minute="17" period="1" second="36" time="17" type="attempt blocked" type_id="15"/>
	<message comment="Rio Ferdinand blocks a shot" minute="17" period="1" second="36" time="17" type="save made" type_id="10"/>
	<message comment="Demba Ba has shot blocked (Out of box, Left footed, Open play)" minute="16" period="1" second="51" time="16" type="attempt blocked" type_id="15"/>
	<message comment="Chris Smalling blocks a shot" minute="16" period="1" second="51" time="16" type="save made" type_id="10"/>
	<message comment="Formation Set" minute="0" period="14" second="0" time="11" type="end" type_id="30"/>
	<message comment="GOAL! James Perch scores  (Low to the centre, 18-yard box, Big Chance, Left footed, Open play)" minute="3" period="1" second="56" time="3" type="goal scored" type_id="16"/>
	<message comment="Demba Ba has attempt saved (Low to the left, Out of box, Right footed, Open play)" minute="3" period="1" second="54" time="3" type="attempt blocked" type_id="15"/>
	<message comment="David de Gea makes a save (Parried into danger, Diving)" minute="3" period="1" second="54" time="3" type="save made" type_id="10"/>
	<message comment="First half begins!" minute="0" period="1" second="0" time="0" type="start" type_id="32"/>
</Commentary>
