<?xml version="1.0" ?>
<Commentary away_team_name="Manchester City" competition="English Premier League" game_date="2014-05-11" home_team_name="West Ham" lang_id="en" season="Season 2013/2014" season_id="2013" sport_id="1" sport_name="Football">
	<message comment="Second half ends" minute="93" period="2" second="7" time="95" type="end" type_id="30"/>
	<message comment="Joe Cole is caught offside" minute="90" period="2" time="92" type="offside" type_id="10000"/>
	<message comment="Mark Noble recieves a yellow card" minute="89" period="2" second="57" time="91" type="card received" type_id="17"/>
	<message comment="Sergio Agüero recieves a yellow card" minute="89" period="2" second="55" time="91" type="card received" type_id="17"/>
	<message comment="Fernandinho misses attempt (To the left, 18-yard box, Head, Set piece)" minute="88" period="2" second="30" time="90" type="attempt missed" type_id="13"/>
	<message comment="Samir Nasri wins a corner (To the right)" minute="87" period="2" second="28" time="89" type="corner" type_id="6"/>
	<message comment="Winston Reid blocks a shot" minute="87" period="2" second="17" time="89" type="save made" type_id="10"/>
	<message comment="Samir Nasri has shot blocked (Out of box, Right footed, Open play)" minute="87" period="2" second="17" time="89" type="attempt blocked" type_id="15"/>
	<message comment="George McCartney blocks a shot" minute="87" period="2" second="7" time="89" type="save made" type_id="10"/>
	<message comment="Sergio Agüero has shot blocked (Out of box, Right footed, Open play)" minute="87" period="2" second="7" time="89" type="attempt blocked" type_id="15"/>
	<message comment="Yaya Touré is substituted off" minute="85" period="2" second="50" time="87" type="substitution off" type_id="18"/>
	<message comment="Álvaro Negredo is substituted on" minute="85" period="2" second="50" time="87" type="substitution on" type_id="19"/>
	<message comment="George McCartney blocks a shot" minute="85" period="2" second="4" time="87" type="save made" type_id="10"/>
	<message comment="James Milner has shot blocked (Out of box, Right footed, Open play)" minute="85" period="2" second="4" time="87" type="attempt blocked" type_id="15"/>
	<message comment="Joe Cole is substituted on" minute="80" period="2" second="49" time="82" type="substitution on" type_id="19"/>
	<message comment="Mohamed Diamé is substituted off" minute="80" period="2" second="49" time="82" type="substitution off" type_id="18"/>
	<message comment="George McCartney blocks a shot" minute="78" period="2" second="34" time="80" type="save made" type_id="10"/>
	<message comment="Samir Nasri has shot blocked (18-yard box, Right footed, Open play)" minute="78" period="2" second="34" time="80" type="attempt blocked" type_id="15"/>
	<message comment="Adrián makes a save (Parried safe)" minute="77" period="2" second="46" time="79" type="save made" type_id="10"/>
	<message comment="Samir Nasri has attempt saved (Low to the left, 18-yard box, Big Chance, Right footed, Open play)" minute="77" period="2" second="46" time="79" type="attempt blocked" type_id="15"/>
	<message comment="David Silva is substituted off" minute="75" period="2" second="30" time="77" type="substitution off" type_id="18"/>
	<message comment="James Milner is substituted on" minute="75" period="2" second="30" time="77" type="substitution on" type_id="19"/>
	<message comment="Andy Carroll is substituted off" minute="71" period="2" second="42" time="73" type="substitution off" type_id="18"/>
	<message comment="Carlton Cole is substituted on" minute="71" period="2" second="42" time="73" type="substitution on" type_id="19"/>
	<message comment="Edin Dzeko is substituted off" minute="68" period="2" second="50" time="70" type="substitution off" type_id="18"/>
	<message comment="Fernandinho is substituted on" minute="68" period="2" second="50" time="70" type="substitution on" type_id="19"/>
	<message comment="Adrián makes a save (Standing, Collected)" minute="66" period="2" second="40" time="68" type="save made" type_id="10"/>
	<message comment="Sergio Agüero has attempt saved (Low to the right, 6-yard box, Big Chance, Left footed, Open play)" minute="66" period="2" second="40" time="68" type="attempt blocked" type_id="15"/>
	<message comment="David Silva wins a corner (To the left)" minute="64" period="2" second="39" time="66" type="corner" type_id="6"/>
	<message comment="Mark Noble blocks a shot" minute="64" period="2" second="34" time="66" type="save made" type_id="10"/>
	<message comment="David Silva has shot blocked (18-yard box, Left footed, From corner)" minute="64" period="2" second="34" time="66" type="attempt blocked" type_id="15"/>
	<message comment="Winston Reid blocks a shot" minute="64" period="2" second="31" time="66" type="save made" type_id="10"/>
	<message comment="David Silva has shot blocked (18-yard box, Left footed, From corner)" minute="64" period="2" second="31" time="66" type="attempt blocked" type_id="15"/>
	<message comment="Samir Nasri wins a corner (To the right)" minute="64" period="2" second="6" time="66" type="corner" type_id="6"/>
	<message comment="Kevin Nolan is substituted off" minute="63" period="2" second="20" time="65" type="substitution off" type_id="18"/>
	<message comment="Matthew Jarvis is substituted on" minute="63" period="2" second="20" time="65" type="substitution on" type_id="19"/>
	<message comment="Sergio Agüero misses attempt (18-yard box, Head, Open play)" minute="62" period="2" second="44" time="64" type="attempt missed" type_id="13"/>
	<message comment="Martín Demichelis recieves a yellow card" minute="60" period="2" second="10" time="62" type="card received" type_id="17"/>
	<message comment="George McCartney misses attempt (To the left, 18-yard box, Head, From corner)" minute="56" period="2" second="34" time="58" type="attempt missed" type_id="13"/>
	<message comment="Matthew Taylor wins a corner (To the right)" minute="56" period="2" second="10" time="58" type="corner" type_id="6"/>
	<message comment="Matthew Taylor misses attempt (Out of box, Right footed, Open play)" minute="54" period="2" second="35" time="56" type="attempt missed" type_id="13"/>
	<message comment="Adrián makes a save (Parried into danger)" minute="54" period="2" second="0" time="56" type="save made" type_id="10"/>
	<message comment="Samir Nasri has attempt saved (Low to the right, Out of box, Left footed, Open play)" minute="54" period="2" second="0" time="56" type="attempt blocked" type_id="15"/>
	<message comment="Sergio Agüero misses attempt (To the right, Out of box, Right footed, Open play)" minute="51" period="2" second="34" time="53" type="attempt missed" type_id="13"/>
	<message comment="GOAL! Vincent Kompany scores  (Low to the centre, 6-yard box, Big Chance, Right footed, From corner)" minute="48" period="2" second="49" time="50" type="goal scored" type_id="16"/>
	<message comment="Javi García wins a corner (To the left)" minute="48" period="2" second="34" time="50" type="corner" type_id="6"/>
	<message comment="Mark Noble blocks a shot" minute="48" period="2" second="26" time="50" type="save made" type_id="10"/>
	<message comment="Javi García has shot blocked (6-yard box, Head, From corner)" minute="48" period="2" second="26" time="50" type="attempt blocked" type_id="15"/>
	<message comment="Edin Dzeko is caught offside" minute="45" period="2" time="47" type="offside" type_id="10000"/>
	<message comment="Second half begins!" minute="45" period="2" second="0" time="47" type="start" type_id="32"/>
	<message comment="First half ends" minute="46" period="1" second="24" time="46" type="end" type_id="30"/>
	<message comment="Andy Carroll blocks a shot" minute="46" period="1" second="19" time="46" type="save made" type_id="10"/>
	<message comment="David Silva has shot blocked (18-yard box, Left footed, From corner)" minute="46" period="1" second="19" time="46" type="attempt blocked" type_id="15"/>
	<message comment="Samir Nasri wins a corner (To the right)" minute="45" period="1" second="59" time="45" type="corner" type_id="6"/>
	<message comment="Javi García misses attempt (To the right, 18-yard box, Right footed, From corner)" minute="44" period="1" second="20" time="44" type="attempt missed" type_id="13"/>
	<message comment="Pablo Zabaleta wins a corner (To the right)" minute="43" period="1" second="55" time="43" type="corner" type_id="6"/>
	<message comment="James Tomkins blocks a shot" minute="43" period="1" second="50" time="43" type="save made" type_id="10"/>
	<message comment="Pablo Zabaleta has shot blocked (6-yard box, Right footed, Open play)" minute="43" period="1" second="50" time="43" type="attempt blocked" type_id="15"/>
	<message comment="Sergio Agüero misses attempt (To the left, 18-yard box, Head, Set piece)" minute="43" period="1" second="10" time="43" type="attempt missed" type_id="13"/>
	<message comment="Edin Dzeko wins a corner (To the left)" minute="40" period="1" second="27" time="40" type="corner" type_id="6"/>
	<message comment="GOAL! Samir Nasri scores , Assisted by Yaya Touré (Low to the left, Out of box, Right footed, Open play)" minute="38" period="1" second="50" time="38" type="goal scored" type_id="16"/>
	<message comment="Sergio Agüero is caught offside" minute="36" period="1" time="36" type="offside" type_id="10000"/>
	<message comment="Samir Nasri wins a corner (To the right)" minute="33" period="1" second="10" time="33" type="corner" type_id="6"/>
	<message comment="David Silva wins a corner (To the left)" minute="32" period="1" second="40" time="32" type="corner" type_id="6"/>
	<message comment="Kevin Nolan recieves a yellow card" minute="31" period="1" second="6" time="31" type="card received" type_id="17"/>
	<message comment="Aleksandar Kolarov misses attempt (High to the left, Out of box, Left footed, Open play)" minute="29" period="1" second="35" time="29" type="attempt missed" type_id="13"/>
	<message comment="Edin Dzeko misses attempt (High to the left, 18-yard box, Left footed, Throw-in)" minute="25" period="1" second="30" time="25" type="attempt missed" type_id="13"/>
	<message comment="Aleksandar Kolarov wins a corner (To the right)" minute="24" period="1" second="44" time="24" type="corner" type_id="6"/>
	<message comment="Adrián makes a save (Diving, Parried safe)" minute="24" period="1" second="31" time="24" type="save made" type_id="10"/>
	<message comment="Aleksandar Kolarov has attempt saved (High to the right, Out of box, Left footed, Open play)" minute="24" period="1" second="31" time="24" type="attempt blocked" type_id="15"/>
	<message comment="Edin Dzeko misses attempt (High to the left, Out of box, Left footed, Fast break)" minute="22" period="1" second="1" time="22" type="attempt missed" type_id="13"/>
	<message comment="Yaya Touré misses attempt (To the left, Out of box, Right footed, Open play)" minute="21" period="1" second="12" time="21" type="attempt missed" type_id="13"/>
	<message comment="Winston Reid blocks a shot" minute="20" period="1" second="32" time="20" type="save made" type_id="10"/>
	<message comment="Sergio Agüero has shot blocked (18-yard box, Left footed, Open play)" minute="20" period="1" second="32" time="20" type="attempt blocked" type_id="15"/>
	<message comment="Samir Nasri wins a corner (To the right)" minute="19" period="1" second="19" time="19" type="corner" type_id="6"/>
	<message comment="Adrián makes a save (Standing)" minute="17" period="1" second="55" time="17" type="save made" type_id="10"/>
	<message comment="Sergio Agüero has attempt saved (Low to the centre, Out of box, Right footed, Open play)" minute="17" period="1" second="55" time="17" type="attempt blocked" type_id="15"/>
	<message comment="Edin Dzeko wins a corner (To the right)" minute="14" period="1" second="31" time="14" type="corner" type_id="6"/>
	<message comment="Kevin Nolan misses attempt (High, Out of box, Right footed, Open play)" minute="11" period="1" second="25" time="11" type="attempt missed" type_id="13"/>
	<message comment="David Silva misses attempt (High, 18-yard box, Left footed, Open play)" minute="10" period="1" second="23" time="10" type="attempt missed" type_id="13"/>
	<message comment="Kevin Nolan blocks a shot" minute="10" period="1" second="12" time="10" type="save made" type_id="10"/>
	<message comment="Yaya Touré has shot blocked (Out of box, Right footed, Open play)" minute="10" period="1" second="12" time="10" type="attempt blocked" type_id="15"/>
	<message comment="Formation Set" minute="0" period="14" second="0" time="5" type="end" type_id="30"/>
	<message comment="First half begins!" minute="0" period="1" second="0" time="0" type="start" type_id="32"/>
</Commentary>
