<?xml version="1.0" ?>
<Commentary away_team_name="Manchester United" competition="English Premier League" game_date="2013-01-30" home_team_name="Southampton" lang_id="en" season="Season 2012/2013" season_id="2012" sport_id="1" sport_name="Football">
	<message comment="Second half ends" minute="93" period="2" second="0" time="96" type="end" type_id="30"/>
	<message comment="Jos Hooiveld misses attempt (To the left, Out of box, Left footed, Open play)" minute="92" period="2" second="53" time="95" type="attempt missed" type_id="13"/>
	<message comment="Adam Lallana has shot blocked (Out of box, Left footed, Open play)" minute="92" period="2" second="50" time="95" type="attempt blocked" type_id="15"/>
	<message comment="Michael Carrick blocks a shot" minute="92" period="2" second="50" time="95" type="save made" type_id="10"/>
	<message comment="Jay Rodriguez misses attempt (To the left, 18-yard box, Head, Open play)" minute="90" period="2" second="20" time="93" type="attempt missed" type_id="13"/>
	<message comment="Morgan Schneiderlin misses attempt (High, Out of box, Right footed, Open play)" minute="84" period="2" second="38" time="87" type="attempt missed" type_id="13"/>
	<message comment="Nemanja Vidic blocks a shot" minute="84" period="2" second="35" time="87" type="save made" type_id="10"/>
	<message comment="Rickie Lambert has shot blocked (18-yard box, Left footed, Open play)" minute="84" period="2" second="35" time="87" type="attempt blocked" type_id="15"/>
	<message comment="Rafael recieves a yellow card" minute="82" period="2" second="22" time="85" type="card received" type_id="17"/>
	<message comment="Robin van Persie wins a corner (To the left)" minute="79" period="2" second="14" time="82" type="corner" type_id="6"/>
	<message comment="Daniel Fox is substituted off" minute="77" period="2" second="43" time="80" type="substitution off" type_id="18"/>
	<message comment="Luke Shaw is substituted on" minute="77" period="2" second="43" time="80" type="substitution on" type_id="19"/>
	<message comment="David de Gea makes a save (Parried safe, Diving)" minute="76" period="2" second="52" time="79" type="save made" type_id="10"/>
	<message comment="Rickie Lambert has attempt saved (Low to the right, Out of box, Right footed, Free kick)" minute="76" period="2" second="52" time="79" type="attempt blocked" type_id="15"/>
	<message comment="Nemanja Vidic recieves a yellow card" minute="75" period="2" second="53" time="78" type="card received" type_id="17"/>
	<message comment="Robin van Persie has attempt saved (Low to the left, 6-yard box, Big Chance, Head, Open play)" minute="74" period="2" second="41" time="77" type="attempt blocked" type_id="15"/>
	<message comment="Artur Boruc makes a save (Parried safe, Diving)" minute="74" period="2" second="41" time="77" type="save made" type_id="10"/>
	<message comment="Robin van Persie is caught offside" minute="74" period="2" time="77" type="offside" type_id="10000"/>
	<message comment="Shinji Kagawa is substituted off" minute="72" period="2" second="57" time="75" type="substitution off" type_id="18"/>
	<message comment="Nani is substituted on" minute="72" period="2" second="57" time="75" type="substitution on" type_id="19"/>
	<message comment="Nathaniel Clyne wins a corner (To the left)" minute="71" period="2" second="30" time="74" type="corner" type_id="6"/>
	<message comment="Artur Boruc makes a save (Diving, Parried into danger)" minute="70" period="2" second="28" time="73" type="save made" type_id="10"/>
	<message comment="Wayne Rooney has attempt saved (Low to the centre, 18-yard box, Right footed, Fast break)" minute="70" period="2" second="28" time="73" type="attempt blocked" type_id="15"/>
	<message comment="Anderson is substituted off" minute="67" period="2" second="33" time="70" type="substitution off" type_id="18"/>
	<message comment="Rafael is substituted on" minute="67" period="2" second="33" time="70" type="substitution on" type_id="19"/>
	<message comment="Jay Rodriguez misses attempt (High to the right, Out of box, Right footed, Open play)" minute="67" period="2" second="3" time="70" type="attempt missed" type_id="13"/>
	<message comment="Chris Smalling is substituted off" minute="62" period="2" second="48" time="65" type="substitution off" type_id="18"/>
	<message comment="Rio Ferdinand is substituted on" minute="62" period="2" second="48" time="65" type="substitution on" type_id="19"/>
	<message comment="Steven Davis misses attempt (18-yard box, Head, From corner)" minute="61" period="2" second="17" time="64" type="attempt missed" type_id="13"/>
	<message comment="Morgan Schneiderlin wins a corner (To the left)" minute="60" period="2" second="45" time="63" type="corner" type_id="6"/>
	<message comment="Morgan Schneiderlin has shot blocked (Out of box, Right footed, Open play)" minute="60" period="2" second="44" time="63" type="attempt blocked" type_id="15"/>
	<message comment="Michael Carrick blocks a shot" minute="60" period="2" second="44" time="63" type="save made" type_id="10"/>
	<message comment="Rickie Lambert has attempt saved (High to the centre, Out of box, Right footed, Free kick)" minute="60" period="2" second="26" time="63" type="attempt blocked" type_id="15"/>
	<message comment="David de Gea makes a save (Parried into danger, Standing)" minute="60" period="2" second="26" time="63" type="save made" type_id="10"/>
	<message comment="Steven Davis misses attempt (To the right, Out of box, Left footed, Open play)" minute="58" period="2" second="30" time="61" type="attempt missed" type_id="13"/>
	<message comment="Jay Rodriguez wins a corner (To the right)" minute="57" period="2" second="47" time="60" type="corner" type_id="6"/>
	<message comment="Nathaniel Clyne wins a corner (To the right)" minute="56" period="2" second="56" time="59" type="corner" type_id="6"/>
	<message comment="Rickie Lambert misses attempt (To the right, Out of box, Right footed, Open play)" minute="53" period="2" second="20" time="56" type="attempt missed" type_id="13"/>
	<message comment="Daniel Fox wins a corner (To the left)" minute="52" period="2" second="38" time="55" type="corner" type_id="6"/>
	<message comment="Robin van Persie is caught offside" minute="49" period="2" time="52" type="offside" type_id="10000"/>
	<message comment="Rickie Lambert has attempt saved (Low to the left, Out of box, Right footed, Open play)" minute="48" period="2" second="47" time="51" type="attempt blocked" type_id="15"/>
	<message comment="David de Gea makes a save (Collected, Diving)" minute="48" period="2" second="47" time="51" type="save made" type_id="10"/>
	<message comment="Nemanja Vidic blocks a shot" minute="48" period="2" second="45" time="51" type="save made" type_id="10"/>
	<message comment="Jay Rodriguez has shot blocked (Out of box, Right footed, Open play)" minute="48" period="2" second="45" time="51" type="attempt blocked" type_id="15"/>
	<message comment="Gastón Ramírez is substituted off" minute="45" period="2" second="0" time="48" type="substitution off" type_id="18"/>
	<message comment="Adam Lallana is substituted on" minute="45" period="2" second="0" time="48" type="substitution on" type_id="19"/>
	<message comment="Jason Puncheon is substituted off" minute="45" period="2" second="0" time="48" type="substitution off" type_id="18"/>
	<message comment="Steven Davis is substituted on" minute="45" period="2" second="0" time="48" type="substitution on" type_id="19"/>
	<message comment="Second half begins!" minute="45" period="2" second="0" time="48" type="start" type_id="32"/>
	<message comment="First half ends" minute="47" period="1" second="1" time="47" type="end" type_id="30"/>
	<message comment="Morgan Schneiderlin recieves a yellow card" minute="44" period="1" second="15" time="44" type="card received" type_id="17"/>
	<message comment="Jos Hooiveld wins a corner (To the right)" minute="41" period="1" second="58" time="41" type="corner" type_id="6"/>
	<message comment="Artur Boruc makes a save (Diving, Collected, From shot off target)" minute="40" period="1" second="9" time="40" type="save made" type_id="10"/>
	<message comment="Wayne Rooney misses attempt (Out of box, Right footed, Open play)" minute="40" period="1" second="6" time="40" type="attempt missed" type_id="13"/>
	<message comment="Artur Boruc makes a save (Diving, Parried safe, Feet)" minute="39" period="1" second="46" time="39" type="save made" type_id="10"/>
	<message comment="Danny Welbeck has attempt saved (Low to the centre, 18-yard box, Left footed, Open play)" minute="39" period="1" second="46" time="39" type="attempt blocked" type_id="15"/>
	<message comment="Rickie Lambert misses attempt (High, 18-yard box, Head, From corner)" minute="33" period="1" second="48" time="33" type="attempt missed" type_id="13"/>
	<message comment="Jay Rodriguez wins a corner (To the right)" minute="33" period="1" second="19" time="33" type="corner" type_id="6"/>
	<message comment="Jay Rodriguez has shot blocked (Out of box, Right footed, Open play)" minute="33" period="1" second="18" time="33" type="attempt blocked" type_id="15"/>
	<message comment="Anderson blocks a shot" minute="33" period="1" second="18" time="33" type="save made" type_id="10"/>
	<message comment="Robin van Persie misses attempt (High to the left, 18-yard box, Left footed, Open play)" minute="30" period="1" second="46" time="30" type="attempt missed" type_id="13"/>
	<message comment="Patrice Evra misses attempt (High to the left, Out of box, Left footed, Open play)" minute="29" period="1" second="15" time="29" type="attempt missed" type_id="13"/>
	<message comment="GOAL! Wayne Rooney scores , Assisted by Patrice Evra (Low to the centre, 6-yard box, Big Chance, Right footed, Set piece)" minute="26" period="1" second="10" time="26" type="goal scored" type_id="16"/>
	<message comment="Robin van Persie wins a corner (To the right)" minute="21" period="1" second="59" time="21" type="corner" type_id="6"/>
	<message comment="Maya Yoshida blocks a shot" minute="21" period="1" second="51" time="21" type="save made" type_id="10"/>
	<message comment="Robin van Persie has shot blocked (Out of box, Left footed, Open play)" minute="21" period="1" second="51" time="21" type="attempt blocked" type_id="15"/>
	<message comment="Robin van Persie wins a corner (To the left)" minute="19" period="1" second="5" time="19" type="corner" type_id="6"/>
	<message comment="Gastón Ramírez misses attempt (High, Out of box, Left footed, Free kick)" minute="17" period="1" second="17" time="17" type="attempt missed" type_id="13"/>
	<message comment="Jay Rodriguez is caught offside" minute="17" period="1" time="17" type="offside" type_id="10000"/>
	<message comment="Jack Cork has shot blocked (Out of box, Right footed, From corner)" minute="13" period="1" second="26" time="13" type="attempt blocked" type_id="15"/>
	<message comment="Chris Smalling blocks a shot" minute="13" period="1" second="26" time="13" type="save made" type_id="10"/>
	<message comment="Rickie Lambert wins a corner (To the left)" minute="12" period="1" second="54" time="12" type="corner" type_id="6"/>
	<message comment="Rickie Lambert has shot blocked (Out of box, Right footed, Free kick)" minute="12" period="1" second="50" time="12" type="attempt blocked" type_id="15"/>
	<message comment="Shinji Kagawa blocks a shot" minute="12" period="1" second="50" time="12" type="save made" type_id="10"/>
	<message comment="Shinji Kagawa is caught offside" minute="10" period="1" time="10" type="offside" type_id="10000"/>
	<message comment="Shinji Kagawa hits the woodwork (To the left, 18-yard box, Big Chance, Left footed, Open play)" minute="9" period="1" second="56" time="9" type="woodwork hit" type_id="14"/>
	<message comment="GOAL! Wayne Rooney scores , Assisted by Shinji Kagawa (Low to the centre, 18-yard box, Big Chance, Right footed, Open play)" minute="7" period="1" second="45" time="7" type="goal scored" type_id="16"/>
	<message comment="Formation Set" minute="0" period="14" second="0" time="6" type="end" type_id="30"/>
	<message comment="Chris Smalling misses attempt (High to the left, 6-yard box, Head, From corner)" minute="5" period="1" second="0" time="5" type="attempt missed" type_id="13"/>
	<message comment="Wayne Rooney wins a corner (To the left)" minute="4" period="1" second="34" time="4" type="corner" type_id="6"/>
	<message comment="GOAL! Jay Rodriguez scores  (Low to the left, 18-yard box, Big Chance, Right footed, Open play)" minute="2" period="1" second="11" time="2" type="goal scored" type_id="16"/>
	<message comment="First half begins!" minute="0" period="1" second="0" time="0" type="start" type_id="32"/>
</Commentary>
