<?xml version="1.0" ?>
<Commentary away_team_name="Manchester City" competition="English Premier League" game_date="2013-11-24" home_team_name="Tottenham" lang_id="en" season="Season 2013/2014" season_id="2013" sport_id="1" sport_name="Football">
	<message comment="Second half ends" minute="93" period="2" second="11" time="96" type="end" type_id="30"/>
	<message comment="GOAL! Jesús Navas scores , Assisted by James Milner (Low to the left, 18-yard box, Big Chance, Right footed, Open play)" minute="91" period="2" second="16" time="94" type="goal scored" type_id="16"/>
	<message comment="Aaron Lennon wins a corner (To the left)" minute="89" period="2" second="57" time="92" type="corner" type_id="6"/>
	<message comment="Emmanuel Adebayor is caught offside" minute="87" period="2" time="90" type="offside" type_id="10000"/>
	<message comment="Jan Vertonghen wins a corner (To the left)" minute="84" period="2" second="47" time="87" type="corner" type_id="6"/>
	<message comment="Álvaro Negredo wins a corner (To the left)" minute="83" period="2" second="18" time="86" type="corner" type_id="6"/>
	<message comment="Costel Pantilimon makes a save (Diving, Parried safe)" minute="79" period="2" second="41" time="82" type="save made" type_id="10"/>
	<message comment="Emmanuel Adebayor has attempt saved (Low to the centre, 18-yard box, Right footed, Open play)" minute="79" period="2" second="41" time="82" type="attempt blocked" type_id="15"/>
	<message comment="Erik Lamela is caught offside" minute="79" period="2" time="82" type="offside" type_id="10000"/>
	<message comment="Sandro misses attempt (To the left, Out of box, Right footed, Open play)" minute="78" period="2" second="56" time="81" type="attempt missed" type_id="13"/>
	<message comment="Jan Vertonghen wins a corner (To the left)" minute="77" period="2" second="38" time="80" type="corner" type_id="6"/>
	<message comment="Samir Nasri is substituted off" minute="76" period="2" second="39" time="79" type="substitution off" type_id="18"/>
	<message comment="James Milner is substituted on" minute="76" period="2" second="39" time="79" type="substitution on" type_id="19"/>
	<message comment="Costel Pantilimon makes a save" minute="75" period="2" second="43" time="78" type="save made" type_id="10"/>
	<message comment="Gylfi Sigurdsson has attempt saved (Low to the centre, Out of box, Right footed, Open play)" minute="75" period="2" second="43" time="78" type="attempt blocked" type_id="15"/>
	<message comment="Yaya Touré misses attempt (Out of box, Right footed, Open play)" minute="74" period="2" second="46" time="77" type="attempt missed" type_id="13"/>
	<message comment="Álvaro Negredo misses attempt (High, 18-yard box, Head, Open play)" minute="72" period="2" second="3" time="75" type="attempt missed" type_id="13"/>
	<message comment="Sergio Agüero is substituted off" minute="68" period="2" second="52" time="71" type="substitution off" type_id="18"/>
	<message comment="Javi García is substituted on" minute="68" period="2" second="52" time="71" type="substitution on" type_id="19"/>
	<message comment="Fernandinho has shot blocked (Out of box, Right footed, From corner)" minute="66" period="2" second="46" time="69" type="attempt blocked" type_id="15"/>
	<message comment="Michael Dawson blocks a shot" minute="66" period="2" second="46" time="69" type="save made" type_id="10"/>
	<message comment="Jesús Navas wins a corner (To the right)" minute="66" period="2" second="18" time="69" type="corner" type_id="6"/>
	<message comment="Pablo Zabaleta wins a corner (To the right)" minute="64" period="2" second="19" time="67" type="corner" type_id="6"/>
	<message comment="Pablo Zabaleta has shot blocked (18-yard box, Left footed, Open play)" minute="64" period="2" second="16" time="67" type="attempt blocked" type_id="15"/>
	<message comment="Sandro blocks a shot" minute="64" period="2" second="16" time="67" type="save made" type_id="10"/>
	<message comment="Costel Pantilimon makes a save (Diving)" minute="63" period="2" second="42" time="66" type="save made" type_id="10"/>
	<message comment="Mousa Dembélé has attempt saved (Low to the left, Out of box, Left footed, Open play)" minute="63" period="2" second="42" time="66" type="attempt blocked" type_id="15"/>
	<message comment="Paulinho is substituted off" minute="60" period="2" second="43" time="63" type="substitution off" type_id="18"/>
	<message comment="Mousa Dembélé is substituted on" minute="60" period="2" second="43" time="63" type="substitution on" type_id="19"/>
	<message comment="Roberto Soldado is substituted off" minute="60" period="2" second="24" time="63" type="substitution off" type_id="18"/>
	<message comment="Gylfi Sigurdsson is substituted on" minute="60" period="2" second="24" time="63" type="substitution on" type_id="19"/>
	<message comment="Costel Pantilimon makes a save (Standing)" minute="58" period="2" second="48" time="61" type="save made" type_id="10"/>
	<message comment="Paulinho has attempt saved (High to the right, 18-yard box, Other body part, Open play)" minute="58" period="2" second="48" time="61" type="attempt blocked" type_id="15"/>
	<message comment="Sandro misses attempt (Out of box, Key pass, Right footed, From corner)" minute="58" period="2" second="46" time="61" type="attempt missed" type_id="13"/>
	<message comment="Emmanuel Adebayor wins a corner (To the left)" minute="58" period="2" second="24" time="61" type="corner" type_id="6"/>
	<message comment="Joleon Lescott blocks a shot" minute="58" period="2" second="22" time="61" type="save made" type_id="10"/>
	<message comment="Emmanuel Adebayor has shot blocked (18-yard box, Right footed, Open play)" minute="58" period="2" second="22" time="61" type="attempt blocked" type_id="15"/>
	<message comment="GOAL! Álvaro Negredo scores , Assisted by Fernandinho (High to the right, Out of box, Left footed, Open play)" minute="54" period="2" second="48" time="57" type="goal scored" type_id="16"/>
	<message comment="GOAL! Sergio Agüero scores , Assisted by Yaya Touré (Low to the right, 18-yard box, Big Chance, Right footed, Open play)" minute="49" period="2" second="36" time="52" type="goal scored" type_id="16"/>
	<message comment="Lewis Holtby is substituted off" minute="45" period="2" second="0" time="48" type="substitution off" type_id="18"/>
	<message comment="Emmanuel Adebayor is substituted on" minute="45" period="2" second="0" time="48" type="substitution on" type_id="19"/>
	<message comment="Matija Nastasic is substituted off" minute="45" period="2" second="0" time="48" type="substitution off" type_id="18"/>
	<message comment="Joleon Lescott is substituted on" minute="45" period="2" second="0" time="48" type="substitution on" type_id="19"/>
	<message comment="Second half begins!" minute="45" period="2" second="0" time="48" type="start" type_id="32"/>
	<message comment="First half ends" minute="47" period="1" second="2" time="47" type="end" type_id="30"/>
	<message comment="Kyle Walker recieves a yellow card" minute="45" period="1" second="56" time="45" type="card received" type_id="17"/>
	<message comment="Sergio Agüero is caught offside" minute="45" period="1" time="45" type="offside" type_id="10000"/>
	<message comment="Yaya Touré recieves a yellow card" minute="43" period="1" second="55" time="43" type="card received" type_id="17"/>
	<message comment="Paulinho misses attempt (High to the right, 18-yard box, Right footed, Open play)" minute="41" period="1" second="26" time="41" type="attempt missed" type_id="13"/>
	<message comment="GOAL! Sergio Agüero scores , Assisted by Jesús Navas (Low to the left, 18-yard box, Big Chance, Left footed, Open play)" minute="40" period="1" second="4" time="40" type="goal scored" type_id="16"/>
	<message comment="Jan Vertonghen recieves a yellow card" minute="37" period="1" second="20" time="37" type="card received" type_id="17"/>
	<message comment="Álvaro Negredo has attempt saved (Low to the right, Out of box, Left footed, Open play)" minute="35" period="1" second="42" time="35" type="attempt blocked" type_id="15"/>
	<message comment="Hugo Lloris makes a save" minute="35" period="1" second="42" time="35" type="save made" type_id="10"/>
	<message comment="Sandro scores an OWN GOAL!  (Low to the right, 6-yard box, Right footed, Open play)" minute="33" period="1" second="36" time="33" type="goal scored" type_id="16"/>
	<message comment="Álvaro Negredo has shot blocked (18-yard box, Big Chance, Left footed, Open play)" minute="33" period="1" second="35" time="33" type="attempt blocked" type_id="15"/>
	<message comment="Younes Kaboul blocks a shot (Last line)" minute="33" period="1" second="35" time="33" type="save made" type_id="10"/>
	<message comment="Hugo Lloris makes a save (Parried into danger, Standing)" minute="33" period="1" second="34" time="33" type="save made" type_id="10"/>
	<message comment="Sergio Agüero has attempt saved (High to the right, 18-yard box, Left footed, Open play)" minute="33" period="1" second="34" time="33" type="attempt blocked" type_id="15"/>
	<message comment="Jan Vertonghen wins a corner (To the left)" minute="23" period="1" second="49" time="23" type="corner" type_id="6"/>
	<message comment="Erik Lamela misses attempt (To the left, 18-yard box, Left footed, From corner)" minute="21" period="1" second="43" time="21" type="attempt missed" type_id="13"/>
	<message comment="Aaron Lennon wins a corner (To the right)" minute="21" period="1" second="9" time="21" type="corner" type_id="6"/>
	<message comment="Roberto Soldado misses attempt (To the left, Out of box, Right footed, Open play)" minute="19" period="1" second="58" time="19" type="attempt missed" type_id="13"/>
	<message comment="Sandro recieves a yellow card" minute="19" period="1" second="25" time="19" type="card received" type_id="17"/>
	<message comment="Sergio Agüero wins a corner (To the left)" minute="19" period="1" second="3" time="19" type="corner" type_id="6"/>
	<message comment="Costel Pantilimon makes a save (Collected)" minute="17" period="1" second="21" time="17" type="save made" type_id="10"/>
	<message comment="Jan Vertonghen has attempt saved (Low to the right, Out of box, Left footed, Set piece)" minute="17" period="1" second="21" time="17" type="attempt blocked" type_id="15"/>
	<message comment="Roberto Soldado wins a corner (To the left)" minute="15" period="1" second="41" time="15" type="corner" type_id="6"/>
	<message comment="Paulinho is caught offside" minute="13" period="1" time="13" type="offside" type_id="10000"/>
	<message comment="Lewis Holtby has shot blocked (Out of box, Left footed, Open play)" minute="12" period="1" second="5" time="12" type="attempt blocked" type_id="15"/>
	<message comment="Paulinho is caught offside" minute="12" period="1" time="12" type="offside" type_id="10000"/>
	<message comment="Jesús Navas misses attempt (High to the left, 18-yard box, Right footed, Open play)" minute="8" period="1" second="23" time="8" type="attempt missed" type_id="13"/>
	<message comment="Hugo Lloris makes a save (Parried into danger, Standing)" minute="6" period="1" second="22" time="6" type="save made" type_id="10"/>
	<message comment="Sergio Agüero has attempt saved (High to the centre, 18-yard box, Big Chance, Right footed, Open play)" minute="6" period="1" second="22" time="6" type="attempt blocked" type_id="15"/>
	<message comment="Formation Set" minute="0" period="14" second="0" time="6" type="end" type_id="30"/>
	<message comment="Erik Lamela misses attempt (18-yard box, Big Chance, Left footed, Open play)" minute="4" period="1" second="24" time="4" type="attempt missed" type_id="13"/>
	<message comment="Kyle Walker is caught offside" minute="4" period="1" time="4" type="offside" type_id="10000"/>
	<message comment="GOAL! Jesús Navas scores  (High to the left, 18-yard box, Right footed, Open play)" minute="0" period="1" second="13" time="0" type="goal scored" type_id="16"/>
	<message comment="Hugo Lloris makes a save (Parried safe, Diving)" minute="0" period="1" second="9" time="0" type="save made" type_id="10"/>
	<message comment="Sergio Agüero has attempt saved (Low to the right, Out of box, Right footed, Open play)" minute="0" period="1" second="9" time="0" type="attempt blocked" type_id="15"/>
	<message comment="First half begins!" minute="0" period="1" second="0" time="0" type="start" type_id="32"/>
</Commentary>
