<?xml version="1.0" ?>
<Commentary away_team_name="Manchester United" competition="English Premier League" game_date="2013-01-13" home_team_name="Liverpool" lang_id="en" season="Season 2012/2013" season_id="2012" sport_id="1" sport_name="Football">
	<message comment="Second half ends" minute="94" period="2" second="5" time="100" type="end" type_id="30"/>
	<message comment="Daniel Agger recieves a yellow card" minute="93" period="2" second="48" time="99" type="card received" type_id="17"/>
	<message comment="David de Gea makes a save (Standing)" minute="91" period="2" second="35" time="97" type="save made" type_id="10"/>
	<message comment="Luis Suárez has attempt saved (Low to the left, 18-yard box, Head, Open play)" minute="91" period="2" second="35" time="97" type="attempt blocked" type_id="15"/>
	<message comment="Robin van Persie has attempt saved (High to the right, 18-yard box, Big Chance, Right footed, Open play)" minute="90" period="2" second="32" time="96" type="attempt blocked" type_id="15"/>
	<message comment="Pepe Reina makes a save (Diving)" minute="90" period="2" second="32" time="96" type="save made" type_id="10"/>
	<message comment="Daniel Sturridge misses attempt (18-yard box, Left footed, Open play)" minute="89" period="2" second="49" time="95" type="attempt missed" type_id="13"/>
	<message comment="Luis Antonio Valencia blocks a shot" minute="88" period="2" second="42" time="94" type="save made" type_id="10"/>
	<message comment="Glen Johnson has shot blocked (Out of box, Right footed, Open play)" minute="88" period="2" second="42" time="94" type="attempt blocked" type_id="15"/>
	<message comment="Robin van Persie is caught offside" minute="86" period="2" time="92" type="offside" type_id="10000"/>
	<message comment="Daniel Sturridge misses attempt (High, 18-yard box, Big Chance, Right footed, Open play)" minute="84" period="2" second="33" time="90" type="attempt missed" type_id="13"/>
	<message comment="Joe Allen is substituted off" minute="79" period="2" second="47" time="85" type="substitution off" type_id="18"/>
	<message comment="Jordan Henderson is substituted on" minute="79" period="2" second="47" time="85" type="substitution on" type_id="19"/>
	<message comment="Nemanja Vidic is substituted off" minute="79" period="2" second="11" time="85" type="substitution off" type_id="18"/>
	<message comment="Chris Smalling is substituted on" minute="79" period="2" second="11" time="85" type="substitution on" type_id="19"/>
	<message comment="Patrice Evra wins a corner (To the left)" minute="77" period="2" second="31" time="83" type="corner" type_id="6"/>
	<message comment="Shinji Kagawa is substituted off" minute="76" period="2" second="43" time="82" type="substitution off" type_id="18"/>
	<message comment="Phil Jones is substituted on" minute="76" period="2" second="43" time="82" type="substitution on" type_id="19"/>
	<message comment="Glen Johnson recieves a yellow card" minute="75" period="2" second="27" time="81" type="card received" type_id="17"/>
	<message comment="Patrice Evra recieves a yellow card" minute="73" period="2" second="1" time="79" type="card received" type_id="17"/>
	<message comment="Fabio Borini misses attempt (Out of box, Right footed, Open play)" minute="71" period="2" second="48" time="77" type="attempt missed" type_id="13"/>
	<message comment="Patrice Evra blocks a shot" minute="71" period="2" second="1" time="77" type="save made" type_id="10"/>
	<message comment="Stewart Downing has shot blocked (Out of box, Left footed, Open play)" minute="71" period="2" second="1" time="77" type="attempt blocked" type_id="15"/>
	<message comment="Daniel Sturridge misses attempt (18-yard box, Left footed, Fast break)" minute="69" period="2" second="57" time="75" type="attempt missed" type_id="13"/>
	<message comment="Glen Johnson misses attempt (To the left, Out of box, Right footed, Open play)" minute="67" period="2" second="5" time="73" type="attempt missed" type_id="13"/>
	<message comment="Shinji Kagawa wins a corner (To the right)" minute="63" period="2" second="17" time="69" type="corner" type_id="6"/>
	<message comment="Shinji Kagawa has attempt saved (Low to the right, Out of box, Right footed, Open play)" minute="63" period="2" second="16" time="69" type="attempt blocked" type_id="15"/>
	<message comment="Pepe Reina makes a save (Parried safe, Diving)" minute="63" period="2" second="16" time="69" type="save made" type_id="10"/>
	<message comment="Raheem Sterling is substituted off" minute="61" period="2" second="58" time="67" type="substitution off" type_id="18"/>
	<message comment="Fabio Borini is substituted on" minute="61" period="2" second="58" time="67" type="substitution on" type_id="19"/>
	<message comment="Luis Suárez is caught offside" minute="61" period="2" time="67" type="offside" type_id="10000"/>
	<message comment="Robin van Persie has shot blocked (Out of box, Left footed, Free kick)" minute="60" period="2" second="52" time="66" type="attempt blocked" type_id="15"/>
	<message comment="Martin Skrtel blocks a shot" minute="60" period="2" second="52" time="66" type="save made" type_id="10"/>
	<message comment="GOAL! Daniel Sturridge scores  (Low to the left, 18-yard box, Big Chance, Left footed, Open play)" minute="56" period="2" second="51" time="62" type="goal scored" type_id="16"/>
	<message comment="David de Gea makes a save (Parried into danger, Diving)" minute="56" period="2" second="49" time="62" type="save made" type_id="10"/>
	<message comment="Steven Gerrard has attempt saved (Low to the left, Out of box, Right footed, Open play)" minute="56" period="2" second="49" time="62" type="attempt blocked" type_id="15"/>
	<message comment="Nemanja Vidic blocks a shot" minute="56" period="2" second="7" time="62" type="save made" type_id="10"/>
	<message comment="Luis Suárez has shot blocked (Out of box, Right footed, Open play)" minute="56" period="2" second="7" time="62" type="attempt blocked" type_id="15"/>
	<message comment="GOAL! Nemanja Vidic scores , Assisted by Patrice Evra (Low to the centre, 6-yard box, Big Chance, Head, Set piece)" minute="53" period="2" second="36" time="59" type="goal scored" type_id="16"/>
	<message comment="Patrice Evra has shot blocked (6-yard box, Big Chance, Key pass, Head, Set piece)" minute="53" period="2" second="35" time="59" type="attempt blocked" type_id="15"/>
	<message comment="Martin Skrtel recieves a yellow card" minute="52" period="2" second="40" time="58" type="card received" type_id="17"/>
	<message comment="Andre Wisdom misses attempt (High to the right, 18-yard box, Right footed, Fast break)" minute="51" period="2" second="9" time="57" type="attempt missed" type_id="13"/>
	<message comment="Robin van Persie misses attempt (High to the left, Out of box, Left footed, Free kick)" minute="48" period="2" second="30" time="54" type="attempt missed" type_id="13"/>
	<message comment="Danny Welbeck misses attempt (To the left, Out of box, Left footed, Open play)" minute="46" period="2" second="39" time="52" type="attempt missed" type_id="13"/>
	<message comment="Luis Antonio Valencia is substituted on" minute="45" period="2" second="0" time="51" type="substitution on" type_id="19"/>
	<message comment="Ashley Young is substituted off" minute="45" period="2" second="0" time="51" type="substitution off" type_id="18"/>
	<message comment="Lucas Leiva is substituted off" minute="45" period="2" second="0" time="51" type="substitution off" type_id="18"/>
	<message comment="Daniel Sturridge is substituted on" minute="45" period="2" second="0" time="51" type="substitution on" type_id="19"/>
	<message comment="Second half begins!" minute="45" period="2" second="0" time="51" type="start" type_id="32"/>
	<message comment="First half ends" minute="50" period="1" second="20" time="50" type="end" type_id="30"/>
	<message comment="Lucas Leiva recieves a yellow card" minute="48" period="1" second="38" time="48" type="card received" type_id="17"/>
	<message comment="Robin van Persie has shot blocked (18-yard box, Big Chance, Right footed, Open play)" minute="44" period="1" second="14" time="44" type="attempt blocked" type_id="15"/>
	<message comment="Martin Skrtel blocks a shot (Last line)" minute="44" period="1" second="14" time="44" type="save made" type_id="10"/>
	<message comment="Luis Suárez wins a corner (To the right)" minute="41" period="1" second="21" time="41" type="corner" type_id="6"/>
	<message comment="Tom Cleverley misses attempt (18-yard box, Left footed, Open play)" minute="40" period="1" second="33" time="40" type="attempt missed" type_id="13"/>
	<message comment="Luis Suárez misses attempt (High to the right, 18-yard box, Left footed, Throw-in)" minute="35" period="1" second="56" time="35" type="attempt missed" type_id="13"/>
	<message comment="Danny Welbeck misses attempt (High, 18-yard box, Left footed, Open play)" minute="34" period="1" second="20" time="34" type="attempt missed" type_id="13"/>
	<message comment="Daniel Agger blocks a shot" minute="32" period="1" second="53" time="32" type="save made" type_id="10"/>
	<message comment="Danny Welbeck has shot blocked (18-yard box, Left footed, Open play)" minute="32" period="1" second="53" time="32" type="attempt blocked" type_id="15"/>
	<message comment="Robin van Persie misses attempt (High, 18-yard box, Big Chance, Left footed, Open play)" minute="26" period="1" second="3" time="26" type="attempt missed" type_id="13"/>
	<message comment="GOAL! Robin van Persie scores , Assisted by Patrice Evra (Low to the centre, 18-yard box, Big Chance, Left footed, Open play)" minute="18" period="1" second="18" time="18" type="goal scored" type_id="16"/>
	<message comment="Martin Skrtel blocks a shot" minute="16" period="1" second="45" time="16" type="save made" type_id="10"/>
	<message comment="Robin van Persie has shot blocked (18-yard box, Left footed, Open play)" minute="16" period="1" second="45" time="16" type="attempt blocked" type_id="15"/>
	<message comment="Formation Set" minute="0" period="14" second="0" time="10" type="end" type_id="30"/>
	<message comment="Steven Gerrard blocks a shot" minute="9" period="1" second="27" time="9" type="save made" type_id="10"/>
	<message comment="Robin van Persie has shot blocked (Out of box, Right footed, Open play)" minute="9" period="1" second="27" time="9" type="attempt blocked" type_id="15"/>
	<message comment="Shinji Kagawa wins a corner (To the left)" minute="8" period="1" second="6" time="8" type="corner" type_id="6"/>
	<message comment="First half begins!" minute="0" period="1" second="0" time="0" type="start" type_id="32"/>
</Commentary>
