<?xml version="1.0" ?>
<Commentary away_team_name="Manchester City" competition="English Premier League" game_date="2012-03-31" home_team_name="Sunderland" lang_id="en" season="Season 2011/2012" season_id="2011" sport_id="1" sport_name="Football">
	<message comment="Second half ends" minute="94" period="2" second="8" time="99" type="end" type_id="30"/>
	<message comment="Lee Cattermole is substituted off" minute="92" period="2" second="39" time="97" type="substitution off" type_id="18"/>
	<message comment="David Vaughan is substituted on" minute="92" period="2" second="39" time="97" type="substitution on" type_id="19"/>
	<message comment="Yaya Touré misses attempt (High, Out of box, Right footed, Open play)" minute="91" period="2" second="56" time="96" type="attempt missed" type_id="13"/>
	<message comment="Michael Turner blocks a shot" minute="89" period="2" second="55" time="94" type="save made" type_id="10"/>
	<message comment="David Pizarro has shot blocked (Out of box, Right footed, Open play)" minute="89" period="2" second="55" time="94" type="attempt blocked" type_id="15"/>
	<message comment="Yaya Touré wins a corner (To the left)" minute="89" period="2" second="5" time="94" type="corner" type_id="6"/>
	<message comment="Jack Colback blocks a shot" minute="88" period="2" second="45" time="93" type="save made" type_id="10"/>
	<message comment="Kolo Touré has shot blocked (18-yard box, Left footed, From corner)" minute="88" period="2" second="45" time="93" type="attempt blocked" type_id="15"/>
	<message comment="Mario Balotelli wins a corner (To the left)" minute="88" period="2" second="27" time="93" type="corner" type_id="6"/>
	<message comment="Mario Balotelli has shot blocked (18-yard box, Left footed, Open play)" minute="88" period="2" second="26" time="93" type="attempt blocked" type_id="15"/>
	<message comment="Phil Bardsley blocks a shot" minute="88" period="2" second="26" time="93" type="save made" type_id="10"/>
	<message comment="GOAL! Aleksandar Kolarov scores , Assisted by David Pizarro (Low to the right, Out of box, Left footed, Open play)" minute="85" period="2" second="48" time="90" type="goal scored" type_id="16"/>
	<message comment="GOAL! Mario Balotelli scores , Assisted by Aleksandar Kolarov (High to the right, 18-yard box, Right footed, Open play)" minute="84" period="2" second="40" time="89" type="goal scored" type_id="16"/>
	<message comment="Nicklas Bendtner misses attempt (Out of box, Right footed, Open play)" minute="83" period="2" second="0" time="88" type="attempt missed" type_id="13"/>
	<message comment="Aleksandar Kolarov misses attempt (Out of box, Left footed, Free kick)" minute="82" period="2" second="17" time="87" type="attempt missed" type_id="13"/>
	<message comment="Matthew Kilgallon is substituted off" minute="80" period="2" second="52" time="85" type="substitution off" type_id="18"/>
	<message comment="Sotirios Kyrgiakos is substituted on" minute="80" period="2" second="52" time="85" type="substitution on" type_id="19"/>
	<message comment="James Milner is substituted off" minute="80" period="2" second="35" time="85" type="substitution off" type_id="18"/>
	<message comment="David Pizarro is substituted on" minute="80" period="2" second="35" time="85" type="substitution on" type_id="19"/>
	<message comment="Simon Mignolet makes a save" minute="78" period="2" second="27" time="83" type="save made" type_id="10"/>
	<message comment="Carlos Tevez has attempt saved (Low to the centre, Out of box, Right footed, Open play)" minute="78" period="2" second="27" time="83" type="attempt blocked" type_id="15"/>
	<message comment="Lee Cattermole blocks a shot" minute="78" period="2" second="23" time="83" type="save made" type_id="10"/>
	<message comment="Yaya Touré has shot blocked (Out of box, Right footed, Open play)" minute="78" period="2" second="23" time="83" type="attempt blocked" type_id="15"/>
	<message comment="Aleksandar Kolarov wins a corner (To the right)" minute="77" period="2" second="22" time="82" type="corner" type_id="6"/>
	<message comment="Craig Gardner blocks a shot" minute="74" period="2" second="34" time="79" type="save made" type_id="10"/>
	<message comment="Adam Johnson has shot blocked (Out of box, Left footed, Open play)" minute="74" period="2" second="34" time="79" type="attempt blocked" type_id="15"/>
	<message comment="Edin Dzeko has shot blocked (18-yard box, Right footed, Open play)" minute="73" period="2" second="22" time="78" type="attempt blocked" type_id="15"/>
	<message comment="Craig Gardner blocks a shot" minute="73" period="2" second="1" time="78" type="save made" type_id="10"/>
	<message comment="Mario Balotelli has shot blocked (Out of box, Right footed, Open play)" minute="73" period="2" second="1" time="78" type="attempt blocked" type_id="15"/>
	<message comment="Yaya Touré wins a corner (To the right)" minute="71" period="2" second="30" time="76" type="corner" type_id="6"/>
	<message comment="Matthew Kilgallon blocks a shot" minute="71" period="2" second="5" time="76" type="save made" type_id="10"/>
	<message comment="Edin Dzeko has shot blocked (18-yard box, Head, Open play)" minute="71" period="2" second="5" time="76" type="attempt blocked" type_id="15"/>
	<message comment="James Milner wins a corner (To the right)" minute="70" period="2" second="24" time="75" type="corner" type_id="6"/>
	<message comment="Carlos Tevez misses attempt (18-yard box, Right footed, Fast break)" minute="67" period="2" second="55" time="72" type="attempt missed" type_id="13"/>
	<message comment="James McClean wins a corner (To the left)" minute="67" period="2" second="8" time="72" type="corner" type_id="6"/>
	<message comment="Matthew Kilgallon wins a corner (To the right)" minute="66" period="2" second="12" time="71" type="corner" type_id="6"/>
	<message comment="James McClean wins a corner (To the right)" minute="65" period="2" second="36" time="70" type="corner" type_id="6"/>
	<message comment="Aleksandar Kolarov misses attempt (Out of box, Left footed, Free kick)" minute="64" period="2" second="18" time="69" type="attempt missed" type_id="13"/>
	<message comment="Adam Johnson wins a corner (To the right)" minute="60" period="2" second="18" time="65" type="corner" type_id="6"/>
	<message comment="Jack Colback blocks a shot" minute="60" period="2" second="13" time="65" type="save made" type_id="10"/>
	<message comment="Adam Johnson has shot blocked (18-yard box, Left footed, Open play)" minute="60" period="2" second="13" time="65" type="attempt blocked" type_id="15"/>
	<message comment="Kolo Touré misses attempt (High, 18-yard box, Head, From corner)" minute="58" period="2" second="50" time="63" type="attempt missed" type_id="13"/>
	<message comment="Mario Balotelli wins a corner (To the left)" minute="58" period="2" second="30" time="63" type="corner" type_id="6"/>
	<message comment="David Silva is substituted off" minute="57" period="2" second="50" time="62" type="substitution off" type_id="18"/>
	<message comment="Carlos Tevez is substituted on" minute="57" period="2" second="50" time="62" type="substitution on" type_id="19"/>
	<message comment="Nigel de Jong recieves a yellow card" minute="55" period="2" second="55" time="60" type="card received" type_id="17"/>
	<message comment="GOAL! Sebastian Larsson scores , Assisted by Nicklas Bendtner (Low to the left, 6-yard box, Big Chance, Right footed, Fast break)" minute="54" period="2" second="6" time="59" type="goal scored" type_id="16"/>
	<message comment="Aleksandar Kolarov wins a corner (To the right)" minute="48" period="2" second="8" time="53" type="corner" type_id="6"/>
	<message comment="James McClean misses attempt (To the right, Out of box, Right footed, From corner)" minute="47" period="2" second="19" time="52" type="attempt missed" type_id="13"/>
	<message comment="James McClean wins a corner (To the left)" minute="46" period="2" second="38" time="51" type="corner" type_id="6"/>
	<message comment="Micah Richards is substituted off" minute="45" period="2" second="0" time="50" type="substitution off" type_id="18"/>
	<message comment="Adam Johnson is substituted on" minute="45" period="2" second="0" time="50" type="substitution on" type_id="19"/>
	<message comment="Second half begins!" minute="45" period="2" second="0" time="50" type="start" type_id="32"/>
	<message comment="First half ends" minute="49" period="1" second="55" time="49" type="end" type_id="30"/>
	<message comment="GOAL! Nicklas Bendtner scores , Assisted by Stéphane Sessegnon (Low to the right, 18-yard box, Head, Open play)" minute="48" period="1" second="41" time="48" type="goal scored" type_id="16"/>
	<message comment="Aleksandar Kolarov wins a corner (To the left)" minute="46" period="1" second="37" time="46" type="corner" type_id="6"/>
	<message comment="GOAL! Mario Balotelli scores  (Low to the right, 18-yard box, Big Chance, Penalty, Right footed)" minute="42" period="1" second="50" time="42" type="goal scored" type_id="16"/>
	<message comment="Yaya Touré wins a corner (To the right)" minute="40" period="1" second="13" time="40" type="corner" type_id="6"/>
	<message comment="Matthew Kilgallon blocks a shot" minute="40" period="1" second="11" time="40" type="save made" type_id="10"/>
	<message comment="Yaya Touré has shot blocked (18-yard box, Right footed, Set piece)" minute="40" period="1" second="11" time="40" type="attempt blocked" type_id="15"/>
	<message comment="Simon Mignolet makes a save (Parried into danger)" minute="40" period="1" second="5" time="40" type="save made" type_id="10"/>
	<message comment="Aleksandar Kolarov has attempt saved (Low to the right, Out of box, Left footed, Free kick)" minute="40" period="1" second="5" time="40" type="attempt blocked" type_id="15"/>
	<message comment="Craig Gardner recieves a yellow card" minute="39" period="1" second="20" time="39" type="card received" type_id="17"/>
	<message comment="Yaya Touré wins a corner (To the left)" minute="37" period="1" second="12" time="37" type="corner" type_id="6"/>
	<message comment="James Milner wins a corner (To the right)" minute="36" period="1" second="17" time="36" type="corner" type_id="6"/>
	<message comment="Aleksandar Kolarov misses attempt (To the right, Out of box, Right footed, Open play)" minute="33" period="1" second="10" time="33" type="attempt missed" type_id="13"/>
	<message comment="GOAL! Sebastian Larsson scores , Assisted by Stéphane Sessegnon (Low to the right, Out of box, Right footed, Open play)" minute="30" period="1" second="2" time="30" type="goal scored" type_id="16"/>
	<message comment="James McClean wins a corner (To the right)" minute="29" period="1" second="0" time="29" type="corner" type_id="6"/>
	<message comment="James McClean has shot blocked (Out of box, Right footed, Open play)" minute="28" period="1" second="59" time="28" type="attempt blocked" type_id="15"/>
	<message comment="Vincent Kompany blocks a shot" minute="28" period="1" second="59" time="28" type="save made" type_id="10"/>
	<message comment="James McClean misses attempt (18-yard box, Left footed, Open play)" minute="27" period="1" second="41" time="27" type="attempt missed" type_id="13"/>
	<message comment="Mario Balotelli misses attempt (High to the right, 6-yard box, Big Chance, Head, From corner)" minute="26" period="1" second="22" time="26" type="attempt missed" type_id="13"/>
	<message comment="Micah Richards wins a corner (To the right)" minute="25" period="1" second="51" time="25" type="corner" type_id="6"/>
	<message comment="Aleksandar Kolarov wins a corner (To the left)" minute="22" period="1" second="44" time="22" type="corner" type_id="6"/>
	<message comment="James Milner wins a corner (To the right)" minute="20" period="1" second="46" time="20" type="corner" type_id="6"/>
	<message comment="Vincent Kompany misses attempt (To the right, 18-yard box, Left footed, From corner)" minute="18" period="1" second="27" time="18" type="attempt missed" type_id="13"/>
	<message comment="Edin Dzeko wins a corner (To the left)" minute="17" period="1" second="58" time="17" type="corner" type_id="6"/>
	<message comment="Simon Mignolet makes a save (Parried safe)" minute="17" period="1" second="51" time="17" type="save made" type_id="10"/>
	<message comment="Edin Dzeko has attempt saved (High to the centre, 18-yard box, Right footed, Open play)" minute="17" period="1" second="51" time="17" type="attempt blocked" type_id="15"/>
	<message comment="Micah Richards is caught offside" minute="16" period="1" time="16" type="offside" type_id="10000"/>
	<message comment="Craig Gardner misses attempt (18-yard box, Big Chance, Right footed, Open play)" minute="15" period="1" second="16" time="15" type="attempt missed" type_id="13"/>
	<message comment="Edin Dzeko is caught offside" minute="12" period="1" time="12" type="offside" type_id="10000"/>
	<message comment="Formation Set" minute="0" period="14" second="0" time="9" type="end" type_id="30"/>
	<message comment="David Silva has shot blocked (18-yard box, Left footed, Set piece)" minute="8" period="1" second="31" time="8" type="attempt blocked" type_id="15"/>
	<message comment="Phil Bardsley blocks a shot" minute="8" period="1" second="31" time="8" type="save made" type_id="10"/>
	<message comment="Aleksandar Kolarov has attempt saved (Low to the left, Out of box, Left footed, Free kick)" minute="8" period="1" second="28" time="8" type="attempt blocked" type_id="15"/>
	<message comment="Simon Mignolet makes a save (Parried into danger, Diving)" minute="8" period="1" second="28" time="8" type="save made" type_id="10"/>
	<message comment="Micah Richards blocks a shot" minute="2" period="1" second="44" time="2" type="save made" type_id="10"/>
	<message comment="James McClean has shot blocked (18-yard box, Left footed, Open play)" minute="2" period="1" second="44" time="2" type="attempt blocked" type_id="15"/>
	<message comment="Micah Richards wins a corner (To the left)" minute="0" period="1" second="55" time="0" type="corner" type_id="6"/>
	<message comment="First half begins!" minute="0" period="1" second="0" time="0" type="start" type_id="32"/>
</Commentary>
