<?xml version="1.0" ?>
<Commentary away_team_name="Manchester City" competition="English Premier League" game_date="2012-04-11" home_team_name="West Bromwich Albion" lang_id="en" season="Season 2011/2012" season_id="2011" sport_id="1" sport_name="Football">
	<message comment="Second half ends" minute="93" period="2" second="0" time="94" type="end" type_id="30"/>
	<message comment="Keith Andrews blocks a shot" minute="92" period="2" second="1" time="93" type="save made" type_id="10"/>
	<message comment="Samir Nasri has shot blocked (Out of box, Right footed, Open play)" minute="92" period="2" second="1" time="93" type="attempt blocked" type_id="15"/>
	<message comment="Marc-Antoine Fortuné misses attempt (18-yard box, Left footed, Open play)" minute="86" period="2" second="38" time="87" type="attempt missed" type_id="13"/>
	<message comment="David Silva is substituted off" minute="80" period="2" second="45" time="81" type="substitution off" type_id="18"/>
	<message comment="Pablo Zabaleta is substituted on" minute="80" period="2" second="45" time="81" type="substitution on" type_id="19"/>
	<message comment="Graham Dorrans is substituted off" minute="77" period="2" second="23" time="78" type="substitution off" type_id="18"/>
	<message comment="Somen Tchoyi is substituted on" minute="77" period="2" second="23" time="78" type="substitution on" type_id="19"/>
	<message comment="Paul Scharner misses attempt (High, 18-yard box, Head, From corner)" minute="74" period="2" second="1" time="75" type="attempt missed" type_id="13"/>
	<message comment="Sergio Agüero is substituted off" minute="73" period="2" second="45" time="74" type="substitution off" type_id="18"/>
	<message comment="Edin Dzeko is substituted on" minute="73" period="2" second="45" time="74" type="substitution on" type_id="19"/>
	<message comment="Marc-Antoine Fortuné wins a corner (To the right)" minute="73" period="2" second="10" time="74" type="corner" type_id="6"/>
	<message comment="Jonas Olsson blocks a shot" minute="71" period="2" second="22" time="72" type="save made" type_id="10"/>
	<message comment="David Silva has shot blocked (Out of box, Left footed, Open play)" minute="71" period="2" second="22" time="72" type="attempt blocked" type_id="15"/>
	<message comment="Sergio Agüero misses attempt (18-yard box, Head, Open play)" minute="70" period="2" second="24" time="71" type="attempt missed" type_id="13"/>
	<message comment="Youssouf Mulumbu is substituted off" minute="68" period="2" second="3" time="69" type="substitution off" type_id="18"/>
	<message comment="Marc-Antoine Fortuné is substituted on" minute="68" period="2" second="3" time="69" type="substitution on" type_id="19"/>
	<message comment="David Silva wins a corner (To the left)" minute="66" period="2" second="45" time="67" type="corner" type_id="6"/>
	<message comment="GOAL! David Silva scores , Assisted by Sergio Agüero (Low to the centre, 18-yard box, Big Chance, Left footed, Open play)" minute="63" period="2" second="43" time="64" type="goal scored" type_id="16"/>
	<message comment="Carlos Tevez is substituted off" minute="62" period="2" second="30" time="63" type="substitution off" type_id="18"/>
	<message comment="Adam Johnson is substituted on" minute="62" period="2" second="30" time="63" type="substitution on" type_id="19"/>
	<message comment="GOAL! Carlos Tevez scores , Assisted by Sergio Agüero (High to the centre, 18-yard box, Big Chance, Right footed, Open play)" minute="60" period="2" second="32" time="61" type="goal scored" type_id="16"/>
	<message comment="Youssouf Mulumbu blocks a shot (Last line)" minute="59" period="2" second="56" time="60" type="save made" type_id="10"/>
	<message comment="Sergio Agüero has shot blocked (18-yard box, Left footed, From corner)" minute="59" period="2" second="56" time="60" type="attempt blocked" type_id="15"/>
	<message comment="Sergio Agüero wins a corner (To the right)" minute="59" period="2" second="33" time="60" type="corner" type_id="6"/>
	<message comment="Craig Dawson blocks a shot" minute="59" period="2" second="31" time="60" type="save made" type_id="10"/>
	<message comment="Sergio Agüero has shot blocked (18-yard box, Head, Open play)" minute="59" period="2" second="31" time="60" type="attempt blocked" type_id="15"/>
	<message comment="Graham Dorrans wins a corner (To the left)" minute="55" period="2" second="47" time="56" type="corner" type_id="6"/>
	<message comment="Graham Dorrans has shot blocked (18-yard box, Right footed, Open play)" minute="55" period="2" second="46" time="56" type="attempt blocked" type_id="15"/>
	<message comment="Micah Richards blocks a shot" minute="55" period="2" second="46" time="56" type="save made" type_id="10"/>
	<message comment="Samir Nasri misses attempt (18-yard box, Left footed, Open play)" minute="54" period="2" second="32" time="55" type="attempt missed" type_id="13"/>
	<message comment="GOAL! Sergio Agüero scores , Assisted by Samir Nasri (Low to the centre, 18-yard box, Big Chance, Right footed, Open play)" minute="53" period="2" second="5" time="54" type="goal scored" type_id="16"/>
	<message comment="Samir Nasri misses attempt (High to the right, Out of box, Right footed, Open play)" minute="52" period="2" second="14" time="53" type="attempt missed" type_id="13"/>
	<message comment="Craig Dawson blocks a shot" minute="50" period="2" second="40" time="51" type="save made" type_id="10"/>
	<message comment="David Silva has shot blocked (Out of box, Left footed, Open play)" minute="50" period="2" second="40" time="51" type="attempt blocked" type_id="15"/>
	<message comment="Samir Nasri misses attempt (18-yard box, Left footed, Open play)" minute="48" period="2" second="6" time="49" type="attempt missed" type_id="13"/>
	<message comment="Second half begins!" minute="45" period="2" second="0" time="46" type="start" type_id="32"/>
	<message comment="First half ends" minute="45" period="1" second="58" time="45" type="end" type_id="30"/>
	<message comment="Gareth Barry wins a corner (To the left)" minute="40" period="1" second="8" time="40" type="corner" type_id="6"/>
	<message comment="David Silva wins a corner (To the left)" minute="38" period="1" second="32" time="38" type="corner" type_id="6"/>
	<message comment="Micah Richards wins a corner (To the left)" minute="30" period="1" second="28" time="30" type="corner" type_id="6"/>
	<message comment="Craig Dawson blocks a shot (Last line)" minute="30" period="1" second="26" time="30" type="save made" type_id="10"/>
	<message comment="Micah Richards has shot blocked (18-yard box, Big Chance, Left footed, Open play)" minute="30" period="1" second="26" time="30" type="attempt blocked" type_id="15"/>
	<message comment="Keith Andrews has attempt saved (Low to the centre, Out of box, Right footed, Open play)" minute="29" period="1" second="24" time="29" type="attempt blocked" type_id="15"/>
	<message comment="Joe Hart makes a save (Standing)" minute="29" period="1" second="24" time="29" type="save made" type_id="10"/>
	<message comment="Craig Dawson blocks a shot" minute="27" period="1" second="26" time="27" type="save made" type_id="10"/>
	<message comment="Samir Nasri has shot blocked (Out of box, Right footed, Open play)" minute="27" period="1" second="26" time="27" type="attempt blocked" type_id="15"/>
	<message comment="Micah Richards is caught offside" minute="27" period="1" time="27" type="offside" type_id="10000"/>
	<message comment="Jonas Olsson blocks a shot" minute="26" period="1" second="26" time="26" type="save made" type_id="10"/>
	<message comment="Gareth Barry has shot blocked (Out of box, Left footed, Open play)" minute="26" period="1" second="26" time="26" type="attempt blocked" type_id="15"/>
	<message comment="Gareth Barry wins a corner (To the right)" minute="24" period="1" second="29" time="24" type="corner" type_id="6"/>
	<message comment="Ben Foster makes a save (Diving)" minute="21" period="1" second="53" time="21" type="save made" type_id="10"/>
	<message comment="David Silva has attempt saved (Low to the right, 18-yard box, Left footed, Open play)" minute="21" period="1" second="53" time="21" type="attempt blocked" type_id="15"/>
	<message comment="Shane Long is caught offside" minute="16" period="1" time="16" type="offside" type_id="10000"/>
	<message comment="Carlos Tevez misses attempt (To the right, 18-yard box, Right footed, Open play)" minute="11" period="1" second="49" time="11" type="attempt missed" type_id="13"/>
	<message comment="GOAL! Sergio Agüero scores , Assisted by Samir Nasri (Low to the left, Out of box, Right footed, Open play)" minute="5" period="1" second="22" time="5" type="goal scored" type_id="16"/>
	<message comment="Formation Set" minute="0" period="14" second="0" time="4" type="end" type_id="30"/>
	<message comment="Billy Jones blocks a shot" minute="2" period="1" second="28" time="2" type="save made" type_id="10"/>
	<message comment="Sergio Agüero has shot blocked (18-yard box, Right footed, Open play)" minute="2" period="1" second="28" time="2" type="attempt blocked" type_id="15"/>
	<message comment="Simon Cox misses attempt (Out of box, Left footed, Open play)" minute="1" period="1" second="4" time="1" type="attempt missed" type_id="13"/>
	<message comment="First half begins!" minute="0" period="1" second="0" time="0" type="start" type_id="32"/>
</Commentary>
