<?xml version="1.0" ?>
<Commentary away_team_name="Manchester United" competition="English Premier League" game_date="2012-01-14" home_team_name="Bolton" lang_id="en" season="Season 2011/2012" season_id="2011" sport_id="1" sport_name="Football">
	<message comment="Second half ends" minute="93" period="2" second="0" time="95" type="end" type_id="30"/>
	<message comment="Tuncay Sanli misses attempt (High to the left, 18-yard box, Left footed, Open play)" minute="92" period="2" second="25" time="94" type="attempt missed" type_id="13"/>
	<message comment="Darren Pratley misses attempt (18-yard box, Right footed, Open play)" minute="90" period="2" second="56" time="92" type="attempt missed" type_id="13"/>
	<message comment="Chicharito misses attempt (To the right, 6-yard box, Left footed, Open play)" minute="89" period="2" second="45" time="91" type="attempt missed" type_id="13"/>
	<message comment="Wayne Rooney wins a corner (To the left)" minute="88" period="2" second="45" time="90" type="corner" type_id="6"/>
	<message comment="Martin Petrov is substituted off" minute="87" period="2" second="56" time="89" type="substitution off" type_id="18"/>
	<message comment="Tuncay Sanli is substituted on" minute="87" period="2" second="56" time="89" type="substitution on" type_id="19"/>
	<message comment="Luis Antonio Valencia is caught offside" minute="87" period="2" time="89" type="offside" type_id="10000"/>
	<message comment="GOAL! Michael Carrick scores , Assisted by Ryan Giggs (Low to the left, Out of box, Left footed, Open play)" minute="82" period="2" second="46" time="84" type="goal scored" type_id="16"/>
	<message comment="Fabrice Muamba is substituted off" minute="80" period="2" second="6" time="82" type="substitution off" type_id="18"/>
	<message comment="Darren Pratley is substituted on" minute="80" period="2" second="6" time="82" type="substitution on" type_id="19"/>
	<message comment="Wayne Rooney is caught offside" minute="80" period="2" time="82" type="offside" type_id="10000"/>
	<message comment="Danny Welbeck is substituted off" minute="77" period="2" second="42" time="79" type="substitution off" type_id="18"/>
	<message comment="Chicharito is substituted on" minute="77" period="2" second="42" time="79" type="substitution on" type_id="19"/>
	<message comment="GOAL! Danny Welbeck scores  (Low to the left, 18-yard box, Big Chance, Right footed, Open play)" minute="73" period="2" second="54" time="75" type="goal scored" type_id="16"/>
	<message comment="Grétar Steinsson blocks a shot" minute="69" period="2" second="19" time="71" type="save made" type_id="10"/>
	<message comment="Wayne Rooney has shot blocked (18-yard box, Right footed, Fast break)" minute="69" period="2" second="19" time="71" type="attempt blocked" type_id="15"/>
	<message comment="Nani is substituted off" minute="69" period="2" second="1" time="71" type="substitution off" type_id="18"/>
	<message comment="Park Ji-Sung is substituted on" minute="69" period="2" second="1" time="71" type="substitution on" type_id="19"/>
	<message comment="Paul Scholes is substituted off" minute="68" period="2" second="35" time="70" type="substitution off" type_id="18"/>
	<message comment="Ryan Giggs is substituted on" minute="68" period="2" second="35" time="70" type="substitution on" type_id="19"/>
	<message comment="Chris Eagles is substituted off" minute="68" period="2" second="31" time="70" type="substitution off" type_id="18"/>
	<message comment="Joe Riley is substituted on" minute="68" period="2" second="31" time="70" type="substitution on" type_id="19"/>
	<message comment="Grétar Steinsson has shot blocked (18-yard box, Head, From corner)" minute="67" period="2" second="46" time="69" type="attempt blocked" type_id="15"/>
	<message comment="Rafael blocks a shot (Last line)" minute="67" period="2" second="46" time="69" type="save made" type_id="10"/>
	<message comment="Martin Petrov wins a corner (To the left)" minute="67" period="2" second="30" time="69" type="corner" type_id="6"/>
	<message comment="Nigel Reo-Coker wins a corner (To the left)" minute="66" period="2" second="43" time="68" type="corner" type_id="6"/>
	<message comment="Nani wins a corner (To the left)" minute="65" period="2" second="25" time="67" type="corner" type_id="6"/>
	<message comment="Fabrice Muamba blocks a shot" minute="64" period="2" second="56" time="66" type="save made" type_id="10"/>
	<message comment="Nani has shot blocked (18-yard box, Left footed, Fast break)" minute="64" period="2" second="56" time="66" type="attempt blocked" type_id="15"/>
	<message comment="Chris Eagles has shot blocked (18-yard box, Right footed, Open play)" minute="62" period="2" second="4" time="64" type="attempt blocked" type_id="15"/>
	<message comment="Rio Ferdinand blocks a shot" minute="62" period="2" second="4" time="64" type="save made" type_id="10"/>
	<message comment="Martin Petrov has shot blocked (18-yard box, Left footed, Open play)" minute="62" period="2" second="2" time="64" type="attempt blocked" type_id="15"/>
	<message comment="Rafael blocks a shot" minute="62" period="2" second="2" time="64" type="save made" type_id="10"/>
	<message comment="Wayne Rooney misses attempt (6-yard box, Big Chance, Left footed, Open play)" minute="61" period="2" second="4" time="63" type="attempt missed" type_id="13"/>
	<message comment="Wayne Rooney misses attempt (To the left, 18-yard box, Right footed, Open play)" minute="55" period="2" second="12" time="57" type="attempt missed" type_id="13"/>
	<message comment="Danny Welbeck wins a corner (To the left)" minute="53" period="2" second="18" time="55" type="corner" type_id="6"/>
	<message comment="David N'Gog misses attempt (High to the right, 18-yard box, Right footed, Open play)" minute="49" period="2" second="55" time="51" type="attempt missed" type_id="13"/>
	<message comment="Patrice Evra misses attempt (High to the left, 18-yard box, Head, From corner)" minute="47" period="2" second="27" time="49" type="attempt missed" type_id="13"/>
	<message comment="Danny Welbeck wins a corner (To the right)" minute="46" period="2" second="2" time="48" type="corner" type_id="6"/>
	<message comment="David Wheater blocks a shot" minute="45" period="2" second="58" time="47" type="save made" type_id="10"/>
	<message comment="Danny Welbeck has shot blocked (18-yard box, Right footed, Open play)" minute="45" period="2" second="58" time="47" type="attempt blocked" type_id="15"/>
	<message comment="Second half begins!" minute="45" period="2" second="0" time="47" type="start" type_id="32"/>
	<message comment="First half ends" minute="46" period="1" second="20" time="46" type="end" type_id="30"/>
	<message comment="GOAL! Paul Scholes scores , Assisted by Wayne Rooney (Low to the left, 18-yard box, Big Chance, Right footed, Open play)" minute="45" period="1" second="9" time="45" type="goal scored" type_id="16"/>
	<message comment="Adam Bogdan makes a save (From shot off target, Collected, Diving)" minute="38" period="1" second="45" time="38" type="save made" type_id="10"/>
	<message comment="Wayne Rooney misses attempt (Out of box, Right footed, Open play)" minute="38" period="1" second="43" time="38" type="attempt missed" type_id="13"/>
	<message comment="Adam Bogdan makes a save (Collected)" minute="37" period="1" second="28" time="37" type="save made" type_id="10"/>
	<message comment="Wayne Rooney has attempt saved (Low to the right, Out of box, Right footed, Free kick)" minute="37" period="1" second="28" time="37" type="attempt blocked" type_id="15"/>
	<message comment="Martin Petrov has shot blocked (Out of box, Left footed, Free kick)" minute="33" period="1" second="49" time="33" type="attempt blocked" type_id="15"/>
	<message comment="Luis Antonio Valencia blocks a shot" minute="33" period="1" second="49" time="33" type="save made" type_id="10"/>
	<message comment="David N'Gog wins a corner (To the right)" minute="30" period="1" second="55" time="30" type="corner" type_id="6"/>
	<message comment="Wayne Rooney misses attempt (To the left, Out of box, Right footed, Open play)" minute="29" period="1" second="34" time="29" type="attempt missed" type_id="13"/>
	<message comment="Danny Welbeck wins a corner (To the right)" minute="27" period="1" second="27" time="27" type="corner" type_id="6"/>
	<message comment="Adam Bogdan makes a save (Parried safe, Diving)" minute="27" period="1" second="25" time="27" type="save made" type_id="10"/>
	<message comment="Danny Welbeck has attempt saved (Low to the right, Out of box, Right footed, Open play)" minute="27" period="1" second="25" time="27" type="attempt blocked" type_id="15"/>
	<message comment="Paul Scholes misses attempt (High to the right, Out of box, Right footed, Open play)" minute="26" period="1" second="33" time="26" type="attempt missed" type_id="13"/>
	<message comment="Wayne Rooney misses attempt (High, 18-yard box, Left footed, Open play)" minute="25" period="1" second="24" time="25" type="attempt missed" type_id="13"/>
	<message comment="Chris Eagles misses attempt (To the right, Out of box, Right footed, Open play)" minute="24" period="1" second="22" time="24" type="attempt missed" type_id="13"/>
	<message comment="Adam Bogdan makes a save (Diving, Parried safe, Penalty)" minute="21" period="1" second="28" time="21" type="save made" type_id="10"/>
	<message comment="Wayne Rooney has attempt saved (Low to the left, 18-yard box, Penalty, Big Chance, Right footed)" minute="21" period="1" second="28" time="21" type="attempt blocked" type_id="15"/>
	<message comment="Zat Knight recieves a yellow card" minute="20" period="1" second="41" time="20" type="card received" type_id="17"/>
	<message comment="Nani wins a corner (To the right)" minute="19" period="1" second="1" time="19" type="corner" type_id="6"/>
	<message comment="Mark Davies misses attempt (To the right, Out of box, Right footed, Open play)" minute="17" period="1" second="17" time="17" type="attempt missed" type_id="13"/>
	<message comment="Mark Davies blocks a shot (Last line)" minute="16" period="1" second="37" time="16" type="save made" type_id="10"/>
	<message comment="Wayne Rooney has shot blocked (18-yard box, Head, From corner)" minute="16" period="1" second="37" time="16" type="attempt blocked" type_id="15"/>
	<message comment="Wayne Rooney wins a corner (To the right)" minute="16" period="1" second="13" time="16" type="corner" type_id="6"/>
	<message comment="Sam Ricketts blocks a shot" minute="16" period="1" second="11" time="16" type="save made" type_id="10"/>
	<message comment="Wayne Rooney has shot blocked (Out of box, Right footed, Open play)" minute="16" period="1" second="11" time="16" type="attempt blocked" type_id="15"/>
	<message comment="Jonny Evans misses attempt (To the left, 18-yard box, Head, From corner)" minute="14" period="1" second="39" time="14" type="attempt missed" type_id="13"/>
	<message comment="Nani wins a corner (To the right)" minute="14" period="1" second="21" time="14" type="corner" type_id="6"/>
	<message comment="Luis Antonio Valencia wins a corner (To the right)" minute="13" period="1" second="52" time="13" type="corner" type_id="6"/>
	<message comment="Fabrice Muamba has shot blocked (Out of box, Left footed, Open play)" minute="8" period="1" second="14" time="8" type="attempt blocked" type_id="15"/>
	<message comment="Michael Carrick blocks a shot" minute="8" period="1" second="14" time="8" type="save made" type_id="10"/>
	<message comment="Danny Welbeck misses attempt (To the left, 18-yard box, Head, Open play)" minute="6" period="1" second="58" time="6" type="attempt missed" type_id="13"/>
	<message comment="Formation Set" minute="0" period="14" second="0" time="5" type="end" type_id="30"/>
	<message comment="Nani wins a corner (To the right)" minute="4" period="1" second="8" time="4" type="corner" type_id="6"/>
	<message comment="Danny Welbeck wins a corner (To the right)" minute="3" period="1" second="42" time="3" type="corner" type_id="6"/>
	<message comment="Adam Bogdan makes a save (Parried safe, Standing)" minute="3" period="1" second="39" time="3" type="save made" type_id="10"/>
	<message comment="Danny Welbeck has attempt saved (Low to the centre, 18-yard box, Big Chance, Left footed, Open play)" minute="3" period="1" second="39" time="3" type="attempt blocked" type_id="15"/>
	<message comment="Nani misses attempt (To the right, 18-yard box, Right footed, Open play)" minute="1" period="1" second="0" time="1" type="attempt missed" type_id="13"/>
	<message comment="First half begins!" minute="0" period="1" second="0" time="0" type="start" type_id="32"/>
</Commentary>
