<?xml version="1.0" ?>
<Commentary away_team_name="Manchester United" competition="English Premier League" game_date="2011-05-08" home_team_name="Chelsea" lang_id="en" season="Season 2010/2011" season_id="2010" sport_id="1" sport_name="Football">
	<message comment="Second half ends" minute="94" period="2" second="15" time="98" type="end" type_id="30"/>
	<message comment="Ashley Cole misses attempt (Out of box, Left footed, Open play)" minute="92" period="2" second="26" time="96" type="attempt missed" type_id="13"/>
	<message comment="Chicharito is caught offside" minute="92" period="2" time="96" type="offside" type_id="10000"/>
	<message comment="Wayne Rooney has shot blocked (18-yard box, Right footed, Open play)" minute="90" period="2" second="24" time="94" type="attempt blocked" type_id="15"/>
	<message comment="Alex blocks a shot" minute="90" period="2" second="24" time="94" type="save made" type_id="10"/>
	<message comment="Didier Drogba recieves a yellow card" minute="89" period="2" second="38" time="93" type="card received" type_id="17"/>
	<message comment="Chicharito misses attempt (To the right, 18-yard box, Big Chance, Left footed, Open play)" minute="88" period="2" second="38" time="92" type="attempt missed" type_id="13"/>
	<message comment="Fabio is substituted off" minute="87" period="2" second="39" time="91" type="substitution off" type_id="18"/>
	<message comment="Chris Smalling is substituted on" minute="87" period="2" second="39" time="91" type="substitution on" type_id="19"/>
	<message comment="Fernando Torres misses attempt (18-yard box, Right footed, Open play)" minute="87" period="2" second="3" time="91" type="attempt missed" type_id="13"/>
	<message comment="Chicharito misses attempt (6-yard box, Big Chance, Head, Set piece)" minute="85" period="2" second="59" time="89" type="attempt missed" type_id="13"/>
	<message comment="Ramires recieves a yellow card" minute="85" period="2" second="35" time="89" type="card received" type_id="17"/>
	<message comment="Ryan Giggs recieves a yellow card" minute="82" period="2" second="41" time="86" type="card received" type_id="17"/>
	<message comment="Wayne Rooney wins a corner (To the left)" minute="82" period="2" second="5" time="86" type="corner" type_id="6"/>
	<message comment="Alex blocks a shot" minute="82" period="2" second="3" time="86" type="save made" type_id="10"/>
	<message comment="Wayne Rooney has shot blocked (Out of box, Right footed, Open play)" minute="82" period="2" second="3" time="86" type="attempt blocked" type_id="15"/>
	<message comment="Wayne Rooney misses attempt (To the left, Out of box, Right footed, Open play)" minute="81" period="2" second="26" time="85" type="attempt missed" type_id="13"/>
	<message comment="Didier Drogba is caught offside" minute="80" period="2" time="84" type="offside" type_id="10000"/>
	<message comment="Jonny Evans blocks a shot" minute="76" period="2" second="49" time="80" type="save made" type_id="10"/>
	<message comment="Ramires has shot blocked (18-yard box, Head, Open play)" minute="76" period="2" second="49" time="80" type="attempt blocked" type_id="15"/>
	<message comment="Didier Drogba is caught offside" minute="74" period="2" time="78" type="offside" type_id="10000"/>
	<message comment="Ryan Giggs wins a corner (To the left)" minute="72" period="2" second="38" time="76" type="corner" type_id="6"/>
	<message comment="Alex blocks a shot (Last line)" minute="69" period="2" second="31" time="73" type="save made" type_id="10"/>
	<message comment="Wayne Rooney has shot blocked (18-yard box, Big Chance, Right footed, Open play)" minute="69" period="2" second="31" time="73" type="attempt blocked" type_id="15"/>
	<message comment="GOAL! Frank Lampard scores , Assisted by Branislav Ivanovic (Low to the left, 6-yard box, Big Chance, Left footed, Open play)" minute="68" period="2" second="0" time="72" type="goal scored" type_id="16"/>
	<message comment="Branislav Ivanovic misses attempt (18-yard box, Key pass, Head, Open play)" minute="67" period="2" second="59" time="71" type="attempt missed" type_id="13"/>
	<message comment="Edwin van der Sar makes a save (Diving)" minute="64" period="2" second="23" time="68" type="save made" type_id="10"/>
	<message comment="Alex has attempt saved (Low to the left, Out of box, Right footed, Set piece)" minute="64" period="2" second="23" time="68" type="attempt blocked" type_id="15"/>
	<message comment="Michael Carrick blocks a shot" minute="63" period="2" second="12" time="67" type="save made" type_id="10"/>
	<message comment="Florent Malouda has shot blocked (Out of box, Left footed, Open play)" minute="63" period="2" second="12" time="67" type="attempt blocked" type_id="15"/>
	<message comment="Salomon Kalou is substituted off" minute="61" period="2" second="11" time="65" type="substitution off" type_id="18"/>
	<message comment="Fernando Torres is substituted on" minute="61" period="2" second="11" time="65" type="substitution on" type_id="19"/>
	<message comment="Ryan Giggs wins a corner (To the left)" minute="60" period="2" second="24" time="64" type="corner" type_id="6"/>
	<message comment="Didier Drogba is caught offside" minute="54" period="2" time="58" type="offside" type_id="10000"/>
	<message comment="Florent Malouda misses attempt (Out of box, Left footed, Open play)" minute="50" period="2" second="41" time="54" type="attempt missed" type_id="13"/>
	<message comment="David Luiz is substituted off" minute="45" period="2" second="0" time="49" type="substitution off" type_id="18"/>
	<message comment="Alex is substituted on" minute="45" period="2" second="0" time="49" type="substitution on" type_id="19"/>
	<message comment="John Obi Mikel is substituted off" minute="45" period="2" second="0" time="49" type="substitution off" type_id="18"/>
	<message comment="Ramires is substituted on" minute="45" period="2" second="0" time="49" type="substitution on" type_id="19"/>
	<message comment="John O'Shea is substituted off" minute="45" period="2" second="0" time="49" type="substitution off" type_id="18"/>
	<message comment="Jonny Evans is substituted on" minute="45" period="2" second="0" time="49" type="substitution on" type_id="19"/>
	<message comment="Second half begins!" minute="45" period="2" second="0" time="49" type="start" type_id="32"/>
	<message comment="First half ends" minute="48" period="1" second="4" time="48" type="end" type_id="30"/>
	<message comment="Ryan Giggs wins a corner (To the left)" minute="44" period="1" second="35" time="44" type="corner" type_id="6"/>
	<message comment="Didier Drogba wins a corner (To the left)" minute="43" period="1" second="46" time="43" type="corner" type_id="6"/>
	<message comment="Didier Drogba has shot blocked (18-yard box, Left footed, Open play)" minute="43" period="1" second="45" time="43" type="attempt blocked" type_id="15"/>
	<message comment="John O'Shea blocks a shot" minute="43" period="1" second="45" time="43" type="save made" type_id="10"/>
	<message comment="Luis Antonio Valencia misses attempt (High, Out of box, Right footed, From corner)" minute="42" period="1" second="51" time="42" type="attempt missed" type_id="13"/>
	<message comment="Luis Antonio Valencia wins a corner (To the right)" minute="42" period="1" second="25" time="42" type="corner" type_id="6"/>
	<message comment="Michael Essien recieves a yellow card" minute="42" period="1" second="4" time="42" type="card received" type_id="17"/>
	<message comment="Wayne Rooney recieves a yellow card" minute="38" period="1" second="30" time="38" type="card received" type_id="17"/>
	<message comment="Chicharito is caught offside" minute="36" period="1" time="36" type="offside" type_id="10000"/>
	<message comment="Didier Drogba misses attempt (To the right, 18-yard box, Head, Open play)" minute="35" period="1" second="24" time="35" type="attempt missed" type_id="13"/>
	<message comment="Nemanja Vidic blocks a shot" minute="33" period="1" second="40" time="33" type="save made" type_id="10"/>
	<message comment="John Obi Mikel has shot blocked (Out of box, Right footed, Open play)" minute="33" period="1" second="40" time="33" type="attempt blocked" type_id="15"/>
	<message comment="Didier Drogba misses attempt (To the left, Out of box, Right footed, Free kick)" minute="32" period="1" second="15" time="32" type="attempt missed" type_id="13"/>
	<message comment="Didier Drogba has attempt saved (Low to the right, Out of box, Right footed, Free kick)" minute="30" period="1" second="19" time="30" type="attempt blocked" type_id="15"/>
	<message comment="Edwin van der Sar makes a save (Parried safe, Diving)" minute="30" period="1" second="19" time="30" type="save made" type_id="10"/>
	<message comment="David Luiz has attempt saved (Low to the centre, Out of box, Left footed, Open play)" minute="28" period="1" second="37" time="28" type="attempt blocked" type_id="15"/>
	<message comment="Edwin van der Sar makes a save (Standing)" minute="28" period="1" second="37" time="28" type="save made" type_id="10"/>
	<message comment="Branislav Ivanovic misses attempt (6-yard box, Right footed, From corner)" minute="24" period="1" second="48" time="24" type="attempt missed" type_id="13"/>
	<message comment="Salomon Kalou has attempt saved (High to the centre, 6-yard box, Big Chance, Head, From corner)" minute="24" period="1" second="47" time="24" type="attempt blocked" type_id="15"/>
	<message comment="Edwin van der Sar makes a save (Parried into danger)" minute="24" period="1" second="47" time="24" type="save made" type_id="10"/>
	<message comment="Florent Malouda wins a corner (To the left)" minute="24" period="1" second="14" time="24" type="corner" type_id="6"/>
	<message comment="GOAL! Nemanja Vidic scores , Assisted by Ryan Giggs (High to the right, 6-yard box, Big Chance, Head, From corner)" minute="22" period="1" second="53" time="22" type="goal scored" type_id="16"/>
	<message comment="Park Ji-Sung wins a corner (To the left)" minute="22" period="1" second="29" time="22" type="corner" type_id="6"/>
	<message comment="Petr Cech makes a save (Diving, Parried safe)" minute="22" period="1" second="26" time="22" type="save made" type_id="10"/>
	<message comment="Park Ji-Sung has attempt saved (High to the left, Out of box, Right footed, Open play)" minute="22" period="1" second="26" time="22" type="attempt blocked" type_id="15"/>
	<message comment="Edwin van der Sar makes a save" minute="19" period="1" second="25" time="19" type="save made" type_id="10"/>
	<message comment="Salomon Kalou has attempt saved (Low to the right, Out of box, Right footed, Open play)" minute="19" period="1" second="25" time="19" type="attempt blocked" type_id="15"/>
	<message comment="Edwin van der Sar makes a save (Diving, Parried safe)" minute="18" period="1" second="3" time="18" type="save made" type_id="10"/>
	<message comment="Salomon Kalou has attempt saved (Low to the right, 18-yard box, Right footed, Open play)" minute="18" period="1" second="3" time="18" type="attempt blocked" type_id="15"/>
	<message comment="Didier Drogba misses attempt (To the right, 18-yard box, Head, Open play)" minute="17" period="1" second="59" time="17" type="attempt missed" type_id="13"/>
	<message comment="Wayne Rooney misses attempt (Out of box, Right footed, Open play)" minute="14" period="1" second="5" time="14" type="attempt missed" type_id="13"/>
	<message comment="Branislav Ivanovic recieves a yellow card" minute="11" period="1" second="47" time="11" type="card received" type_id="17"/>
	<message comment="Didier Drogba misses attempt (To the left, Out of box, Right footed, Open play)" minute="8" period="1" second="42" time="8" type="attempt missed" type_id="13"/>
	<message comment="Formation Set" minute="0" period="14" second="0" time="8" type="end" type_id="30"/>
	<message comment="Wayne Rooney wins a corner (To the left)" minute="7" period="1" second="33" time="7" type="corner" type_id="6"/>
	<message comment="Petr Cech makes a save (Diving, Parried safe)" minute="7" period="1" second="31" time="7" type="save made" type_id="10"/>
	<message comment="Wayne Rooney has attempt saved (High to the left, Out of box, Right footed, Open play)" minute="7" period="1" second="31" time="7" type="attempt blocked" type_id="15"/>
	<message comment="Luis Antonio Valencia has shot blocked (18-yard box, Right footed, Open play)" minute="5" period="1" second="36" time="5" type="attempt blocked" type_id="15"/>
	<message comment="Ashley Cole blocks a shot" minute="5" period="1" second="36" time="5" type="save made" type_id="10"/>
	<message comment="Chicharito is caught offside" minute="3" period="1" time="3" type="offside" type_id="10000"/>
	<message comment="GOAL! Chicharito scores , Assisted by Park Ji-Sung (Low to the left, 18-yard box, Big Chance, Right footed, Fast break)" minute="0" period="1" second="36" time="0" type="goal scored" type_id="16"/>
	<message comment="First half begins!" minute="0" period="1" second="0" time="0" type="start" type_id="32"/>
</Commentary>
