<?xml version="1.0" ?>
<Commentary away_team_name="Manchester United" competition="English Premier League" game_date="2012-09-15" home_team_name="Wigan" lang_id="en" season="Season 2012/2013" season_id="2012" sport_id="1" sport_name="Football">
	<message comment="Second half ends" minute="93" period="2" second="56" time="96" type="end" type_id="30"/>
	<message comment="Danny Welbeck recieves a yellow card" minute="92" period="2" second="48" time="95" type="card received" type_id="17"/>
	<message comment="Franco Di Santo has shot blocked (18-yard box, Right footed, From corner)" minute="92" period="2" second="10" time="95" type="attempt blocked" type_id="15"/>
	<message comment="Rio Ferdinand blocks a shot" minute="92" period="2" second="10" time="95" type="save made" type_id="10"/>
	<message comment="Jordi Gómez wins a corner (To the left)" minute="91" period="2" second="56" time="94" type="corner" type_id="6"/>
	<message comment="Nani misses attempt (High to the left, Out of box, Left footed, Open play)" minute="83" period="2" second="33" time="86" type="attempt missed" type_id="13"/>
	<message comment="GOAL! Nick Powell scores , Assisted by Chicharito (Low to the left, Out of box, Right footed, Open play)" minute="81" period="2" second="39" time="84" type="goal scored" type_id="16"/>
	<message comment="Nani misses attempt (High to the left, 18-yard box, Left footed, Open play)" minute="80" period="2" second="14" time="83" type="attempt missed" type_id="13"/>
	<message comment="Emmerson Boyce wins a corner (To the right)" minute="78" period="2" second="40" time="81" type="corner" type_id="6"/>
	<message comment="Nemanja Vidic is substituted off" minute="76" period="2" second="36" time="79" type="substitution off" type_id="18"/>
	<message comment="Jonny Evans is substituted on" minute="76" period="2" second="36" time="79" type="substitution on" type_id="19"/>
	<message comment="Robin van Persie misses attempt (To the left, 6-yard box, Big Chance, Left footed, Open play)" minute="72" period="2" second="14" time="75" type="attempt missed" type_id="13"/>
	<message comment="Nick Powell is substituted on" minute="71" period="2" second="14" time="74" type="substitution on" type_id="19"/>
	<message comment="Ryan Giggs is substituted off" minute="71" period="2" second="13" time="74" type="substitution off" type_id="18"/>
	<message comment="Paul Scholes is substituted off" minute="70" period="2" second="59" time="73" type="substitution off" type_id="18"/>
	<message comment="Robin van Persie is substituted on" minute="70" period="2" second="59" time="73" type="substitution on" type_id="19"/>
	<message comment="Arouna Koné has attempt saved (Low to the left, 18-yard box, Right footed, Open play)" minute="69" period="2" second="21" time="72" type="attempt blocked" type_id="15"/>
	<message comment="Anders Lindegaard makes a save (Parried safe, Diving, Other body part)" minute="69" period="2" second="21" time="72" type="save made" type_id="10"/>
	<message comment="Jean Beausejour is substituted off" minute="68" period="2" second="24" time="71" type="substitution off" type_id="18"/>
	<message comment="David Jones is substituted on" minute="68" period="2" second="24" time="71" type="substitution on" type_id="19"/>
	<message comment="Franco Di Santo wins a corner (To the right)" minute="67" period="2" second="54" time="70" type="corner" type_id="6"/>
	<message comment="GOAL! Alexander Büttner scores  (Low to the left, 18-yard box, Left footed, Open play)" minute="65" period="2" second="31" time="68" type="goal scored" type_id="16"/>
	<message comment="GOAL! Chicharito scores , Assisted by Alexander Büttner (High to the centre, 6-yard box, Big Chance, Left footed, Open play)" minute="62" period="2" second="35" time="65" type="goal scored" type_id="16"/>
	<message comment="Alexander Büttner has shot blocked (18-yard box, Key pass, Left footed, Open play)" minute="62" period="2" second="34" time="65" type="attempt blocked" type_id="15"/>
	<message comment="Nani wins a corner (To the right)" minute="60" period="2" second="58" time="63" type="corner" type_id="6"/>
	<message comment="Maynor Figueroa blocks a shot" minute="59" period="2" second="38" time="62" type="save made" type_id="10"/>
	<message comment="Nani has shot blocked (Out of box, Left footed, Open play)" minute="59" period="2" second="38" time="62" type="attempt blocked" type_id="15"/>
	<message comment="Shaun Maloney is substituted off" minute="58" period="2" second="14" time="61" type="substitution off" type_id="18"/>
	<message comment="Jordi Gómez is substituted on" minute="58" period="2" second="14" time="61" type="substitution on" type_id="19"/>
	<message comment="James McArthur recieves a yellow card" minute="55" period="2" second="23" time="58" type="card received" type_id="17"/>
	<message comment="Danny Welbeck misses attempt (To the right, 18-yard box, Right footed, Open play)" minute="52" period="2" second="0" time="55" type="attempt missed" type_id="13"/>
	<message comment="GOAL! Paul Scholes scores  (High to the centre, 6-yard box, Big Chance, Right footed, From corner)" minute="50" period="2" second="37" time="53" type="goal scored" type_id="16"/>
	<message comment="Nani wins a corner (To the right)" minute="50" period="2" second="5" time="53" type="corner" type_id="6"/>
	<message comment="Emmerson Boyce recieves a yellow card" minute="48" period="2" second="14" time="51" type="card received" type_id="17"/>
	<message comment="Arouna Koné misses attempt (High to the left, 18-yard box, Head, Open play)" minute="45" period="2" second="48" time="48" type="attempt missed" type_id="13"/>
	<message comment="Second half begins!" minute="45" period="2" second="0" time="48" type="start" type_id="32"/>
	<message comment="First half ends" minute="47" period="1" second="15" time="47" type="end" type_id="30"/>
	<message comment="Alexander Büttner recieves a yellow card" minute="45" period="1" second="37" time="45" type="card received" type_id="17"/>
	<message comment="Arouna Koné misses attempt (6-yard box, Right footed, Open play)" minute="42" period="1" second="56" time="42" type="attempt missed" type_id="13"/>
	<message comment="Jean Beausejour wins a corner (To the left)" minute="37" period="1" second="20" time="37" type="corner" type_id="6"/>
	<message comment="Nani misses attempt (High, 18-yard box, Left footed, Open play)" minute="34" period="1" second="54" time="34" type="attempt missed" type_id="13"/>
	<message comment="Franco Di Santo wins a corner (To the right)" minute="29" period="1" second="59" time="29" type="corner" type_id="6"/>
	<message comment="Franco Di Santo has shot blocked (18-yard box, Right footed, Fast break)" minute="29" period="1" second="57" time="29" type="attempt blocked" type_id="15"/>
	<message comment="Alexander Büttner blocks a shot" minute="29" period="1" second="57" time="29" type="save made" type_id="10"/>
	<message comment="Emmerson Boyce misses attempt (18-yard box, Right footed, Open play)" minute="25" period="1" second="40" time="25" type="attempt missed" type_id="13"/>
	<message comment="Danny Welbeck misses attempt (High, 18-yard box, Head, Open play)" minute="23" period="1" second="46" time="23" type="attempt missed" type_id="13"/>
	<message comment="Iván Ramis misses attempt (18-yard box, Head, Set piece)" minute="22" period="1" second="51" time="22" type="attempt missed" type_id="13"/>
	<message comment="Danny Welbeck has shot blocked (18-yard box, Right footed, From corner)" minute="21" period="1" second="0" time="21" type="attempt blocked" type_id="15"/>
	<message comment="Gary Caldwell blocks a shot" minute="20" period="1" second="57" time="20" type="save made" type_id="10"/>
	<message comment="Paul Scholes has shot blocked (Out of box, Right footed, From corner)" minute="20" period="1" second="57" time="20" type="attempt blocked" type_id="15"/>
	<message comment="Ryan Giggs wins a corner (To the right)" minute="20" period="1" second="20" time="20" type="corner" type_id="6"/>
	<message comment="Danny Welbeck wins a corner (To the right)" minute="19" period="1" second="16" time="19" type="corner" type_id="6"/>
	<message comment="Gary Caldwell blocks a shot" minute="19" period="1" second="15" time="19" type="save made" type_id="10"/>
	<message comment="Danny Welbeck has shot blocked (Out of box, Right footed, Open play)" minute="19" period="1" second="15" time="19" type="attempt blocked" type_id="15"/>
	<message comment="Danny Welbeck misses attempt (18-yard box, Right footed, Open play)" minute="17" period="1" second="39" time="17" type="attempt missed" type_id="13"/>
	<message comment="Danny Welbeck wins a corner (To the left)" minute="14" period="1" second="3" time="14" type="corner" type_id="6"/>
	<message comment="Maynor Figueroa blocks a shot" minute="14" period="1" second="2" time="14" type="save made" type_id="10"/>
	<message comment="Danny Welbeck has shot blocked (18-yard box, Left footed, Throw-in)" minute="14" period="1" second="2" time="14" type="attempt blocked" type_id="15"/>
	<message comment="James McCarthy blocks a shot" minute="10" period="1" second="46" time="10" type="save made" type_id="10"/>
	<message comment="Nani has shot blocked (Out of box, Right footed, Open play)" minute="10" period="1" second="46" time="10" type="attempt blocked" type_id="15"/>
	<message comment="Chicharito is caught offside" minute="9" period="1" time="9" type="offside" type_id="10000"/>
	<message comment="Formation Set" minute="0" period="14" second="0" time="6" type="end" type_id="30"/>
	<message comment="Chicharito has attempt saved (Low to the right, 18-yard box, Penalty, Big Chance, Right footed)" minute="5" period="1" second="10" time="5" type="attempt blocked" type_id="15"/>
	<message comment="Ali Al Habsi makes a save (Parried into danger, Diving, Penalty)" minute="5" period="1" second="10" time="5" type="save made" type_id="10"/>
	<message comment="Danny Welbeck misses attempt (To the left, 18-yard box, Head, Open play)" minute="1" period="1" second="3" time="1" type="attempt missed" type_id="13"/>
	<message comment="First half begins!" minute="0" period="1" second="0" time="0" type="start" type_id="32"/>
</Commentary>
