<?xml version="1.0" ?>
<Commentary away_team_name="Manchester City" competition="English Premier League" game_date="2012-04-30" home_team_name="Manchester United" lang_id="en" season="Season 2011/2012" season_id="2011" sport_id="1" sport_name="Football">
	<message comment="Second half ends" minute="96" period="2" second="0" time="99" type="end" type_id="30"/>
	<message comment="Wayne Rooney has shot blocked (18-yard box, Right footed, Open play)" minute="94" period="2" second="43" time="97" type="attempt blocked" type_id="15"/>
	<message comment="Joleon Lescott blocks a shot" minute="94" period="2" second="43" time="97" type="save made" type_id="10"/>
	<message comment="Patrice Evra wins a corner (To the left)" minute="94" period="2" second="1" time="97" type="corner" type_id="6"/>
	<message comment="Samir Nasri is substituted off" minute="92" period="2" second="50" time="95" type="substitution off" type_id="18"/>
	<message comment="James Milner is substituted on" minute="92" period="2" second="50" time="95" type="substitution on" type_id="19"/>
	<message comment="David de Gea makes a save (Parried safe, Diving)" minute="87" period="2" second="23" time="90" type="save made" type_id="10"/>
	<message comment="Gaël Clichy has attempt saved (Low to the right, 18-yard box, Left footed, Open play)" minute="87" period="2" second="23" time="90" type="attempt blocked" type_id="15"/>
	<message comment="Sergio Agüero is caught offside" minute="87" period="2" time="90" type="offside" type_id="10000"/>
	<message comment="Nani is substituted off" minute="82" period="2" second="22" time="85" type="substitution off" type_id="18"/>
	<message comment="Ashley Young is substituted on" minute="82" period="2" second="22" time="85" type="substitution on" type_id="19"/>
	<message comment="David Silva is substituted off" minute="82" period="2" second="0" time="85" type="substitution off" type_id="18"/>
	<message comment="Micah Richards is substituted on" minute="82" period="2" second="0" time="85" type="substitution on" type_id="19"/>
	<message comment="Yaya Touré misses attempt (Out of box, Left footed, Open play)" minute="81" period="2" second="12" time="84" type="attempt missed" type_id="13"/>
	<message comment="Michael Carrick recieves a yellow card" minute="77" period="2" second="50" time="80" type="card received" type_id="17"/>
	<message comment="Paul Scholes is substituted off" minute="77" period="2" second="37" time="80" type="substitution off" type_id="18"/>
	<message comment="Luis Antonio Valencia is substituted on" minute="77" period="2" second="37" time="80" type="substitution on" type_id="19"/>
	<message comment="Sergio Agüero misses attempt (18-yard box, Right footed, Throw-in)" minute="77" period="2" second="9" time="80" type="attempt missed" type_id="13"/>
	<message comment="Nigel de Jong recieves a yellow card" minute="75" period="2" second="35" time="78" type="card received" type_id="17"/>
	<message comment="Chris Smalling blocks a shot" minute="75" period="2" second="16" time="78" type="save made" type_id="10"/>
	<message comment="Sergio Agüero has shot blocked (18-yard box, Left footed, Open play)" minute="75" period="2" second="16" time="78" type="attempt blocked" type_id="15"/>
	<message comment="Yaya Touré misses attempt (Out of box, Right footed, Open play)" minute="71" period="2" second="47" time="74" type="attempt missed" type_id="13"/>
	<message comment="Phil Jones recieves a yellow card" minute="68" period="2" second="57" time="71" type="card received" type_id="17"/>
	<message comment="Carlos Tevez is substituted off" minute="67" period="2" second="30" time="70" type="substitution off" type_id="18"/>
	<message comment="Nigel de Jong is substituted on" minute="67" period="2" second="30" time="70" type="substitution on" type_id="19"/>
	<message comment="Phil Jones wins a corner (To the right)" minute="63" period="2" second="14" time="66" type="corner" type_id="6"/>
	<message comment="Danny Welbeck is substituted on" minute="57" period="2" second="43" time="60" type="substitution on" type_id="19"/>
	<message comment="Park Ji-Sung is substituted off" minute="57" period="2" second="42" time="60" type="substitution off" type_id="18"/>
	<message comment="Samir Nasri misses attempt (To the left, 18-yard box, Left footed, From corner)" minute="57" period="2" second="14" time="60" type="attempt missed" type_id="13"/>
	<message comment="Pablo Zabaleta wins a corner (To the right)" minute="56" period="2" second="40" time="59" type="corner" type_id="6"/>
	<message comment="Chris Smalling blocks a shot" minute="56" period="2" second="38" time="59" type="save made" type_id="10"/>
	<message comment="Pablo Zabaleta has shot blocked (18-yard box, Right footed, Fast break)" minute="56" period="2" second="38" time="59" type="attempt blocked" type_id="15"/>
	<message comment="Yaya Touré recieves a yellow card" minute="52" period="2" second="18" time="55" type="card received" type_id="17"/>
	<message comment="Pablo Zabaleta wins a corner (To the right)" minute="49" period="2" second="58" time="52" type="corner" type_id="6"/>
	<message comment="Patrice Evra wins a corner (To the left)" minute="49" period="2" second="6" time="52" type="corner" type_id="6"/>
	<message comment="Ryan Giggs wins a corner (To the left)" minute="48" period="2" second="4" time="51" type="corner" type_id="6"/>
	<message comment="Nani wins a corner (To the right)" minute="47" period="2" second="33" time="50" type="corner" type_id="6"/>
	<message comment="Second half begins!" minute="45" period="2" second="0" time="48" type="start" type_id="32"/>
	<message comment="First half ends" minute="47" period="1" second="30" time="47" type="end" type_id="30"/>
	<message comment="GOAL! Vincent Kompany scores , Assisted by David Silva (High to the centre, 6-yard box, Head, From corner)" minute="45" period="1" second="24" time="45" type="goal scored" type_id="16"/>
	<message comment="Samir Nasri wins a corner (To the right)" minute="45" period="1" second="7" time="45" type="corner" type_id="6"/>
	<message comment="Pablo Zabaleta wins a corner (To the right)" minute="44" period="1" second="32" time="44" type="corner" type_id="6"/>
	<message comment="Park Ji-Sung misses attempt (High, 18-yard box, Left footed, From corner)" minute="41" period="1" second="14" time="41" type="attempt missed" type_id="13"/>
	<message comment="Ryan Giggs wins a corner (To the left)" minute="40" period="1" second="37" time="40" type="corner" type_id="6"/>
	<message comment="Sergio Agüero wins a corner (To the left)" minute="39" period="1" second="36" time="39" type="corner" type_id="6"/>
	<message comment="Chris Smalling blocks a shot" minute="39" period="1" second="33" time="39" type="save made" type_id="10"/>
	<message comment="Sergio Agüero has shot blocked (18-yard box, Left footed, Open play)" minute="39" period="1" second="33" time="39" type="attempt blocked" type_id="15"/>
	<message comment="David de Gea makes a save (Collected)" minute="35" period="1" second="55" time="35" type="save made" type_id="10"/>
	<message comment="Pablo Zabaleta has attempt saved (Low to the centre, 18-yard box, Left footed, Open play)" minute="35" period="1" second="55" time="35" type="attempt blocked" type_id="15"/>
	<message comment="Sergio Agüero misses attempt (To the left, 18-yard box, Right footed, Open play)" minute="35" period="1" second="0" time="35" type="attempt missed" type_id="13"/>
	<message comment="Yaya Touré misses attempt (To the right, Out of box, Right footed, Open play)" minute="28" period="1" second="56" time="28" type="attempt missed" type_id="13"/>
	<message comment="Sergio Agüero misses attempt (High to the right, 18-yard box, Right footed, From corner)" minute="24" period="1" second="14" time="24" type="attempt missed" type_id="13"/>
	<message comment="Sergio Agüero wins a corner (To the left)" minute="23" period="1" second="41" time="23" type="corner" type_id="6"/>
	<message comment="Pablo Zabaleta wins a corner (To the left)" minute="21" period="1" second="52" time="21" type="corner" type_id="6"/>
	<message comment="Vincent Kompany recieves a yellow card" minute="18" period="1" second="55" time="18" type="card received" type_id="17"/>
	<message comment="Nani misses attempt (High, Out of box, Right footed, Open play)" minute="9" period="1" second="13" time="9" type="attempt missed" type_id="13"/>
	<message comment="Formation Set" minute="0" period="14" second="0" time="9" type="end" type_id="30"/>
	<message comment="Chris Smalling has shot blocked (18-yard box, Head, Open play)" minute="8" period="1" second="21" time="8" type="attempt blocked" type_id="15"/>
	<message comment="Pablo Zabaleta blocks a shot" minute="8" period="1" second="21" time="8" type="save made" type_id="10"/>
	<message comment="Patrice Evra wins a corner (To the left)" minute="7" period="1" second="34" time="7" type="corner" type_id="6"/>
	<message comment="David Silva wins a corner (To the right)" minute="5" period="1" second="29" time="5" type="corner" type_id="6"/>
	<message comment="Phil Jones blocks a shot" minute="5" period="1" second="14" time="5" type="save made" type_id="10"/>
	<message comment="David Silva has shot blocked (18-yard box, Left footed, Open play)" minute="5" period="1" second="14" time="5" type="attempt blocked" type_id="15"/>
	<message comment="Chris Smalling blocks a shot" minute="5" period="1" second="1" time="5" type="save made" type_id="10"/>
	<message comment="David Silva has shot blocked (Out of box, Left footed, Open play)" minute="5" period="1" second="1" time="5" type="attempt blocked" type_id="15"/>
	<message comment="Michael Carrick has shot blocked (18-yard box, Right footed, From corner)" minute="1" period="1" second="4" time="1" type="attempt blocked" type_id="15"/>
	<message comment="Vincent Kompany blocks a shot" minute="1" period="1" second="4" time="1" type="save made" type_id="10"/>
	<message comment="Patrice Evra wins a corner (To the left)" minute="0" period="1" second="39" time="0" type="corner" type_id="6"/>
	<message comment="First half begins!" minute="0" period="1" second="0" time="0" type="start" type_id="32"/>
</Commentary>
