<?xml version="1.0" ?>
<Commentary away_team_name="Manchester United" competition="English Premier League" game_date="2011-09-18" home_team_name="Chelsea" lang_id="en" season="Season 2011/2012" season_id="2011" sport_id="1" sport_name="Football">
	<message comment="Second half ends" minute="95" period="2" second="3" time="98" type="end" type_id="30"/>
	<message comment="Branislav Ivanovic has shot blocked (18-yard box, Head, From corner)" minute="92" period="2" second="51" time="95" type="attempt blocked" type_id="15"/>
	<message comment="Luis Antonio Valencia blocks a shot (Last line)" minute="92" period="2" second="51" time="95" type="save made" type_id="10"/>
	<message comment="Nicolas Anelka wins a corner (To the right)" minute="92" period="2" second="33" time="95" type="corner" type_id="6"/>
	<message comment="Ashley Cole blocks a shot (Last line)" minute="90" period="2" second="27" time="93" type="save made" type_id="10"/>
	<message comment="Dimitar Berbatov has shot blocked (18-yard box, Big Chance, Right footed, Fast break)" minute="90" period="2" second="27" time="93" type="attempt blocked" type_id="15"/>
	<message comment="Ashley Young wins a corner (To the left)" minute="86" period="2" second="3" time="89" type="corner" type_id="6"/>
	<message comment="Wayne Rooney has attempt saved (Low to the right, 18-yard box, Head, Open play)" minute="85" period="2" second="16" time="88" type="attempt blocked" type_id="15"/>
	<message comment="Petr Cech makes a save" minute="85" period="2" second="16" time="88" type="save made" type_id="10"/>
	<message comment="Darren Fletcher recieves a yellow card" minute="84" period="2" second="20" time="87" type="card received" type_id="17"/>
	<message comment="Fernando Torres misses attempt (18-yard box, Big Chance, Left footed, Open play)" minute="82" period="2" second="49" time="85" type="attempt missed" type_id="13"/>
	<message comment="Luis Antonio Valencia recieves a yellow card" minute="79" period="2" second="39" time="82" type="card received" type_id="17"/>
	<message comment="Chicharito is substituted off" minute="78" period="2" second="47" time="81" type="substitution off" type_id="18"/>
	<message comment="Dimitar Berbatov is substituted on" minute="78" period="2" second="47" time="81" type="substitution on" type_id="19"/>
	<message comment="Raul Meireles is substituted off" minute="78" period="2" second="20" time="81" type="substitution off" type_id="18"/>
	<message comment="John Obi Mikel is substituted on" minute="78" period="2" second="20" time="81" type="substitution on" type_id="19"/>
	<message comment="Ashley Cole recieves a yellow card" minute="77" period="2" second="17" time="80" type="card received" type_id="17"/>
	<message comment="Chicharito misses attempt (6-yard box, Big Chance, Right footed, Open play)" minute="76" period="2" second="11" time="79" type="attempt missed" type_id="13"/>
	<message comment="Wayne Rooney hits the woodwork (To the right, 18-yard box, Big Chance, Left footed, Open play)" minute="76" period="2" second="10" time="79" type="woodwork hit" type_id="14"/>
	<message comment="Branislav Ivanovic misses attempt (To the left, Out of box, Right footed, Open play)" minute="74" period="2" second="13" time="77" type="attempt missed" type_id="13"/>
	<message comment="Phil Jones is caught offside" minute="72" period="2" time="75" type="offside" type_id="10000"/>
	<message comment="Ashley Young wins a corner (To the left)" minute="71" period="2" second="58" time="74" type="corner" type_id="6"/>
	<message comment="Fernando Torres misses attempt (High, 18-yard box, Big Chance, Right footed, Open play)" minute="71" period="2" second="6" time="74" type="attempt missed" type_id="13"/>
	<message comment="Fernando Torres has attempt saved (Low to the right, Out of box, Left footed, Open play)" minute="71" period="2" second="4" time="74" type="attempt blocked" type_id="15"/>
	<message comment="David de Gea makes a save (Parried into danger, Diving)" minute="71" period="2" second="4" time="74" type="save made" type_id="10"/>
	<message comment="Branislav Ivanovic misses attempt (To the right, 18-yard box, Head, From corner)" minute="69" period="2" second="27" time="72" type="attempt missed" type_id="13"/>
	<message comment="Romelu Lukaku wins a corner (To the left)" minute="69" period="2" second="10" time="72" type="corner" type_id="6"/>
	<message comment="Romelu Lukaku has shot blocked (6-yard box, Left footed, From corner)" minute="69" period="2" second="6" time="72" type="attempt blocked" type_id="15"/>
	<message comment="Patrice Evra blocks a shot" minute="69" period="2" second="6" time="72" type="save made" type_id="10"/>
	<message comment="Fernando Torres wins a corner (To the left)" minute="68" period="2" second="57" time="71" type="corner" type_id="6"/>
	<message comment="John Terry wins a corner (To the left)" minute="68" period="2" second="9" time="71" type="corner" type_id="6"/>
	<message comment="John Terry has shot blocked (18-yard box, Head, From corner)" minute="68" period="2" second="7" time="71" type="attempt blocked" type_id="15"/>
	<message comment="Michael Carrick blocks a shot" minute="68" period="2" second="7" time="71" type="save made" type_id="10"/>
	<message comment="Daniel Sturridge is substituted off" minute="67" period="2" second="50" time="70" type="substitution off" type_id="18"/>
	<message comment="Romelu Lukaku is substituted on" minute="67" period="2" second="50" time="70" type="substitution on" type_id="19"/>
	<message comment="Raul Meireles wins a corner (To the left)" minute="67" period="2" second="14" time="70" type="corner" type_id="6"/>
	<message comment="Phil Jones misses attempt (To the right, 18-yard box, Head, From corner)" minute="66" period="2" second="28" time="69" type="attempt missed" type_id="13"/>
	<message comment="Wayne Rooney wins a corner (To the left)" minute="65" period="2" second="58" time="68" type="corner" type_id="6"/>
	<message comment="Branislav Ivanovic blocks a shot" minute="65" period="2" second="52" time="68" type="save made" type_id="10"/>
	<message comment="Wayne Rooney has shot blocked (Out of box, Right footed, Set piece)" minute="65" period="2" second="52" time="68" type="attempt blocked" type_id="15"/>
	<message comment="Ramires blocks a shot" minute="65" period="2" second="49" time="68" type="save made" type_id="10"/>
	<message comment="Wayne Rooney has shot blocked (Out of box, Right footed, Free kick)" minute="65" period="2" second="49" time="68" type="attempt blocked" type_id="15"/>
	<message comment="Michael Carrick is substituted on" minute="62" period="2" second="5" time="65" type="substitution on" type_id="19"/>
	<message comment="Anderson is substituted off" minute="62" period="2" second="4" time="65" type="substitution off" type_id="18"/>
	<message comment="Chris Smalling is substituted off" minute="61" period="2" second="43" time="64" type="substitution off" type_id="18"/>
	<message comment="Luis Antonio Valencia is substituted on" minute="61" period="2" second="43" time="64" type="substitution on" type_id="19"/>
	<message comment="Fernando Torres wins a corner (To the right)" minute="59" period="2" second="45" time="62" type="corner" type_id="6"/>
	<message comment="Wayne Rooney misses attempt (18-yard box, Penalty, Big Chance, Right footed)" minute="56" period="2" second="2" time="59" type="attempt missed" type_id="13"/>
	<message comment="John Terry recieves a yellow card" minute="55" period="2" second="47" time="58" type="card received" type_id="17"/>
	<message comment="Ashley Cole blocks a shot" minute="54" period="2" second="31" time="57" type="save made" type_id="10"/>
	<message comment="Nani has shot blocked (Out of box, Right footed, Open play)" minute="54" period="2" second="31" time="57" type="attempt blocked" type_id="15"/>
	<message comment="Juan Mata wins a corner (To the right)" minute="53" period="2" second="52" time="56" type="corner" type_id="6"/>
	<message comment="Juan Mata has attempt saved (Low to the right, Out of box, Left footed, Open play)" minute="53" period="2" second="47" time="56" type="attempt blocked" type_id="15"/>
	<message comment="David de Gea makes a save (Parried safe, Diving)" minute="53" period="2" second="47" time="56" type="save made" type_id="10"/>
	<message comment="Ramires recieves a yellow card" minute="48" period="2" second="50" time="51" type="card received" type_id="17"/>
	<message comment="GOAL! Fernando Torres scores , Assisted by Nicolas Anelka (Low to the centre, 18-yard box, Big Chance, Right footed, Open play)" minute="45" period="2" second="30" time="48" type="goal scored" type_id="16"/>
	<message comment="Frank Lampard is substituted off" minute="45" period="2" second="0" time="48" type="substitution off" type_id="18"/>
	<message comment="Nicolas Anelka is substituted on" minute="45" period="2" second="0" time="48" type="substitution on" type_id="19"/>
	<message comment="Second half begins!" minute="45" period="2" second="0" time="48" type="start" type_id="32"/>
	<message comment="First half ends" minute="47" period="1" second="7" time="47" type="end" type_id="30"/>
	<message comment="GOAL! Wayne Rooney scores , Assisted by Nani (Low to the left, 18-yard box, Big Chance, Right footed, Open play)" minute="44" period="1" second="39" time="44" type="goal scored" type_id="16"/>
	<message comment="Ramires misses attempt (High, Out of box, Left footed, Open play)" minute="40" period="1" second="51" time="40" type="attempt missed" type_id="13"/>
	<message comment="Ashley Cole misses attempt (To the right, Out of box, Left footed, Open play)" minute="40" period="1" second="3" time="40" type="attempt missed" type_id="13"/>
	<message comment="GOAL! Nani scores , Assisted by Jonny Evans (High to the left, Out of box, Right footed, Open play)" minute="36" period="1" second="28" time="36" type="goal scored" type_id="16"/>
	<message comment="Wayne Rooney misses attempt (High to the right, Out of box, Right footed, Open play)" minute="33" period="1" second="44" time="33" type="attempt missed" type_id="13"/>
	<message comment="Daniel Sturridge has attempt saved (Low to the right, 18-yard box, Right footed, Open play)" minute="31" period="1" second="54" time="31" type="attempt blocked" type_id="15"/>
	<message comment="David de Gea makes a save" minute="31" period="1" second="54" time="31" type="save made" type_id="10"/>
	<message comment="Fernando Torres misses attempt (To the left, 18-yard box, Right footed, Open play)" minute="30" period="1" second="12" time="30" type="attempt missed" type_id="13"/>
	<message comment="Chicharito is caught offside" minute="26" period="1" time="26" type="offside" type_id="10000"/>
	<message comment="Ramires wins a corner (To the right)" minute="25" period="1" second="51" time="25" type="corner" type_id="6"/>
	<message comment="Ramires has attempt saved (Low to the centre, 18-yard box, Big Chance, Right footed, Open play)" minute="25" period="1" second="47" time="25" type="attempt blocked" type_id="15"/>
	<message comment="David de Gea makes a save (Diving, Parried safe)" minute="25" period="1" second="47" time="25" type="save made" type_id="10"/>
	<message comment="Frank Lampard misses attempt (18-yard box, Right footed, Open play)" minute="21" period="1" second="14" time="21" type="attempt missed" type_id="13"/>
	<message comment="Daniel Sturridge misses attempt (To the right, Out of box, Left footed, Open play)" minute="20" period="1" second="35" time="20" type="attempt missed" type_id="13"/>
	<message comment="Nani wins a corner (To the left)" minute="16" period="1" second="38" time="16" type="corner" type_id="6"/>
	<message comment="Ashley Young has attempt saved (Low to the right, 18-yard box, Head, Open play)" minute="15" period="1" second="7" time="15" type="attempt blocked" type_id="15"/>
	<message comment="Petr Cech makes a save (Collected)" minute="15" period="1" second="7" time="15" type="save made" type_id="10"/>
	<message comment="Branislav Ivanovic has attempt saved (High to the left, 18-yard box, Head, From corner)" minute="13" period="1" second="42" time="13" type="attempt blocked" type_id="15"/>
	<message comment="David de Gea makes a save (Standing)" minute="13" period="1" second="42" time="13" type="save made" type_id="10"/>
	<message comment="Frank Lampard wins a corner (To the left)" minute="13" period="1" second="16" time="13" type="corner" type_id="6"/>
	<message comment="Frank Lampard has shot blocked (Out of box, Right footed, Open play)" minute="13" period="1" second="14" time="13" type="attempt blocked" type_id="15"/>
	<message comment="Jonny Evans blocks a shot" minute="13" period="1" second="14" time="13" type="save made" type_id="10"/>
	<message comment="Fernando Torres misses attempt (18-yard box, Big Chance, Right footed, Open play)" minute="11" period="1" second="38" time="11" type="attempt missed" type_id="13"/>
	<message comment="Daniel Sturridge wins a corner (To the right)" minute="10" period="1" second="4" time="10" type="corner" type_id="6"/>
	<message comment="Formation Set" minute="0" period="14" second="0" time="8" type="end" type_id="30"/>
	<message comment="GOAL! Chris Smalling scores , Assisted by Ashley Young (High to the right, 18-yard box, Head, Set piece)" minute="7" period="1" second="8" time="7" type="goal scored" type_id="16"/>
	<message comment="Daniel Sturridge misses attempt (To the right, Out of box, Left footed, Open play)" minute="4" period="1" second="42" time="4" type="attempt missed" type_id="13"/>
	<message comment="Ramires has attempt saved (Low to the centre, 18-yard box, Right footed, Open play)" minute="2" period="1" second="34" time="2" type="attempt blocked" type_id="15"/>
	<message comment="David de Gea makes a save (Feet, Parried safe)" minute="2" period="1" second="34" time="2" type="save made" type_id="10"/>
	<message comment="First half begins!" minute="0" period="1" second="0" time="0" type="start" type_id="32"/>
</Commentary>
