<?xml version="1.0" ?>
<Commentary away_team_name="Manchester City" competition="English Premier League" game_date="2014-02-22" home_team_name="Stoke" lang_id="en" season="Season 2013/2014" season_id="2013" sport_id="1" sport_name="Football">
	<message comment="Second half ends" minute="95" period="2" second="7" time="98" type="end" type_id="30"/>
	<message comment="Stephen Ireland misses attempt (18-yard box, Right footed, Open play)" minute="92" period="2" second="28" time="95" type="attempt missed" type_id="13"/>
	<message comment="Edin Dzeko recieves a yellow card" minute="89" period="2" second="43" time="92" type="card received" type_id="17"/>
	<message comment="Matthew Etherington is substituted on" minute="81" period="2" second="22" time="84" type="substitution on" type_id="19"/>
	<message comment="Glenn Whelan is substituted off" minute="81" period="2" second="22" time="84" type="substitution off" type_id="18"/>
	<message comment="David Silva wins a corner (To the right)" minute="78" period="2" second="51" time="81" type="corner" type_id="6"/>
	<message comment="David Silva wins a corner (To the left)" minute="77" period="2" second="22" time="80" type="corner" type_id="6"/>
	<message comment="Jonathan Walters is substituted off" minute="77" period="2" second="16" time="80" type="substitution off" type_id="18"/>
	<message comment="Stephen Ireland is substituted on" minute="77" period="2" second="16" time="80" type="substitution on" type_id="19"/>
	<message comment="Javi García wins a corner (To the left)" minute="76" period="2" second="39" time="79" type="corner" type_id="6"/>
	<message comment="Asmir Begovic makes a save (Parried safe, Diving)" minute="76" period="2" second="37" time="79" type="save made" type_id="10"/>
	<message comment="Javi García has attempt saved (Low to the centre, Out of box, Right footed, Open play)" minute="76" period="2" second="37" time="79" type="attempt blocked" type_id="15"/>
	<message comment="GOAL! Yaya Touré scores , Assisted by Aleksandar Kolarov (Low to the centre, 18-yard box, Big Chance, Right footed, Open play)" minute="69" period="2" second="35" time="72" type="goal scored" type_id="16"/>
	<message comment="Stevan Jovetic is substituted off" minute="68" period="2" second="30" time="71" type="substitution off" type_id="18"/>
	<message comment="Javi García is substituted on" minute="68" period="2" second="30" time="71" type="substitution on" type_id="19"/>
	<message comment="Marko Arnautovic is substituted off" minute="68" period="2" second="8" time="71" type="substitution off" type_id="18"/>
	<message comment="Wilson Palacios is substituted on" minute="68" period="2" second="8" time="71" type="substitution on" type_id="19"/>
	<message comment="Asmir Begovic makes a save (Standing, Parried into danger)" minute="66" period="2" second="29" time="69" type="save made" type_id="10"/>
	<message comment="Stevan Jovetic has attempt saved (High to the centre, Out of box, Right footed, Open play)" minute="66" period="2" second="29" time="69" type="attempt blocked" type_id="15"/>
	<message comment="Stevan Jovetic misses attempt (To the left, Out of box, Right footed, Open play)" minute="63" period="2" second="7" time="66" type="attempt missed" type_id="13"/>
	<message comment="Fernandinho is substituted off" minute="62" period="2" second="19" time="65" type="substitution off" type_id="18"/>
	<message comment="Jesús Navas is substituted on" minute="62" period="2" second="19" time="65" type="substitution on" type_id="19"/>
	<message comment="Peter Crouch misses attempt (High to the right, 6-yard box, Head, From corner)" minute="61" period="2" second="49" time="64" type="attempt missed" type_id="13"/>
	<message comment="Peter Odemwingie wins a corner (To the right)" minute="61" period="2" second="22" time="64" type="corner" type_id="6"/>
	<message comment="Marc Wilson blocks a shot" minute="60" period="2" second="14" time="63" type="save made" type_id="10"/>
	<message comment="Samir Nasri has shot blocked (Out of box, Right footed, Open play)" minute="60" period="2" second="14" time="63" type="attempt blocked" type_id="15"/>
	<message comment="Charlie Adam blocks a shot" minute="56" period="2" second="47" time="59" type="save made" type_id="10"/>
	<message comment="Yaya Touré has shot blocked (Out of box, Right footed, Free kick)" minute="56" period="2" second="47" time="59" type="attempt blocked" type_id="15"/>
	<message comment="Álvaro Negredo is substituted off" minute="56" period="2" second="0" time="59" type="substitution off" type_id="18"/>
	<message comment="Stevan Jovetic is substituted on" minute="56" period="2" second="0" time="59" type="substitution on" type_id="19"/>
	<message comment="Peter Odemwingie blocks a shot" minute="53" period="2" second="7" time="56" type="save made" type_id="10"/>
	<message comment="Aleksandar Kolarov has shot blocked (Out of box, Left footed, Open play)" minute="53" period="2" second="7" time="56" type="attempt blocked" type_id="15"/>
	<message comment="Edin Dzeko misses attempt (High, 18-yard box, Left footed, Open play)" minute="47" period="2" second="23" time="50" type="attempt missed" type_id="13"/>
	<message comment="Second half begins!" minute="45" period="2" second="0" time="48" type="start" type_id="32"/>
	<message comment="First half ends" minute="47" period="1" second="18" time="47" type="end" type_id="30"/>
	<message comment="Asmir Begovic makes a save (Diving)" minute="46" period="1" second="23" time="46" type="save made" type_id="10"/>
	<message comment="Fernandinho has attempt saved (Low to the left, Out of box, Right footed, Open play)" minute="46" period="1" second="23" time="46" type="attempt blocked" type_id="15"/>
	<message comment="Edin Dzeko misses attempt (Out of box, Right footed, Open play)" minute="44" period="1" second="29" time="44" type="attempt missed" type_id="13"/>
	<message comment="Peter Crouch is caught offside" minute="43" period="1" time="43" type="offside" type_id="10000"/>
	<message comment="Aleksandar Kolarov misses attempt (To the right, Out of box, Left footed, Open play)" minute="41" period="1" second="16" time="41" type="attempt missed" type_id="13"/>
	<message comment="Pablo Zabaleta wins a corner (To the right)" minute="40" period="1" second="30" time="40" type="corner" type_id="6"/>
	<message comment="Yaya Touré misses attempt (High to the right, 18-yard box, Right footed, Open play)" minute="39" period="1" second="14" time="39" type="attempt missed" type_id="13"/>
	<message comment="Álvaro Negredo misses attempt (High to the left, 18-yard box, Left footed, From corner)" minute="35" period="1" second="47" time="35" type="attempt missed" type_id="13"/>
	<message comment="Samir Nasri wins a corner (To the left)" minute="35" period="1" second="16" time="35" type="corner" type_id="6"/>
	<message comment="Charlie Adam blocks a shot" minute="35" period="1" second="14" time="35" type="save made" type_id="10"/>
	<message comment="Samir Nasri has shot blocked (Out of box, Right footed, Open play)" minute="35" period="1" second="14" time="35" type="attempt blocked" type_id="15"/>
	<message comment="Charlie Adam recieves a yellow card" minute="33" period="1" second="19" time="33" type="card received" type_id="17"/>
	<message comment="Charlie Adam has shot blocked (Out of box, Left footed, Free kick)" minute="31" period="1" second="23" time="31" type="attempt blocked" type_id="15"/>
	<message comment="Edin Dzeko blocks a shot" minute="31" period="1" second="23" time="31" type="save made" type_id="10"/>
	<message comment="Fernandinho recieves a yellow card" minute="30" period="1" second="25" time="30" type="card received" type_id="17"/>
	<message comment="Asmir Begovic makes a save (Collected)" minute="29" period="1" second="27" time="29" type="save made" type_id="10"/>
	<message comment="Yaya Touré has attempt saved (High to the right, Out of box, Right footed, Open play)" minute="29" period="1" second="27" time="29" type="attempt blocked" type_id="15"/>
	<message comment="Erik Pieters is caught offside" minute="27" period="1" time="27" type="offside" type_id="10000"/>
	<message comment="Aleksandar Kolarov wins a corner (To the left)" minute="26" period="1" second="59" time="26" type="corner" type_id="6"/>
	<message comment="Asmir Begovic makes a save" minute="25" period="1" second="45" time="25" type="save made" type_id="10"/>
	<message comment="Fernandinho has attempt saved (Low to the right, Out of box, Right footed, Open play)" minute="25" period="1" second="45" time="25" type="attempt blocked" type_id="15"/>
	<message comment="Charlie Adam wins a corner (To the right)" minute="20" period="1" second="7" time="20" type="corner" type_id="6"/>
	<message comment="Charlie Adam has attempt saved (Low to the right, Out of box, Left footed, Open play)" minute="20" period="1" second="5" time="20" type="attempt blocked" type_id="15"/>
	<message comment="Joe Hart makes a save (Diving, Parried safe)" minute="20" period="1" second="5" time="20" type="save made" type_id="10"/>
	<message comment="Charlie Adam wins a corner (To the right)" minute="18" period="1" second="3" time="18" type="corner" type_id="6"/>
	<message comment="Ryan Shawcross is caught offside" minute="18" period="1" time="18" type="offside" type_id="10000"/>
	<message comment="Vincent Kompany recieves a yellow card" minute="14" period="1" second="40" time="14" type="card received" type_id="17"/>
	<message comment="Pablo Zabaleta wins a corner (To the right)" minute="13" period="1" second="34" time="13" type="corner" type_id="6"/>
	<message comment="Marc Wilson blocks a shot" minute="13" period="1" second="32" time="13" type="save made" type_id="10"/>
	<message comment="Pablo Zabaleta has shot blocked (18-yard box, Right footed, Open play)" minute="13" period="1" second="32" time="13" type="attempt blocked" type_id="15"/>
	<message comment="Formation Set" minute="0" period="14" second="0" time="8" type="end" type_id="30"/>
	<message comment="Charlie Adam misses attempt (Out of box, Left footed, Set piece)" minute="7" period="1" second="33" time="7" type="attempt missed" type_id="13"/>
	<message comment="Edin Dzeko misses attempt (High to the left, 18-yard box, Head, From corner)" minute="6" period="1" second="34" time="6" type="attempt missed" type_id="13"/>
	<message comment="Fernandinho wins a corner (To the left)" minute="6" period="1" second="10" time="6" type="corner" type_id="6"/>
	<message comment="Asmir Begovic makes a save (Parried safe, Diving)" minute="6" period="1" second="5" time="6" type="save made" type_id="10"/>
	<message comment="Fernandinho has attempt saved (High to the centre, Out of box, Right footed, Open play)" minute="6" period="1" second="5" time="6" type="attempt blocked" type_id="15"/>
	<message comment="Glenn Whelan has attempt saved (Low to the centre, Out of box, Right footed, Open play)" minute="3" period="1" second="36" time="3" type="attempt blocked" type_id="15"/>
	<message comment="Joe Hart makes a save (Standing)" minute="3" period="1" second="36" time="3" type="save made" type_id="10"/>
	<message comment="Peter Crouch misses attempt (To the right, 18-yard box, Head, Open play)" minute="1" period="1" second="1" time="1" type="attempt missed" type_id="13"/>
	<message comment="First half begins!" minute="0" period="1" second="0" time="0" type="start" type_id="32"/>
</Commentary>
