<?xml version="1.0" ?>
<Commentary away_team_name="Manchester City" competition="English Premier League" game_date="2014-02-03" home_team_name="Chelsea" lang_id="en" season="Season 2013/2014" season_id="2013" sport_id="1" sport_name="Football">
	<message comment="Second half ends" minute="94" period="2" second="16" time="97" type="end" type_id="30"/>
	<message comment="Matija Nastasic misses attempt (To the left, 18-yard box, Left footed, Open play)" minute="93" period="2" second="51" time="96" type="attempt missed" type_id="13"/>
	<message comment="Eden Hazard is substituted off" minute="93" period="2" second="17" time="96" type="substitution off" type_id="18"/>
	<message comment="Demba Ba is substituted on" minute="93" period="2" second="17" time="96" type="substitution on" type_id="19"/>
	<message comment="Stevan Jovetic wins a corner (To the right)" minute="92" period="2" second="44" time="95" type="corner" type_id="6"/>
	<message comment="Petr Cech makes a save (Diving, Parried safe)" minute="92" period="2" second="42" time="95" type="save made" type_id="10"/>
	<message comment="Stevan Jovetic has attempt saved (High to the right, Out of box, Right footed, Open play)" minute="92" period="2" second="42" time="95" type="attempt blocked" type_id="15"/>
	<message comment="Willian is substituted off" minute="91" period="2" second="44" time="94" type="substitution off" type_id="18"/>
	<message comment="John Obi Mikel is substituted on" minute="91" period="2" second="44" time="94" type="substitution on" type_id="19"/>
	<message comment="Willian recieves a yellow card" minute="91" period="2" second="29" time="94" type="card received" type_id="17"/>
	<message comment="Pablo Zabaleta wins a corner (To the right)" minute="90" period="2" second="35" time="93" type="corner" type_id="6"/>
	<message comment="David Luiz has attempt saved (Low to the right, Out of box, Right footed, Open play)" minute="88" period="2" second="2" time="91" type="attempt blocked" type_id="15"/>
	<message comment="Joe Hart makes a save (Collected, Standing)" minute="88" period="2" second="2" time="91" type="save made" type_id="10"/>
	<message comment="Matija Nastasic recieves a yellow card" minute="86" period="2" second="29" time="89" type="card received" type_id="17"/>
	<message comment="Branislav Ivanovic blocks a shot" minute="85" period="2" second="51" time="88" type="save made" type_id="10"/>
	<message comment="Vincent Kompany has shot blocked (18-yard box, Head, From corner)" minute="85" period="2" second="51" time="88" type="attempt blocked" type_id="15"/>
	<message comment="Jesús Navas wins a corner (To the right)" minute="85" period="2" second="38" time="88" type="corner" type_id="6"/>
	<message comment="Aleksandar Kolarov misses attempt (To the right, Out of box, Left footed, From corner)" minute="85" period="2" second="11" time="88" type="attempt missed" type_id="13"/>
	<message comment="Jesús Navas has shot blocked (Out of box, Right footed, From corner)" minute="85" period="2" second="1" time="88" type="attempt blocked" type_id="15"/>
	<message comment="Aleksandar Kolarov wins a corner (To the left)" minute="84" period="2" second="40" time="87" type="corner" type_id="6"/>
	<message comment="Branislav Ivanovic wins a corner (To the right)" minute="83" period="2" second="39" time="86" type="corner" type_id="6"/>
	<message comment="Samuel Eto'o is substituted off" minute="82" period="2" second="35" time="85" type="substitution off" type_id="18"/>
	<message comment="Oscar is substituted on" minute="82" period="2" second="35" time="85" type="substitution on" type_id="19"/>
	<message comment="Yaya Touré wins a corner (To the right)" minute="79" period="2" second="33" time="82" type="corner" type_id="6"/>
	<message comment="David Luiz misses attempt (High to the right, Out of box, Right footed, Open play)" minute="78" period="2" second="21" time="81" type="attempt missed" type_id="13"/>
	<message comment="Willian is caught offside" minute="78" period="2" time="81" type="offside" type_id="10000"/>
	<message comment="Gary Cahill misses attempt (To the left, 18-yard box, Head, From corner)" minute="76" period="2" second="13" time="79" type="attempt missed" type_id="13"/>
	<message comment="Ramires wins a corner (To the right)" minute="75" period="2" second="43" time="78" type="corner" type_id="6"/>
	<message comment="David Silva misses attempt (To the left, 18-yard box, Big Chance, Left footed, Open play)" minute="74" period="2" second="53" time="77" type="attempt missed" type_id="13"/>
	<message comment="Jesús Navas wins a corner (To the right)" minute="73" period="2" second="14" time="76" type="corner" type_id="6"/>
	<message comment="David Silva wins a corner (To the right)" minute="72" period="2" second="51" time="75" type="corner" type_id="6"/>
	<message comment="Petr Cech makes a save (Parried safe, Diving)" minute="72" period="2" second="47" time="75" type="save made" type_id="10"/>
	<message comment="David Silva has attempt saved (High to the right, Out of box, Left footed, Free kick)" minute="72" period="2" second="47" time="75" type="attempt blocked" type_id="15"/>
	<message comment="Stevan Jovetic misses attempt (To the left, Out of box, Right footed, Open play)" minute="69" period="2" second="44" time="72" type="attempt missed" type_id="13"/>
	<message comment="Ramires has attempt saved (Low to the centre, Out of box, Right footed, Fast break)" minute="69" period="2" second="20" time="72" type="attempt blocked" type_id="15"/>
	<message comment="Joe Hart makes a save (Collected)" minute="69" period="2" second="20" time="72" type="save made" type_id="10"/>
	<message comment="Aleksandar Kolarov wins a corner (To the left)" minute="68" period="2" second="42" time="71" type="corner" type_id="6"/>
	<message comment="Gary Cahill blocks a shot" minute="67" period="2" second="2" time="70" type="save made" type_id="10"/>
	<message comment="Aleksandar Kolarov has shot blocked (Out of box, Left footed, Open play)" minute="67" period="2" second="2" time="70" type="attempt blocked" type_id="15"/>
	<message comment="Edin Dzeko misses attempt (To the left, 18-yard box, Big Chance, Right footed, Open play)" minute="66" period="2" second="57" time="69" type="attempt missed" type_id="13"/>
	<message comment="Gary Cahill hits the woodwork (To the right, 18-yard box, Head, From corner)" minute="66" period="2" second="7" time="69" type="woodwork hit" type_id="14"/>
	<message comment="Gary Cahill wins a corner (To the right)" minute="65" period="2" second="34" time="68" type="corner" type_id="6"/>
	<message comment="Gary Cahill has shot blocked (18-yard box, Head, From corner)" minute="65" period="2" second="33" time="68" type="attempt blocked" type_id="15"/>
	<message comment="Vincent Kompany blocks a shot" minute="65" period="2" second="33" time="68" type="save made" type_id="10"/>
	<message comment="Ramires wins a corner (To the right)" minute="64" period="2" second="56" time="67" type="corner" type_id="6"/>
	<message comment="Ramires is caught offside" minute="62" period="2" time="65" type="offside" type_id="10000"/>
	<message comment="Aleksandar Kolarov misses attempt (Out of box, Left footed, Free kick)" minute="61" period="2" second="2" time="64" type="attempt missed" type_id="13"/>
	<message comment="David Luiz has shot blocked (Out of box, Right footed, Free kick)" minute="57" period="2" second="0" time="60" type="attempt blocked" type_id="15"/>
	<message comment="Vincent Kompany blocks a shot" minute="57" period="2" second="0" time="60" type="save made" type_id="10"/>
	<message comment="Álvaro Negredo is substituted off" minute="56" period="2" second="17" time="59" type="substitution off" type_id="18"/>
	<message comment="Stevan Jovetic is substituted on" minute="56" period="2" second="17" time="59" type="substitution on" type_id="19"/>
	<message comment="Nemanja Matic hits the woodwork (High, Out of box, Left footed, Open play)" minute="52" period="2" second="4" time="55" type="woodwork hit" type_id="14"/>
	<message comment="Yaya Touré misses attempt (To the left, 18-yard box, Right footed, Open play)" minute="50" period="2" second="41" time="53" type="attempt missed" type_id="13"/>
	<message comment="Willian wins a corner (To the left)" minute="48" period="2" second="36" time="51" type="corner" type_id="6"/>
	<message comment="Willian has shot blocked (18-yard box, Left footed, Open play)" minute="48" period="2" second="32" time="51" type="attempt blocked" type_id="15"/>
	<message comment="Pablo Zabaleta blocks a shot" minute="48" period="2" second="32" time="51" type="save made" type_id="10"/>
	<message comment="Edin Dzeko misses attempt (To the right, 18-yard box, Head, Open play)" minute="46" period="2" second="46" time="49" type="attempt missed" type_id="13"/>
	<message comment="Second half begins!" minute="45" period="2" second="0" time="48" type="start" type_id="32"/>
	<message comment="First half ends" minute="47" period="1" second="25" time="47" type="end" type_id="30"/>
	<message comment="Samuel Eto'o hits the woodwork (High, 18-yard box, Big Chance, Right footed, Open play)" minute="43" period="1" second="9" time="43" type="woodwork hit" type_id="14"/>
	<message comment="Aleksandar Kolarov recieves a yellow card" minute="41" period="1" second="41" time="41" type="card received" type_id="17"/>
	<message comment="Edin Dzeko misses attempt (Out of box, Right footed, From corner)" minute="40" period="1" second="53" time="40" type="attempt missed" type_id="13"/>
	<message comment="Jesús Navas wins a corner (To the right)" minute="40" period="1" second="31" time="40" type="corner" type_id="6"/>
	<message comment="Nemanja Matic recieves a yellow card" minute="39" period="1" second="31" time="39" type="card received" type_id="17"/>
	<message comment="Edin Dzeko misses attempt (High, 18-yard box, Head, From corner)" minute="37" period="1" second="59" time="37" type="attempt missed" type_id="13"/>
	<message comment="Álvaro Negredo wins a corner (To the left)" minute="37" period="1" second="40" time="37" type="corner" type_id="6"/>
	<message comment="Martín Demichelis recieves a yellow card" minute="36" period="1" second="9" time="36" type="card received" type_id="17"/>
	<message comment="Eden Hazard has attempt saved (Low to the right, Out of box, Left footed, Open play)" minute="35" period="1" second="4" time="35" type="attempt blocked" type_id="15"/>
	<message comment="Joe Hart makes a save (Diving)" minute="35" period="1" second="4" time="35" type="save made" type_id="10"/>
	<message comment="Jesús Navas has attempt saved (Low to the left, 18-yard box, Right footed, Open play)" minute="33" period="1" second="43" time="33" type="attempt blocked" type_id="15"/>
	<message comment="Petr Cech makes a save (Collected, Standing)" minute="33" period="1" second="43" time="33" type="save made" type_id="10"/>
	<message comment="Branislav Ivanovic recieves a yellow card" minute="32" period="1" second="38" time="32" type="card received" type_id="17"/>
	<message comment="GOAL! Branislav Ivanovic scores  (Low to the left, Out of box, Left footed, Open play)" minute="31" period="1" second="15" time="31" type="goal scored" type_id="16"/>
	<message comment="Ramires has shot blocked (18-yard box, Right footed, Open play)" minute="31" period="1" second="13" time="31" type="attempt blocked" type_id="15"/>
	<message comment="Vincent Kompany blocks a shot" minute="31" period="1" second="13" time="31" type="save made" type_id="10"/>
	<message comment="Nemanja Matic blocks a shot" minute="30" period="1" second="44" time="30" type="save made" type_id="10"/>
	<message comment="Jesús Navas has shot blocked (18-yard box, Left footed, Open play)" minute="30" period="1" second="44" time="30" type="attempt blocked" type_id="15"/>
	<message comment="Willian misses attempt (High to the right, 18-yard box, Right footed, Fast break)" minute="26" period="1" second="46" time="26" type="attempt missed" type_id="13"/>
	<message comment="Joe Hart makes a save (Parried into danger, Diving)" minute="26" period="1" second="43" time="26" type="save made" type_id="10"/>
	<message comment="Ramires has attempt saved (High to the right, 18-yard box, Big Chance, Right footed, Fast break)" minute="26" period="1" second="43" time="26" type="attempt blocked" type_id="15"/>
	<message comment="David Silva wins a corner (To the left)" minute="25" period="1" second="54" time="25" type="corner" type_id="6"/>
	<message comment="Gary Cahill blocks a shot" minute="25" period="1" second="52" time="25" type="save made" type_id="10"/>
	<message comment="David Silva has shot blocked (18-yard box, Left footed, Open play)" minute="25" period="1" second="52" time="25" type="attempt blocked" type_id="15"/>
	<message comment="Samuel Eto'o is caught offside" minute="22" period="1" time="22" type="offside" type_id="10000"/>
	<message comment="Edin Dzeko misses attempt (To the left, 18-yard box, Left footed, Open play)" minute="21" period="1" second="57" time="21" type="attempt missed" type_id="13"/>
	<message comment="David Luiz misses attempt (High to the left, Out of box, Right footed, Free kick)" minute="21" period="1" second="6" time="21" type="attempt missed" type_id="13"/>
	<message comment="Samuel Eto'o has attempt saved (Low to the left, Out of box, Right footed, Open play)" minute="19" period="1" second="7" time="19" type="attempt blocked" type_id="15"/>
	<message comment="Joe Hart makes a save (Standing)" minute="19" period="1" second="7" time="19" type="save made" type_id="10"/>
	<message comment="David Silva misses attempt (To the left, 6-yard box, Big Chance, Right footed, Open play)" minute="17" period="1" second="24" time="17" type="attempt missed" type_id="13"/>
	<message comment="Yaya Touré misses attempt (Out of box, Right footed, Open play)" minute="15" period="1" second="51" time="15" type="attempt missed" type_id="13"/>
	<message comment="Samuel Eto'o is caught offside" minute="13" period="1" time="13" type="offside" type_id="10000"/>
	<message comment="Álvaro Negredo misses attempt (High to the left, 18-yard box, Head, From corner)" minute="11" period="1" second="49" time="11" type="attempt missed" type_id="13"/>
	<message comment="Pablo Zabaleta wins a corner (To the right)" minute="11" period="1" second="22" time="11" type="corner" type_id="6"/>
	<message comment="David Luiz misses attempt (To the left, Out of box, Left footed, From corner)" minute="8" period="1" second="27" time="8" type="attempt missed" type_id="13"/>
	<message comment="Willian wins a corner (To the right)" minute="7" period="1" second="45" time="7" type="corner" type_id="6"/>
	<message comment="Formation Set" minute="0" period="14" second="0" time="7" type="end" type_id="30"/>
	<message comment="Álvaro Negredo misses attempt (High to the left, 18-yard box, Left footed, Open play)" minute="2" period="1" second="20" time="2" type="attempt missed" type_id="13"/>
	<message comment="David Silva misses attempt (To the left, Out of box, Left footed, Open play)" minute="0" period="1" second="21" time="0" type="attempt missed" type_id="13"/>
	<message comment="First half begins!" minute="0" period="1" second="0" time="0" type="start" type_id="32"/>
</Commentary>
