<?xml version="1.0" ?>
<Commentary away_team_name="Manchester United" competition="English Premier League" game_date="2013-12-21" home_team_name="West Ham" lang_id="en" season="Season 2013/2014" season_id="2013" sport_id="1" sport_name="Football">
	<message comment="Second half ends" minute="94" period="2" second="0" time="98" type="end" type_id="30"/>
	<message comment="Jonny Evans misses attempt (High, 18-yard box, Right footed, From corner)" minute="93" period="2" second="31" time="97" type="attempt missed" type_id="13"/>
	<message comment="Ashley Young wins a corner (To the right)" minute="92" period="2" second="58" time="96" type="corner" type_id="6"/>
	<message comment="Chicharito wins a corner (To the right)" minute="92" period="2" second="11" time="96" type="corner" type_id="6"/>
	<message comment="Razvan Rat blocks a shot" minute="92" period="2" second="9" time="96" type="save made" type_id="10"/>
	<message comment="Chicharito has shot blocked (18-yard box, Right footed, Open play)" minute="92" period="2" second="9" time="96" type="attempt blocked" type_id="15"/>
	<message comment="Jonny Evans misses attempt (High, 6-yard box, Right footed, Open play)" minute="90" period="2" second="15" time="94" type="attempt missed" type_id="13"/>
	<message comment="Alexander Büttner wins a corner (To the left)" minute="89" period="2" second="18" time="93" type="corner" type_id="6"/>
	<message comment="Razvan Rat blocks a shot" minute="88" period="2" second="34" time="92" type="save made" type_id="10"/>
	<message comment="Tom Cleverley has shot blocked (18-yard box, Right footed, Open play)" minute="88" period="2" second="34" time="92" type="attempt blocked" type_id="15"/>
	<message comment="Guy Demel blocks a shot" minute="88" period="2" second="31" time="92" type="save made" type_id="10"/>
	<message comment="Alexander Büttner has shot blocked (18-yard box, Left footed, Open play)" minute="88" period="2" second="31" time="92" type="attempt blocked" type_id="15"/>
	<message comment="Alexander Büttner misses attempt (To the right, 18-yard box, Left footed, Open play)" minute="86" period="2" second="57" time="90" type="attempt missed" type_id="13"/>
	<message comment="Luis Antonio Valencia misses attempt (High to the right, Out of box, Right footed, Open play)" minute="84" period="2" second="37" time="88" type="attempt missed" type_id="13"/>
	<message comment="Ravel Morrison has shot blocked (Out of box, Right footed, Set piece)" minute="83" period="2" second="24" time="87" type="attempt blocked" type_id="15"/>
	<message comment="Tom Cleverley blocks a shot" minute="83" period="2" second="24" time="87" type="save made" type_id="10"/>
	<message comment="GOAL! Carlton Cole scores , Assisted by Modibo Maiga (Low to the centre, 18-yard box, Big Chance, Left footed, Open play)" minute="80" period="2" second="44" time="84" type="goal scored" type_id="16"/>
	<message comment="Patrice Evra is substituted off" minute="79" period="2" second="26" time="83" type="substitution off" type_id="18"/>
	<message comment="Alexander Büttner is substituted on" minute="79" period="2" second="26" time="83" type="substitution on" type_id="19"/>
	<message comment="George McCartney recieves a yellow card" minute="75" period="2" second="43" time="79" type="card received" type_id="17"/>
	<message comment="James Collins is substituted off" minute="74" period="2" second="49" time="78" type="substitution off" type_id="18"/>
	<message comment="Razvan Rat is substituted on" minute="74" period="2" second="49" time="78" type="substitution on" type_id="19"/>
	<message comment="Ashley Young is caught offside" minute="72" period="2" time="76" type="offside" type_id="10000"/>
	<message comment="GOAL! Ashley Young scores , Assisted by Wayne Rooney (High to the right, 18-yard box, Right footed, Open play)" minute="71" period="2" second="15" time="75" type="goal scored" type_id="16"/>
	<message comment="Matthew Jarvis is substituted off" minute="70" period="2" second="48" time="74" type="substitution off" type_id="18"/>
	<message comment="Carlton Cole is substituted on" minute="70" period="2" second="48" time="74" type="substitution on" type_id="19"/>
	<message comment="Modibo Maiga misses attempt (To the right, 18-yard box, Head, Open play)" minute="68" period="2" second="55" time="72" type="attempt missed" type_id="13"/>
	<message comment="Adnan Januzaj is substituted off" minute="68" period="2" second="8" time="72" type="substitution off" type_id="18"/>
	<message comment="Ashley Young is substituted on" minute="68" period="2" second="8" time="72" type="substitution on" type_id="19"/>
	<message comment="Chicharito is caught offside" minute="67" period="2" time="71" type="offside" type_id="10000"/>
	<message comment="James Tomkins recieves a yellow card" minute="66" period="2" second="53" time="70" type="card received" type_id="17"/>
	<message comment="Matthew Jarvis recieves a yellow card" minute="64" period="2" second="25" time="68" type="card received" type_id="17"/>
	<message comment="Matthew Taylor is substituted off" minute="61" period="2" second="49" time="65" type="substitution off" type_id="18"/>
	<message comment="Jack Collison is substituted on" minute="61" period="2" second="49" time="65" type="substitution on" type_id="19"/>
	<message comment="Matthew Taylor wins a corner (To the left)" minute="58" period="2" second="19" time="62" type="corner" type_id="6"/>
	<message comment="Guy Demel wins a corner (To the right)" minute="57" period="2" second="34" time="61" type="corner" type_id="6"/>
	<message comment="Chicharito is substituted on" minute="53" period="2" second="24" time="57" type="substitution on" type_id="19"/>
	<message comment="Danny Welbeck is substituted off" minute="53" period="2" second="23" time="57" type="substitution off" type_id="18"/>
	<message comment="Jonny Evans wins a corner (To the left)" minute="48" period="2" second="23" time="52" type="corner" type_id="6"/>
	<message comment="Mark Noble blocks a shot (Last line)" minute="48" period="2" second="21" time="52" type="save made" type_id="10"/>
	<message comment="Jonny Evans has shot blocked (18-yard box, Head, From corner)" minute="48" period="2" second="21" time="52" type="attempt blocked" type_id="15"/>
	<message comment="Adnan Januzaj wins a corner (To the right)" minute="47" period="2" second="56" time="51" type="corner" type_id="6"/>
	<message comment="Matthew Jarvis is caught offside" minute="47" period="2" time="51" type="offside" type_id="10000"/>
	<message comment="Modibo Maiga is caught offside" minute="45" period="2" time="49" type="offside" type_id="10000"/>
	<message comment="Second half begins!" minute="45" period="2" second="0" time="49" type="start" type_id="32"/>
	<message comment="First half ends" minute="48" period="1" second="6" time="48" type="end" type_id="30"/>
	<message comment="Adrián makes a save (Collected, Diving)" minute="47" period="1" second="43" time="47" type="save made" type_id="10"/>
	<message comment="Wayne Rooney has attempt saved (Low to the left, Out of box, Right footed, Open play)" minute="47" period="1" second="43" time="47" type="attempt blocked" type_id="15"/>
	<message comment="Adnan Januzaj recieves a yellow card" minute="41" period="1" second="18" time="41" type="card received" type_id="17"/>
	<message comment="Luis Antonio Valencia misses attempt (18-yard box, Right footed, Fast break)" minute="40" period="1" second="4" time="40" type="attempt missed" type_id="13"/>
	<message comment="Wayne Rooney is caught offside" minute="39" period="1" time="39" type="offside" type_id="10000"/>
	<message comment="GOAL! Adnan Januzaj scores , Assisted by Danny Welbeck (Low to the right, 18-yard box, Big Chance, Right footed, Open play)" minute="35" period="1" second="50" time="35" type="goal scored" type_id="16"/>
	<message comment="Adnan Januzaj wins a corner (To the left)" minute="28" period="1" second="49" time="28" type="corner" type_id="6"/>
	<message comment="Matthew Taylor blocks a shot" minute="28" period="1" second="48" time="28" type="save made" type_id="10"/>
	<message comment="Adnan Januzaj has shot blocked (Out of box, Left footed, Open play)" minute="28" period="1" second="48" time="28" type="attempt blocked" type_id="15"/>
	<message comment="GOAL! Danny Welbeck scores , Assisted by Wayne Rooney (Low to the right, 18-yard box, Big Chance, Left footed, Open play)" minute="25" period="1" second="41" time="25" type="goal scored" type_id="16"/>
	<message comment="Luis Antonio Valencia wins a corner (To the right)" minute="19" period="1" second="1" time="19" type="corner" type_id="6"/>
	<message comment="Adrián makes a save (Diving, Parried safe)" minute="18" period="1" second="59" time="18" type="save made" type_id="10"/>
	<message comment="Luis Antonio Valencia has attempt saved (Low to the right, Out of box, Right footed, Open play)" minute="18" period="1" second="59" time="18" type="attempt blocked" type_id="15"/>
	<message comment="Ravel Morrison recieves a yellow card" minute="17" period="1" second="23" time="17" type="card received" type_id="17"/>
	<message comment="James Tomkins blocks a shot" minute="16" period="1" second="37" time="16" type="save made" type_id="10"/>
	<message comment="Adnan Januzaj has shot blocked (18-yard box, Left footed, Open play)" minute="16" period="1" second="37" time="16" type="attempt blocked" type_id="15"/>
	<message comment="Matthew Taylor has shot blocked (Out of box, Left footed, Open play)" minute="16" period="1" second="5" time="16" type="attempt blocked" type_id="15"/>
	<message comment="Chris Smalling blocks a shot" minute="16" period="1" second="5" time="16" type="save made" type_id="10"/>
	<message comment="Wayne Rooney misses attempt (Out of box, Right footed, Free kick)" minute="12" period="1" second="48" time="12" type="attempt missed" type_id="13"/>
	<message comment="Guy Demel blocks a shot" minute="11" period="1" second="49" time="11" type="save made" type_id="10"/>
	<message comment="Adnan Januzaj has shot blocked (18-yard box, Right footed, Open play)" minute="11" period="1" second="49" time="11" type="attempt blocked" type_id="15"/>
	<message comment="Adrián makes a save (Parried safe, Diving)" minute="10" period="1" second="48" time="10" type="save made" type_id="10"/>
	<message comment="Phil Jones has attempt saved (Low to the right, Out of box, Left footed, Open play)" minute="10" period="1" second="48" time="10" type="attempt blocked" type_id="15"/>
	<message comment="Formation Set" minute="0" period="14" second="0" time="8" type="end" type_id="30"/>
	<message comment="James Collins blocks a shot" minute="3" period="1" second="51" time="3" type="save made" type_id="10"/>
	<message comment="Adnan Januzaj has shot blocked (Out of box, Left footed, Open play)" minute="3" period="1" second="51" time="3" type="attempt blocked" type_id="15"/>
	<message comment="Adrián makes a save (Parried into danger, Diving)" minute="1" period="1" second="7" time="1" type="save made" type_id="10"/>
	<message comment="Tom Cleverley has attempt saved (Low to the right, 18-yard box, Right footed, From corner)" minute="1" period="1" second="7" time="1" type="attempt blocked" type_id="15"/>
	<message comment="Wayne Rooney wins a corner (To the right)" minute="0" period="1" second="45" time="0" type="corner" type_id="6"/>
	<message comment="First half begins!" minute="0" period="1" second="0" time="0" type="start" type_id="32"/>
</Commentary>
