<?xml version="1.0" ?>
<Commentary away_team_name="Manchester City" competition="English Premier League" game_date="2011-04-03" home_team_name="Sunderland" lang_id="en" season="Season 2010/2011" season_id="2010" sport_id="1" sport_name="Football">
	<message comment="Second half ends" minute="93" period="2" second="8" time="95" type="end" type_id="30"/>
	<message comment="Mario Balotelli wins a corner (To the right)" minute="93" period="2" second="4" time="95" type="corner" type_id="6"/>
	<message comment="Mario Balotelli has attempt saved (High to the right, Out of box, Right footed, Free kick)" minute="93" period="2" second="2" time="95" type="attempt blocked" type_id="15"/>
	<message comment="Simon Mignolet makes a save (Diving, Parried safe)" minute="93" period="2" second="2" time="95" type="save made" type_id="10"/>
	<message comment="Michael Turner recieves a yellow card" minute="92" period="2" second="0" time="94" type="card received" type_id="17"/>
	<message comment="Yaya Touré blocks a shot" minute="91" period="2" second="36" time="93" type="save made" type_id="10"/>
	<message comment="Boudewijn Zenden has shot blocked (Out of box, Left footed, Open play)" minute="91" period="2" second="36" time="93" type="attempt blocked" type_id="15"/>
	<message comment="Joe Hart makes a save (Standing)" minute="90" period="2" second="59" time="92" type="save made" type_id="10"/>
	<message comment="Boudewijn Zenden has attempt saved (High to the centre, Out of box, Left footed, Open play)" minute="90" period="2" second="59" time="92" type="attempt blocked" type_id="15"/>
	<message comment="Patrick Vieira recieves a yellow card" minute="84" period="2" second="16" time="86" type="card received" type_id="17"/>
	<message comment="Ahmed El Mohamady misses attempt (18-yard box, Big Chance, Head, Set piece)" minute="83" period="2" second="32" time="85" type="attempt missed" type_id="13"/>
	<message comment="Carlos Tevez misses attempt (6-yard box, Left footed, Open play)" minute="82" period="2" second="24" time="84" type="attempt missed" type_id="13"/>
	<message comment="Joe Hart makes a save (Collected, Standing)" minute="79" period="2" second="29" time="81" type="save made" type_id="10"/>
	<message comment="Asamoah Gyan has attempt saved (Low to the centre, 18-yard box, Right footed, Open play)" minute="79" period="2" second="29" time="81" type="attempt blocked" type_id="15"/>
	<message comment="Boudewijn Zenden wins a corner (To the right)" minute="78" period="2" second="58" time="80" type="corner" type_id="6"/>
	<message comment="David Silva is substituted off" minute="77" period="2" second="58" time="79" type="substitution off" type_id="18"/>
	<message comment="Shaun Wright-Phillips is substituted on" minute="77" period="2" second="58" time="79" type="substitution on" type_id="19"/>
	<message comment="Ryan McGivern has shot blocked (Out of box, Left footed, Open play)" minute="76" period="2" second="5" time="78" type="attempt blocked" type_id="15"/>
	<message comment="John Mensah blocks a shot" minute="76" period="2" second="5" time="78" type="save made" type_id="10"/>
	<message comment="Jack Colback misses attempt (Out of box, Left footed, Open play)" minute="74" period="2" second="41" time="76" type="attempt missed" type_id="13"/>
	<message comment="GOAL! Yaya Touré scores  (Low to the right, 18-yard box, Left footed, Open play)" minute="72" period="2" second="29" time="74" type="goal scored" type_id="16"/>
	<message comment="Sulley Muntari is substituted off" minute="71" period="2" second="55" time="73" type="substitution off" type_id="18"/>
	<message comment="Jack Colback is substituted on" minute="71" period="2" second="55" time="73" type="substitution on" type_id="19"/>
	<message comment="Stéphane Sessegnon wins a corner (To the right)" minute="71" period="2" second="33" time="73" type="corner" type_id="6"/>
	<message comment="Dedryck Boyata is substituted off" minute="69" period="2" second="59" time="71" type="substitution off" type_id="18"/>
	<message comment="Ryan McGivern is substituted on" minute="69" period="2" second="59" time="71" type="substitution on" type_id="19"/>
	<message comment="Mario Balotelli has attempt saved (High to the centre, Out of box, Right footed, Open play)" minute="69" period="2" second="19" time="71" type="attempt blocked" type_id="15"/>
	<message comment="Simon Mignolet makes a save (Parried safe, Standing)" minute="69" period="2" second="19" time="71" type="save made" type_id="10"/>
	<message comment="Stéphane Sessegnon misses attempt (To the left, Out of box, Right footed, Open play)" minute="68" period="2" second="13" time="70" type="attempt missed" type_id="13"/>
	<message comment="GOAL! Patrick Vieira scores , Assisted by Joleon Lescott (Low to the centre, 18-yard box, Right footed, From corner)" minute="66" period="2" second="20" time="68" type="goal scored" type_id="16"/>
	<message comment="Mario Balotelli has shot blocked (18-yard box, Head, From corner)" minute="66" period="2" second="16" time="68" type="attempt blocked" type_id="15"/>
	<message comment="Adam Johnson is substituted off" minute="65" period="2" second="54" time="67" type="substitution off" type_id="18"/>
	<message comment="Patrick Vieira is substituted on" minute="65" period="2" second="54" time="67" type="substitution on" type_id="19"/>
	<message comment="Carlos Tevez wins a corner (To the left)" minute="65" period="2" second="12" time="67" type="corner" type_id="6"/>
	<message comment="GOAL! David Silva scores  (Low to the left, 18-yard box, Big Chance, Left footed, Open play)" minute="62" period="2" second="17" time="64" type="goal scored" type_id="16"/>
	<message comment="Mario Balotelli has shot blocked (18-yard box, Right footed, Open play)" minute="62" period="2" second="16" time="64" type="attempt blocked" type_id="15"/>
	<message comment="Michael Turner blocks a shot" minute="62" period="2" second="16" time="64" type="save made" type_id="10"/>
	<message comment="Aleksandar Kolarov wins a corner (To the left)" minute="61" period="2" second="26" time="63" type="corner" type_id="6"/>
	<message comment="Jordan Henderson is substituted off" minute="58" period="2" second="55" time="60" type="substitution off" type_id="18"/>
	<message comment="Boudewijn Zenden is substituted on" minute="58" period="2" second="55" time="60" type="substitution on" type_id="19"/>
	<message comment="Carlos Tevez is caught offside" minute="57" period="2" time="59" type="offside" type_id="10000"/>
	<message comment="Mario Balotelli has attempt saved (Low to the left, 18-yard box, Right footed, Open play)" minute="54" period="2" second="13" time="56" type="attempt blocked" type_id="15"/>
	<message comment="Simon Mignolet makes a save (Parried safe)" minute="54" period="2" second="13" time="56" type="save made" type_id="10"/>
	<message comment="Adam Johnson is caught offside" minute="53" period="2" time="55" type="offside" type_id="10000"/>
	<message comment="Carlos Tevez is caught offside" minute="52" period="2" time="54" type="offside" type_id="10000"/>
	<message comment="Adam Johnson wins a corner (To the right)" minute="49" period="2" second="44" time="51" type="corner" type_id="6"/>
	<message comment="Stéphane Sessegnon wins a corner (To the right)" minute="48" period="2" second="21" time="50" type="corner" type_id="6"/>
	<message comment="Stéphane Sessegnon wins a corner (To the right)" minute="47" period="2" second="3" time="49" type="corner" type_id="6"/>
	<message comment="Phil Bardsley is substituted off" minute="45" period="2" second="0" time="47" type="substitution off" type_id="18"/>
	<message comment="Ahmed El Mohamady is substituted on" minute="45" period="2" second="0" time="47" type="substitution on" type_id="19"/>
	<message comment="Second half begins!" minute="45" period="2" second="0" time="47" type="start" type_id="32"/>
	<message comment="First half ends" minute="46" period="1" second="2" time="46" type="end" type_id="30"/>
	<message comment="Asamoah Gyan misses attempt (Out of box, Left footed, Open play)" minute="36" period="1" second="23" time="36" type="attempt missed" type_id="13"/>
	<message comment="Aleksandar Kolarov recieves a yellow card" minute="35" period="1" second="20" time="35" type="card received" type_id="17"/>
	<message comment="David Silva wins a corner (To the right)" minute="33" period="1" second="17" time="33" type="corner" type_id="6"/>
	<message comment="Simon Mignolet makes a save (Parried safe, Diving)" minute="32" period="1" second="25" time="32" type="save made" type_id="10"/>
	<message comment="Mario Balotelli has attempt saved (Low to the right, Out of box, Right footed, Open play)" minute="32" period="1" second="25" time="32" type="attempt blocked" type_id="15"/>
	<message comment="John Mensah recieves a yellow card" minute="30" period="1" second="25" time="30" type="card received" type_id="17"/>
	<message comment="Asamoah Gyan has attempt saved (Low to the centre, Out of box, Left footed, Open play)" minute="29" period="1" second="48" time="29" type="attempt blocked" type_id="15"/>
	<message comment="Joe Hart makes a save (Collected)" minute="29" period="1" second="48" time="29" type="save made" type_id="10"/>
	<message comment="Aleksandar Kolarov misses attempt (To the right, Out of box, Left footed, Free kick)" minute="26" period="1" second="20" time="26" type="attempt missed" type_id="13"/>
	<message comment="Adam Johnson wins a corner (To the right)" minute="18" period="1" second="12" time="18" type="corner" type_id="6"/>
	<message comment="Carlos Tevez wins a corner (To the right)" minute="17" period="1" second="43" time="17" type="corner" type_id="6"/>
	<message comment="Phil Bardsley blocks a shot" minute="17" period="1" second="38" time="17" type="save made" type_id="10"/>
	<message comment="Carlos Tevez has shot blocked (18-yard box, Right footed, Open play)" minute="17" period="1" second="38" time="17" type="attempt blocked" type_id="15"/>
	<message comment="GOAL! Carlos Tevez scores  (Low to the right, 18-yard box, Penalty, Big Chance, Right footed)" minute="14" period="1" second="36" time="14" type="goal scored" type_id="16"/>
	<message comment="Phil Bardsley recieves a yellow card" minute="13" period="1" second="52" time="13" type="card received" type_id="17"/>
	<message comment="Asamoah Gyan is caught offside" minute="9" period="1" time="9" type="offside" type_id="10000"/>
	<message comment="GOAL! Adam Johnson scores , Assisted by Yaya Touré (Low to the right, 18-yard box, Left footed, Open play)" minute="8" period="1" second="44" time="8" type="goal scored" type_id="16"/>
	<message comment="Michael Turner blocks a shot" minute="7" period="1" second="2" time="7" type="save made" type_id="10"/>
	<message comment="Mario Balotelli has shot blocked (Out of box, Right footed, Open play)" minute="7" period="1" second="2" time="7" type="attempt blocked" type_id="15"/>
	<message comment="Formation Set" minute="0" period="14" second="0" time="5" type="end" type_id="30"/>
	<message comment="Stéphane Sessegnon wins a corner (To the left)" minute="4" period="1" second="15" time="4" type="corner" type_id="6"/>
	<message comment="First half begins!" minute="0" period="1" second="0" time="0" type="start" type_id="32"/>
</Commentary>
