<?xml version="1.0" ?>
<Commentary away_team_name="Manchester United" competition="English Premier League" game_date="2012-11-03" home_team_name="Arsenal" lang_id="en" season="Season 2012/2013" season_id="2012" sport_id="1" sport_name="Football">
	<message comment="Second half ends" minute="94" period="2" second="26" time="98" type="end" type_id="30"/>
	<message comment="GOAL! Santi Cazorla scores  (High to the right, 18-yard box, Right footed, Open play)" minute="94" period="2" second="12" time="98" type="goal scored" type_id="16"/>
	<message comment="Santi Cazorla has shot blocked (18-yard box, Right footed, Open play)" minute="94" period="2" second="10" time="98" type="attempt blocked" type_id="15"/>
	<message comment="Michael Carrick blocks a shot" minute="94" period="2" second="10" time="98" type="save made" type_id="10"/>
	<message comment="Olivier Giroud has attempt saved (Low to the centre, 6-yard box, Big Chance, Left footed, Open play)" minute="91" period="2" second="39" time="95" type="attempt blocked" type_id="15"/>
	<message comment="David de Gea makes a save (Parried into danger, Feet)" minute="91" period="2" second="39" time="95" type="save made" type_id="10"/>
	<message comment="Mikel Arteta recieves a yellow card" minute="90" period="2" second="18" time="94" type="card received" type_id="17"/>
	<message comment="Nani misses attempt (To the left, 18-yard box, Head, From corner)" minute="88" period="2" second="5" time="92" type="attempt missed" type_id="13"/>
	<message comment="Anderson wins a corner (To the right)" minute="87" period="2" second="29" time="91" type="corner" type_id="6"/>
	<message comment="Rio Ferdinand blocks a shot" minute="87" period="2" second="18" time="91" type="save made" type_id="10"/>
	<message comment="Olivier Giroud has shot blocked (Out of box, Left footed, Open play)" minute="87" period="2" second="18" time="91" type="attempt blocked" type_id="15"/>
	<message comment="Nani wins a corner (To the left)" minute="82" period="2" second="59" time="86" type="corner" type_id="6"/>
	<message comment="Andrey Arshavin recieves a yellow card" minute="82" period="2" second="16" time="86" type="card received" type_id="17"/>
	<message comment="Luis Antonio Valencia is substituted off" minute="81" period="2" second="16" time="85" type="substitution off" type_id="18"/>
	<message comment="Nani is substituted on" minute="81" period="2" second="16" time="85" type="substitution on" type_id="19"/>
	<message comment="Lukas Podolski is substituted off" minute="80" period="2" second="57" time="84" type="substitution off" type_id="18"/>
	<message comment="Andrey Arshavin is substituted on" minute="80" period="2" second="57" time="84" type="substitution on" type_id="19"/>
	<message comment="Wayne Rooney recieves a yellow card" minute="80" period="2" second="43" time="84" type="card received" type_id="17"/>
	<message comment="Anderson is caught offside" minute="79" period="2" time="83" type="offside" type_id="10000"/>
	<message comment="Theo Walcott misses attempt (High to the right, 18-yard box, Right footed, Open play)" minute="75" period="2" second="5" time="79" type="attempt missed" type_id="13"/>
	<message comment="Robin van Persie is caught offside" minute="75" period="2" time="79" type="offside" type_id="10000"/>
	<message comment="Anderson recieves a yellow card" minute="71" period="2" second="25" time="75" type="card received" type_id="17"/>
	<message comment="Wayne Rooney has shot blocked (Out of box, Right footed, Open play)" minute="70" period="2" second="7" time="74" type="attempt blocked" type_id="15"/>
	<message comment="Mikel Arteta blocks a shot" minute="70" period="2" second="7" time="74" type="save made" type_id="10"/>
	<message comment="Jack Wilshere recieves a red card after receiving second yellow card" minute="69" period="2" second="0" time="73" type="card received" type_id="17"/>
	<message comment="Anderson misses attempt (High, Out of box, Left footed, Open play)" minute="67" period="2" second="28" time="71" type="attempt missed" type_id="13"/>
	<message comment="GOAL! Patrice Evra scores , Assisted by Wayne Rooney (Low to the left, 18-yard box, Big Chance, Head, From corner)" minute="66" period="2" second="2" time="70" type="goal scored" type_id="16"/>
	<message comment="Robin van Persie wins a corner (To the left)" minute="65" period="2" second="29" time="69" type="corner" type_id="6"/>
	<message comment="Robin van Persie has attempt saved (Low to the left, 18-yard box, Big Chance, Left footed, Open play)" minute="65" period="2" second="28" time="69" type="attempt blocked" type_id="15"/>
	<message comment="Vito Mannone makes a save (Diving)" minute="65" period="2" second="28" time="69" type="save made" type_id="10"/>
	<message comment="Ashley Young is caught offside" minute="62" period="2" time="66" type="offside" type_id="10000"/>
	<message comment="Tom Cleverley is substituted off" minute="60" period="2" second="34" time="64" type="substitution off" type_id="18"/>
	<message comment="Anderson is substituted on" minute="60" period="2" second="34" time="64" type="substitution on" type_id="19"/>
	<message comment="Robin van Persie recieves a yellow card" minute="60" period="2" second="3" time="64" type="card received" type_id="17"/>
	<message comment="Per Mertesacker blocks a shot" minute="57" period="2" second="26" time="61" type="save made" type_id="10"/>
	<message comment="Wayne Rooney has shot blocked (18-yard box, Right footed, Open play)" minute="57" period="2" second="26" time="61" type="attempt blocked" type_id="15"/>
	<message comment="Olivier Giroud hits the woodwork (To the left, 6-yard box, Left footed, Open play)" minute="53" period="2" second="31" time="57" type="woodwork hit" type_id="14"/>
	<message comment="Aaron Ramsey is substituted off" minute="51" period="2" second="30" time="55" type="substitution off" type_id="18"/>
	<message comment="Theo Walcott is substituted on" minute="51" period="2" second="30" time="55" type="substitution on" type_id="19"/>
	<message comment="Michael Carrick misses attempt (To the left, Out of box, Right footed, Open play)" minute="47" period="2" second="51" time="51" type="attempt missed" type_id="13"/>
	<message comment="Rafael misses attempt (To the left, Out of box, Right footed, Open play)" minute="47" period="2" second="49" time="51" type="attempt missed" type_id="13"/>
	<message comment="Wayne Rooney wins a corner (To the left)" minute="46" period="2" second="41" time="50" type="corner" type_id="6"/>
	<message comment="Second half begins!" minute="45" period="2" second="0" time="49" type="start" type_id="32"/>
	<message comment="First half ends" minute="48" period="1" second="2" time="48" type="end" type_id="30"/>
	<message comment="Wayne Rooney misses attempt (18-yard box, Big Chance, Penalty, Right footed)" minute="45" period="1" second="26" time="45" type="attempt missed" type_id="13"/>
	<message comment="Wayne Rooney wins a corner (To the left)" minute="43" period="1" second="53" time="43" type="corner" type_id="6"/>
	<message comment="Olivier Giroud wins a corner (To the left)" minute="37" period="1" second="45" time="37" type="corner" type_id="6"/>
	<message comment="Tom Cleverley recieves a yellow card" minute="36" period="1" second="47" time="36" type="card received" type_id="17"/>
	<message comment="Ashley Young is caught offside" minute="32" period="1" time="32" type="offside" type_id="10000"/>
	<message comment="Ashley Young recieves a yellow card" minute="28" period="1" second="21" time="28" type="card received" type_id="17"/>
	<message comment="Robin van Persie has attempt saved (Low to the right, 18-yard box, Big Chance, Head, Open play)" minute="27" period="1" second="11" time="27" type="attempt blocked" type_id="15"/>
	<message comment="Vito Mannone makes a save (Diving)" minute="27" period="1" second="11" time="27" type="save made" type_id="10"/>
	<message comment="Wayne Rooney has attempt saved (Low to the centre, 18-yard box, Left footed, Open play)" minute="27" period="1" second="4" time="27" type="attempt blocked" type_id="15"/>
	<message comment="Vito Mannone makes a save (Parried into danger, Diving)" minute="27" period="1" second="4" time="27" type="save made" type_id="10"/>
	<message comment="Patrice Evra wins a corner (To the left)" minute="21" period="1" second="40" time="21" type="corner" type_id="6"/>
	<message comment="Robin van Persie has attempt saved (High to the centre, 18-yard box, Right footed, Fast break)" minute="20" period="1" second="46" time="20" type="attempt blocked" type_id="15"/>
	<message comment="Vito Mannone makes a save (Diving, Parried into danger)" minute="20" period="1" second="46" time="20" type="save made" type_id="10"/>
	<message comment="Olivier Giroud is caught offside" minute="20" period="1" time="20" type="offside" type_id="10000"/>
	<message comment="Robin van Persie is caught offside" minute="16" period="1" time="16" type="offside" type_id="10000"/>
	<message comment="Jack Wilshere recieves a yellow card" minute="13" period="1" second="37" time="13" type="card received" type_id="17"/>
	<message comment="André Santos misses attempt (To the right, Out of box, Left footed, Open play)" minute="9" period="1" second="41" time="9" type="attempt missed" type_id="13"/>
	<message comment="Formation Set" minute="0" period="14" second="0" time="8" type="end" type_id="30"/>
	<message comment="GOAL! Robin van Persie scores  (Low to the left, 18-yard box, Right footed, Open play)" minute="2" period="1" second="35" time="2" type="goal scored" type_id="16"/>
	<message comment="First half begins!" minute="0" period="1" second="0" time="0" type="start" type_id="32"/>
</Commentary>
