<?xml version="1.0" ?>
<Commentary away_team_name="Newcastle United" competition="English Premier League" game_date="2013-04-27" home_team_name="Liverpool" lang_id="en" season="Season 2012/2013" season_id="2012" sport_id="1" sport_name="Football">
	<message comment="Second half ends" minute="93" period="2" second="0" time="96" type="end" type_id="30"/>
	<message comment="Suso has attempt saved (High to the centre, 18-yard box, Left footed, Open play)" minute="92" period="2" second="42" time="95" type="attempt blocked" type_id="15"/>
	<message comment="Robert Elliot makes a save" minute="92" period="2" second="42" time="95" type="save made" type_id="10"/>
	<message comment="Jamie Carragher blocks a shot" minute="85" period="2" second="22" time="88" type="save made" type_id="10"/>
	<message comment="Papiss Demba Cissé has shot blocked (18-yard box, Right footed, Open play)" minute="85" period="2" second="22" time="88" type="attempt blocked" type_id="15"/>
	<message comment="Daniel Sturridge is substituted off" minute="84" period="2" second="25" time="87" type="substitution off" type_id="18"/>
	<message comment="Jonjo Shelvey is substituted on" minute="84" period="2" second="25" time="87" type="substitution on" type_id="19"/>
	<message comment="Suso is substituted on" minute="83" period="2" second="58" time="86" type="substitution on" type_id="19"/>
	<message comment="Philippe Coutinho is substituted off" minute="83" period="2" second="58" time="86" type="substitution off" type_id="18"/>
	<message comment="Papiss Demba Cissé misses attempt (18-yard box, Right footed, Open play)" minute="83" period="2" second="23" time="86" type="attempt missed" type_id="13"/>
	<message comment="Daniel Sturridge has shot blocked (18-yard box, Left footed, Open play)" minute="83" period="2" second="5" time="86" type="attempt blocked" type_id="15"/>
	<message comment="Massadio Haidara blocks a shot" minute="83" period="2" second="5" time="86" type="save made" type_id="10"/>
	<message comment="Philippe Coutinho has attempt saved (High to the right, Out of box, Right footed, Open play)" minute="81" period="2" second="2" time="84" type="attempt blocked" type_id="15"/>
	<message comment="Robert Elliot makes a save (Diving)" minute="81" period="2" second="2" time="84" type="save made" type_id="10"/>
	<message comment="GOAL! Jordan Henderson scores  (Low to the right, Out of box, Right footed, Free kick)" minute="75" period="2" second="25" time="78" type="goal scored" type_id="16"/>
	<message comment="Mathieu Debuchy recieves a red card after receiving second yellow card" minute="74" period="2" second="34" time="77" type="card received" type_id="17"/>
	<message comment="GOAL! Fabio Borini scores , Assisted by Stewart Downing (Low to the left, 18-yard box, Right footed, Open play)" minute="73" period="2" second="2" time="76" type="goal scored" type_id="16"/>
	<message comment="Steven Gerrard is substituted off" minute="72" period="2" second="27" time="75" type="substitution off" type_id="18"/>
	<message comment="Fabio Borini is substituted on" minute="72" period="2" second="27" time="75" type="substitution on" type_id="19"/>
	<message comment="Massadio Haidara wins a corner (To the left)" minute="71" period="2" second="29" time="74" type="corner" type_id="6"/>
	<message comment="Daniel Sturridge is caught offside" minute="70" period="2" time="73" type="offside" type_id="10000"/>
	<message comment="Stewart Downing wins a corner (To the right)" minute="69" period="2" second="4" time="72" type="corner" type_id="6"/>
	<message comment="Daniel Sturridge wins a corner (To the right)" minute="68" period="2" second="40" time="71" type="corner" type_id="6"/>
	<message comment="Daniel Sturridge has shot blocked (18-yard box, Left footed, Open play)" minute="68" period="2" second="39" time="71" type="attempt blocked" type_id="15"/>
	<message comment="Steven Taylor blocks a shot" minute="68" period="2" second="39" time="71" type="save made" type_id="10"/>
	<message comment="Massadio Haidara wins a corner (To the left)" minute="67" period="2" second="30" time="70" type="corner" type_id="6"/>
	<message comment="Moussa Sissoko has shot blocked (Out of box, Right footed, Open play)" minute="66" period="2" second="2" time="69" type="attempt blocked" type_id="15"/>
	<message comment="Daniel Agger blocks a shot" minute="66" period="2" second="2" time="69" type="save made" type_id="10"/>
	<message comment="Cheick Tioté is substituted off" minute="64" period="2" second="49" time="67" type="substitution off" type_id="18"/>
	<message comment="Vurnon Anita is substituted on" minute="64" period="2" second="49" time="67" type="substitution on" type_id="19"/>
	<message comment="GOAL! Daniel Sturridge scores , Assisted by Jordan Henderson (Low to the right, 18-yard box, Big Chance, Right footed, Open play)" minute="59" period="2" second="50" time="62" type="goal scored" type_id="16"/>
	<message comment="Philippe Coutinho has shot blocked (18-yard box, Left footed, Open play)" minute="59" period="2" second="10" time="62" type="attempt blocked" type_id="15"/>
	<message comment="Steven Taylor blocks a shot" minute="59" period="2" second="10" time="62" type="save made" type_id="10"/>
	<message comment="Papiss Demba Cissé misses attempt (High, 18-yard box, Right footed, From corner)" minute="55" period="2" second="20" time="58" type="attempt missed" type_id="13"/>
	<message comment="Lucas Leiva blocks a shot" minute="55" period="2" second="17" time="58" type="save made" type_id="10"/>
	<message comment="Hatem Ben Arfa has shot blocked (Out of box, Left footed, From corner)" minute="55" period="2" second="17" time="58" type="attempt blocked" type_id="15"/>
	<message comment="Yoan Gouffran wins a corner (To the left)" minute="54" period="2" second="44" time="57" type="corner" type_id="6"/>
	<message comment="GOAL! Daniel Sturridge scores , Assisted by Philippe Coutinho (High to the centre, 18-yard box, Big Chance, Left footed, Open play)" minute="53" period="2" second="10" time="56" type="goal scored" type_id="16"/>
	<message comment="Pepe Reina makes a save (Standing)" minute="48" period="2" second="15" time="51" type="save made" type_id="10"/>
	<message comment="Yoan Gouffran has attempt saved (High to the left, 18-yard box, Head, Open play)" minute="48" period="2" second="15" time="51" type="attempt blocked" type_id="15"/>
	<message comment="Stewart Downing blocks a shot" minute="48" period="2" second="0" time="51" type="save made" type_id="10"/>
	<message comment="Yoan Gouffran has shot blocked (Out of box, Right footed, Open play)" minute="48" period="2" second="0" time="51" type="attempt blocked" type_id="15"/>
	<message comment="Lucas Leiva blocks a shot" minute="47" period="2" second="12" time="50" type="save made" type_id="10"/>
	<message comment="Cheick Tioté has shot blocked (Out of box, Right footed, Open play)" minute="47" period="2" second="12" time="50" type="attempt blocked" type_id="15"/>
	<message comment="James Perch is substituted off" minute="45" period="2" second="0" time="48" type="substitution off" type_id="18"/>
	<message comment="Hatem Ben Arfa is substituted on" minute="45" period="2" second="0" time="48" type="substitution on" type_id="19"/>
	<message comment="Jonás Gutiérrez is substituted off" minute="45" period="2" second="0" time="48" type="substitution off" type_id="18"/>
	<message comment="Yoan Gouffran is substituted on" minute="45" period="2" second="0" time="48" type="substitution on" type_id="19"/>
	<message comment="Second half begins!" minute="45" period="2" second="0" time="48" type="start" type_id="32"/>
	<message comment="First half ends" minute="47" period="1" second="16" time="47" type="end" type_id="30"/>
	<message comment="Steven Taylor recieves a yellow card" minute="43" period="1" second="46" time="43" type="card received" type_id="17"/>
	<message comment="Jordan Henderson is caught offside" minute="41" period="1" time="41" type="offside" type_id="10000"/>
	<message comment="Glen Johnson recieves a yellow card" minute="40" period="1" second="49" time="40" type="card received" type_id="17"/>
	<message comment="Moussa Sissoko has attempt saved (High to the left, 18-yard box, Head, From corner)" minute="39" period="1" second="40" time="39" type="attempt blocked" type_id="15"/>
	<message comment="Pepe Reina makes a save" minute="39" period="1" second="40" time="39" type="save made" type_id="10"/>
	<message comment="Moussa Sissoko wins a corner (To the right)" minute="38" period="1" second="59" time="38" type="corner" type_id="6"/>
	<message comment="Jonás Gutiérrez recieves a yellow card" minute="38" period="1" second="17" time="38" type="card received" type_id="17"/>
	<message comment="James Perch misses attempt (To the left, 6-yard box, Big Chance, Head, Open play)" minute="35" period="1" second="43" time="35" type="attempt missed" type_id="13"/>
	<message comment="Papiss Demba Cissé is caught offside" minute="33" period="1" time="33" type="offside" type_id="10000"/>
	<message comment="Daniel Sturridge misses attempt (To the left, 18-yard box, Right footed, From corner)" minute="31" period="1" second="24" time="31" type="attempt missed" type_id="13"/>
	<message comment="Daniel Sturridge is caught offside" minute="31" period="1" time="31" type="offside" type_id="10000"/>
	<message comment="Steven Gerrard wins a corner (To the right)" minute="30" period="1" second="57" time="30" type="corner" type_id="6"/>
	<message comment="Steven Gerrard wins a corner (To the right)" minute="30" period="1" second="26" time="30" type="corner" type_id="6"/>
	<message comment="Daniel Sturridge wins a corner (To the right)" minute="29" period="1" second="49" time="29" type="corner" type_id="6"/>
	<message comment="Steven Gerrard misses attempt (To the left, Out of box, Left footed, Open play)" minute="28" period="1" second="46" time="28" type="attempt missed" type_id="13"/>
	<message comment="Papiss Demba Cissé is caught offside" minute="27" period="1" time="27" type="offside" type_id="10000"/>
	<message comment="Jonás Gutiérrez misses attempt (High to the right, Out of box, Right footed, Open play)" minute="26" period="1" second="5" time="26" type="attempt missed" type_id="13"/>
	<message comment="Robert Elliot makes a save (Standing)" minute="23" period="1" second="44" time="23" type="save made" type_id="10"/>
	<message comment="Daniel Sturridge has attempt saved (Low to the centre, Out of box, Right footed, Open play)" minute="23" period="1" second="44" time="23" type="attempt blocked" type_id="15"/>
	<message comment="Daniel Sturridge recieves a yellow card" minute="19" period="1" second="55" time="19" type="card received" type_id="17"/>
	<message comment="Mathieu Debuchy recieves a yellow card" minute="19" period="1" second="52" time="19" type="card received" type_id="17"/>
	<message comment="Daniel Sturridge is caught offside" minute="19" period="1" time="19" type="offside" type_id="10000"/>
	<message comment="Moussa Sissoko wins a corner (To the right)" minute="17" period="1" second="31" time="17" type="corner" type_id="6"/>
	<message comment="GOAL! Jordan Henderson scores , Assisted by Daniel Sturridge (Low to the left, 18-yard box, Big Chance, Left footed, Open play)" minute="16" period="1" second="26" time="16" type="goal scored" type_id="16"/>
	<message comment="Daniel Sturridge is caught offside" minute="11" period="1" time="11" type="offside" type_id="10000"/>
	<message comment="Formation Set" minute="0" period="14" second="0" time="6" type="end" type_id="30"/>
	<message comment="GOAL! Daniel Agger scores , Assisted by Stewart Downing (Low to the right, 18-yard box, Big Chance, Head, From corner)" minute="2" period="1" second="45" time="2" type="goal scored" type_id="16"/>
	<message comment="Jonás Gutiérrez blocks a shot" minute="2" period="1" second="34" time="2" type="save made" type_id="10"/>
	<message comment="Steven Gerrard has shot blocked (Out of box, Right footed, From corner)" minute="2" period="1" second="34" time="2" type="attempt blocked" type_id="15"/>
	<message comment="Glen Johnson wins a corner (To the right)" minute="2" period="1" second="12" time="2" type="corner" type_id="6"/>
	<message comment="Glen Johnson misses attempt (To the left, 18-yard box, Head, From corner)" minute="1" period="1" second="50" time="1" type="attempt missed" type_id="13"/>
	<message comment="Glen Johnson wins a corner (To the right)" minute="1" period="1" second="24" time="1" type="corner" type_id="6"/>
	<message comment="First half begins!" minute="0" period="1" second="0" time="0" type="start" type_id="32"/>
</Commentary>
