<?xml version="1.0" ?>
<Commentary away_team_name="Newcastle United" competition="English Premier League" game_date="2011-10-22" home_team_name="Wigan" lang_id="en" season="Season 2011/2012" season_id="2011" sport_id="1" sport_name="Football">
	<message comment="Second half ends" minute="94" period="2" second="38" time="98" type="end" type_id="30"/>
	<message comment="Cheick Tioté wins a corner (To the right)" minute="94" period="2" second="21" time="98" type="corner" type_id="6"/>
	<message comment="Maynor Figueroa recieves a yellow card" minute="94" period="2" second="0" time="98" type="card received" type_id="17"/>
	<message comment="Maynor Figueroa misses attempt (High to the left, Out of box, Left footed, Open play)" minute="93" period="2" second="11" time="97" type="attempt missed" type_id="13"/>
	<message comment="Mohamed Diamé misses attempt (18-yard box, Head, Open play)" minute="87" period="2" second="9" time="91" type="attempt missed" type_id="13"/>
	<message comment="Albert Crusat is substituted off" minute="81" period="2" second="50" time="85" type="substitution off" type_id="18"/>
	<message comment="Conor Sammon is substituted on" minute="81" period="2" second="50" time="85" type="substitution on" type_id="19"/>
	<message comment="Ben Watson is substituted off" minute="81" period="2" second="42" time="85" type="substitution off" type_id="18"/>
	<message comment="James McArthur is substituted on" minute="81" period="2" second="42" time="85" type="substitution on" type_id="19"/>
	<message comment="GOAL! Yohan Cabaye scores , Assisted by Sylvain Marveaux (High to the left, Out of box, Right footed, Open play)" minute="80" period="2" second="13" time="84" type="goal scored" type_id="16"/>
	<message comment="Ali Al Habsi makes a save (Parried into danger, Diving)" minute="78" period="2" second="19" time="82" type="save made" type_id="10"/>
	<message comment="Hatem Ben Arfa has attempt saved (Low to the right, 18-yard box, Left footed, Open play)" minute="78" period="2" second="19" time="82" type="attempt blocked" type_id="15"/>
	<message comment="Gabriel Obertan is substituted off" minute="76" period="2" second="13" time="80" type="substitution off" type_id="18"/>
	<message comment="Sylvain Marveaux is substituted on" minute="76" period="2" second="13" time="80" type="substitution on" type_id="19"/>
	<message comment="Hugo Rodallega wins a corner (To the right)" minute="74" period="2" second="33" time="78" type="corner" type_id="6"/>
	<message comment="Jonás Gutiérrez wins a corner (To the left)" minute="69" period="2" second="45" time="73" type="corner" type_id="6"/>
	<message comment="Albert Crusat is caught offside" minute="69" period="2" time="73" type="offside" type_id="10000"/>
	<message comment="Demba Ba is substituted off" minute="67" period="2" second="29" time="71" type="substitution off" type_id="18"/>
	<message comment="Shola Ameobi is substituted on" minute="67" period="2" second="29" time="71" type="substitution on" type_id="19"/>
	<message comment="Yohan Cabaye wins a corner (To the right)" minute="66" period="2" second="44" time="70" type="corner" type_id="6"/>
	<message comment="Gary Caldwell blocks a shot" minute="66" period="2" second="36" time="70" type="save made" type_id="10"/>
	<message comment="Jonás Gutiérrez has shot blocked (Out of box, Right footed, Open play)" minute="66" period="2" second="36" time="70" type="attempt blocked" type_id="15"/>
	<message comment="Hugo Rodallega misses attempt (18-yard box, Right footed, Open play)" minute="65" period="2" second="26" time="69" type="attempt missed" type_id="13"/>
	<message comment="Danny Simpson recieves a yellow card" minute="61" period="2" second="50" time="65" type="card received" type_id="17"/>
	<message comment="Maynor Figueroa misses attempt (Out of box, Left footed, Fast break)" minute="60" period="2" second="26" time="64" type="attempt missed" type_id="13"/>
	<message comment="Ben Watson blocks a shot" minute="60" period="2" second="10" time="64" type="save made" type_id="10"/>
	<message comment="Hatem Ben Arfa has shot blocked (18-yard box, Left footed, Open play)" minute="60" period="2" second="10" time="64" type="attempt blocked" type_id="15"/>
	<message comment="Gary Caldwell blocks a shot" minute="60" period="2" second="8" time="64" type="save made" type_id="10"/>
	<message comment="Yohan Cabaye has shot blocked (Out of box, Left footed, Open play)" minute="60" period="2" second="8" time="64" type="attempt blocked" type_id="15"/>
	<message comment="David Jones misses attempt (High to the left, Out of box, Left footed, Open play)" minute="59" period="2" second="17" time="63" type="attempt missed" type_id="13"/>
	<message comment="Steven Taylor wins a corner (To the left)" minute="57" period="2" second="30" time="61" type="corner" type_id="6"/>
	<message comment="Ali Al Habsi makes a save (Parried into danger)" minute="49" period="2" second="8" time="53" type="save made" type_id="10"/>
	<message comment="Demba Ba has attempt saved (Low to the centre, 18-yard box, Head, Throw-in)" minute="49" period="2" second="8" time="53" type="attempt blocked" type_id="15"/>
	<message comment="Demba Ba is caught offside" minute="47" period="2" time="51" type="offside" type_id="10000"/>
	<message comment="Gabriel Obertan misses attempt (High to the right, 18-yard box, Right footed, Open play)" minute="46" period="2" second="54" time="50" type="attempt missed" type_id="13"/>
	<message comment="Leon Best is substituted off" minute="45" period="2" second="0" time="49" type="substitution off" type_id="18"/>
	<message comment="Hatem Ben Arfa is substituted on" minute="45" period="2" second="0" time="49" type="substitution on" type_id="19"/>
	<message comment="Second half begins!" minute="45" period="2" second="0" time="49" type="start" type_id="32"/>
	<message comment="First half ends" minute="48" period="1" second="6" time="48" type="end" type_id="30"/>
	<message comment="Victor Moses misses attempt (To the left, Out of box, Right footed, Fast break)" minute="46" period="1" second="1" time="46" type="attempt missed" type_id="13"/>
	<message comment="Leon Best recieves a yellow card" minute="44" period="1" second="5" time="44" type="card received" type_id="17"/>
	<message comment="Mohamed Diamé wins a corner (To the left)" minute="42" period="1" second="26" time="42" type="corner" type_id="6"/>
	<message comment="Hugo Rodallega misses attempt (To the right, 18-yard box, Head, Set piece)" minute="41" period="1" second="31" time="41" type="attempt missed" type_id="13"/>
	<message comment="Ryan Taylor misses attempt (Out of box, Right footed, Free kick)" minute="40" period="1" second="16" time="40" type="attempt missed" type_id="13"/>
	<message comment="Hugo Rodallega is caught offside" minute="38" period="1" time="38" type="offside" type_id="10000"/>
	<message comment="Mohamed Diamé has attempt saved (High to the centre, Out of box, Left footed, Open play)" minute="37" period="1" second="18" time="37" type="attempt blocked" type_id="15"/>
	<message comment="Tim Krul makes a save (Parried safe)" minute="37" period="1" second="18" time="37" type="save made" type_id="10"/>
	<message comment="Steven Taylor misses attempt (To the left, 18-yard box, Head, From corner)" minute="33" period="1" second="43" time="33" type="attempt missed" type_id="13"/>
	<message comment="Danny Simpson wins a corner (To the right)" minute="33" period="1" second="9" time="33" type="corner" type_id="6"/>
	<message comment="Leon Best has attempt saved (Low to the centre, 6-yard box, Big Chance, Head, Open play)" minute="32" period="1" second="41" time="32" type="attempt blocked" type_id="15"/>
	<message comment="Ali Al Habsi makes a save (Diving, Parried safe)" minute="32" period="1" second="41" time="32" type="save made" type_id="10"/>
	<message comment="Leon Best wins a corner (To the left)" minute="30" period="1" second="21" time="30" type="corner" type_id="6"/>
	<message comment="Emmerson Boyce blocks a shot" minute="27" period="1" second="4" time="27" type="save made" type_id="10"/>
	<message comment="Jonás Gutiérrez has shot blocked (18-yard box, Right footed, Open play)" minute="27" period="1" second="4" time="27" type="attempt blocked" type_id="15"/>
	<message comment="Ben Watson blocks a shot" minute="25" period="1" second="19" time="25" type="save made" type_id="10"/>
	<message comment="Ryan Taylor has shot blocked (Out of box, Right footed, Free kick)" minute="25" period="1" second="19" time="25" type="attempt blocked" type_id="15"/>
	<message comment="David Jones recieves a yellow card" minute="24" period="1" second="40" time="24" type="card received" type_id="17"/>
	<message comment="Hugo Rodallega is caught offside" minute="23" period="1" time="23" type="offside" type_id="10000"/>
	<message comment="Gary Caldwell misses attempt (To the right, 18-yard box, Head, Set piece)" minute="22" period="1" second="45" time="22" type="attempt missed" type_id="13"/>
	<message comment="Yohan Cabaye recieves a yellow card" minute="21" period="1" second="35" time="21" type="card received" type_id="17"/>
	<message comment="Ben Watson has shot blocked (Out of box, Right footed, Open play)" minute="19" period="1" second="34" time="19" type="attempt blocked" type_id="15"/>
	<message comment="Fabricio Coloccini blocks a shot" minute="19" period="1" second="34" time="19" type="save made" type_id="10"/>
	<message comment="Hugo Rodallega misses attempt (To the right, 18-yard box, Right footed, Open play)" minute="15" period="1" second="25" time="15" type="attempt missed" type_id="13"/>
	<message comment="Formation Set" minute="0" period="14" second="0" time="8" type="end" type_id="30"/>
	<message comment="Leon Best wins a corner (To the left)" minute="6" period="1" second="50" time="6" type="corner" type_id="6"/>
	<message comment="Victor Moses wins a corner (To the right)" minute="4" period="1" second="54" time="4" type="corner" type_id="6"/>
	<message comment="Tim Krul makes a save (Diving, Parried safe)" minute="4" period="1" second="50" time="4" type="save made" type_id="10"/>
	<message comment="Victor Moses has attempt saved (Low to the right, 18-yard box, Left footed, Open play)" minute="4" period="1" second="50" time="4" type="attempt blocked" type_id="15"/>
	<message comment="Fabricio Coloccini blocks a shot" minute="4" period="1" second="21" time="4" type="save made" type_id="10"/>
	<message comment="Hugo Rodallega has shot blocked (Out of box, Right footed, Open play)" minute="4" period="1" second="21" time="4" type="attempt blocked" type_id="15"/>
	<message comment="Fabricio Coloccini blocks a shot" minute="1" period="1" second="32" time="1" type="save made" type_id="10"/>
	<message comment="Hugo Rodallega has shot blocked (Out of box, Right footed, Open play)" minute="1" period="1" second="32" time="1" type="attempt blocked" type_id="15"/>
	<message comment="First half begins!" minute="0" period="1" second="0" time="0" type="start" type_id="32"/>
</Commentary>
