<?xml version="1.0" ?>
<Commentary away_team_name="Newcastle United" competition="English Premier League" game_date="2011-12-21" home_team_name="West Bromwich Albion" lang_id="en" season="Season 2011/2012" season_id="2011" sport_id="1" sport_name="Football">
	<message comment="Second half ends" minute="93" period="2" second="27" time="96" type="end" type_id="30"/>
	<message comment="Peter Odemwingie misses attempt (High, Out of box, Right footed, Open play)" minute="92" period="2" second="35" time="95" type="attempt missed" type_id="13"/>
	<message comment="George Thorne misses attempt (High, Out of box, Right footed, Open play)" minute="91" period="2" second="54" time="94" type="attempt missed" type_id="13"/>
	<message comment="Haris Vuckic misses attempt (18-yard box, Left footed, Open play)" minute="90" period="2" second="53" time="93" type="attempt missed" type_id="13"/>
	<message comment="Jonás Gutiérrez has shot blocked (18-yard box, Left footed, Open play)" minute="90" period="2" second="39" time="93" type="attempt blocked" type_id="15"/>
	<message comment="Billy Jones blocks a shot" minute="90" period="2" second="39" time="93" type="save made" type_id="10"/>
	<message comment="Fabricio Coloccini recieves a yellow card" minute="89" period="2" second="29" time="92" type="card received" type_id="17"/>
	<message comment="Chris Brunt misses attempt (High, Out of box, Left footed, Open play)" minute="88" period="2" second="35" time="91" type="attempt missed" type_id="13"/>
	<message comment="Demba Ba is caught offside" minute="87" period="2" time="90" type="offside" type_id="10000"/>
	<message comment="James Perch wins a corner (To the right)" minute="86" period="2" second="28" time="89" type="corner" type_id="6"/>
	<message comment="Ben Foster makes a save (Diving, Parried safe)" minute="86" period="2" second="27" time="89" type="save made" type_id="10"/>
	<message comment="Cheick Tioté has attempt saved (Low to the right, 18-yard box, Right footed, From corner)" minute="86" period="2" second="27" time="89" type="attempt blocked" type_id="15"/>
	<message comment="Shola Ameobi wins a corner (To the right)" minute="86" period="2" second="6" time="89" type="corner" type_id="6"/>
	<message comment="Shola Ameobi has shot blocked (Out of box, Right footed, Open play)" minute="86" period="2" second="5" time="89" type="attempt blocked" type_id="15"/>
	<message comment="Jonas Olsson blocks a shot" minute="86" period="2" second="5" time="89" type="save made" type_id="10"/>
	<message comment="GOAL! Paul Scharner scores , Assisted by Peter Odemwingie (Low to the right, 18-yard box, Right footed, Open play)" minute="84" period="2" second="52" time="87" type="goal scored" type_id="16"/>
	<message comment="Shane Long is caught offside" minute="83" period="2" time="86" type="offside" type_id="10000"/>
	<message comment="Haris Vuckic wins a corner (To the right)" minute="82" period="2" second="3" time="85" type="corner" type_id="6"/>
	<message comment="Ben Foster makes a save" minute="82" period="2" second="0" time="85" type="save made" type_id="10"/>
	<message comment="Haris Vuckic has attempt saved (High to the right, Out of box, Left footed, Open play)" minute="82" period="2" second="0" time="85" type="attempt blocked" type_id="15"/>
	<message comment="GOAL! Demba Ba scores , Assisted by Hatem Ben Arfa (High to the right, 18-yard box, Right footed, Open play)" minute="80" period="2" second="2" time="83" type="goal scored" type_id="16"/>
	<message comment="Graham Dorrans has attempt saved (High to the centre, 18-yard box, Right footed, Open play)" minute="79" period="2" second="0" time="82" type="attempt blocked" type_id="15"/>
	<message comment="Tim Krul makes a save (Standing)" minute="79" period="2" second="0" time="82" type="save made" type_id="10"/>
	<message comment="Shane Long has attempt saved (Low to the right, 18-yard box, Right footed, Fast break)" minute="78" period="2" second="55" time="81" type="attempt blocked" type_id="15"/>
	<message comment="Tim Krul makes a save (Parried into danger, Diving)" minute="78" period="2" second="55" time="81" type="save made" type_id="10"/>
	<message comment="Youssouf Mulumbu is substituted off" minute="75" period="2" second="29" time="78" type="substitution off" type_id="18"/>
	<message comment="George Thorne is substituted on" minute="75" period="2" second="29" time="78" type="substitution on" type_id="19"/>
	<message comment="Chris Brunt misses attempt (To the left, Out of box, Left footed, Set piece)" minute="72" period="2" second="52" time="75" type="attempt missed" type_id="13"/>
	<message comment="Gabriel Obertan is substituted off" minute="71" period="2" second="53" time="74" type="substitution off" type_id="18"/>
	<message comment="Shola Ameobi is substituted on" minute="71" period="2" second="53" time="74" type="substitution on" type_id="19"/>
	<message comment="Haris Vuckic misses attempt (Out of box, Left footed, Open play)" minute="71" period="2" second="1" time="74" type="attempt missed" type_id="13"/>
	<message comment="Gabriel Obertan misses attempt (High, Out of box, Left footed, Open play)" minute="70" period="2" second="9" time="73" type="attempt missed" type_id="13"/>
	<message comment="Cheick Tioté misses attempt (High to the right, Out of box, Right footed, Open play)" minute="69" period="2" second="0" time="72" type="attempt missed" type_id="13"/>
	<message comment="Gareth McAuley blocks a shot" minute="68" period="2" second="47" time="71" type="save made" type_id="10"/>
	<message comment="Hatem Ben Arfa has shot blocked (Out of box, Left footed, Open play)" minute="68" period="2" second="47" time="71" type="attempt blocked" type_id="15"/>
	<message comment="Jerome Thomas is substituted off" minute="68" period="2" second="22" time="71" type="substitution off" type_id="18"/>
	<message comment="Graham Dorrans is substituted on" minute="68" period="2" second="22" time="71" type="substitution on" type_id="19"/>
	<message comment="Demba Ba has shot blocked (18-yard box, Head, From corner)" minute="67" period="2" second="7" time="70" type="attempt blocked" type_id="15"/>
	<message comment="Jonas Olsson blocks a shot" minute="67" period="2" second="7" time="70" type="save made" type_id="10"/>
	<message comment="Ryan Taylor wins a corner (To the left)" minute="66" period="2" second="35" time="69" type="corner" type_id="6"/>
	<message comment="Cheick Tioté wins a corner (To the left)" minute="63" period="2" second="46" time="66" type="corner" type_id="6"/>
	<message comment="Peter Odemwingie blocks a shot" minute="63" period="2" second="44" time="66" type="save made" type_id="10"/>
	<message comment="Cheick Tioté has shot blocked (Out of box, Right footed, From corner)" minute="63" period="2" second="44" time="66" type="attempt blocked" type_id="15"/>
	<message comment="Jonás Gutiérrez wins a corner (To the left)" minute="63" period="2" second="28" time="66" type="corner" type_id="6"/>
	<message comment="Hatem Ben Arfa wins a corner (To the right)" minute="62" period="2" second="14" time="65" type="corner" type_id="6"/>
	<message comment="Leon Best is substituted off" minute="61" period="2" second="12" time="64" type="substitution off" type_id="18"/>
	<message comment="Hatem Ben Arfa is substituted on" minute="61" period="2" second="12" time="64" type="substitution on" type_id="19"/>
	<message comment="Peter Odemwingie wins a corner (To the right)" minute="54" period="2" second="25" time="57" type="corner" type_id="6"/>
	<message comment="Peter Odemwingie has shot blocked (18-yard box, Left footed, Open play)" minute="54" period="2" second="24" time="57" type="attempt blocked" type_id="15"/>
	<message comment="Ryan Taylor blocks a shot" minute="54" period="2" second="24" time="57" type="save made" type_id="10"/>
	<message comment="Leon Best has attempt saved (Low to the left, Out of box, Left footed, Open play)" minute="53" period="2" second="14" time="56" type="attempt blocked" type_id="15"/>
	<message comment="Ben Foster makes a save (Diving)" minute="53" period="2" second="14" time="56" type="save made" type_id="10"/>
	<message comment="Youssouf Mulumbu has shot blocked (18-yard box, Right footed, Open play)" minute="52" period="2" second="50" time="55" type="attempt blocked" type_id="15"/>
	<message comment="Shane Long hits the woodwork (High, 6-yard box, Big Chance, Right footed, Open play)" minute="52" period="2" second="32" time="55" type="woodwork hit" type_id="14"/>
	<message comment="Demba Ba is caught offside" minute="51" period="2" time="54" type="offside" type_id="10000"/>
	<message comment="Chris Brunt misses attempt (To the left, Out of box, Right footed, Throw-in)" minute="50" period="2" second="25" time="53" type="attempt missed" type_id="13"/>
	<message comment="Demba Ba misses attempt (To the right, Out of box, Right footed, Fast break)" minute="48" period="2" second="40" time="51" type="attempt missed" type_id="13"/>
	<message comment="Jonas Olsson blocks a shot" minute="48" period="2" second="4" time="51" type="save made" type_id="10"/>
	<message comment="Cheick Tioté has shot blocked (Out of box, Right footed, Open play)" minute="48" period="2" second="4" time="51" type="attempt blocked" type_id="15"/>
	<message comment="Fabricio Coloccini has shot blocked (Out of box, Right footed, Open play)" minute="46" period="2" second="44" time="49" type="attempt blocked" type_id="15"/>
	<message comment="Shane Long blocks a shot" minute="46" period="2" second="44" time="49" type="save made" type_id="10"/>
	<message comment="Gabriel Obertan wins a corner (To the left)" minute="46" period="2" second="21" time="49" type="corner" type_id="6"/>
	<message comment="Gabriel Obertan has shot blocked (18-yard box, Left footed, Open play)" minute="46" period="2" second="19" time="49" type="attempt blocked" type_id="15"/>
	<message comment="Jonas Olsson blocks a shot" minute="46" period="2" second="19" time="49" type="save made" type_id="10"/>
	<message comment="Jerome Thomas is caught offside" minute="45" period="2" time="48" type="offside" type_id="10000"/>
	<message comment="Second half begins!" minute="45" period="2" second="0" time="48" type="start" type_id="32"/>
	<message comment="Davide Santon is substituted off" minute="45" period="2" second="0" time="48" type="substitution off" type_id="18"/>
	<message comment="Ryan Taylor is substituted on" minute="45" period="2" second="0" time="48" type="substitution on" type_id="19"/>
	<message comment="First half ends" minute="47" period="1" second="7" time="47" type="end" type_id="30"/>
	<message comment="Demba Ba misses attempt (18-yard box, Big Chance, Head, Open play)" minute="45" period="1" second="4" time="45" type="attempt missed" type_id="13"/>
	<message comment="Haris Vuckic hits the woodwork (To the right, Out of box, Left footed, Open play)" minute="45" period="1" second="3" time="45" type="woodwork hit" type_id="14"/>
	<message comment="GOAL! Gareth McAuley scores , Assisted by Paul Scharner (Low to the centre, 6-yard box, Big Chance, Head, Set piece)" minute="43" period="1" second="34" time="43" type="goal scored" type_id="16"/>
	<message comment="Haris Vuckic has shot blocked (Out of box, Left footed, Open play)" minute="38" period="1" second="45" time="38" type="attempt blocked" type_id="15"/>
	<message comment="Jerome Thomas blocks a shot" minute="38" period="1" second="45" time="38" type="save made" type_id="10"/>
	<message comment="Peter Odemwingie is caught offside" minute="37" period="1" time="37" type="offside" type_id="10000"/>
	<message comment="Gabriel Obertan misses attempt (To the right, 18-yard box, Head, Open play)" minute="35" period="1" second="30" time="35" type="attempt missed" type_id="13"/>
	<message comment="GOAL! Demba Ba scores  (High to the right, Out of box, Right footed, Free kick)" minute="33" period="1" second="46" time="33" type="goal scored" type_id="16"/>
	<message comment="James Perch blocks a shot" minute="27" period="1" second="29" time="27" type="save made" type_id="10"/>
	<message comment="Chris Brunt has shot blocked (Out of box, Left footed, Open play)" minute="27" period="1" second="29" time="27" type="attempt blocked" type_id="15"/>
	<message comment="Gabriel Obertan wins a corner (To the right)" minute="26" period="1" second="9" time="26" type="corner" type_id="6"/>
	<message comment="Shane Long misses attempt (18-yard box, Head, Open play)" minute="23" period="1" second="7" time="23" type="attempt missed" type_id="13"/>
	<message comment="Demba Ba has shot blocked (18-yard box, Head, Open play)" minute="21" period="1" second="8" time="21" type="attempt blocked" type_id="15"/>
	<message comment="Gareth McAuley blocks a shot" minute="21" period="1" second="8" time="21" type="save made" type_id="10"/>
	<message comment="Leon Best is caught offside" minute="21" period="1" time="21" type="offside" type_id="10000"/>
	<message comment="GOAL! Peter Odemwingie scores , Assisted by Chris Brunt (Low to the left, 18-yard box, Big Chance, Left footed, Fast break)" minute="19" period="1" second="51" time="19" type="goal scored" type_id="16"/>
	<message comment="Peter Odemwingie is caught offside" minute="18" period="1" time="18" type="offside" type_id="10000"/>
	<message comment="Jonás Gutiérrez misses attempt (High to the right, 18-yard box, Head, Open play)" minute="16" period="1" second="52" time="16" type="attempt missed" type_id="13"/>
	<message comment="Gabriel Obertan wins a corner (To the left)" minute="13" period="1" second="10" time="13" type="corner" type_id="6"/>
	<message comment="Jonás Gutiérrez misses attempt (High, Out of box, Right footed, Open play)" minute="6" period="1" second="40" time="6" type="attempt missed" type_id="13"/>
	<message comment="Steven Reid is substituted off" minute="6" period="1" second="9" time="6" type="substitution off" type_id="18"/>
	<message comment="Billy Jones is substituted on" minute="6" period="1" second="9" time="6" type="substitution on" type_id="19"/>
	<message comment="Formation Set" minute="0" period="14" second="0" time="6" type="end" type_id="30"/>
	<message comment="Leon Best misses attempt (High to the left, 18-yard box, Head, Set piece)" minute="2" period="1" second="15" time="2" type="attempt missed" type_id="13"/>
	<message comment="First half begins!" minute="0" period="1" second="0" time="0" type="start" type_id="32"/>
</Commentary>
