<?xml version="1.0" ?>
<Commentary away_team_name="Newcastle United" competition="English Premier League" game_date="2013-04-07" home_team_name="Fulham" lang_id="en" season="Season 2012/2013" season_id="2012" sport_id="1" sport_name="Football">
	<message comment="Second half ends" minute="95" period="2" second="47" time="97" type="end" type_id="30"/>
	<message comment="Moussa Sissoko wins a corner (To the right)" minute="95" period="2" second="8" time="97" type="corner" type_id="6"/>
	<message comment="Papiss Demba Cissé recieves a yellow card" minute="93" period="2" second="29" time="95" type="card received" type_id="17"/>
	<message comment="GOAL! Papiss Demba Cissé scores , Assisted by Yohan Cabaye (Low to the left, 18-yard box, Big Chance, Right footed, Open play)" minute="92" period="2" second="38" time="94" type="goal scored" type_id="16"/>
	<message comment="Yohan Cabaye has shot blocked (Out of box, Key pass, Right footed, Open play)" minute="92" period="2" second="35" time="94" type="attempt blocked" type_id="15"/>
	<message comment="Papiss Demba Cissé misses attempt (To the right, 18-yard box, Head, Open play)" minute="92" period="2" second="30" time="94" type="attempt missed" type_id="13"/>
	<message comment="Sylvain Marveaux has shot blocked (18-yard box, Left footed, Open play)" minute="92" period="2" second="7" time="94" type="attempt blocked" type_id="15"/>
	<message comment="Brede Hangeland blocks a shot" minute="92" period="2" second="7" time="94" type="save made" type_id="10"/>
	<message comment="Yohan Cabaye has shot blocked (18-yard box, Left footed, Open play)" minute="91" period="2" second="34" time="93" type="attempt blocked" type_id="15"/>
	<message comment="Sascha Riether blocks a shot" minute="91" period="2" second="34" time="93" type="save made" type_id="10"/>
	<message comment="John Arne Riise recieves a yellow card" minute="89" period="2" second="22" time="91" type="card received" type_id="17"/>
	<message comment="Moussa Sissoko wins a corner (To the right)" minute="87" period="2" second="19" time="89" type="corner" type_id="6"/>
	<message comment="Mark Schwarzer makes a save (Diving, Parried safe)" minute="87" period="2" second="18" time="89" type="save made" type_id="10"/>
	<message comment="Papiss Demba Cissé has attempt saved (Low to the right, 18-yard box, Head, Open play)" minute="87" period="2" second="18" time="89" type="attempt blocked" type_id="15"/>
	<message comment="Sylvain Marveaux wins a corner (To the right)" minute="85" period="2" second="30" time="87" type="corner" type_id="6"/>
	<message comment="Mark Schwarzer makes a save (Collected)" minute="84" period="2" second="46" time="86" type="save made" type_id="10"/>
	<message comment="Shola Ameobi has attempt saved (Low to the right, 18-yard box, Big Chance, Right footed, Open play)" minute="84" period="2" second="46" time="86" type="attempt blocked" type_id="15"/>
	<message comment="Yohan Cabaye misses attempt (High to the left, Out of box, Right footed, Open play)" minute="83" period="2" second="39" time="85" type="attempt missed" type_id="13"/>
	<message comment="John Arne Riise misses attempt (To the right, 18-yard box, Left footed, Open play)" minute="82" period="2" second="36" time="84" type="attempt missed" type_id="13"/>
	<message comment="Danny Simpson is substituted off" minute="80" period="2" second="52" time="82" type="substitution off" type_id="18"/>
	<message comment="Adam Campbell is substituted on" minute="80" period="2" second="52" time="82" type="substitution on" type_id="19"/>
	<message comment="Stanislav Manolev is substituted off" minute="80" period="2" second="34" time="82" type="substitution off" type_id="18"/>
	<message comment="Hugo Rodallega is substituted on" minute="80" period="2" second="34" time="82" type="substitution on" type_id="19"/>
	<message comment="Danny Simpson misses attempt (High, Out of box, Right footed, Open play)" minute="79" period="2" second="36" time="81" type="attempt missed" type_id="13"/>
	<message comment="Danny Simpson wins a corner (To the right)" minute="77" period="2" second="57" time="79" type="corner" type_id="6"/>
	<message comment="Shola Ameobi misses attempt (18-yard box, Big Chance, Head, Open play)" minute="76" period="2" second="42" time="78" type="attempt missed" type_id="13"/>
	<message comment="Moussa Sissoko is caught offside" minute="72" period="2" time="74" type="offside" type_id="10000"/>
	<message comment="Mark Schwarzer makes a save (Collected, Diving, From shot off target)" minute="70" period="2" second="27" time="72" type="save made" type_id="10"/>
	<message comment="Shola Ameobi misses attempt (18-yard box, Left footed, Open play)" minute="70" period="2" second="26" time="72" type="attempt missed" type_id="13"/>
	<message comment="Yoan Gouffran is substituted off" minute="69" period="2" second="0" time="71" type="substitution off" type_id="18"/>
	<message comment="Shola Ameobi is substituted on" minute="69" period="2" second="0" time="71" type="substitution on" type_id="19"/>
	<message comment="John Arne Riise misses attempt (Out of box, Left footed, From corner)" minute="67" period="2" second="34" time="69" type="attempt missed" type_id="13"/>
	<message comment="Dimitar Berbatov wins a corner (To the right)" minute="67" period="2" second="6" time="69" type="corner" type_id="6"/>
	<message comment="Tim Krul makes a save (Diving)" minute="67" period="2" second="4" time="69" type="save made" type_id="10"/>
	<message comment="Dimitar Berbatov has attempt saved (High to the centre, 18-yard box, Big Chance, Head, Set piece)" minute="67" period="2" second="4" time="69" type="attempt blocked" type_id="15"/>
	<message comment="Moussa Sissoko misses attempt (To the right, 6-yard box, Head, From corner)" minute="63" period="2" second="24" time="65" type="attempt missed" type_id="13"/>
	<message comment="Papiss Demba Cissé hits the woodwork (To the left, 6-yard box, Big Chance, Right footed, From corner)" minute="63" period="2" second="19" time="65" type="woodwork hit" type_id="14"/>
	<message comment="Sascha Riether blocks a shot (Last line)" minute="63" period="2" second="17" time="65" type="save made" type_id="10"/>
	<message comment="Yoan Gouffran has shot blocked (18-yard box, Head, From corner)" minute="63" period="2" second="17" time="65" type="attempt blocked" type_id="15"/>
	<message comment="Sylvain Marveaux wins a corner (To the right)" minute="62" period="2" second="41" time="64" type="corner" type_id="6"/>
	<message comment="Steven Taylor has attempt saved (Low to the left, 18-yard box, Right footed, Set piece)" minute="60" period="2" second="13" time="62" type="attempt blocked" type_id="15"/>
	<message comment="Mark Schwarzer makes a save (Collected, Diving)" minute="60" period="2" second="13" time="62" type="save made" type_id="10"/>
	<message comment="Steven Taylor misses attempt (To the left, 18-yard box, Head, From corner)" minute="54" period="2" second="11" time="56" type="attempt missed" type_id="13"/>
	<message comment="Papiss Demba Cissé wins a corner (To the right)" minute="53" period="2" second="43" time="55" type="corner" type_id="6"/>
	<message comment="Emmanuel Frimpong blocks a shot" minute="53" period="2" second="39" time="55" type="save made" type_id="10"/>
	<message comment="Yohan Cabaye has shot blocked (Out of box, Right footed, From corner)" minute="53" period="2" second="39" time="55" type="attempt blocked" type_id="15"/>
	<message comment="Vurnon Anita wins a corner (To the left)" minute="52" period="2" second="51" time="54" type="corner" type_id="6"/>
	<message comment="Vurnon Anita has shot blocked (Out of box, Right footed, Open play)" minute="52" period="2" second="49" time="54" type="attempt blocked" type_id="15"/>
	<message comment="Emmanuel Frimpong blocks a shot" minute="52" period="2" second="49" time="54" type="save made" type_id="10"/>
	<message comment="Yoan Gouffran has shot blocked (Out of box, Right footed, Open play)" minute="52" period="2" second="34" time="54" type="attempt blocked" type_id="15"/>
	<message comment="Sascha Riether blocks a shot" minute="52" period="2" second="34" time="54" type="save made" type_id="10"/>
	<message comment="Vurnon Anita misses attempt (To the left, Out of box, Right footed, Open play)" minute="51" period="2" second="46" time="53" type="attempt missed" type_id="13"/>
	<message comment="Yoan Gouffran is caught offside" minute="51" period="2" time="53" type="offside" type_id="10000"/>
	<message comment="Eyong Enoh is substituted off" minute="50" period="2" second="20" time="52" type="substitution off" type_id="18"/>
	<message comment="Emmanuel Frimpong is substituted on" minute="50" period="2" second="20" time="52" type="substitution on" type_id="19"/>
	<message comment="Philippe Senderos recieves a yellow card" minute="49" period="2" second="15" time="51" type="card received" type_id="17"/>
	<message comment="Moussa Sissoko recieves a yellow card" minute="46" period="2" second="41" time="48" type="card received" type_id="17"/>
	<message comment="Second half begins!" minute="45" period="2" second="0" time="47" type="start" type_id="32"/>
	<message comment="First half ends" minute="46" period="1" second="3" time="46" type="end" type_id="30"/>
	<message comment="Vurnon Anita wins a corner (To the right)" minute="40" period="1" second="26" time="40" type="corner" type_id="6"/>
	<message comment="John Arne Riise misses attempt (To the left, Out of box, Left footed, Open play)" minute="39" period="1" second="15" time="39" type="attempt missed" type_id="13"/>
	<message comment="Stanislav Manolev has attempt saved (Low to the centre, 6-yard box, Big Chance, Right footed, From corner)" minute="39" period="1" second="10" time="39" type="attempt blocked" type_id="15"/>
	<message comment="Tim Krul makes a save (Parried into danger, Diving)" minute="39" period="1" second="10" time="39" type="save made" type_id="10"/>
	<message comment="Bryan Ruiz wins a corner (To the left)" minute="38" period="1" second="17" time="38" type="corner" type_id="6"/>
	<message comment="Bryan Ruiz has shot blocked (18-yard box, Big Chance, Left footed, Fast break)" minute="38" period="1" second="16" time="38" type="attempt blocked" type_id="15"/>
	<message comment="Mapou Yanga-Mbiwa blocks a shot" minute="38" period="1" second="16" time="38" type="save made" type_id="10"/>
	<message comment="Yoan Gouffran is caught offside" minute="34" period="1" time="34" type="offside" type_id="10000"/>
	<message comment="Yoan Gouffran has shot blocked (Out of box, Right footed, Open play)" minute="33" period="1" second="55" time="33" type="attempt blocked" type_id="15"/>
	<message comment="Papiss Demba Cissé misses attempt (High to the right, 18-yard box, Right footed, Open play)" minute="31" period="1" second="31" time="31" type="attempt missed" type_id="13"/>
	<message comment="Brede Hangeland blocks a shot" minute="30" period="1" second="4" time="30" type="save made" type_id="10"/>
	<message comment="Papiss Demba Cissé has shot blocked (18-yard box, Right footed, Open play)" minute="30" period="1" second="4" time="30" type="attempt blocked" type_id="15"/>
	<message comment="Papiss Demba Cissé misses attempt (Out of box, Right footed, Open play)" minute="26" period="1" second="30" time="26" type="attempt missed" type_id="13"/>
	<message comment="Papiss Demba Cissé is caught offside" minute="24" period="1" time="24" type="offside" type_id="10000"/>
	<message comment="Papiss Demba Cissé blocks a shot" minute="23" period="1" second="51" time="23" type="save made" type_id="10"/>
	<message comment="Dimitar Berbatov has shot blocked (18-yard box, Left footed, From corner)" minute="23" period="1" second="51" time="23" type="attempt blocked" type_id="15"/>
	<message comment="Damien Duff wins a corner (To the right)" minute="23" period="1" second="16" time="23" type="corner" type_id="6"/>
	<message comment="Yohan Cabaye misses attempt (High to the right, Out of box, Right footed, Open play)" minute="20" period="1" second="38" time="20" type="attempt missed" type_id="13"/>
	<message comment="Yoan Gouffran wins a corner (To the left)" minute="18" period="1" second="50" time="18" type="corner" type_id="6"/>
	<message comment="Moussa Sissoko misses attempt (To the right, Out of box, Left footed, Open play)" minute="18" period="1" second="4" time="18" type="attempt missed" type_id="13"/>
	<message comment="Vurnon Anita is substituted on" minute="16" period="1" second="39" time="16" type="substitution on" type_id="19"/>
	<message comment="Davide Santon is substituted off" minute="16" period="1" second="38" time="16" type="substitution off" type_id="18"/>
	<message comment="Papiss Demba Cissé misses attempt (High, 18-yard box, Head, Open play)" minute="15" period="1" second="11" time="15" type="attempt missed" type_id="13"/>
	<message comment="Steven Taylor misses attempt (High, 18-yard box, Head, From corner)" minute="10" period="1" second="52" time="10" type="attempt missed" type_id="13"/>
	<message comment="Davide Santon wins a corner (To the left)" minute="10" period="1" second="11" time="10" type="corner" type_id="6"/>
	<message comment="Formation Set" minute="0" period="14" second="0" time="7" type="end" type_id="30"/>
	<message comment="Dimitar Berbatov misses attempt (Out of box, Right footed, Open play)" minute="3" period="1" second="38" time="3" type="attempt missed" type_id="13"/>
	<message comment="First half begins!" minute="0" period="1" second="0" time="0" type="start" type_id="32"/>
</Commentary>
