<?xml version="1.0" ?>
<Commentary away_team_name="Newcastle United" competition="English Premier League" game_date="2014-03-22" home_team_name="Crystal Palace" lang_id="en" season="Season 2013/2014" season_id="2013" sport_id="1" sport_name="Football">
	<message comment="Second half ends" minute="95" period="2" second="0" time="98" type="end" type_id="30"/>
	<message comment="GOAL! Papiss Demba Cissé scores , Assisted by Hatem Ben Arfa (Low to the left, 18-yard box, Big Chance, Head, Open play)" minute="93" period="2" second="13" time="96" type="goal scored" type_id="16"/>
	<message comment="Papiss Demba Cissé misses attempt (To the left, 6-yard box, Big Chance, Right footed, Open play)" minute="91" period="2" second="41" time="94" type="attempt missed" type_id="13"/>
	<message comment="Mile Jedinak blocks a shot" minute="91" period="2" second="37" time="94" type="save made" type_id="10"/>
	<message comment="Cheick Tioté has shot blocked (Out of box, Right footed, Open play)" minute="91" period="2" second="37" time="94" type="attempt blocked" type_id="15"/>
	<message comment="Hatem Ben Arfa misses attempt (High to the left, 18-yard box, Left footed, From corner)" minute="87" period="2" second="38" time="90" type="attempt missed" type_id="13"/>
	<message comment="Moussa Sissoko is substituted off" minute="87" period="2" second="5" time="90" type="substitution off" type_id="18"/>
	<message comment="Sylvain Marveaux is substituted on" minute="87" period="2" second="5" time="90" type="substitution on" type_id="19"/>
	<message comment="Moussa Sissoko wins a corner (To the right)" minute="86" period="2" second="39" time="89" type="corner" type_id="6"/>
	<message comment="Damien Delaney recieves a yellow card" minute="84" period="2" second="25" time="87" type="card received" type_id="17"/>
	<message comment="Adlène Guédioura misses attempt (To the left, Out of box, Right footed, Open play)" minute="84" period="2" second="13" time="87" type="attempt missed" type_id="13"/>
	<message comment="Cheick Tioté misses attempt (High, Out of box, Right footed, Open play)" minute="81" period="2" second="55" time="84" type="attempt missed" type_id="13"/>
	<message comment="Jason Puncheon is substituted off" minute="79" period="2" second="20" time="82" type="substitution off" type_id="18"/>
	<message comment="Adlène Guédioura is substituted on" minute="79" period="2" second="20" time="82" type="substitution on" type_id="19"/>
	<message comment="Adrian Mariappa wins a corner (To the right)" minute="76" period="2" second="4" time="79" type="corner" type_id="6"/>
	<message comment="Yoan Gouffran is substituted off" minute="75" period="2" second="15" time="78" type="substitution off" type_id="18"/>
	<message comment="Shola Ameobi is substituted on" minute="75" period="2" second="15" time="78" type="substitution on" type_id="19"/>
	<message comment="Cameron Jerome is substituted off" minute="75" period="2" second="1" time="78" type="substitution off" type_id="18"/>
	<message comment="Glenn Murray is substituted on" minute="75" period="2" second="1" time="78" type="substitution on" type_id="19"/>
	<message comment="Yoan Gouffran misses attempt (To the right, Out of box, Right footed, Open play)" minute="74" period="2" second="36" time="77" type="attempt missed" type_id="13"/>
	<message comment="Vurnon Anita wins a corner (To the left)" minute="71" period="2" second="39" time="74" type="corner" type_id="6"/>
	<message comment="Vurnon Anita wins a corner (To the right)" minute="71" period="2" second="16" time="74" type="corner" type_id="6"/>
	<message comment="Scott Dann blocks a shot" minute="71" period="2" second="13" time="74" type="save made" type_id="10"/>
	<message comment="Vurnon Anita has shot blocked (18-yard box, Right footed, Open play)" minute="71" period="2" second="13" time="74" type="attempt blocked" type_id="15"/>
	<message comment="Papiss Demba Cissé misses attempt (High, 18-yard box, Head, Open play)" minute="69" period="2" second="35" time="72" type="attempt missed" type_id="13"/>
	<message comment="Yannick Bolasie is substituted off" minute="66" period="2" second="47" time="69" type="substitution off" type_id="18"/>
	<message comment="Barry Bannan is substituted on" minute="66" period="2" second="47" time="69" type="substitution on" type_id="19"/>
	<message comment="Julian Speroni makes a save (Diving, Parried into danger)" minute="63" period="2" second="7" time="66" type="save made" type_id="10"/>
	<message comment="Papiss Demba Cissé has attempt saved (Low to the centre, 18-yard box, Big Chance, Left footed, Open play)" minute="63" period="2" second="7" time="66" type="attempt blocked" type_id="15"/>
	<message comment="Julian Speroni makes a save (Collected)" minute="61" period="2" second="16" time="64" type="save made" type_id="10"/>
	<message comment="Cheick Tioté has attempt saved (Low to the centre, 18-yard box, Left footed, Open play)" minute="61" period="2" second="16" time="64" type="attempt blocked" type_id="15"/>
	<message comment="Papiss Demba Cissé misses attempt (To the right, 18-yard box, Left footed, Open play)" minute="61" period="2" second="10" time="64" type="attempt missed" type_id="13"/>
	<message comment="Hatem Ben Arfa wins a corner (To the right)" minute="60" period="2" second="18" time="63" type="corner" type_id="6"/>
	<message comment="Yoan Gouffran wins a corner (To the right)" minute="59" period="2" second="27" time="62" type="corner" type_id="6"/>
	<message comment="Kagisho Dikgacoi blocks a shot" minute="59" period="2" second="24" time="62" type="save made" type_id="10"/>
	<message comment="Yoan Gouffran has shot blocked (Out of box, Right footed, Open play)" minute="59" period="2" second="24" time="62" type="attempt blocked" type_id="15"/>
	<message comment="Luuk de Jong is substituted off" minute="58" period="2" second="20" time="61" type="substitution off" type_id="18"/>
	<message comment="Hatem Ben Arfa is substituted on" minute="58" period="2" second="20" time="61" type="substitution on" type_id="19"/>
	<message comment="Yannick Bolasie hits the woodwork (High, 18-yard box, Right footed, Open play)" minute="55" period="2" second="2" time="58" type="woodwork hit" type_id="14"/>
	<message comment="Papiss Demba Cissé is caught offside" minute="54" period="2" time="57" type="offside" type_id="10000"/>
	<message comment="Kagisho Dikgacoi has attempt saved (Low to the centre, 6-yard box, Big Chance, Right footed, Open play)" minute="53" period="2" second="59" time="56" type="attempt blocked" type_id="15"/>
	<message comment="Tim Krul makes a save (Parried into danger, Diving)" minute="53" period="2" second="59" time="56" type="save made" type_id="10"/>
	<message comment="Adrian Mariappa is caught offside" minute="51" period="2" time="54" type="offside" type_id="10000"/>
	<message comment="Vurnon Anita wins a corner (To the left)" minute="50" period="2" second="58" time="53" type="corner" type_id="6"/>
	<message comment="Moussa Sissoko wins a corner (To the right)" minute="49" period="2" second="30" time="52" type="corner" type_id="6"/>
	<message comment="Cameron Jerome wins a corner (To the left)" minute="48" period="2" second="40" time="51" type="corner" type_id="6"/>
	<message comment="Cameron Jerome has shot blocked (18-yard box, Right footed, Open play)" minute="48" period="2" second="38" time="51" type="attempt blocked" type_id="15"/>
	<message comment="Cheick Tioté blocks a shot" minute="48" period="2" second="38" time="51" type="save made" type_id="10"/>
	<message comment="Jason Puncheon misses attempt (High to the left, Out of box, Left footed, Open play)" minute="47" period="2" second="37" time="50" type="attempt missed" type_id="13"/>
	<message comment="Second half begins!" minute="45" period="2" second="0" time="48" type="start" type_id="32"/>
	<message comment="First half ends" minute="47" period="1" second="45" time="47" type="end" type_id="30"/>
	<message comment="Paul Dummett misses attempt (Out of box, Left footed, Free kick)" minute="47" period="1" second="39" time="47" type="attempt missed" type_id="13"/>
	<message comment="Cameron Jerome is caught offside" minute="44" period="1" time="44" type="offside" type_id="10000"/>
	<message comment="Cameron Jerome wins a corner (To the right)" minute="43" period="1" second="41" time="43" type="corner" type_id="6"/>
	<message comment="Cameron Jerome wins a corner (To the right)" minute="43" period="1" second="9" time="43" type="corner" type_id="6"/>
	<message comment="Yannick Bolasie misses attempt (18-yard box, Left footed, Open play)" minute="39" period="1" second="19" time="39" type="attempt missed" type_id="13"/>
	<message comment="Fabricio Coloccini wins a corner (To the right)" minute="35" period="1" second="24" time="35" type="corner" type_id="6"/>
	<message comment="Papiss Demba Cissé wins a corner (To the right)" minute="34" period="1" second="14" time="34" type="corner" type_id="6"/>
	<message comment="Julian Speroni makes a save (Collected)" minute="32" period="1" second="43" time="32" type="save made" type_id="10"/>
	<message comment="Yoan Gouffran has attempt saved (Low to the right, 18-yard box, Left footed, Open play)" minute="32" period="1" second="43" time="32" type="attempt blocked" type_id="15"/>
	<message comment="Julian Speroni makes a save (Parried safe, Diving)" minute="31" period="1" second="12" time="31" type="save made" type_id="10"/>
	<message comment="Papiss Demba Cissé has attempt saved (Low to the centre, 18-yard box, Left footed, Fast break)" minute="31" period="1" second="12" time="31" type="attempt blocked" type_id="15"/>
	<message comment="Cameron Jerome has shot blocked (Out of box, Right footed, Open play)" minute="23" period="1" second="24" time="23" type="attempt blocked" type_id="15"/>
	<message comment="Paul Dummett blocks a shot" minute="23" period="1" second="24" time="23" type="save made" type_id="10"/>
	<message comment="Cameron Jerome is caught offside" minute="18" period="1" time="18" type="offside" type_id="10000"/>
	<message comment="Julian Speroni makes a save (Standing)" minute="17" period="1" second="40" time="17" type="save made" type_id="10"/>
	<message comment="Moussa Sissoko has attempt saved (Low to the centre, 18-yard box, Right footed, Open play)" minute="17" period="1" second="40" time="17" type="attempt blocked" type_id="15"/>
	<message comment="Joel Ward is caught offside" minute="13" period="1" time="13" type="offside" type_id="10000"/>
	<message comment="Luuk de Jong misses attempt (High, 18-yard box, Big Chance, Head, Open play)" minute="11" period="1" second="57" time="11" type="attempt missed" type_id="13"/>
	<message comment="Julian Speroni makes a save (Standing, Parried into danger)" minute="11" period="1" second="54" time="11" type="save made" type_id="10"/>
	<message comment="Papiss Demba Cissé has attempt saved (Low to the centre, 18-yard box, Left footed, Open play)" minute="11" period="1" second="54" time="11" type="attempt blocked" type_id="15"/>
	<message comment="Joe Ledley is caught offside" minute="11" period="1" time="11" type="offside" type_id="10000"/>
	<message comment="Formation Set" minute="0" period="14" second="0" time="8" type="end" type_id="30"/>
	<message comment="Cameron Jerome misses attempt (To the right, 18-yard box, Head, Open play)" minute="7" period="1" second="36" time="7" type="attempt missed" type_id="13"/>
	<message comment="Scott Dann blocks a shot" minute="5" period="1" second="19" time="5" type="save made" type_id="10"/>
	<message comment="Luuk de Jong has shot blocked (Out of box, Left footed, Open play)" minute="5" period="1" second="19" time="5" type="attempt blocked" type_id="15"/>
	<message comment="Joe Ledley wins a corner (To the right)" minute="4" period="1" second="16" time="4" type="corner" type_id="6"/>
	<message comment="Cheick Tioté has shot blocked (Out of box, Right footed, Free kick)" minute="2" period="1" second="55" time="2" type="attempt blocked" type_id="15"/>
	<message comment="Julian Speroni makes a save (Standing)" minute="0" period="1" second="56" time="0" type="save made" type_id="10"/>
	<message comment="Cheick Tioté has attempt saved (Low to the centre, Out of box, Right footed, Open play)" minute="0" period="1" second="56" time="0" type="attempt blocked" type_id="15"/>
	<message comment="First half begins!" minute="0" period="1" second="0" time="0" type="start" type_id="32"/>
</Commentary>
