<?xml version="1.0" ?>
<Commentary away_team_name="Newcastle United" competition="English Premier League" game_date="2011-01-22" home_team_name="Tottenham" lang_id="en" season="Season 2010/2011" season_id="2010" sport_id="1" sport_name="Football">
	<message comment="Second half ends" minute="94" period="2" second="0" time="96" type="end" type_id="30"/>
	<message comment="GOAL! Aaron Lennon scores , Assisted by Jermain Defoe (Low to the left, 18-yard box, Right footed, Open play)" minute="90" period="2" second="24" time="92" type="goal scored" type_id="16"/>
	<message comment="Nile Ranger misses attempt (6-yard box, Big Chance, Right footed, Open play)" minute="88" period="2" second="54" time="90" type="attempt missed" type_id="13"/>
	<message comment="Shola Ameobi is substituted off" minute="87" period="2" second="48" time="89" type="substitution off" type_id="18"/>
	<message comment="Nile Ranger is substituted on" minute="87" period="2" second="48" time="89" type="substitution on" type_id="19"/>
	<message comment="Joey Barton misses attempt (High to the right, 18-yard box, Right footed, Fast break)" minute="85" period="2" second="27" time="87" type="attempt missed" type_id="13"/>
	<message comment="Steven Pienaar is substituted off" minute="83" period="2" second="20" time="85" type="substitution off" type_id="18"/>
	<message comment="Niko Kranjcar is substituted on" minute="83" period="2" second="20" time="85" type="substitution on" type_id="19"/>
	<message comment="Kevin Nolan misses attempt (To the left, Out of box, Right footed, Open play)" minute="82" period="2" second="4" time="84" type="attempt missed" type_id="13"/>
	<message comment="Joey Barton has shot blocked (Out of box, Right footed, Open play)" minute="82" period="2" second="2" time="84" type="attempt blocked" type_id="15"/>
	<message comment="Sebastien Bassong blocks a shot" minute="82" period="2" second="2" time="84" type="save made" type_id="10"/>
	<message comment="Luka Modric hits the woodwork (High, Out of box, Right footed, Open play)" minute="75" period="2" second="44" time="77" type="woodwork hit" type_id="14"/>
	<message comment="Danny Guthrie is substituted off" minute="73" period="2" second="50" time="75" type="substitution off" type_id="18"/>
	<message comment="James Perch is substituted on" minute="73" period="2" second="50" time="75" type="substitution on" type_id="19"/>
	<message comment="Shola Ameobi misses attempt (To the right, 18-yard box, Big Chance, Head, From corner)" minute="73" period="2" second="12" time="75" type="attempt missed" type_id="13"/>
	<message comment="Shola Ameobi wins a corner (To the left)" minute="71" period="2" second="54" time="73" type="corner" type_id="6"/>
	<message comment="Shola Ameobi has attempt saved (High to the left, Out of box, Left footed, Open play)" minute="71" period="2" second="51" time="73" type="attempt blocked" type_id="15"/>
	<message comment="Carlo Cudicini makes a save (Parried safe, Diving)" minute="71" period="2" second="51" time="73" type="save made" type_id="10"/>
	<message comment="Jermaine Jenas is substituted off" minute="70" period="2" second="31" time="72" type="substitution off" type_id="18"/>
	<message comment="Peter Crouch is substituted on" minute="70" period="2" second="31" time="72" type="substitution on" type_id="19"/>
	<message comment="Peter Løvenkrands has attempt saved (Low to the centre, 18-yard box, Big Chance, Left footed, Open play)" minute="68" period="2" second="20" time="70" type="attempt blocked" type_id="15"/>
	<message comment="Carlo Cudicini makes a save (Parried safe, Diving)" minute="68" period="2" second="20" time="70" type="save made" type_id="10"/>
	<message comment="Leon Best is substituted off" minute="65" period="2" second="12" time="67" type="substitution off" type_id="18"/>
	<message comment="Peter Løvenkrands is substituted on" minute="65" period="2" second="12" time="67" type="substitution on" type_id="19"/>
	<message comment="Aaron Lennon wins a corner (To the left)" minute="64" period="2" second="27" time="66" type="corner" type_id="6"/>
	<message comment="Steve Harper makes a save (Parried safe, Diving)" minute="64" period="2" second="25" time="66" type="save made" type_id="10"/>
	<message comment="Aaron Lennon has attempt saved (Low to the left, 18-yard box, Right footed, Open play)" minute="64" period="2" second="25" time="66" type="attempt blocked" type_id="15"/>
	<message comment="Jermain Defoe has shot blocked (18-yard box, Right footed, Open play)" minute="59" period="2" second="57" time="61" type="attempt blocked" type_id="15"/>
	<message comment="Mike Williamson blocks a shot" minute="59" period="2" second="57" time="61" type="save made" type_id="10"/>
	<message comment="GOAL! Fabricio Coloccini scores , Assisted by Danny Guthrie (Low to the right, 18-yard box, Right footed, Open play)" minute="58" period="2" second="14" time="60" type="goal scored" type_id="16"/>
	<message comment="Rafael van der Vaart misses attempt (To the left, Out of box, Right footed, Open play)" minute="55" period="2" second="59" time="57" type="attempt missed" type_id="13"/>
	<message comment="Rafael van der Vaart wins a corner (To the left)" minute="55" period="2" second="2" time="57" type="corner" type_id="6"/>
	<message comment="Jermaine Jenas misses attempt (To the left, Out of box, Right footed, Open play)" minute="53" period="2" second="6" time="55" type="attempt missed" type_id="13"/>
	<message comment="Carlo Cudicini makes a save (Standing)" minute="50" period="2" second="16" time="52" type="save made" type_id="10"/>
	<message comment="Shola Ameobi has attempt saved (Low to the left, 18-yard box, Head, Open play)" minute="50" period="2" second="16" time="52" type="attempt blocked" type_id="15"/>
	<message comment="Leon Best has shot blocked (18-yard box, Right footed, Open play)" minute="49" period="2" second="24" time="51" type="attempt blocked" type_id="15"/>
	<message comment="Sebastien Bassong blocks a shot" minute="49" period="2" second="24" time="51" type="save made" type_id="10"/>
	<message comment="Fabricio Coloccini blocks a shot" minute="49" period="2" second="4" time="51" type="save made" type_id="10"/>
	<message comment="Rafael van der Vaart has shot blocked (Out of box, Left footed, Open play)" minute="49" period="2" second="4" time="51" type="attempt blocked" type_id="15"/>
	<message comment="Leon Best misses attempt (18-yard box, Big Chance, Head, Throw-in)" minute="47" period="2" second="55" time="49" type="attempt missed" type_id="13"/>
	<message comment="Second half begins!" minute="45" period="2" second="0" time="47" type="start" type_id="32"/>
	<message comment="First half ends" minute="46" period="1" second="8" time="46" type="end" type_id="30"/>
	<message comment="Steve Harper makes a save (Parried into danger, Diving)" minute="45" period="1" second="53" time="45" type="save made" type_id="10"/>
	<message comment="Jermain Defoe has attempt saved (Low to the centre, 18-yard box, Big Chance, Right footed, Open play)" minute="45" period="1" second="53" time="45" type="attempt blocked" type_id="15"/>
	<message comment="Jermain Defoe misses attempt (To the right, 18-yard box, Right footed, Open play)" minute="39" period="1" second="33" time="39" type="attempt missed" type_id="13"/>
	<message comment="Steven Pienaar misses attempt (High to the right, 18-yard box, Right footed, Open play)" minute="36" period="1" second="7" time="36" type="attempt missed" type_id="13"/>
	<message comment="Leon Best is caught offside" minute="31" period="1" time="31" type="offside" type_id="10000"/>
	<message comment="Leon Best hits the woodwork (High, 6-yard box, Right footed, Open play)" minute="27" period="1" second="51" time="27" type="woodwork hit" type_id="14"/>
	<message comment="Shola Ameobi misses attempt (High to the right, 18-yard box, Right footed, Open play)" minute="22" period="1" second="47" time="22" type="attempt missed" type_id="13"/>
	<message comment="Sebastien Bassong wins a corner (To the left)" minute="17" period="1" second="28" time="17" type="corner" type_id="6"/>
	<message comment="Shola Ameobi misses attempt (High to the right, 18-yard box, Right footed, Open play)" minute="15" period="1" second="3" time="15" type="attempt missed" type_id="13"/>
	<message comment="Steve Harper makes a save (Collected)" minute="14" period="1" second="31" time="14" type="save made" type_id="10"/>
	<message comment="Rafael van der Vaart has attempt saved (Low to the centre, Out of box, Left footed, Open play)" minute="14" period="1" second="31" time="14" type="attempt blocked" type_id="15"/>
	<message comment="Jermain Defoe wins a corner (To the left)" minute="11" period="1" second="34" time="11" type="corner" type_id="6"/>
	<message comment="Steve Harper makes a save (Standing, Feet, Parried safe)" minute="11" period="1" second="33" time="11" type="save made" type_id="10"/>
	<message comment="Jermain Defoe has attempt saved (Low to the centre, 18-yard box, Left footed, Open play)" minute="11" period="1" second="33" time="11" type="attempt blocked" type_id="15"/>
	<message comment="Gareth Bale is substituted off" minute="10" period="1" second="44" time="10" type="substitution off" type_id="18"/>
	<message comment="Sebastien Bassong is substituted on" minute="10" period="1" second="44" time="10" type="substitution on" type_id="19"/>
	<message comment="Leon Best has shot blocked (18-yard box, Right footed, Open play)" minute="10" period="1" second="13" time="10" type="attempt blocked" type_id="15"/>
	<message comment="Michael Dawson blocks a shot" minute="10" period="1" second="13" time="10" type="save made" type_id="10"/>
	<message comment="José Enrique blocks a shot" minute="9" period="1" second="33" time="9" type="save made" type_id="10"/>
	<message comment="Jermain Defoe has shot blocked (Out of box, Left footed, Open play)" minute="9" period="1" second="33" time="9" type="attempt blocked" type_id="15"/>
	<message comment="Formation Set" minute="0" period="14" second="0" time="6" type="end" type_id="30"/>
	<message comment="Jermain Defoe misses attempt (To the left, 18-yard box, Right footed, Fast break)" minute="2" period="1" second="26" time="2" type="attempt missed" type_id="13"/>
	<message comment="First half begins!" minute="0" period="1" second="0" time="0" type="start" type_id="32"/>
</Commentary>
