<?xml version="1.0" ?>
<Commentary away_team_name="Newcastle United" competition="English Premier League" game_date="2012-05-06" home_team_name="Manchester City" lang_id="en" season="Season 2011/2012" season_id="2011" sport_id="1" sport_name="Football">
	<message comment="Second half ends" minute="93" period="2" second="0" time="95" type="end" type_id="30"/>
	<message comment="Joe Hart makes a save (Standing, Parried into danger)" minute="90" period="2" second="41" time="92" type="save made" type_id="10"/>
	<message comment="Shola Ameobi has attempt saved (High to the centre, Out of box, Left footed, Open play)" minute="90" period="2" second="39" time="92" type="attempt blocked" type_id="15"/>
	<message comment="Joe Hart makes a save (Parried into danger, Diving)" minute="90" period="2" second="8" time="92" type="save made" type_id="10"/>
	<message comment="Demba Ba has attempt saved (Low to the centre, 18-yard box, Right footed, Open play)" minute="90" period="2" second="7" time="92" type="attempt blocked" type_id="15"/>
	<message comment="GOAL! Yaya Touré scores , Assisted by Gaël Clichy (High to the left, 18-yard box, Big Chance, Left footed, Fast break)" minute="88" period="2" second="26" time="90" type="goal scored" type_id="16"/>
	<message comment="Shola Ameobi wins a corner (To the left)" minute="87" period="2" second="48" time="89" type="corner" type_id="6"/>
	<message comment="Shola Ameobi has shot blocked (18-yard box, Left footed, Open play)" minute="87" period="2" second="46" time="89" type="attempt blocked" type_id="15"/>
	<message comment="Micah Richards blocks a shot" minute="87" period="2" second="46" time="89" type="save made" type_id="10"/>
	<message comment="David Silva is substituted off" minute="85" period="2" second="25" time="87" type="substitution off" type_id="18"/>
	<message comment="Micah Richards is substituted on" minute="85" period="2" second="25" time="87" type="substitution on" type_id="19"/>
	<message comment="Edin Dzeko misses attempt (High to the right, 6-yard box, Right footed, From corner)" minute="83" period="2" second="58" time="85" type="attempt missed" type_id="13"/>
	<message comment="Sergio Agüero wins a corner (To the right)" minute="83" period="2" second="19" time="85" type="corner" type_id="6"/>
	<message comment="Tim Krul makes a save (Diving, Parried safe, Feet)" minute="83" period="2" second="15" time="85" type="save made" type_id="10"/>
	<message comment="Sergio Agüero has attempt saved (Low to the centre, 18-yard box, Big Chance, Right footed, Open play)" minute="83" period="2" second="15" time="85" type="attempt blocked" type_id="15"/>
	<message comment="Cheick Tioté is substituted off" minute="81" period="2" second="57" time="83" type="substitution off" type_id="18"/>
	<message comment="Ryan Taylor is substituted on" minute="81" period="2" second="57" time="83" type="substitution on" type_id="19"/>
	<message comment="Yaya Touré misses attempt (18-yard box, Big Chance, Head, Set piece)" minute="81" period="2" second="29" time="83" type="attempt missed" type_id="13"/>
	<message comment="Shane Ferguson recieves a yellow card" minute="79" period="2" second="43" time="81" type="card received" type_id="17"/>
	<message comment="Pablo Zabaleta recieves a yellow card" minute="78" period="2" second="51" time="80" type="card received" type_id="17"/>
	<message comment="Papiss Demba Cissé misses attempt (18-yard box, Big Chance, Head, Open play)" minute="77" period="2" second="55" time="79" type="attempt missed" type_id="13"/>
	<message comment="Shane Ferguson wins a corner (To the left)" minute="76" period="2" second="37" time="78" type="corner" type_id="6"/>
	<message comment="Sergio Agüero misses attempt (18-yard box, Big Chance, Right footed, Open play)" minute="74" period="2" second="20" time="76" type="attempt missed" type_id="13"/>
	<message comment="Hatem Ben Arfa is substituted off" minute="73" period="2" second="49" time="75" type="substitution off" type_id="18"/>
	<message comment="Shola Ameobi is substituted on" minute="73" period="2" second="49" time="75" type="substitution on" type_id="19"/>
	<message comment="James Perch is substituted off" minute="73" period="2" second="39" time="75" type="substitution off" type_id="18"/>
	<message comment="Shane Ferguson is substituted on" minute="73" period="2" second="39" time="75" type="substitution on" type_id="19"/>
	<message comment="Edin Dzeko misses attempt (High to the left, 18-yard box, Left footed, Open play)" minute="73" period="2" second="17" time="75" type="attempt missed" type_id="13"/>
	<message comment="GOAL! Yaya Touré scores , Assisted by Sergio Agüero (Low to the right, Out of box, Right footed, Open play)" minute="69" period="2" second="42" time="71" type="goal scored" type_id="16"/>
	<message comment="Carlos Tevez is substituted off" minute="69" period="2" second="20" time="71" type="substitution off" type_id="18"/>
	<message comment="Edin Dzeko is substituted on" minute="69" period="2" second="20" time="71" type="substitution on" type_id="19"/>
	<message comment="Pablo Zabaleta misses attempt (High to the left, 18-yard box, Left footed, Open play)" minute="67" period="2" second="16" time="69" type="attempt missed" type_id="13"/>
	<message comment="Demba Ba has shot blocked (Out of box, Right footed, Open play)" minute="66" period="2" second="28" time="68" type="attempt blocked" type_id="15"/>
	<message comment="Gareth Barry blocks a shot" minute="66" period="2" second="28" time="68" type="save made" type_id="10"/>
	<message comment="Carlos Tevez wins a corner (To the right)" minute="64" period="2" second="56" time="66" type="corner" type_id="6"/>
	<message comment="Hatem Ben Arfa misses attempt (18-yard box, Right footed, Open play)" minute="64" period="2" second="2" time="66" type="attempt missed" type_id="13"/>
	<message comment="Samir Nasri is substituted off" minute="61" period="2" second="25" time="63" type="substitution off" type_id="18"/>
	<message comment="Nigel de Jong is substituted on" minute="61" period="2" second="25" time="63" type="substitution on" type_id="19"/>
	<message comment="Mike Williamson blocks a shot" minute="58" period="2" second="43" time="60" type="save made" type_id="10"/>
	<message comment="David Silva has shot blocked (Out of box, Left footed, Open play)" minute="58" period="2" second="43" time="60" type="attempt blocked" type_id="15"/>
	<message comment="Tim Krul makes a save (Standing)" minute="54" period="2" second="36" time="56" type="save made" type_id="10"/>
	<message comment="Carlos Tevez has attempt saved (Low to the centre, Out of box, Right footed, Open play)" minute="54" period="2" second="36" time="56" type="attempt blocked" type_id="15"/>
	<message comment="Carlos Tevez misses attempt (High to the right, 18-yard box, Right footed, Open play)" minute="53" period="2" second="14" time="55" type="attempt missed" type_id="13"/>
	<message comment="Gaël Clichy wins a corner (To the left)" minute="52" period="2" second="35" time="54" type="corner" type_id="6"/>
	<message comment="Yaya Touré misses attempt (High, Out of box, Right footed, Free kick)" minute="51" period="2" second="4" time="53" type="attempt missed" type_id="13"/>
	<message comment="Second half begins!" minute="45" period="2" second="0" time="47" type="start" type_id="32"/>
	<message comment="First half ends" minute="46" period="1" second="8" time="46" type="end" type_id="30"/>
	<message comment="Gareth Barry is caught offside" minute="45" period="1" time="45" type="offside" type_id="10000"/>
	<message comment="Davide Santon blocks a shot (Last line)" minute="40" period="1" second="30" time="40" type="save made" type_id="10"/>
	<message comment="Gareth Barry has shot blocked (18-yard box, Big Chance, Left footed, Open play)" minute="40" period="1" second="30" time="40" type="attempt blocked" type_id="15"/>
	<message comment="Fabricio Coloccini blocks a shot" minute="40" period="1" second="28" time="40" type="save made" type_id="10"/>
	<message comment="Gareth Barry has shot blocked (18-yard box, Left footed, Open play)" minute="40" period="1" second="28" time="40" type="attempt blocked" type_id="15"/>
	<message comment="Demba Ba misses attempt (High, 18-yard box, Head, Open play)" minute="39" period="1" second="22" time="39" type="attempt missed" type_id="13"/>
	<message comment="Jonás Gutiérrez has shot blocked (18-yard box, Left footed, Set piece)" minute="38" period="1" second="33" time="38" type="attempt blocked" type_id="15"/>
	<message comment="Samir Nasri blocks a shot" minute="38" period="1" second="33" time="38" type="save made" type_id="10"/>
	<message comment="Yaya Touré recieves a yellow card" minute="37" period="1" second="47" time="37" type="card received" type_id="17"/>
	<message comment="James Perch recieves a yellow card" minute="35" period="1" second="38" time="35" type="card received" type_id="17"/>
	<message comment="Yohan Cabaye misses attempt (To the left, Out of box, Right footed, Open play)" minute="34" period="1" second="23" time="34" type="attempt missed" type_id="13"/>
	<message comment="Hatem Ben Arfa has attempt saved (Low to the centre, 18-yard box, Right footed, Open play)" minute="33" period="1" second="41" time="33" type="attempt blocked" type_id="15"/>
	<message comment="Joe Hart makes a save (Diving, Parried into danger)" minute="33" period="1" second="41" time="33" type="save made" type_id="10"/>
	<message comment="Demba Ba has shot blocked (18-yard box, Right footed, Open play)" minute="33" period="1" second="40" time="33" type="attempt blocked" type_id="15"/>
	<message comment="Gaël Clichy blocks a shot" minute="33" period="1" second="40" time="33" type="save made" type_id="10"/>
	<message comment="Cheick Tioté recieves a yellow card" minute="31" period="1" second="44" time="31" type="card received" type_id="17"/>
	<message comment="Demba Ba has shot blocked (Out of box, Right footed, Open play)" minute="31" period="1" second="7" time="31" type="attempt blocked" type_id="15"/>
	<message comment="Vincent Kompany blocks a shot" minute="31" period="1" second="7" time="31" type="save made" type_id="10"/>
	<message comment="Samir Nasri has shot blocked (Out of box, Left footed, Open play)" minute="30" period="1" second="40" time="30" type="attempt blocked" type_id="15"/>
	<message comment="Cheick Tioté has shot blocked (Out of box, Right footed, Set piece)" minute="30" period="1" second="4" time="30" type="attempt blocked" type_id="15"/>
	<message comment="Vincent Kompany blocks a shot" minute="30" period="1" second="4" time="30" type="save made" type_id="10"/>
	<message comment="Yohan Cabaye has shot blocked (Out of box, Right footed, Free kick)" minute="30" period="1" second="0" time="30" type="attempt blocked" type_id="15"/>
	<message comment="Carlos Tevez blocks a shot" minute="30" period="1" second="0" time="30" type="save made" type_id="10"/>
	<message comment="Gareth Barry recieves a yellow card" minute="28" period="1" second="58" time="28" type="card received" type_id="17"/>
	<message comment="Demba Ba misses attempt (Out of box, Left footed, Fast break)" minute="28" period="1" second="15" time="28" type="attempt missed" type_id="13"/>
	<message comment="Tim Krul makes a save (Diving)" minute="26" period="1" second="38" time="26" type="save made" type_id="10"/>
	<message comment="Carlos Tevez has attempt saved (Low to the left, Out of box, Right footed, Free kick)" minute="26" period="1" second="38" time="26" type="attempt blocked" type_id="15"/>
	<message comment="Hatem Ben Arfa recieves a yellow card" minute="25" period="1" second="36" time="25" type="card received" type_id="17"/>
	<message comment="Sergio Agüero is caught offside" minute="22" period="1" time="22" type="offside" type_id="10000"/>
	<message comment="Gaël Clichy misses attempt (To the left, Out of box, Left footed, From corner)" minute="20" period="1" second="18" time="20" type="attempt missed" type_id="13"/>
	<message comment="Sergio Agüero wins a corner (To the right)" minute="19" period="1" second="42" time="19" type="corner" type_id="6"/>
	<message comment="Tim Krul makes a save (Diving)" minute="16" period="1" second="43" time="16" type="save made" type_id="10"/>
	<message comment="Sergio Agüero has attempt saved (Low to the right, 18-yard box, Right footed, Open play)" minute="16" period="1" second="43" time="16" type="attempt blocked" type_id="15"/>
	<message comment="Demba Ba is caught offside" minute="15" period="1" time="15" type="offside" type_id="10000"/>
	<message comment="David Silva has attempt saved (Low to the right, 18-yard box, Left footed, Open play)" minute="10" period="1" second="13" time="10" type="attempt blocked" type_id="15"/>
	<message comment="Tim Krul makes a save (Parried safe, Diving)" minute="10" period="1" second="13" time="10" type="save made" type_id="10"/>
	<message comment="David Silva wins a corner (To the left)" minute="9" period="1" second="31" time="9" type="corner" type_id="6"/>
	<message comment="Samir Nasri wins a corner (To the left)" minute="9" period="1" second="13" time="9" type="corner" type_id="6"/>
	<message comment="Yaya Touré has shot blocked (Out of box, Right footed, Open play)" minute="8" period="1" second="58" time="8" type="attempt blocked" type_id="15"/>
	<message comment="Yohan Cabaye blocks a shot" minute="8" period="1" second="58" time="8" type="save made" type_id="10"/>
	<message comment="Samir Nasri has shot blocked (Out of box, Right footed, Open play)" minute="8" period="1" second="54" time="8" type="attempt blocked" type_id="15"/>
	<message comment="James Perch blocks a shot" minute="8" period="1" second="54" time="8" type="save made" type_id="10"/>
	<message comment="Formation Set" minute="0" period="14" second="0" time="5" type="end" type_id="30"/>
	<message comment="Carlos Tevez is caught offside" minute="4" period="1" time="4" type="offside" type_id="10000"/>
	<message comment="First half begins!" minute="0" period="1" second="0" time="0" type="start" type_id="32"/>
</Commentary>
