<?xml version="1.0" ?>
<Commentary away_team_name="Newcastle United" competition="English Premier League" game_date="2012-10-07" home_team_name="Manchester United" lang_id="en" season="Season 2012/2013" season_id="2012" sport_id="1" sport_name="Football">
	<message comment="Second half ends" minute="94" period="2" second="12" time="98" type="end" type_id="30"/>
	<message comment="Shola Ameobi wins a corner (To the right)" minute="93" period="2" second="13" time="97" type="corner" type_id="6"/>
	<message comment="Paul Scholes recieves a yellow card" minute="89" period="2" second="53" time="93" type="card received" type_id="17"/>
	<message comment="Demba Ba has attempt saved (Low to the left, Out of box, Right footed, Open play)" minute="88" period="2" second="17" time="92" type="attempt blocked" type_id="15"/>
	<message comment="David de Gea makes a save (Collected, Diving)" minute="88" period="2" second="17" time="92" type="save made" type_id="10"/>
	<message comment="Robin van Persie is substituted off" minute="86" period="2" second="36" time="90" type="substitution off" type_id="18"/>
	<message comment="Ryan Giggs is substituted on" minute="86" period="2" second="36" time="90" type="substitution on" type_id="19"/>
	<message comment="Gael Bigirimana recieves a yellow card" minute="85" period="2" second="54" time="89" type="card received" type_id="17"/>
	<message comment="Cheick Tioté is substituted off" minute="79" period="2" second="45" time="83" type="substitution off" type_id="18"/>
	<message comment="Gael Bigirimana is substituted on" minute="79" period="2" second="45" time="83" type="substitution on" type_id="19"/>
	<message comment="Paul Scholes is substituted on" minute="79" period="2" second="19" time="83" type="substitution on" type_id="19"/>
	<message comment="Wayne Rooney is substituted off" minute="79" period="2" second="18" time="83" type="substitution off" type_id="18"/>
	<message comment="Davide Santon wins a corner (To the right)" minute="77" period="2" second="39" time="81" type="corner" type_id="6"/>
	<message comment="Davide Santon has shot blocked (Out of box, Right footed, Open play)" minute="77" period="2" second="38" time="81" type="attempt blocked" type_id="15"/>
	<message comment="Patrice Evra blocks a shot" minute="77" period="2" second="38" time="81" type="save made" type_id="10"/>
	<message comment="James Perch recieves a yellow card" minute="74" period="2" second="15" time="78" type="card received" type_id="17"/>
	<message comment="Steve Harper makes a save (Standing)" minute="72" period="2" second="9" time="76" type="save made" type_id="10"/>
	<message comment="Wayne Rooney has attempt saved (Low to the left, Out of box, Right footed, Open play)" minute="72" period="2" second="9" time="76" type="attempt blocked" type_id="15"/>
	<message comment="GOAL! Tom Cleverley scores , Assisted by Wayne Rooney (High to the right, Out of box, Right footed, Open play)" minute="70" period="2" second="9" time="74" type="goal scored" type_id="16"/>
	<message comment="Rafael wins a corner (To the right)" minute="69" period="2" second="24" time="73" type="corner" type_id="6"/>
	<message comment="Cheick Tioté blocks a shot" minute="69" period="2" second="22" time="73" type="save made" type_id="10"/>
	<message comment="Rafael has shot blocked (Out of box, Left footed, Open play)" minute="69" period="2" second="22" time="73" type="attempt blocked" type_id="15"/>
	<message comment="Yohan Cabaye wins a corner (To the left)" minute="65" period="2" second="48" time="69" type="corner" type_id="6"/>
	<message comment="Robin van Persie is caught offside" minute="64" period="2" time="68" type="offside" type_id="10000"/>
	<message comment="Papiss Demba Cissé is substituted off" minute="63" period="2" second="1" time="67" type="substitution off" type_id="18"/>
	<message comment="Shola Ameobi is substituted on" minute="63" period="2" second="1" time="67" type="substitution on" type_id="19"/>
	<message comment="Shane Ferguson is substituted off" minute="62" period="2" second="49" time="66" type="substitution off" type_id="18"/>
	<message comment="Vurnon Anita is substituted on" minute="62" period="2" second="49" time="66" type="substitution on" type_id="19"/>
	<message comment="Hatem Ben Arfa misses attempt (To the right, Out of box, Left footed, Open play)" minute="62" period="2" second="23" time="66" type="attempt missed" type_id="13"/>
	<message comment="Steve Harper makes a save (Parried into danger, Diving)" minute="59" period="2" second="59" time="63" type="save made" type_id="10"/>
	<message comment="Wayne Rooney has attempt saved (Low to the centre, 18-yard box, Left footed, Open play)" minute="59" period="2" second="59" time="63" type="attempt blocked" type_id="15"/>
	<message comment="Tom Cleverley misses attempt (High, 18-yard box, Right footed, Open play)" minute="56" period="2" second="5" time="60" type="attempt missed" type_id="13"/>
	<message comment="Shinji Kagawa is substituted off" minute="54" period="2" second="36" time="58" type="substitution off" type_id="18"/>
	<message comment="Luis Antonio Valencia is substituted on" minute="54" period="2" second="36" time="58" type="substitution on" type_id="19"/>
	<message comment="Demba Ba misses attempt (18-yard box, Head, Open play)" minute="54" period="2" second="12" time="58" type="attempt missed" type_id="13"/>
	<message comment="Papiss Demba Cissé wins a corner (To the left)" minute="49" period="2" second="56" time="53" type="corner" type_id="6"/>
	<message comment="Papiss Demba Cissé has attempt saved (Low to the right, 6-yard box, Big Chance, Head, Open play)" minute="49" period="2" second="47" time="53" type="attempt blocked" type_id="15"/>
	<message comment="David de Gea makes a save (Diving)" minute="49" period="2" second="47" time="53" type="save made" type_id="10"/>
	<message comment="Demba Ba hits the woodwork (High, 18-yard box, Right footed, Throw-in)" minute="49" period="2" second="44" time="53" type="woodwork hit" type_id="14"/>
	<message comment="Robin van Persie is caught offside" minute="45" period="2" time="49" type="offside" type_id="10000"/>
	<message comment="Second half begins!" minute="45" period="2" second="0" time="49" type="start" type_id="32"/>
	<message comment="First half ends" minute="48" period="1" second="25" time="48" type="end" type_id="30"/>
	<message comment="Danny Welbeck wins a corner (To the left)" minute="47" period="1" second="23" time="47" type="corner" type_id="6"/>
	<message comment="Papiss Demba Cissé misses attempt (To the right, 18-yard box, Head, Set piece)" minute="45" period="1" second="32" time="45" type="attempt missed" type_id="13"/>
	<message comment="Hatem Ben Arfa misses attempt (To the left, Out of box, Right footed, Fast break)" minute="44" period="1" second="24" time="44" type="attempt missed" type_id="13"/>
	<message comment="Shinji Kagawa wins a corner (To the right)" minute="42" period="1" second="42" time="42" type="corner" type_id="6"/>
	<message comment="Jonás Gutiérrez recieves a yellow card" minute="41" period="1" second="32" time="41" type="card received" type_id="17"/>
	<message comment="Demba Ba misses attempt (High to the left, 18-yard box, Right footed, Throw-in)" minute="40" period="1" second="36" time="40" type="attempt missed" type_id="13"/>
	<message comment="Yohan Cabaye misses attempt (To the left, Out of box, Right footed, Open play)" minute="40" period="1" second="17" time="40" type="attempt missed" type_id="13"/>
	<message comment="Jonás Gutiérrez wins a corner (To the left)" minute="37" period="1" second="36" time="37" type="corner" type_id="6"/>
	<message comment="Jonás Gutiérrez has shot blocked (Out of box, Right footed, From corner)" minute="37" period="1" second="34" time="37" type="attempt blocked" type_id="15"/>
	<message comment="Jonny Evans blocks a shot" minute="37" period="1" second="34" time="37" type="save made" type_id="10"/>
	<message comment="Papiss Demba Cissé wins a corner (To the right)" minute="37" period="1" second="9" time="37" type="corner" type_id="6"/>
	<message comment="Shane Ferguson wins a corner (To the left)" minute="36" period="1" second="9" time="36" type="corner" type_id="6"/>
	<message comment="Yohan Cabaye misses attempt (High to the left, Out of box, Right footed, Open play)" minute="33" period="1" second="39" time="33" type="attempt missed" type_id="13"/>
	<message comment="Cheick Tioté recieves a yellow card" minute="32" period="1" second="23" time="32" type="card received" type_id="17"/>
	<message comment="Robin van Persie recieves a yellow card" minute="30" period="1" second="23" time="30" type="card received" type_id="17"/>
	<message comment="Rio Ferdinand recieves a yellow card" minute="29" period="1" second="5" time="29" type="card received" type_id="17"/>
	<message comment="Demba Ba misses attempt (High to the right, 18-yard box, Right footed, From corner)" minute="24" period="1" second="9" time="24" type="attempt missed" type_id="13"/>
	<message comment="Davide Santon wins a corner (To the right)" minute="23" period="1" second="45" time="23" type="corner" type_id="6"/>
	<message comment="Shinji Kagawa recieves a yellow card" minute="20" period="1" second="47" time="20" type="card received" type_id="17"/>
	<message comment="Jonás Gutiérrez misses attempt (Out of box, Right footed, Open play)" minute="17" period="1" second="29" time="17" type="attempt missed" type_id="13"/>
	<message comment="GOAL! Patrice Evra scores , Assisted by Wayne Rooney (Low to the left, 6-yard box, Head, From corner)" minute="14" period="1" second="59" time="14" type="goal scored" type_id="16"/>
	<message comment="Wayne Rooney wins a corner (To the left)" minute="14" period="1" second="35" time="14" type="corner" type_id="6"/>
	<message comment="Steve Harper makes a save (Diving, Parried safe)" minute="14" period="1" second="32" time="14" type="save made" type_id="10"/>
	<message comment="Wayne Rooney has attempt saved (High to the left, Out of box, Right footed, Free kick)" minute="14" period="1" second="32" time="14" type="attempt blocked" type_id="15"/>
	<message comment="Davide Santon blocks a shot" minute="12" period="1" second="27" time="12" type="save made" type_id="10"/>
	<message comment="Tom Cleverley has shot blocked (18-yard box, Right footed, Open play)" minute="12" period="1" second="27" time="12" type="attempt blocked" type_id="15"/>
	<message comment="Danny Welbeck misses attempt (To the left, 18-yard box, Big Chance, Right footed, Open play)" minute="11" period="1" second="21" time="11" type="attempt missed" type_id="13"/>
	<message comment="Rafael misses attempt (To the left, 18-yard box, Right footed, Fast break)" minute="10" period="1" second="29" time="10" type="attempt missed" type_id="13"/>
	<message comment="Formation Set" minute="0" period="14" second="0" time="8" type="end" type_id="30"/>
	<message comment="GOAL! Jonny Evans scores , Assisted by Robin van Persie (High to the left, 18-yard box, Head, From corner)" minute="7" period="1" second="26" time="7" type="goal scored" type_id="16"/>
	<message comment="Robin van Persie wins a corner (To the right)" minute="6" period="1" second="56" time="6" type="corner" type_id="6"/>
	<message comment="Steve Harper makes a save (Standing, Parried safe, Feet)" minute="6" period="1" second="55" time="6" type="save made" type_id="10"/>
	<message comment="Robin van Persie has attempt saved (Low to the left, 18-yard box, Left footed, Open play)" minute="6" period="1" second="55" time="6" type="attempt blocked" type_id="15"/>
	<message comment="Steve Harper makes a save (Collected, Diving)" minute="4" period="1" second="17" time="4" type="save made" type_id="10"/>
	<message comment="Danny Welbeck has attempt saved (Low to the right, 18-yard box, Right footed, From corner)" minute="4" period="1" second="17" time="4" type="attempt blocked" type_id="15"/>
	<message comment="Shinji Kagawa wins a corner (To the right)" minute="3" period="1" second="31" time="3" type="corner" type_id="6"/>
	<message comment="First half begins!" minute="0" period="1" second="0" time="0" type="start" type_id="32"/>
</Commentary>
