<?xml version="1.0" ?>
<Commentary away_team_name="Newcastle United" competition="English Premier League" game_date="2014-05-03" home_team_name="Cardiff" lang_id="en" season="Season 2013/2014" season_id="2013" sport_id="1" sport_name="Football">
	<message comment="Second half ends" minute="93" period="2" second="4" time="96" type="end" type_id="30"/>
	<message comment="Moussa Sissoko wins a corner (To the right)" minute="92" period="2" second="25" time="95" type="corner" type_id="6"/>
	<message comment="David Marshall makes a save (Diving, Parried safe, Other body part)" minute="92" period="2" second="23" time="95" type="save made" type_id="10"/>
	<message comment="Moussa Sissoko has attempt saved (High to the right, 18-yard box, Right footed, Fast break)" minute="92" period="2" second="23" time="95" type="attempt blocked" type_id="15"/>
	<message comment="Wilfried Zaha wins a corner (To the right)" minute="91" period="2" second="44" time="94" type="corner" type_id="6"/>
	<message comment="GOAL! Steven Taylor scores , Assisted by Loïc Rémy (Low to the centre, 6-yard box, Big Chance, Head, From corner)" minute="90" period="2" second="20" time="93" type="goal scored" type_id="16"/>
	<message comment="Loïc Rémy has shot blocked (18-yard box, Key pass, Head, From corner)" minute="90" period="2" second="19" time="93" type="attempt blocked" type_id="15"/>
	<message comment="Moussa Sissoko wins a corner (To the right)" minute="89" period="2" second="36" time="92" type="corner" type_id="6"/>
	<message comment="Ben Turner blocks a shot" minute="89" period="2" second="34" time="92" type="save made" type_id="10"/>
	<message comment="Moussa Sissoko has shot blocked (18-yard box, Right footed, Open play)" minute="89" period="2" second="34" time="92" type="attempt blocked" type_id="15"/>
	<message comment="GOAL! Loïc Rémy scores  (Low to the left, 18-yard box, Big Chance, Right footed, Open play)" minute="86" period="2" second="52" time="89" type="goal scored" type_id="16"/>
	<message comment="Ben Turner blocks a shot" minute="86" period="2" second="49" time="89" type="save made" type_id="10"/>
	<message comment="Cheick Tioté has shot blocked (18-yard box, Right footed, Open play)" minute="86" period="2" second="49" time="89" type="attempt blocked" type_id="15"/>
	<message comment="Fabio is substituted off" minute="85" period="2" second="19" time="88" type="substitution off" type_id="18"/>
	<message comment="Magnus Wolff Eikrem is substituted on" minute="85" period="2" second="19" time="88" type="substitution on" type_id="19"/>
	<message comment="Craig Bellamy has shot blocked (Out of box, Right footed, Open play)" minute="84" period="2" second="23" time="87" type="attempt blocked" type_id="15"/>
	<message comment="Steven Taylor blocks a shot" minute="84" period="2" second="23" time="87" type="save made" type_id="10"/>
	<message comment="Craig Bellamy is caught offside" minute="82" period="2" time="85" type="offside" type_id="10000"/>
	<message comment="Vurnon Anita is substituted off" minute="78" period="2" second="20" time="81" type="substitution off" type_id="18"/>
	<message comment="Steven Taylor is substituted on" minute="78" period="2" second="20" time="81" type="substitution on" type_id="19"/>
	<message comment="Loïc Rémy wins a corner (To the left)" minute="77" period="2" second="35" time="80" type="corner" type_id="6"/>
	<message comment="Steven Caulker blocks a shot" minute="77" period="2" second="33" time="80" type="save made" type_id="10"/>
	<message comment="Loïc Rémy has shot blocked (18-yard box, Right footed, Set piece)" minute="77" period="2" second="33" time="80" type="attempt blocked" type_id="15"/>
	<message comment="Jordon Mutch misses attempt (To the left, 6-yard box, Head, From corner)" minute="75" period="2" second="54" time="78" type="attempt missed" type_id="13"/>
	<message comment="Aron Gunnarsson wins a corner (To the right)" minute="75" period="2" second="28" time="78" type="corner" type_id="6"/>
	<message comment="Aron Gunnarsson has shot blocked (18-yard box, Big Chance, Right footed, Open play)" minute="75" period="2" second="25" time="78" type="attempt blocked" type_id="15"/>
	<message comment="Fabricio Coloccini blocks a shot (Last line)" minute="75" period="2" second="25" time="78" type="save made" type_id="10"/>
	<message comment="Wilfried Zaha has shot blocked (18-yard box, Right footed, Open play)" minute="75" period="2" second="8" time="78" type="attempt blocked" type_id="15"/>
	<message comment="Massadio Haidara blocks a shot" minute="75" period="2" second="8" time="78" type="save made" type_id="10"/>
	<message comment="Kenwyne Jones has attempt saved (Low to the centre, 18-yard box, Big Chance, Left footed, Open play)" minute="74" period="2" second="56" time="77" type="attempt blocked" type_id="15"/>
	<message comment="Tim Krul makes a save (Parried into danger, Diving)" minute="74" period="2" second="56" time="77" type="save made" type_id="10"/>
	<message comment="Jordon Mutch misses attempt (To the left, Out of box, Left footed, Open play)" minute="73" period="2" second="25" time="76" type="attempt missed" type_id="13"/>
	<message comment="Kenwyne Jones is substituted on" minute="72" period="2" second="11" time="75" type="substitution on" type_id="19"/>
	<message comment="Fraizer Campbell is substituted off" minute="72" period="2" second="11" time="75" type="substitution off" type_id="18"/>
	<message comment="Yoan Gouffran is substituted off" minute="69" period="2" second="45" time="72" type="substitution off" type_id="18"/>
	<message comment="Dan Gosling is substituted on" minute="69" period="2" second="45" time="72" type="substitution on" type_id="19"/>
	<message comment="Mathieu Debuchy recieves a yellow card" minute="67" period="2" second="55" time="70" type="card received" type_id="17"/>
	<message comment="Wilfried Zaha is caught offside" minute="66" period="2" time="69" type="offside" type_id="10000"/>
	<message comment="Jordon Mutch misses attempt (To the left, Out of box, Left footed, Set piece)" minute="63" period="2" second="46" time="66" type="attempt missed" type_id="13"/>
	<message comment="Peter Whittingham has shot blocked (Out of box, Left footed, Open play)" minute="62" period="2" second="48" time="65" type="attempt blocked" type_id="15"/>
	<message comment="Vurnon Anita blocks a shot" minute="62" period="2" second="48" time="65" type="save made" type_id="10"/>
	<message comment="Peter Whittingham blocks a shot" minute="61" period="2" second="19" time="64" type="save made" type_id="10"/>
	<message comment="Yoan Gouffran has shot blocked (Out of box, Right footed, Open play)" minute="61" period="2" second="19" time="64" type="attempt blocked" type_id="15"/>
	<message comment="Wilfried Zaha wins a corner (To the left)" minute="59" period="2" second="56" time="62" type="corner" type_id="6"/>
	<message comment="Wilfried Zaha has shot blocked (18-yard box, Left footed, Open play)" minute="59" period="2" second="55" time="62" type="attempt blocked" type_id="15"/>
	<message comment="Moussa Sissoko blocks a shot" minute="59" period="2" second="55" time="62" type="save made" type_id="10"/>
	<message comment="Mike Williamson wins a corner (To the right)" minute="56" period="2" second="13" time="59" type="corner" type_id="6"/>
	<message comment="Ben Turner blocks a shot" minute="56" period="2" second="9" time="59" type="save made" type_id="10"/>
	<message comment="Mike Williamson has shot blocked (Out of box, Right footed, From corner)" minute="56" period="2" second="9" time="59" type="attempt blocked" type_id="15"/>
	<message comment="Mathieu Debuchy wins a corner (To the right)" minute="55" period="2" second="36" time="58" type="corner" type_id="6"/>
	<message comment="Jordon Mutch wins a corner (To the right)" minute="49" period="2" second="20" time="52" type="corner" type_id="6"/>
	<message comment="Ben Turner misses attempt (To the left, 18-yard box, Left footed, From corner)" minute="46" period="2" second="54" time="49" type="attempt missed" type_id="13"/>
	<message comment="Steven Caulker has shot blocked (18-yard box, Head, From corner)" minute="46" period="2" second="53" time="49" type="attempt blocked" type_id="15"/>
	<message comment="Shola Ameobi blocks a shot" minute="46" period="2" second="53" time="49" type="save made" type_id="10"/>
	<message comment="Wilfried Zaha wins a corner (To the left)" minute="46" period="2" second="27" time="49" type="corner" type_id="6"/>
	<message comment="Kim Bo-Kyung is substituted off" minute="45" period="2" second="0" time="48" type="substitution off" type_id="18"/>
	<message comment="Craig Bellamy is substituted on" minute="45" period="2" second="0" time="48" type="substitution on" type_id="19"/>
	<message comment="Paul Dummett is substituted off" minute="45" period="2" second="0" time="48" type="substitution off" type_id="18"/>
	<message comment="Massadio Haidara is substituted on" minute="45" period="2" second="0" time="48" type="substitution on" type_id="19"/>
	<message comment="Second half begins!" minute="45" period="2" second="0" time="48" type="start" type_id="32"/>
	<message comment="First half ends" minute="47" period="1" second="5" time="47" type="end" type_id="30"/>
	<message comment="Moussa Sissoko misses attempt (To the left, Out of box, Right footed, Open play)" minute="41" period="1" second="25" time="41" type="attempt missed" type_id="13"/>
	<message comment="Jordon Mutch misses attempt (To the left, 6-yard box, Head, Set piece)" minute="39" period="1" second="47" time="39" type="attempt missed" type_id="13"/>
	<message comment="Cheick Tioté misses attempt (To the left, Out of box, Right footed, Open play)" minute="34" period="1" second="30" time="34" type="attempt missed" type_id="13"/>
	<message comment="Vurnon Anita misses attempt (To the left, Out of box, Right footed, Open play)" minute="31" period="1" second="48" time="31" type="attempt missed" type_id="13"/>
	<message comment="Moussa Sissoko wins a corner (To the right)" minute="31" period="1" second="8" time="31" type="corner" type_id="6"/>
	<message comment="Jordon Mutch misses attempt (High, 18-yard box, Right footed, From corner)" minute="29" period="1" second="4" time="29" type="attempt missed" type_id="13"/>
	<message comment="Wilfried Zaha wins a corner (To the left)" minute="28" period="1" second="41" time="28" type="corner" type_id="6"/>
	<message comment="Wilfried Zaha has attempt saved (Low to the left, 18-yard box, Right footed, Open play)" minute="28" period="1" second="37" time="28" type="attempt blocked" type_id="15"/>
	<message comment="Tim Krul makes a save (Diving, Parried safe)" minute="28" period="1" second="37" time="28" type="save made" type_id="10"/>
	<message comment="Kim Bo-Kyung misses attempt (To the right, 18-yard box, Right footed, Open play)" minute="25" period="1" second="38" time="25" type="attempt missed" type_id="13"/>
	<message comment="Aron Gunnarsson blocks a shot" minute="21" period="1" second="19" time="21" type="save made" type_id="10"/>
	<message comment="Moussa Sissoko has shot blocked (Out of box, Right footed, Open play)" minute="21" period="1" second="19" time="21" type="attempt blocked" type_id="15"/>
	<message comment="Peter Whittingham blocks a shot" minute="19" period="1" second="11" time="19" type="save made" type_id="10"/>
	<message comment="Cheick Tioté has shot blocked (Out of box, Right footed, From corner)" minute="19" period="1" second="11" time="19" type="attempt blocked" type_id="15"/>
	<message comment="Paul Dummett wins a corner (To the left)" minute="18" period="1" second="50" time="18" type="corner" type_id="6"/>
	<message comment="GOAL! Shola Ameobi scores , Assisted by Moussa Sissoko (Low to the left, 6-yard box, Big Chance, Head, Open play)" minute="17" period="1" second="2" time="17" type="goal scored" type_id="16"/>
	<message comment="David Marshall makes a save (Parried into danger)" minute="16" period="1" second="9" time="16" type="save made" type_id="10"/>
	<message comment="Mathieu Debuchy has attempt saved (High to the left, 18-yard box, Head, From corner)" minute="16" period="1" second="9" time="16" type="attempt blocked" type_id="15"/>
	<message comment="Mathieu Debuchy wins a corner (To the right)" minute="15" period="1" second="36" time="15" type="corner" type_id="6"/>
	<message comment="David Marshall makes a save (Diving, Parried safe)" minute="15" period="1" second="32" time="15" type="save made" type_id="10"/>
	<message comment="Mathieu Debuchy has attempt saved (Low to the right, 18-yard box, Right footed, Open play)" minute="15" period="1" second="32" time="15" type="attempt blocked" type_id="15"/>
	<message comment="Fraizer Campbell blocks a shot" minute="13" period="1" second="23" time="13" type="save made" type_id="10"/>
	<message comment="Paul Dummett has shot blocked (Out of box, Left footed, Free kick)" minute="13" period="1" second="23" time="13" type="attempt blocked" type_id="15"/>
	<message comment="Loïc Rémy misses attempt (To the left, 18-yard box, Right footed, From corner)" minute="11" period="1" second="59" time="11" type="attempt missed" type_id="13"/>
	<message comment="Moussa Sissoko wins a corner (To the left)" minute="11" period="1" second="12" time="11" type="corner" type_id="6"/>
	<message comment="Jordon Mutch blocks a shot" minute="8" period="1" second="5" time="8" type="save made" type_id="10"/>
	<message comment="Paul Dummett has shot blocked (Out of box, Left footed, Free kick)" minute="8" period="1" second="5" time="8" type="attempt blocked" type_id="15"/>
	<message comment="Formation Set" minute="0" period="14" second="0" time="6" type="end" type_id="30"/>
	<message comment="Fraizer Campbell misses attempt (18-yard box, Big Chance, Right footed, Open play)" minute="5" period="1" second="16" time="5" type="attempt missed" type_id="13"/>
	<message comment="Mathieu Debuchy misses attempt (High to the right, 18-yard box, Right footed, From corner)" minute="1" period="1" second="17" time="1" type="attempt missed" type_id="13"/>
	<message comment="Loïc Rémy wins a corner (To the left)" minute="0" period="1" second="42" time="0" type="corner" type_id="6"/>
	<message comment="Loïc Rémy has shot blocked (18-yard box, Right footed, Open play)" minute="0" period="1" second="41" time="0" type="attempt blocked" type_id="15"/>
	<message comment="Fabio blocks a shot" minute="0" period="1" second="41" time="0" type="save made" type_id="10"/>
	<message comment="First half begins!" minute="0" period="1" second="0" time="0" type="start" type_id="32"/>
</Commentary>
