<?xml version="1.0" ?>
<Commentary away_team_name="Norwich" competition="English Premier League" game_date="2013-03-09" home_team_name="Southampton" lang_id="en" season="Season 2012/2013" season_id="2012" sport_id="1" sport_name="Football">
	<message comment="Second half ends" minute="93" period="2" second="17" time="96" type="end" type_id="30"/>
	<message comment="Grant Holt has attempt saved (Low to the left, 18-yard box, Penalty, Big Chance, Right footed)" minute="92" period="2" second="30" time="95" type="attempt blocked" type_id="15"/>
	<message comment="Artur Boruc makes a save (Parried safe, Diving, Penalty)" minute="92" period="2" second="30" time="95" type="save made" type_id="10"/>
	<message comment="Jason Puncheon recieves a yellow card" minute="91" period="2" second="40" time="94" type="card received" type_id="17"/>
	<message comment="Jay Rodriguez is substituted off" minute="89" period="2" second="55" time="92" type="substitution off" type_id="18"/>
	<message comment="Jason Puncheon is substituted on" minute="89" period="2" second="55" time="92" type="substitution on" type_id="19"/>
	<message comment="Mark Bunn makes a save (Standing)" minute="88" period="2" second="18" time="91" type="save made" type_id="10"/>
	<message comment="Jay Rodriguez has attempt saved (Low to the centre, 18-yard box, Left footed, Open play)" minute="88" period="2" second="18" time="91" type="attempt blocked" type_id="15"/>
	<message comment="José Fonte recieves a yellow card" minute="87" period="2" second="20" time="90" type="card received" type_id="17"/>
	<message comment="Rickie Lambert is caught offside" minute="84" period="2" time="87" type="offside" type_id="10000"/>
	<message comment="José Fonte misses attempt (To the right, Out of box, Right footed, Open play)" minute="81" period="2" second="12" time="84" type="attempt missed" type_id="13"/>
	<message comment="Bradley Johnson recieves a yellow card" minute="80" period="2" second="28" time="83" type="card received" type_id="17"/>
	<message comment="Kei Kamara is substituted off" minute="78" period="2" second="56" time="81" type="substitution off" type_id="18"/>
	<message comment="Luciano Becchio is substituted on" minute="78" period="2" second="56" time="81" type="substitution on" type_id="19"/>
	<message comment="Rickie Lambert misses attempt (To the left, 18-yard box, Head, Set piece)" minute="78" period="2" second="28" time="81" type="attempt missed" type_id="13"/>
	<message comment="Adam Lallana is substituted off" minute="78" period="2" second="22" time="81" type="substitution off" type_id="18"/>
	<message comment="James Ward-Prowse is substituted on" minute="78" period="2" second="22" time="81" type="substitution on" type_id="19"/>
	<message comment="Gastón Ramírez is substituted off" minute="69" period="2" second="50" time="72" type="substitution off" type_id="18"/>
	<message comment="Guly do Prado is substituted on" minute="69" period="2" second="50" time="72" type="substitution on" type_id="19"/>
	<message comment="Bradley Johnson blocks a shot" minute="67" period="2" second="49" time="70" type="save made" type_id="10"/>
	<message comment="Morgan Schneiderlin has shot blocked (Out of box, Right footed, From corner)" minute="67" period="2" second="49" time="70" type="attempt blocked" type_id="15"/>
	<message comment="Rickie Lambert wins a corner (To the right)" minute="67" period="2" second="13" time="70" type="corner" type_id="6"/>
	<message comment="Grant Holt blocks a shot" minute="67" period="2" second="8" time="70" type="save made" type_id="10"/>
	<message comment="Rickie Lambert has shot blocked (Out of box, Right footed, Free kick)" minute="67" period="2" second="8" time="70" type="attempt blocked" type_id="15"/>
	<message comment="Jack Cork wins a corner (To the right)" minute="60" period="2" second="28" time="63" type="corner" type_id="6"/>
	<message comment="Rickie Lambert misses attempt (High to the left, 18-yard box, Left footed, Open play)" minute="59" period="2" second="2" time="62" type="attempt missed" type_id="13"/>
	<message comment="Mark Bunn makes a save (Parried into danger, Diving)" minute="59" period="2" second="0" time="62" type="save made" type_id="10"/>
	<message comment="Jay Rodriguez has attempt saved (Low to the centre, 18-yard box, Right footed, Open play)" minute="59" period="2" second="0" time="62" type="attempt blocked" type_id="15"/>
	<message comment="Luke Shaw wins a corner (To the left)" minute="52" period="2" second="26" time="55" type="corner" type_id="6"/>
	<message comment="Grant Holt is caught offside" minute="51" period="2" time="54" type="offside" type_id="10000"/>
	<message comment="Grant Holt is caught offside" minute="50" period="2" time="53" type="offside" type_id="10000"/>
	<message comment="Adam Lallana misses attempt (18-yard box, Big Chance, Left footed, Open play)" minute="49" period="2" second="25" time="52" type="attempt missed" type_id="13"/>
	<message comment="Second half begins!" minute="45" period="2" second="0" time="48" type="start" type_id="32"/>
	<message comment="First half ends" minute="47" period="1" second="3" time="47" type="end" type_id="30"/>
	<message comment="Kei Kamara is caught offside" minute="46" period="1" time="46" type="offside" type_id="10000"/>
	<message comment="Jonny Howson has shot blocked (Out of box, Right footed, Set piece)" minute="44" period="1" second="33" time="44" type="attempt blocked" type_id="15"/>
	<message comment="Morgan Schneiderlin blocks a shot" minute="44" period="1" second="33" time="44" type="save made" type_id="10"/>
	<message comment="Adam Lallana recieves a yellow card" minute="43" period="1" second="35" time="43" type="card received" type_id="17"/>
	<message comment="Wes Hoolahan has shot blocked (Out of box, Right footed, Set piece)" minute="40" period="1" second="54" time="40" type="attempt blocked" type_id="15"/>
	<message comment="Rickie Lambert blocks a shot" minute="40" period="1" second="54" time="40" type="save made" type_id="10"/>
	<message comment="Grant Holt is caught offside" minute="40" period="1" time="40" type="offside" type_id="10000"/>
	<message comment="Wes Hoolahan wins a corner (To the left)" minute="38" period="1" second="52" time="38" type="corner" type_id="6"/>
	<message comment="Adam Lallana wins a corner (To the right)" minute="35" period="1" second="32" time="35" type="corner" type_id="6"/>
	<message comment="Anthony Pilkington is substituted off" minute="34" period="1" second="32" time="34" type="substitution off" type_id="18"/>
	<message comment="Wes Hoolahan is substituted on" minute="34" period="1" second="32" time="34" type="substitution on" type_id="19"/>
	<message comment="Mark Bunn makes a save (Parried safe, Diving)" minute="33" period="1" second="6" time="33" type="save made" type_id="10"/>
	<message comment="Luke Shaw has attempt saved (Low to the right, 18-yard box, Left footed, Open play)" minute="33" period="1" second="6" time="33" type="attempt blocked" type_id="15"/>
	<message comment="Sebastien Bassong is caught offside" minute="30" period="1" time="30" type="offside" type_id="10000"/>
	<message comment="Robert Snodgrass misses attempt (18-yard box, Left footed, Open play)" minute="29" period="1" second="49" time="29" type="attempt missed" type_id="13"/>
	<message comment="Robert Snodgrass has attempt saved (Low to the left, Out of box, Left footed, Free kick)" minute="28" period="1" second="51" time="28" type="attempt blocked" type_id="15"/>
	<message comment="Artur Boruc makes a save (Diving, Parried into danger)" minute="28" period="1" second="51" time="28" type="save made" type_id="10"/>
	<message comment="Mark Bunn makes a save (Parried into danger)" minute="27" period="1" second="39" time="27" type="save made" type_id="10"/>
	<message comment="Gastón Ramírez has attempt saved (Low to the right, Out of box, Big Chance, Left footed, Open play)" minute="27" period="1" second="39" time="27" type="attempt blocked" type_id="15"/>
	<message comment="Rickie Lambert is caught offside" minute="26" period="1" time="26" type="offside" type_id="10000"/>
	<message comment="Sebastien Bassong blocks a shot" minute="24" period="1" second="13" time="24" type="save made" type_id="10"/>
	<message comment="Gastón Ramírez has shot blocked (18-yard box, Left footed, Set piece)" minute="24" period="1" second="13" time="24" type="attempt blocked" type_id="15"/>
	<message comment="Jay Rodriguez misses attempt (High to the right, Out of box, Right footed, Open play)" minute="22" period="1" second="52" time="22" type="attempt missed" type_id="13"/>
	<message comment="Luke Shaw wins a corner (To the left)" minute="18" period="1" second="57" time="18" type="corner" type_id="6"/>
	<message comment="Adam Lallana wins a corner (To the left)" minute="18" period="1" second="9" time="18" type="corner" type_id="6"/>
	<message comment="Mark Bunn makes a save (Diving, Parried safe)" minute="18" period="1" second="4" time="18" type="save made" type_id="10"/>
	<message comment="Adam Lallana has attempt saved (High to the left, Out of box, Right footed, Open play)" minute="18" period="1" second="4" time="18" type="attempt blocked" type_id="15"/>
	<message comment="Jay Rodriguez wins a corner (To the left)" minute="16" period="1" second="3" time="16" type="corner" type_id="6"/>
	<message comment="Grant Holt recieves a yellow card" minute="15" period="1" second="22" time="15" type="card received" type_id="17"/>
	<message comment="Maya Yoshida misses attempt (High to the right, Out of box, Right footed, Open play)" minute="7" period="1" second="29" time="7" type="attempt missed" type_id="13"/>
	<message comment="Formation Set" minute="0" period="14" second="0" time="6" type="end" type_id="30"/>
	<message comment="Jonny Howson misses attempt (High to the left, Out of box, Left footed, Open play)" minute="3" period="1" second="25" time="3" type="attempt missed" type_id="13"/>
	<message comment="Jay Rodriguez misses attempt (To the left, 18-yard box, Head, Open play)" minute="2" period="1" second="16" time="2" type="attempt missed" type_id="13"/>
	<message comment="First half begins!" minute="0" period="1" second="0" time="0" type="start" type_id="32"/>
</Commentary>
