<?xml version="1.0" ?>
<Commentary away_team_name="Norwich" competition="English Premier League" game_date="2014-03-22" home_team_name="Sunderland" lang_id="en" season="Season 2013/2014" season_id="2013" sport_id="1" sport_name="Football">
	<message comment="Second half ends" minute="94" period="2" second="3" time="98" type="end" type_id="30"/>
	<message comment="Vito Mannone makes a save (Parried safe, Diving)" minute="92" period="2" second="45" time="96" type="save made" type_id="10"/>
	<message comment="Nathan Redmond has attempt saved (Low to the left, Out of box, Right footed, Open play)" minute="92" period="2" second="45" time="96" type="attempt blocked" type_id="15"/>
	<message comment="Marcos Alonso recieves a red card after receiving second yellow card" minute="91" period="2" second="28" time="95" type="card received" type_id="17"/>
	<message comment="Marcos Alonso wins a corner (To the left)" minute="90" period="2" second="56" time="94" type="corner" type_id="6"/>
	<message comment="Sebastian Larsson misses attempt (High to the right, Out of box, Right footed, Open play)" minute="89" period="2" second="57" time="93" type="attempt missed" type_id="13"/>
	<message comment="Wes Hoolahan is substituted off" minute="88" period="2" second="14" time="92" type="substitution off" type_id="18"/>
	<message comment="Nathan Redmond is substituted on" minute="88" period="2" second="14" time="92" type="substitution on" type_id="19"/>
	<message comment="Martin Olsson wins a corner (To the left)" minute="87" period="2" second="32" time="91" type="corner" type_id="6"/>
	<message comment="Johan Elmander is substituted off" minute="86" period="2" second="32" time="90" type="substitution off" type_id="18"/>
	<message comment="Bradley Johnson is substituted on" minute="86" period="2" second="32" time="90" type="substitution on" type_id="19"/>
	<message comment="Jozy Altidore has shot blocked (18-yard box, Right footed, Set piece)" minute="83" period="2" second="57" time="87" type="attempt blocked" type_id="15"/>
	<message comment="Sebastien Bassong blocks a shot" minute="83" period="2" second="57" time="87" type="save made" type_id="10"/>
	<message comment="Robert Snodgrass misses attempt (Out of box, Left footed, Free kick)" minute="82" period="2" second="52" time="86" type="attempt missed" type_id="13"/>
	<message comment="Sebastien Bassong wins a corner (To the right)" minute="81" period="2" second="1" time="85" type="corner" type_id="6"/>
	<message comment="Phil Bardsley recieves a yellow card" minute="80" period="2" second="16" time="84" type="card received" type_id="17"/>
	<message comment="Marcos Alonso recieves a yellow card" minute="76" period="2" second="10" time="80" type="card received" type_id="17"/>
	<message comment="Vito Mannone makes a save (Collected, Diving)" minute="74" period="2" second="29" time="78" type="save made" type_id="10"/>
	<message comment="Wes Hoolahan has attempt saved (Low to the right, Out of box, Left footed, Open play)" minute="74" period="2" second="29" time="78" type="attempt blocked" type_id="15"/>
	<message comment="Ricky van Wolfswinkel is substituted off" minute="70" period="2" second="20" time="74" type="substitution off" type_id="18"/>
	<message comment="Gary Hooper is substituted on" minute="70" period="2" second="20" time="74" type="substitution on" type_id="19"/>
	<message comment="Adam Johnson is substituted off" minute="70" period="2" second="11" time="74" type="substitution off" type_id="18"/>
	<message comment="Ignacio Scocco is substituted on" minute="70" period="2" second="11" time="74" type="substitution on" type_id="19"/>
	<message comment="Robert Snodgrass recieves a yellow card" minute="68" period="2" second="11" time="72" type="card received" type_id="17"/>
	<message comment="Liam Bridcutt recieves a yellow card" minute="65" period="2" second="3" time="69" type="card received" type_id="17"/>
	<message comment="Robert Snodgrass wins a corner (To the right)" minute="63" period="2" second="6" time="67" type="corner" type_id="6"/>
	<message comment="Marcos Alonso wins a corner (To the left)" minute="57" period="2" second="4" time="61" type="corner" type_id="6"/>
	<message comment="Marcos Alonso misses attempt (To the right, 18-yard box, Left footed, Open play)" minute="57" period="2" second="1" time="61" type="attempt missed" type_id="13"/>
	<message comment="Lee Cattermole has shot blocked (18-yard box, Right footed, From corner)" minute="56" period="2" second="43" time="60" type="attempt blocked" type_id="15"/>
	<message comment="Russell Martin blocks a shot" minute="56" period="2" second="43" time="60" type="save made" type_id="10"/>
	<message comment="Phil Bardsley wins a corner (To the right)" minute="56" period="2" second="19" time="60" type="corner" type_id="6"/>
	<message comment="Liam Bridcutt misses attempt (To the left, Out of box, Right footed, Open play)" minute="52" period="2" second="16" time="56" type="attempt missed" type_id="13"/>
	<message comment="Wes Brown has attempt saved (Low to the centre, 6-yard box, Head, From corner)" minute="50" period="2" second="11" time="54" type="attempt blocked" type_id="15"/>
	<message comment="John Ruddy makes a save (Parried safe, Diving, Other body part)" minute="50" period="2" second="11" time="54" type="save made" type_id="10"/>
	<message comment="Marcos Alonso wins a corner (To the left)" minute="49" period="2" second="42" time="53" type="corner" type_id="6"/>
	<message comment="Ricky van Wolfswinkel wins a corner (To the left)" minute="47" period="2" second="1" time="51" type="corner" type_id="6"/>
	<message comment="Vito Mannone makes a save" minute="46" period="2" second="59" time="50" type="save made" type_id="10"/>
	<message comment="Ricky van Wolfswinkel has attempt saved (High to the centre, 18-yard box, Big Chance, Head, Open play)" minute="46" period="2" second="59" time="50" type="attempt blocked" type_id="15"/>
	<message comment="Jonny Howson recieves a yellow card" minute="46" period="2" second="18" time="50" type="card received" type_id="17"/>
	<message comment="Second half begins!" minute="45" period="2" second="0" time="49" type="start" type_id="32"/>
	<message comment="First half ends" minute="48" period="1" second="8" time="48" type="end" type_id="30"/>
	<message comment="Lee Cattermole recieves a yellow card" minute="42" period="1" second="40" time="42" type="card received" type_id="17"/>
	<message comment="Fabio Borini has attempt saved (Low to the left, 18-yard box, Right footed, Open play)" minute="40" period="1" second="19" time="40" type="attempt blocked" type_id="15"/>
	<message comment="John Ruddy makes a save (Diving)" minute="40" period="1" second="19" time="40" type="save made" type_id="10"/>
	<message comment="Jack Colback is substituted off" minute="39" period="1" second="16" time="39" type="substitution off" type_id="18"/>
	<message comment="Sebastian Larsson is substituted on" minute="39" period="1" second="16" time="39" type="substitution on" type_id="19"/>
	<message comment="Ki Sung-Yueng is substituted off" minute="39" period="1" second="3" time="39" type="substitution off" type_id="18"/>
	<message comment="Lee Cattermole is substituted on" minute="39" period="1" second="3" time="39" type="substitution on" type_id="19"/>
	<message comment="Jack Colback recieves a yellow card" minute="36" period="1" second="36" time="36" type="card received" type_id="17"/>
	<message comment="Jack Colback wins a corner (To the left)" minute="35" period="1" second="44" time="35" type="corner" type_id="6"/>
	<message comment="GOAL! Alexander Tettey scores  (High to the right, Out of box, Right footed, Open play)" minute="31" period="1" second="58" time="31" type="goal scored" type_id="16"/>
	<message comment="Jonny Howson misses attempt (To the left, Out of box, Right footed, Open play)" minute="29" period="1" second="48" time="29" type="attempt missed" type_id="13"/>
	<message comment="Wes Hoolahan misses attempt (Out of box, Left footed, Open play)" minute="26" period="1" second="3" time="26" type="attempt missed" type_id="13"/>
	<message comment="Ricky van Wolfswinkel misses attempt (To the right, 6-yard box, Big Chance, Right footed, Open play)" minute="25" period="1" second="19" time="25" type="attempt missed" type_id="13"/>
	<message comment="Vito Mannone makes a save (Diving, Parried safe)" minute="24" period="1" second="40" time="24" type="save made" type_id="10"/>
	<message comment="Jonny Howson has attempt saved (High to the right, Out of box, Right footed, Open play)" minute="24" period="1" second="40" time="24" type="attempt blocked" type_id="15"/>
	<message comment="Wes Brown misses attempt (High, 6-yard box, Head, Set piece)" minute="21" period="1" second="40" time="21" type="attempt missed" type_id="13"/>
	<message comment="GOAL! Robert Snodgrass scores , Assisted by Johan Elmander (Low to the left, 18-yard box, Big Chance, Left footed, Open play)" minute="19" period="1" second="15" time="19" type="goal scored" type_id="16"/>
	<message comment="Marcos Alonso has shot blocked (Out of box, Left footed, Open play)" minute="15" period="1" second="27" time="15" type="attempt blocked" type_id="15"/>
	<message comment="Robert Snodgrass blocks a shot" minute="15" period="1" second="27" time="15" type="save made" type_id="10"/>
	<message comment="Vito Mannone makes a save (Standing, Collected)" minute="14" period="1" second="37" time="14" type="save made" type_id="10"/>
	<message comment="Joseph Yobo has attempt saved (Low to the left, 6-yard box, Left footed, From corner)" minute="14" period="1" second="37" time="14" type="attempt blocked" type_id="15"/>
	<message comment="Sebastien Bassong wins a corner (To the right)" minute="14" period="1" second="16" time="14" type="corner" type_id="6"/>
	<message comment="Sebastien Bassong misses attempt (To the right, 6-yard box, Head, Set piece)" minute="14" period="1" second="10" time="14" type="attempt missed" type_id="13"/>
	<message comment="Vito Mannone makes a save (Standing)" minute="11" period="1" second="26" time="11" type="save made" type_id="10"/>
	<message comment="Jonny Howson has attempt saved (Low to the centre, Out of box, Right footed, Open play)" minute="11" period="1" second="26" time="11" type="attempt blocked" type_id="15"/>
	<message comment="Wes Brown blocks a shot" minute="11" period="1" second="24" time="11" type="save made" type_id="10"/>
	<message comment="Wes Hoolahan has shot blocked (Out of box, Right footed, Open play)" minute="11" period="1" second="24" time="11" type="attempt blocked" type_id="15"/>
	<message comment="Formation Set" minute="0" period="14" second="0" time="8" type="end" type_id="30"/>
	<message comment="Robert Snodgrass wins a corner (To the left)" minute="7" period="1" second="22" time="7" type="corner" type_id="6"/>
	<message comment="Martin Olsson wins a corner (To the right)" minute="6" period="1" second="51" time="6" type="corner" type_id="6"/>
	<message comment="Russell Martin wins a corner (To the right)" minute="2" period="1" second="36" time="2" type="corner" type_id="6"/>
	<message comment="Robert Snodgrass misses attempt (High to the left, Out of box, Left footed, From corner)" minute="1" period="1" second="45" time="1" type="attempt missed" type_id="13"/>
	<message comment="First half begins!" minute="0" period="1" second="0" time="0" type="start" type_id="32"/>
</Commentary>
