<?xml version="1.0" ?>
<Commentary away_team_name="Norwich" competition="English Premier League" game_date="2013-12-28" home_team_name="Manchester United" lang_id="en" season="Season 2013/2014" season_id="2013" sport_id="1" sport_name="Football">
	<message comment="Second half ends" minute="94" period="2" second="55" time="98" type="end" type_id="30"/>
	<message comment="Chris Smalling recieves a yellow card" minute="94" period="2" second="4" time="98" type="card received" type_id="17"/>
	<message comment="Tom Cleverley wins a corner (To the left)" minute="93" period="2" second="1" time="97" type="corner" type_id="6"/>
	<message comment="Nathan Redmond recieves a yellow card" minute="91" period="2" second="6" time="95" type="card received" type_id="17"/>
	<message comment="Adnan Januzaj wins a corner (To the right)" minute="89" period="2" second="5" time="93" type="corner" type_id="6"/>
	<message comment="Wes Hoolahan is substituted off" minute="88" period="2" second="45" time="92" type="substitution off" type_id="18"/>
	<message comment="Johan Elmander is substituted on" minute="88" period="2" second="45" time="92" type="substitution on" type_id="19"/>
	<message comment="Adnan Januzaj wins a corner (To the right)" minute="88" period="2" second="26" time="92" type="corner" type_id="6"/>
	<message comment="Chicharito is substituted off" minute="86" period="2" second="9" time="90" type="substitution off" type_id="18"/>
	<message comment="Darren Fletcher is substituted on" minute="86" period="2" second="9" time="90" type="substitution on" type_id="19"/>
	<message comment="Ryan Bennett blocks a shot" minute="85" period="2" second="17" time="89" type="save made" type_id="10"/>
	<message comment="Danny Welbeck has shot blocked (18-yard box, Left footed, Open play)" minute="85" period="2" second="17" time="89" type="attempt blocked" type_id="15"/>
	<message comment="Josh Murphy misses attempt (High to the right, Out of box, Right footed, Open play)" minute="82" period="2" second="58" time="86" type="attempt missed" type_id="13"/>
	<message comment="Robert Snodgrass is substituted off" minute="79" period="2" second="0" time="83" type="substitution off" type_id="18"/>
	<message comment="Josh Murphy is substituted on" minute="79" period="2" second="0" time="83" type="substitution on" type_id="19"/>
	<message comment="Robert Snodgrass wins a corner (To the right)" minute="73" period="2" second="6" time="77" type="corner" type_id="6"/>
	<message comment="Nathan Redmond has shot blocked (Out of box, Right footed, Open play)" minute="69" period="2" second="25" time="73" type="attempt blocked" type_id="15"/>
	<message comment="Nemanja Vidic blocks a shot" minute="69" period="2" second="25" time="73" type="save made" type_id="10"/>
	<message comment="Shinji Kagawa is substituted off" minute="68" period="2" second="58" time="72" type="substitution off" type_id="18"/>
	<message comment="Adnan Januzaj is substituted on" minute="68" period="2" second="58" time="72" type="substitution on" type_id="19"/>
	<message comment="Gary Hooper is substituted off" minute="68" period="2" second="50" time="72" type="substitution off" type_id="18"/>
	<message comment="Ricky van Wolfswinkel is substituted on" minute="68" period="2" second="50" time="72" type="substitution on" type_id="19"/>
	<message comment="John Ruddy makes a save (Diving, Parried safe)" minute="68" period="2" second="2" time="72" type="save made" type_id="10"/>
	<message comment="Chicharito has attempt saved (Low to the left, Out of box, Right footed, Open play)" minute="68" period="2" second="2" time="72" type="attempt blocked" type_id="15"/>
	<message comment="Bradley Johnson recieves a yellow card" minute="63" period="2" second="46" time="67" type="card received" type_id="17"/>
	<message comment="Gary Hooper has shot blocked (Out of box, Right footed, Open play)" minute="59" period="2" second="49" time="63" type="attempt blocked" type_id="15"/>
	<message comment="Jonny Evans blocks a shot" minute="59" period="2" second="49" time="63" type="save made" type_id="10"/>
	<message comment="Ryan Bennett recieves a yellow card" minute="58" period="2" second="26" time="62" type="card received" type_id="17"/>
	<message comment="GOAL! Danny Welbeck scores , Assisted by Chicharito (Low to the left, 18-yard box, Big Chance, Right footed, Open play)" minute="56" period="2" second="8" time="60" type="goal scored" type_id="16"/>
	<message comment="Chicharito is caught offside" minute="51" period="2" time="55" type="offside" type_id="10000"/>
	<message comment="Ashley Young misses attempt (Out of box, Right footed, Open play)" minute="48" period="2" second="6" time="52" type="attempt missed" type_id="13"/>
	<message comment="Nathan Redmond misses attempt (Out of box, Right footed, Open play)" minute="46" period="2" second="4" time="50" type="attempt missed" type_id="13"/>
	<message comment="Ryan Giggs is substituted off" minute="45" period="2" second="0" time="49" type="substitution off" type_id="18"/>
	<message comment="Danny Welbeck is substituted on" minute="45" period="2" second="0" time="49" type="substitution on" type_id="19"/>
	<message comment="Second half begins!" minute="45" period="2" second="0" time="49" type="start" type_id="32"/>
	<message comment="First half ends" minute="48" period="1" second="6" time="48" type="end" type_id="30"/>
	<message comment="Robert Snodgrass misses attempt (To the right, Out of box, Left footed, Open play)" minute="47" period="1" second="34" time="47" type="attempt missed" type_id="13"/>
	<message comment="Leroy Fer wins a corner (To the left)" minute="46" period="1" second="2" time="46" type="corner" type_id="6"/>
	<message comment="John Ruddy makes a save" minute="44" period="1" second="35" time="44" type="save made" type_id="10"/>
	<message comment="Chicharito has attempt saved (Low to the centre, 18-yard box, Left footed, Open play)" minute="44" period="1" second="35" time="44" type="attempt blocked" type_id="15"/>
	<message comment="Robert Snodgrass wins a corner (To the right)" minute="41" period="1" second="56" time="41" type="corner" type_id="6"/>
	<message comment="Chicharito is caught offside" minute="40" period="1" time="40" type="offside" type_id="10000"/>
	<message comment="Chris Smalling misses attempt (Out of box, Left footed, Open play)" minute="39" period="1" second="45" time="39" type="attempt missed" type_id="13"/>
	<message comment="Wes Hoolahan has shot blocked (18-yard box, Right footed, Open play)" minute="38" period="1" second="45" time="38" type="attempt blocked" type_id="15"/>
	<message comment="Jonny Evans blocks a shot" minute="38" period="1" second="45" time="38" type="save made" type_id="10"/>
	<message comment="Robert Snodgrass has shot blocked (Out of box, Left footed, Open play)" minute="38" period="1" second="36" time="38" type="attempt blocked" type_id="15"/>
	<message comment="Jonny Evans blocks a shot" minute="38" period="1" second="36" time="38" type="save made" type_id="10"/>
	<message comment="Michael Carrick misses attempt (High, Out of box, Right footed, Open play)" minute="36" period="1" second="45" time="36" type="attempt missed" type_id="13"/>
	<message comment="David de Gea makes a save (Standing)" minute="35" period="1" second="59" time="35" type="save made" type_id="10"/>
	<message comment="Sebastien Bassong has attempt saved (High to the left, 18-yard box, Head, From corner)" minute="35" period="1" second="59" time="35" type="attempt blocked" type_id="15"/>
	<message comment="Nathan Redmond wins a corner (To the left)" minute="35" period="1" second="23" time="35" type="corner" type_id="6"/>
	<message comment="Chicharito recieves a yellow card" minute="33" period="1" second="58" time="33" type="card received" type_id="17"/>
	<message comment="Leroy Fer recieves a yellow card" minute="30" period="1" second="56" time="30" type="card received" type_id="17"/>
	<message comment="Wes Hoolahan has attempt saved (Low to the left, Out of box, Left footed, Open play)" minute="28" period="1" second="10" time="28" type="attempt blocked" type_id="15"/>
	<message comment="David de Gea makes a save (Collected)" minute="28" period="1" second="10" time="28" type="save made" type_id="10"/>
	<message comment="Ryan Giggs recieves a yellow card" minute="26" period="1" second="4" time="26" type="card received" type_id="17"/>
	<message comment="Robert Snodgrass wins a corner (To the right)" minute="25" period="1" second="17" time="25" type="corner" type_id="6"/>
	<message comment="Robert Snodgrass wins a corner (To the right)" minute="24" period="1" second="52" time="24" type="corner" type_id="6"/>
	<message comment="Robert Snodgrass misses attempt (To the left, Out of box, Left footed, Open play)" minute="23" period="1" second="0" time="23" type="attempt missed" type_id="13"/>
	<message comment="Gary Hooper has attempt saved (High to the centre, 18-yard box, Right footed, Open play)" minute="21" period="1" second="21" time="21" type="attempt blocked" type_id="15"/>
	<message comment="David de Gea makes a save (Parried into danger)" minute="21" period="1" second="21" time="21" type="save made" type_id="10"/>
	<message comment="Robert Snodgrass misses attempt (High to the right, 18-yard box, Right footed, Set piece)" minute="19" period="1" second="57" time="19" type="attempt missed" type_id="13"/>
	<message comment="Nathan Redmond has shot blocked (Out of box, Right footed, Open play)" minute="17" period="1" second="29" time="17" type="attempt blocked" type_id="15"/>
	<message comment="Wes Hoolahan wins a corner (To the right)" minute="16" period="1" second="50" time="16" type="corner" type_id="6"/>
	<message comment="Leroy Fer misses attempt (To the right, 18-yard box, Head, From corner)" minute="16" period="1" second="44" time="16" type="attempt missed" type_id="13"/>
	<message comment="Wes Hoolahan wins a corner (To the left)" minute="16" period="1" second="14" time="16" type="corner" type_id="6"/>
	<message comment="David de Gea makes a save (Parried into danger, Diving)" minute="16" period="1" second="11" time="16" type="save made" type_id="10"/>
	<message comment="Russell Martin has attempt saved (Low to the left, 18-yard box, Right footed, Open play)" minute="16" period="1" second="11" time="16" type="attempt blocked" type_id="15"/>
	<message comment="Formation Set" minute="0" period="14" second="0" time="8" type="end" type_id="30"/>
	<message comment="First half begins!" minute="0" period="1" second="0" time="0" type="start" type_id="32"/>
</Commentary>
