<?xml version="1.0" ?>
<Commentary away_team_name="Norwich" competition="English Premier League" game_date="2012-09-29" home_team_name="Liverpool" lang_id="en" season="Season 2012/2013" season_id="2012" sport_id="1" sport_name="Football">
	<message comment="Second half ends" minute="94" period="2" second="0" time="96" type="end" type_id="30"/>
	<message comment="Michael Turner blocks a shot" minute="90" period="2" second="19" time="92" type="save made" type_id="10"/>
	<message comment="Steven Gerrard has shot blocked (Out of box, Right footed, Open play)" minute="90" period="2" second="19" time="92" type="attempt blocked" type_id="15"/>
	<message comment="Leon Barnett blocks a shot" minute="89" period="2" second="47" time="91" type="save made" type_id="10"/>
	<message comment="Luis Suárez has shot blocked (18-yard box, Right footed, Open play)" minute="89" period="2" second="47" time="91" type="attempt blocked" type_id="15"/>
	<message comment="Wes Hoolahan wins a corner (To the left)" minute="87" period="2" second="46" time="89" type="corner" type_id="6"/>
	<message comment="GOAL! Grant Holt scores , Assisted by Jonny Howson (Low to the right, 18-yard box, Big Chance, Right footed, Open play)" minute="86" period="2" second="15" time="88" type="goal scored" type_id="16"/>
	<message comment="Andre Wisdom wins a corner (To the right)" minute="80" period="2" second="49" time="82" type="corner" type_id="6"/>
	<message comment="Steve Morison is substituted off" minute="78" period="2" second="38" time="80" type="substitution off" type_id="18"/>
	<message comment="Alexander Tettey is substituted on" minute="78" period="2" second="38" time="80" type="substitution on" type_id="19"/>
	<message comment="Russell Martin blocks a shot" minute="76" period="2" second="18" time="78" type="save made" type_id="10"/>
	<message comment="Raheem Sterling has shot blocked (18-yard box, Left footed, Open play)" minute="76" period="2" second="18" time="78" type="attempt blocked" type_id="15"/>
	<message comment="Robert Snodgrass has shot blocked (18-yard box, Left footed, Open play)" minute="75" period="2" second="4" time="77" type="attempt blocked" type_id="15"/>
	<message comment="Joe Allen blocks a shot" minute="75" period="2" second="4" time="77" type="save made" type_id="10"/>
	<message comment="Glen Johnson is substituted off" minute="73" period="2" second="5" time="75" type="substitution off" type_id="18"/>
	<message comment="Jamie Carragher is substituted on" minute="73" period="2" second="5" time="75" type="substitution on" type_id="19"/>
	<message comment="Luis Suárez misses attempt (18-yard box, Right footed, Open play)" minute="72" period="2" second="20" time="74" type="attempt missed" type_id="13"/>
	<message comment="Leon Barnett scores an OWN GOAL!  (Low to the left, 18-yard box, Left footed, Open play)" minute="67" period="2" second="38" time="69" type="goal scored" type_id="16"/>
	<message comment="Leon Barnett blocks a shot" minute="67" period="2" second="37" time="69" type="save made" type_id="10"/>
	<message comment="Steven Gerrard has shot blocked (Out of box, Right footed, Open play)" minute="67" period="2" second="37" time="69" type="attempt blocked" type_id="15"/>
	<message comment="Oussama Assaidi is caught offside" minute="66" period="2" time="68" type="offside" type_id="10000"/>
	<message comment="Nuri Sahin is substituted off" minute="65" period="2" second="46" time="67" type="substitution off" type_id="18"/>
	<message comment="Jordan Henderson is substituted on" minute="65" period="2" second="46" time="67" type="substitution on" type_id="19"/>
	<message comment="Luis Suárez is caught offside" minute="63" period="2" time="65" type="offside" type_id="10000"/>
	<message comment="Russell Martin blocks a shot" minute="61" period="2" second="2" time="63" type="save made" type_id="10"/>
	<message comment="Oussama Assaidi has shot blocked (18-yard box, Right footed, Open play)" minute="61" period="2" second="2" time="63" type="attempt blocked" type_id="15"/>
	<message comment="GOAL! Steve Morison scores  (Low to the left, 18-yard box, Big Chance, Right footed, Open play)" minute="60" period="2" second="9" time="62" type="goal scored" type_id="16"/>
	<message comment="Russell Martin has attempt saved (Low to the centre, Out of box, Right footed, Open play)" minute="60" period="2" second="6" time="62" type="attempt blocked" type_id="15"/>
	<message comment="Pepe Reina makes a save (Parried into danger, Standing)" minute="60" period="2" second="6" time="62" type="save made" type_id="10"/>
	<message comment="Suso is substituted off" minute="58" period="2" second="47" time="60" type="substitution off" type_id="18"/>
	<message comment="Oussama Assaidi is substituted on" minute="58" period="2" second="47" time="60" type="substitution on" type_id="19"/>
	<message comment="Bradley Johnson misses attempt (Out of box, Left footed, Open play)" minute="58" period="2" second="20" time="60" type="attempt missed" type_id="13"/>
	<message comment="GOAL! Luis Suárez scores , Assisted by Nuri Sahin (Low to the right, Out of box, Right footed, Open play)" minute="56" period="2" second="23" time="58" type="goal scored" type_id="16"/>
	<message comment="Bradley Johnson misses attempt (High to the left, Out of box, Left footed, Open play)" minute="55" period="2" second="21" time="57" type="attempt missed" type_id="13"/>
	<message comment="Andrew Surman is substituted off" minute="55" period="2" second="4" time="57" type="substitution off" type_id="18"/>
	<message comment="Wes Hoolahan is substituted on" minute="55" period="2" second="4" time="57" type="substitution on" type_id="19"/>
	<message comment="Luis Suárez wins a corner (To the right)" minute="53" period="2" second="3" time="55" type="corner" type_id="6"/>
	<message comment="Russell Martin misses attempt (To the right, 18-yard box, Left footed, From corner)" minute="52" period="2" second="4" time="54" type="attempt missed" type_id="13"/>
	<message comment="Grant Holt has shot blocked (18-yard box, Right footed, From corner)" minute="52" period="2" second="1" time="54" type="attempt blocked" type_id="15"/>
	<message comment="Glen Johnson blocks a shot" minute="52" period="2" second="1" time="54" type="save made" type_id="10"/>
	<message comment="Bradley Johnson misses attempt (To the right, Out of box, Left footed, From corner)" minute="51" period="2" second="55" time="53" type="attempt missed" type_id="13"/>
	<message comment="Andrew Surman wins a corner (To the left)" minute="51" period="2" second="35" time="53" type="corner" type_id="6"/>
	<message comment="Steve Morison misses attempt (High to the right, Out of box, Right footed, Open play)" minute="50" period="2" second="51" time="52" type="attempt missed" type_id="13"/>
	<message comment="Andre Wisdom misses attempt (18-yard box, Head, From corner)" minute="50" period="2" second="27" time="52" type="attempt missed" type_id="13"/>
	<message comment="Suso wins a corner (To the right)" minute="50" period="2" second="1" time="52" type="corner" type_id="6"/>
	<message comment="Javier Garrido blocks a shot" minute="49" period="2" second="58" time="51" type="save made" type_id="10"/>
	<message comment="Suso has shot blocked (18-yard box, Left footed, Open play)" minute="49" period="2" second="58" time="51" type="attempt blocked" type_id="15"/>
	<message comment="GOAL! Nuri Sahin scores , Assisted by Luis Suárez (Low to the centre, 18-yard box, Big Chance, Left footed, Open play)" minute="46" period="2" second="51" time="48" type="goal scored" type_id="16"/>
	<message comment="Andrew Surman misses attempt (18-yard box, Left footed, Open play)" minute="45" period="2" second="25" time="47" type="attempt missed" type_id="13"/>
	<message comment="Second half begins!" minute="45" period="2" second="0" time="47" type="start" type_id="32"/>
	<message comment="Simeon Jackson is substituted off" minute="45" period="2" second="0" time="47" type="substitution off" type_id="18"/>
	<message comment="Grant Holt is substituted on" minute="45" period="2" second="0" time="47" type="substitution on" type_id="19"/>
	<message comment="First half ends" minute="46" period="1" second="11" time="46" type="end" type_id="30"/>
	<message comment="Steve Morison wins a corner (To the left)" minute="43" period="1" second="5" time="43" type="corner" type_id="6"/>
	<message comment="Raheem Sterling is caught offside" minute="42" period="1" time="42" type="offside" type_id="10000"/>
	<message comment="Robert Snodgrass wins a corner (To the right)" minute="40" period="1" second="26" time="40" type="corner" type_id="6"/>
	<message comment="Luis Suárez is caught offside" minute="39" period="1" time="39" type="offside" type_id="10000"/>
	<message comment="Leon Barnett recieves a yellow card" minute="38" period="1" second="24" time="38" type="card received" type_id="17"/>
	<message comment="GOAL! Luis Suárez scores  (Low to the left, Out of box, Right footed, Open play)" minute="37" period="1" second="13" time="37" type="goal scored" type_id="16"/>
	<message comment="Luis Suárez misses attempt (To the right, 18-yard box, Big Chance, Right footed, Open play)" minute="36" period="1" second="49" time="36" type="attempt missed" type_id="13"/>
	<message comment="Andrew Surman has shot blocked (Out of box, Right footed, Open play)" minute="33" period="1" second="42" time="33" type="attempt blocked" type_id="15"/>
	<message comment="Martin Skrtel blocks a shot" minute="33" period="1" second="42" time="33" type="save made" type_id="10"/>
	<message comment="Bradley Johnson misses attempt (To the right, Out of box, Left footed, Open play)" minute="32" period="1" second="47" time="32" type="attempt missed" type_id="13"/>
	<message comment="John Ruddy makes a save (Parried safe)" minute="32" period="1" second="25" time="32" type="save made" type_id="10"/>
	<message comment="Steven Gerrard has attempt saved (High to the centre, 18-yard box, Head, Open play)" minute="32" period="1" second="25" time="32" type="attempt blocked" type_id="15"/>
	<message comment="Simeon Jackson is caught offside" minute="32" period="1" time="32" type="offside" type_id="10000"/>
	<message comment="Glen Johnson wins a corner (To the left)" minute="30" period="1" second="6" time="30" type="corner" type_id="6"/>
	<message comment="Simeon Jackson misses attempt (High to the left, 18-yard box, Big Chance, Left footed, Open play)" minute="25" period="1" second="3" time="25" type="attempt missed" type_id="13"/>
	<message comment="Simeon Jackson wins a corner (To the left)" minute="22" period="1" second="57" time="22" type="corner" type_id="6"/>
	<message comment="Steve Morison is caught offside" minute="21" period="1" time="21" type="offside" type_id="10000"/>
	<message comment="Jonny Howson has shot blocked (Out of box, Right footed, Open play)" minute="14" period="1" second="3" time="14" type="attempt blocked" type_id="15"/>
	<message comment="Daniel Agger blocks a shot" minute="14" period="1" second="3" time="14" type="save made" type_id="10"/>
	<message comment="Glen Johnson wins a corner (To the left)" minute="9" period="1" second="18" time="9" type="corner" type_id="6"/>
	<message comment="Simeon Jackson has attempt saved (Low to the left, 18-yard box, Left footed, Open play)" minute="7" period="1" second="51" time="7" type="attempt blocked" type_id="15"/>
	<message comment="Pepe Reina makes a save (Diving, Parried safe, Other body part)" minute="7" period="1" second="51" time="7" type="save made" type_id="10"/>
	<message comment="Formation Set" minute="0" period="14" second="0" time="6" type="end" type_id="30"/>
	<message comment="Michael Turner blocks a shot" minute="4" period="1" second="32" time="4" type="save made" type_id="10"/>
	<message comment="Suso has shot blocked (Out of box, Left footed, Open play)" minute="4" period="1" second="32" time="4" type="attempt blocked" type_id="15"/>
	<message comment="Glen Johnson is caught offside" minute="4" period="1" time="4" type="offside" type_id="10000"/>
	<message comment="Daniel Agger misses attempt (High to the right, 18-yard box, Head, Set piece)" minute="3" period="1" second="6" time="3" type="attempt missed" type_id="13"/>
	<message comment="GOAL! Luis Suárez scores  (Low to the left, Out of box, Right footed, Open play)" minute="1" period="1" second="8" time="1" type="goal scored" type_id="16"/>
	<message comment="First half begins!" minute="0" period="1" second="0" time="0" type="start" type_id="32"/>
</Commentary>
