<?xml version="1.0" ?>
<Commentary away_team_name="Norwich" competition="English Premier League" game_date="2013-12-15" home_team_name="Swansea" lang_id="en" season="Season 2013/2014" season_id="2013" sport_id="1" sport_name="Football">
	<message comment="Second half ends" minute="93" period="2" second="0" time="100" type="end" type_id="30"/>
	<message comment="Jonathan de Guzmán wins a corner (To the right)" minute="91" period="2" second="1" time="98" type="corner" type_id="6"/>
	<message comment="Jonjo Shelvey wins a corner (To the right)" minute="88" period="2" second="39" time="95" type="corner" type_id="6"/>
	<message comment="John Ruddy makes a save (Diving, Parried safe, Other body part)" minute="88" period="2" second="38" time="95" type="save made" type_id="10"/>
	<message comment="Jonjo Shelvey has attempt saved (Low to the centre, 6-yard box, Right footed, Open play)" minute="88" period="2" second="38" time="95" type="attempt blocked" type_id="15"/>
	<message comment="Bradley Johnson blocks a shot" minute="88" period="2" second="33" time="95" type="save made" type_id="10"/>
	<message comment="Jonjo Shelvey has shot blocked (18-yard box, Right footed, Open play)" minute="88" period="2" second="33" time="95" type="attempt blocked" type_id="15"/>
	<message comment="Wilfried Bony misses attempt (Out of box, Right footed, Open play)" minute="86" period="2" second="39" time="93" type="attempt missed" type_id="13"/>
	<message comment="Pablo Hernández is substituted off" minute="82" period="2" second="35" time="89" type="substitution off" type_id="18"/>
	<message comment="Roland Lamah is substituted on" minute="82" period="2" second="35" time="89" type="substitution on" type_id="19"/>
	<message comment="Nathan Redmond is substituted off" minute="82" period="2" second="17" time="89" type="substitution off" type_id="18"/>
	<message comment="Josh Murphy is substituted on" minute="82" period="2" second="17" time="89" type="substitution on" type_id="19"/>
	<message comment="Pablo Hernández wins a corner (To the right)" minute="80" period="2" second="51" time="87" type="corner" type_id="6"/>
	<message comment="Nathan Redmond misses attempt (To the left, Out of box, Left footed, Open play)" minute="79" period="2" second="39" time="86" type="attempt missed" type_id="13"/>
	<message comment="Leroy Fer has shot blocked (Out of box, Right footed, Open play)" minute="79" period="2" second="1" time="86" type="attempt blocked" type_id="15"/>
	<message comment="Ashley Williams blocks a shot" minute="79" period="2" second="1" time="86" type="save made" type_id="10"/>
	<message comment="Johan Elmander is substituted off" minute="75" period="2" second="50" time="82" type="substitution off" type_id="18"/>
	<message comment="Luciano Becchio is substituted on" minute="75" period="2" second="50" time="82" type="substitution on" type_id="19"/>
	<message comment="Gary Hooper wins a corner (To the right)" minute="75" period="2" second="22" time="82" type="corner" type_id="6"/>
	<message comment="Gary Hooper has attempt saved (Low to the right, 18-yard box, Big Chance, Left footed, From corner)" minute="75" period="2" second="20" time="82" type="attempt blocked" type_id="15"/>
	<message comment="Michel Vorm makes a save (Diving, Parried safe)" minute="75" period="2" second="20" time="82" type="save made" type_id="10"/>
	<message comment="Martin Olsson wins a corner (To the left)" minute="74" period="2" second="41" time="81" type="corner" type_id="6"/>
	<message comment="Michu is substituted off" minute="74" period="2" second="12" time="81" type="substitution off" type_id="18"/>
	<message comment="Wilfried Bony is substituted on" minute="74" period="2" second="12" time="81" type="substitution on" type_id="19"/>
	<message comment="Michael Turner wins a corner (To the left)" minute="67" period="2" second="55" time="74" type="corner" type_id="6"/>
	<message comment="Michael Turner hits the woodwork (High, 18-yard box, Head, Set piece)" minute="67" period="2" second="52" time="74" type="woodwork hit" type_id="14"/>
	<message comment="Michu is caught offside" minute="65" period="2" time="72" type="offside" type_id="10000"/>
	<message comment="Angel Rangel recieves a yellow card" minute="63" period="2" second="34" time="70" type="card received" type_id="17"/>
	<message comment="Michel Vorm recieves a yellow card" minute="61" period="2" second="17" time="68" type="card received" type_id="17"/>
	<message comment="Alejandro Pozuelo misses attempt (High to the right, Out of box, Right footed, Open play)" minute="58" period="2" second="37" time="65" type="attempt missed" type_id="13"/>
	<message comment="Steven Whittaker misses attempt (Out of box, Left footed, Open play)" minute="56" period="2" second="58" time="63" type="attempt missed" type_id="13"/>
	<message comment="José Cañas recieves a yellow card" minute="54" period="2" second="16" time="61" type="card received" type_id="17"/>
	<message comment="Sebastien Bassong is caught offside" minute="54" period="2" time="61" type="offside" type_id="10000"/>
	<message comment="Pablo Hernández wins a corner (To the right)" minute="49" period="2" second="26" time="56" type="corner" type_id="6"/>
	<message comment="Sebastien Bassong misses attempt (18-yard box, Head, From corner)" minute="47" period="2" second="54" time="54" type="attempt missed" type_id="13"/>
	<message comment="Gary Hooper wins a corner (To the right)" minute="47" period="2" second="22" time="54" type="corner" type_id="6"/>
	<message comment="Second half begins!" minute="45" period="2" second="0" time="52" type="start" type_id="32"/>
	<message comment="First half ends" minute="51" period="1" second="6" time="51" type="end" type_id="30"/>
	<message comment="Nathan Redmond misses attempt (High to the left, 18-yard box, Left footed, Open play)" minute="50" period="1" second="9" time="50" type="attempt missed" type_id="13"/>
	<message comment="GOAL! Gary Hooper scores , Assisted by Johan Elmander (High to the centre, Out of box, Right footed, Open play)" minute="48" period="1" second="18" time="48" type="goal scored" type_id="16"/>
	<message comment="Jonny Howson misses attempt (To the left, Out of box, Right footed, Open play)" minute="47" period="1" second="29" time="47" type="attempt missed" type_id="13"/>
	<message comment="Sebastien Bassong misses attempt (18-yard box, Head, From corner)" minute="44" period="1" second="44" time="44" type="attempt missed" type_id="13"/>
	<message comment="Leroy Fer wins a corner (To the right)" minute="44" period="1" second="14" time="44" type="corner" type_id="6"/>
	<message comment="Leroy Fer has shot blocked (6-yard box, Right footed, From corner)" minute="44" period="1" second="13" time="44" type="attempt blocked" type_id="15"/>
	<message comment="Ashley Williams blocks a shot (Last line)" minute="44" period="1" second="13" time="44" type="save made" type_id="10"/>
	<message comment="Steven Whittaker wins a corner (To the left)" minute="43" period="1" second="46" time="43" type="corner" type_id="6"/>
	<message comment="Nathan Dyer is substituted off" minute="43" period="1" second="25" time="43" type="substitution off" type_id="18"/>
	<message comment="Alejandro Pozuelo is substituted on" minute="43" period="1" second="25" time="43" type="substitution on" type_id="19"/>
	<message comment="Martin Olsson wins a corner (To the left)" minute="36" period="1" second="35" time="36" type="corner" type_id="6"/>
	<message comment="Gary Hooper misses attempt (18-yard box, Big Chance, Right footed, Open play)" minute="34" period="1" second="45" time="34" type="attempt missed" type_id="13"/>
	<message comment="Nathan Redmond has shot blocked (Out of box, Right footed, Open play)" minute="28" period="1" second="16" time="28" type="attempt blocked" type_id="15"/>
	<message comment="Ben Davies blocks a shot" minute="28" period="1" second="16" time="28" type="save made" type_id="10"/>
	<message comment="Gary Hooper misses attempt (To the left, 18-yard box, Head, Open play)" minute="26" period="1" second="29" time="26" type="attempt missed" type_id="13"/>
	<message comment="Michu misses attempt (High to the left, 18-yard box, Left footed, Open play)" minute="23" period="1" second="10" time="23" type="attempt missed" type_id="13"/>
	<message comment="Michael Turner blocks a shot" minute="22" period="1" second="51" time="22" type="save made" type_id="10"/>
	<message comment="Michu has shot blocked (Out of box, Left footed, Open play)" minute="22" period="1" second="51" time="22" type="attempt blocked" type_id="15"/>
	<message comment="Leroy Fer wins a corner (To the left)" minute="13" period="1" second="26" time="13" type="corner" type_id="6"/>
	<message comment="GOAL! Nathan Dyer scores , Assisted by Ashley Williams (Low to the centre, 18-yard box, Right footed, Open play)" minute="11" period="1" second="50" time="11" type="goal scored" type_id="16"/>
	<message comment="Jonathan de Guzmán misses attempt (High, Out of box, Right footed, Free kick)" minute="10" period="1" second="50" time="10" type="attempt missed" type_id="13"/>
	<message comment="Formation Set" minute="0" period="14" second="0" time="10" type="end" type_id="30"/>
	<message comment="Pablo Hernández wins a corner (To the left)" minute="7" period="1" second="54" time="7" type="corner" type_id="6"/>
	<message comment="Sebastien Bassong blocks a shot" minute="7" period="1" second="20" time="7" type="save made" type_id="10"/>
	<message comment="Nathan Dyer has shot blocked (18-yard box, Left footed, Open play)" minute="7" period="1" second="20" time="7" type="attempt blocked" type_id="15"/>
	<message comment="Pablo Hernández misses attempt (Out of box, Right footed, Open play)" minute="4" period="1" second="48" time="4" type="attempt missed" type_id="13"/>
	<message comment="Steven Whittaker misses attempt (High to the right, 18-yard box, Right footed, Open play)" minute="1" period="1" second="45" time="1" type="attempt missed" type_id="13"/>
	<message comment="Johan Elmander has shot blocked (18-yard box, Right footed, Open play)" minute="1" period="1" second="5" time="1" type="attempt blocked" type_id="15"/>
	<message comment="Ashley Williams blocks a shot" minute="1" period="1" second="5" time="1" type="save made" type_id="10"/>
	<message comment="First half begins!" minute="0" period="1" second="0" time="0" type="start" type_id="32"/>
</Commentary>
