<?xml version="1.0" ?>
<Commentary away_team_name="Norwich" competition="English Premier League" game_date="2012-12-29" home_team_name="Manchester City" lang_id="en" season="Season 2012/2013" season_id="2012" sport_id="1" sport_name="Football">
	<message comment="Second half ends" minute="96" period="2" second="43" time="100" type="end" type_id="30"/>
	<message comment="Sebastien Bassong has shot blocked (18-yard box, Right footed, Open play)" minute="94" period="2" second="1" time="98" type="attempt blocked" type_id="15"/>
	<message comment="Javi García blocks a shot" minute="94" period="2" second="1" time="98" type="save made" type_id="10"/>
	<message comment="Sergio Agüero is substituted off" minute="93" period="2" second="8" time="97" type="substitution off" type_id="18"/>
	<message comment="Javi García is substituted on" minute="93" period="2" second="8" time="97" type="substitution on" type_id="19"/>
	<message comment="Sergio Agüero has attempt saved (Low to the right, 18-yard box, Right footed, Fast break)" minute="91" period="2" second="53" time="95" type="attempt blocked" type_id="15"/>
	<message comment="Mark Bunn makes a save (Collected, Diving)" minute="91" period="2" second="53" time="95" type="save made" type_id="10"/>
	<message comment="Michael Turner misses attempt (18-yard box, Right footed, Set piece)" minute="85" period="2" second="48" time="89" type="attempt missed" type_id="13"/>
	<message comment="Anthony Pilkington recieves a yellow card" minute="82" period="2" second="50" time="86" type="card received" type_id="17"/>
	<message comment="Sergio Agüero wins a corner (To the right)" minute="82" period="2" second="26" time="86" type="corner" type_id="6"/>
	<message comment="Sergio Agüero has attempt saved (High to the centre, 18-yard box, Big Chance, Right footed, Open play)" minute="82" period="2" second="23" time="86" type="attempt blocked" type_id="15"/>
	<message comment="Mark Bunn makes a save (Parried safe, Diving)" minute="82" period="2" second="23" time="86" type="save made" type_id="10"/>
	<message comment="Edin Dzeko is substituted off" minute="81" period="2" second="6" time="85" type="substitution off" type_id="18"/>
	<message comment="Joleon Lescott is substituted on" minute="81" period="2" second="6" time="85" type="substitution on" type_id="19"/>
	<message comment="GOAL! Russell Martin scores  (High to the centre, 6-yard box, Big Chance, Right footed, From corner)" minute="74" period="2" second="34" time="78" type="goal scored" type_id="16"/>
	<message comment="Harry Kane has shot blocked (6-yard box, Right footed, From corner)" minute="74" period="2" second="30" time="78" type="attempt blocked" type_id="15"/>
	<message comment="Matija Nastasic blocks a shot" minute="74" period="2" second="30" time="78" type="save made" type_id="10"/>
	<message comment="Wes Hoolahan is substituted off" minute="74" period="2" second="10" time="78" type="substitution off" type_id="18"/>
	<message comment="Simeon Jackson is substituted on" minute="74" period="2" second="10" time="78" type="substitution on" type_id="19"/>
	<message comment="Harry Kane wins a corner (To the right)" minute="73" period="2" second="28" time="77" type="corner" type_id="6"/>
	<message comment="Robert Snodgrass wins a corner (To the left)" minute="70" period="2" second="21" time="74" type="corner" type_id="6"/>
	<message comment="Russell Martin wins a corner (To the right)" minute="69" period="2" second="46" time="73" type="corner" type_id="6"/>
	<message comment="Sergio Agüero misses attempt (18-yard box, Big Chance, Right footed, Open play)" minute="68" period="2" second="43" time="72" type="attempt missed" type_id="13"/>
	<message comment="Mark Bunn scores an OWN GOAL!  (Low to the right, 6-yard box, Other body part, Open play)" minute="66" period="2" second="15" time="70" type="goal scored" type_id="16"/>
	<message comment="Mark Bunn makes a save (Parried into danger, Diving)" minute="66" period="2" second="14" time="70" type="save made" type_id="10"/>
	<message comment="Edin Dzeko has attempt saved (Low to the right, 18-yard box, Big Chance, Right footed, Open play)" minute="66" period="2" second="14" time="70" type="attempt blocked" type_id="15"/>
	<message comment="Robert Snodgrass misses attempt (Out of box, Left footed, Open play)" minute="63" period="2" second="36" time="67" type="attempt missed" type_id="13"/>
	<message comment="GOAL! Russell Martin scores , Assisted by Sebastien Bassong (High to the right, 6-yard box, Big Chance, Head, From corner)" minute="62" period="2" second="36" time="66" type="goal scored" type_id="16"/>
	<message comment="Jonny Howson wins a corner (To the right)" minute="62" period="2" second="18" time="66" type="corner" type_id="6"/>
	<message comment="Jonny Howson has attempt saved (Low to the right, Out of box, Left footed, Open play)" minute="62" period="2" second="16" time="66" type="attempt blocked" type_id="15"/>
	<message comment="Joe Hart makes a save (Diving, Parried safe)" minute="62" period="2" second="16" time="66" type="save made" type_id="10"/>
	<message comment="Mark Bunn makes a save (Standing, Collected)" minute="59" period="2" second="52" time="63" type="save made" type_id="10"/>
	<message comment="Sergio Agüero has attempt saved (Low to the centre, 18-yard box, Right footed, Open play)" minute="59" period="2" second="52" time="63" type="attempt blocked" type_id="15"/>
	<message comment="Harry Kane has shot blocked (Out of box, Right footed, Open play)" minute="58" period="2" second="55" time="62" type="attempt blocked" type_id="15"/>
	<message comment="Matija Nastasic blocks a shot" minute="58" period="2" second="55" time="62" type="save made" type_id="10"/>
	<message comment="Robert Snodgrass misses attempt (18-yard box, Head, Open play)" minute="57" period="2" second="55" time="61" type="attempt missed" type_id="13"/>
	<message comment="Alexander Tettey is substituted off" minute="56" period="2" second="27" time="60" type="substitution off" type_id="18"/>
	<message comment="Jonny Howson is substituted on" minute="56" period="2" second="27" time="60" type="substitution on" type_id="19"/>
	<message comment="David Silva is substituted off" minute="56" period="2" second="17" time="60" type="substitution off" type_id="18"/>
	<message comment="James Milner is substituted on" minute="56" period="2" second="17" time="60" type="substitution on" type_id="19"/>
	<message comment="Vincent Kompany wins a corner (To the left)" minute="53" period="2" second="57" time="57" type="corner" type_id="6"/>
	<message comment="Sebastien Bassong blocks a shot" minute="53" period="2" second="48" time="57" type="save made" type_id="10"/>
	<message comment="Vincent Kompany has shot blocked (18-yard box, Head, From corner)" minute="53" period="2" second="48" time="57" type="attempt blocked" type_id="15"/>
	<message comment="Yaya Touré wins a corner (To the left)" minute="53" period="2" second="10" time="57" type="corner" type_id="6"/>
	<message comment="Alexander Tettey blocks a shot" minute="53" period="2" second="4" time="57" type="save made" type_id="10"/>
	<message comment="Yaya Touré has shot blocked (18-yard box, Left footed, Fast break)" minute="53" period="2" second="4" time="57" type="attempt blocked" type_id="15"/>
	<message comment="Edin Dzeko has shot blocked (18-yard box, Left footed, Open play)" minute="52" period="2" second="10" time="56" type="attempt blocked" type_id="15"/>
	<message comment="Michael Turner blocks a shot" minute="52" period="2" second="10" time="56" type="save made" type_id="10"/>
	<message comment="Bradley Johnson recieves a yellow card" minute="50" period="2" second="1" time="54" type="card received" type_id="17"/>
	<message comment="GOAL! Sergio Agüero scores , Assisted by Yaya Touré (Low to the centre, 18-yard box, Big Chance, Right footed, Open play)" minute="49" period="2" second="25" time="53" type="goal scored" type_id="16"/>
	<message comment="Anthony Pilkington has shot blocked (Out of box, Left footed, Set piece)" minute="48" period="2" second="43" time="52" type="attempt blocked" type_id="15"/>
	<message comment="Pablo Zabaleta blocks a shot" minute="48" period="2" second="43" time="52" type="save made" type_id="10"/>
	<message comment="Yaya Touré wins a corner (To the right)" minute="45" period="2" second="32" time="49" type="corner" type_id="6"/>
	<message comment="Second half begins!" minute="45" period="2" second="0" time="49" type="start" type_id="32"/>
	<message comment="First half ends" minute="48" period="1" second="0" time="48" type="end" type_id="30"/>
	<message comment="Steve Morison is substituted off" minute="44" period="1" second="5" time="44" type="substitution off" type_id="18"/>
	<message comment="Harry Kane is substituted on" minute="44" period="1" second="5" time="44" type="substitution on" type_id="19"/>
	<message comment="Samir Nasri recieves a red card" minute="43" period="1" second="8" time="43" type="card received" type_id="17"/>
	<message comment="Sebastien Bassong recieves a yellow card" minute="42" period="1" second="50" time="42" type="card received" type_id="17"/>
	<message comment="Yaya Touré misses attempt (Out of box, Right footed, Open play)" minute="39" period="1" second="51" time="39" type="attempt missed" type_id="13"/>
	<message comment="Russell Martin blocks a shot" minute="36" period="1" second="36" time="36" type="save made" type_id="10"/>
	<message comment="Edin Dzeko has shot blocked (Out of box, Left footed, Open play)" minute="36" period="1" second="36" time="36" type="attempt blocked" type_id="15"/>
	<message comment="Bradley Johnson blocks a shot" minute="34" period="1" second="40" time="34" type="save made" type_id="10"/>
	<message comment="Vincent Kompany has shot blocked (18-yard box, Head, From corner)" minute="34" period="1" second="40" time="34" type="attempt blocked" type_id="15"/>
	<message comment="Pablo Zabaleta wins a corner (To the right)" minute="34" period="1" second="9" time="34" type="corner" type_id="6"/>
	<message comment="Samir Nasri wins a corner (To the right)" minute="24" period="1" second="37" time="24" type="corner" type_id="6"/>
	<message comment="Sergio Agüero wins a corner (To the right)" minute="23" period="1" second="40" time="23" type="corner" type_id="6"/>
	<message comment="Mark Bunn makes a save (Parried safe)" minute="23" period="1" second="37" time="23" type="save made" type_id="10"/>
	<message comment="Gaël Clichy recieves a yellow card" minute="17" period="1" second="50" time="17" type="card received" type_id="17"/>
	<message comment="GOAL! Anthony Pilkington scores  (Low to the centre, Out of box, Right footed, Free kick)" minute="14" period="1" second="1" time="14" type="goal scored" type_id="16"/>
	<message comment="Sergio Agüero misses attempt (High to the right, Out of box, Right footed, Open play)" minute="11" period="1" second="18" time="11" type="attempt missed" type_id="13"/>
	<message comment="Pablo Zabaleta wins a corner (To the right)" minute="10" period="1" second="13" time="10" type="corner" type_id="6"/>
	<message comment="Formation Set" minute="0" period="14" second="0" time="10" type="end" type_id="30"/>
	<message comment="Gareth Barry wins a corner (To the left)" minute="7" period="1" second="9" time="7" type="corner" type_id="6"/>
	<message comment="GOAL! Edin Dzeko scores , Assisted by Sergio Agüero (Low to the centre, 18-yard box, Big Chance, Right footed, Open play)" minute="3" period="1" second="59" time="3" type="goal scored" type_id="16"/>
	<message comment="GOAL! Edin Dzeko scores , Assisted by David Silva (Low to the left, 18-yard box, Big Chance, Left footed, Fast break)" minute="1" period="1" second="23" time="1" type="goal scored" type_id="16"/>
	<message comment="First half begins!" minute="0" period="1" second="0" time="0" type="start" type_id="32"/>
</Commentary>
