<?xml version="1.0" ?>
<Commentary away_team_name="Norwich" competition="English Premier League" game_date="2012-08-25" home_team_name="Queens Park Rangers" lang_id="en" season="Season 2012/2013" season_id="2012" sport_id="1" sport_name="Football">
	<message comment="Second half ends" minute="93" period="2" second="7" time="96" type="end" type_id="30"/>
	<message comment="Djibril Cissé is caught offside" minute="92" period="2" time="95" type="offside" type_id="10000"/>
	<message comment="Simeon Jackson is substituted off" minute="87" period="2" second="3" time="90" type="substitution off" type_id="18"/>
	<message comment="Chris Martin is substituted on" minute="87" period="2" second="3" time="90" type="substitution on" type_id="19"/>
	<message comment="Grant Holt is substituted off" minute="86" period="2" second="50" time="89" type="substitution off" type_id="18"/>
	<message comment="Steve Morison is substituted on" minute="86" period="2" second="50" time="89" type="substitution on" type_id="19"/>
	<message comment="Samba Diakité is substituted off" minute="85" period="2" second="9" time="88" type="substitution off" type_id="18"/>
	<message comment="Shaun Derry is substituted on" minute="85" period="2" second="9" time="88" type="substitution on" type_id="19"/>
	<message comment="Djibril Cissé is caught offside" minute="85" period="2" time="88" type="offside" type_id="10000"/>
	<message comment="Anthony Pilkington wins a corner (To the left)" minute="84" period="2" second="5" time="87" type="corner" type_id="6"/>
	<message comment="Russell Martin hits the woodwork (High, 18-yard box, Head, From corner)" minute="82" period="2" second="7" time="85" type="woodwork hit" type_id="14"/>
	<message comment="Robert Snodgrass wins a corner (To the left)" minute="81" period="2" second="53" time="84" type="corner" type_id="6"/>
	<message comment="Anton Ferdinand recieves a yellow card" minute="81" period="2" second="2" time="84" type="card received" type_id="17"/>
	<message comment="Anthony Pilkington misses attempt (High, Out of box, Right footed, Open play)" minute="79" period="2" second="50" time="82" type="attempt missed" type_id="13"/>
	<message comment="Djibril Cissé is caught offside" minute="79" period="2" time="82" type="offside" type_id="10000"/>
	<message comment="Bobby Zamora misses attempt (To the left, Out of box, Right footed, Open play)" minute="78" period="2" second="36" time="81" type="attempt missed" type_id="13"/>
	<message comment="Djibril Cissé is caught offside" minute="75" period="2" time="78" type="offside" type_id="10000"/>
	<message comment="Simeon Jackson misses attempt (To the right, Out of box, Right footed, Open play)" minute="73" period="2" second="41" time="76" type="attempt missed" type_id="13"/>
	<message comment="Armand Traore is substituted off" minute="69" period="2" second="58" time="72" type="substitution off" type_id="18"/>
	<message comment="José Bosingwa is substituted on" minute="69" period="2" second="58" time="72" type="substitution on" type_id="19"/>
	<message comment="Robert Snodgrass misses attempt (18-yard box, Big Chance, Head, Open play)" minute="69" period="2" second="20" time="72" type="attempt missed" type_id="13"/>
	<message comment="Grant Holt is caught offside" minute="65" period="2" time="68" type="offside" type_id="10000"/>
	<message comment="Sebastien Bassong misses attempt (6-yard box, Big Chance, Head, Set piece)" minute="64" period="2" second="45" time="67" type="attempt missed" type_id="13"/>
	<message comment="Leon Barnett blocks a shot" minute="62" period="2" second="41" time="65" type="save made" type_id="10"/>
	<message comment="Djibril Cissé has shot blocked (18-yard box, Right footed, Open play)" minute="62" period="2" second="41" time="65" type="attempt blocked" type_id="15"/>
	<message comment="David Junior Hoilett has shot blocked (Out of box, Right footed, Free kick)" minute="59" period="2" second="5" time="62" type="attempt blocked" type_id="15"/>
	<message comment="Russell Martin blocks a shot" minute="59" period="2" second="5" time="62" type="save made" type_id="10"/>
	<message comment="Simeon Jackson misses attempt (High to the left, 18-yard box, Left footed, Open play)" minute="51" period="2" second="42" time="54" type="attempt missed" type_id="13"/>
	<message comment="Simeon Jackson wins a corner (To the left)" minute="49" period="2" second="13" time="52" type="corner" type_id="6"/>
	<message comment="Simeon Jackson misses attempt (18-yard box, Big Chance, Right footed, Open play)" minute="45" period="2" second="41" time="48" type="attempt missed" type_id="13"/>
	<message comment="Clint Hill is substituted off" minute="45" period="2" second="0" time="48" type="substitution off" type_id="18"/>
	<message comment="Nedum Onuoha is substituted on" minute="45" period="2" second="0" time="48" type="substitution on" type_id="19"/>
	<message comment="Second half begins!" minute="45" period="2" second="0" time="48" type="start" type_id="32"/>
	<message comment="First half ends" minute="47" period="1" second="3" time="47" type="end" type_id="30"/>
	<message comment="Robert Snodgrass wins a corner (To the right)" minute="41" period="1" second="12" time="41" type="corner" type_id="6"/>
	<message comment="Robert Green makes a save (Diving, Parried safe)" minute="41" period="1" second="10" time="41" type="save made" type_id="10"/>
	<message comment="Robert Snodgrass has attempt saved (High to the centre, Out of box, Left footed, Open play)" minute="41" period="1" second="10" time="41" type="attempt blocked" type_id="15"/>
	<message comment="Simeon Jackson has shot blocked (18-yard box, Head, Open play)" minute="40" period="1" second="45" time="40" type="attempt blocked" type_id="15"/>
	<message comment="Clint Hill blocks a shot" minute="40" period="1" second="45" time="40" type="save made" type_id="10"/>
	<message comment="Clint Hill blocks a shot" minute="38" period="1" second="52" time="38" type="save made" type_id="10"/>
	<message comment="Bradley Johnson has shot blocked (Out of box, Right footed, Open play)" minute="38" period="1" second="52" time="38" type="attempt blocked" type_id="15"/>
	<message comment="Simeon Jackson is caught offside" minute="29" period="1" time="29" type="offside" type_id="10000"/>
	<message comment="Anthony Pilkington misses attempt (High to the right, Out of box, Right footed, Free kick)" minute="28" period="1" second="27" time="28" type="attempt missed" type_id="13"/>
	<message comment="Robert Green makes a save (Parried into danger)" minute="25" period="1" second="35" time="25" type="save made" type_id="10"/>
	<message comment="Anthony Pilkington has attempt saved (Low to the centre, 18-yard box, Right footed, Open play)" minute="25" period="1" second="35" time="25" type="attempt blocked" type_id="15"/>
	<message comment="Russell Martin misses attempt (6-yard box, Head, Set piece)" minute="24" period="1" second="4" time="24" type="attempt missed" type_id="13"/>
	<message comment="Clint Hill recieves a yellow card" minute="23" period="1" second="24" time="23" type="card received" type_id="17"/>
	<message comment="Robert Snodgrass wins a corner (To the right)" minute="21" period="1" second="6" time="21" type="corner" type_id="6"/>
	<message comment="David Junior Hoilett misses attempt (To the right, Out of box, Right footed, Throw-in)" minute="19" period="1" second="33" time="19" type="attempt missed" type_id="13"/>
	<message comment="GOAL! Bobby Zamora scores  (Low to the right, 18-yard box, Big Chance, Left footed, Set piece)" minute="18" period="1" second="22" time="18" type="goal scored" type_id="16"/>
	<message comment="Djibril Cissé has attempt saved (Low to the left, 18-yard box, Big Chance, Penalty, Right footed)" minute="18" period="1" second="20" time="18" type="attempt blocked" type_id="15"/>
	<message comment="John Ruddy makes a save (Diving, Penalty)" minute="18" period="1" second="20" time="18" type="save made" type_id="10"/>
	<message comment="Robert Snodgrass misses attempt (To the right, 18-yard box, Right footed, Open play)" minute="14" period="1" second="45" time="14" type="attempt missed" type_id="13"/>
	<message comment="Anthony Pilkington wins a corner (To the left)" minute="14" period="1" second="10" time="14" type="corner" type_id="6"/>
	<message comment="GOAL! Simeon Jackson scores , Assisted by Anthony Pilkington (Low to the centre, 6-yard box, Big Chance, Head, Open play)" minute="11" period="1" second="0" time="11" type="goal scored" type_id="16"/>
	<message comment="Clint Hill misses attempt (High, 18-yard box, Head, From corner)" minute="7" period="1" second="33" time="7" type="attempt missed" type_id="13"/>
	<message comment="Samba Diakité wins a corner (To the right)" minute="6" period="1" second="52" time="6" type="corner" type_id="6"/>
	<message comment="Jamie Mackie has attempt saved (Low to the left, Out of box, Left footed, Open play)" minute="6" period="1" second="27" time="6" type="attempt blocked" type_id="15"/>
	<message comment="John Ruddy makes a save (Collected)" minute="6" period="1" second="27" time="6" type="save made" type_id="10"/>
	<message comment="Formation Set" minute="0" period="14" second="0" time="6" type="end" type_id="30"/>
	<message comment="Djibril Cissé wins a corner (To the right)" minute="3" period="1" second="56" time="3" type="corner" type_id="6"/>
	<message comment="Jamie Mackie is caught offside" minute="1" period="1" time="1" type="offside" type_id="10000"/>
	<message comment="First half begins!" minute="0" period="1" second="0" time="0" type="start" type_id="32"/>
</Commentary>
