<?xml version="1.0" ?>
<Commentary away_team_name="Norwich" competition="English Premier League" game_date="2012-02-26" home_team_name="Manchester United" lang_id="en" season="Season 2011/2012" season_id="2011" sport_id="1" sport_name="Football">
	<message comment="Second half ends" minute="94" period="2" second="29" time="97" type="end" type_id="30"/>
	<message comment="Ryan Giggs is substituted off" minute="93" period="2" second="9" time="96" type="substitution off" type_id="18"/>
	<message comment="Chris Smalling is substituted on" minute="93" period="2" second="9" time="96" type="substitution on" type_id="19"/>
	<message comment="Rio Ferdinand recieves a yellow card" minute="91" period="2" second="30" time="94" type="card received" type_id="17"/>
	<message comment="GOAL! Ryan Giggs scores , Assisted by Ashley Young (Low to the right, 6-yard box, Big Chance, Left footed, Open play)" minute="91" period="2" second="9" time="94" type="goal scored" type_id="16"/>
	<message comment="Nani wins a corner (To the right)" minute="90" period="2" second="17" time="93" type="corner" type_id="6"/>
	<message comment="John Ruddy makes a save (Feet, Standing, Parried safe)" minute="88" period="2" second="59" time="91" type="save made" type_id="10"/>
	<message comment="Danny Welbeck has attempt saved (Low to the centre, 18-yard box, Big Chance, Right footed, Open play)" minute="88" period="2" second="59" time="91" type="attempt blocked" type_id="15"/>
	<message comment="Kyle Naughton blocks a shot" minute="85" period="2" second="27" time="88" type="save made" type_id="10"/>
	<message comment="Ashley Young has shot blocked (18-yard box, Right footed, Open play)" minute="85" period="2" second="27" time="88" type="attempt blocked" type_id="15"/>
	<message comment="Grant Holt has attempt saved (High to the centre, 18-yard box, Right footed, Open play)" minute="85" period="2" second="0" time="88" type="attempt blocked" type_id="15"/>
	<message comment="David de Gea makes a save (Standing)" minute="85" period="2" second="0" time="88" type="save made" type_id="10"/>
	<message comment="GOAL! Grant Holt scores , Assisted by Zak Whitbread (High to the left, 18-yard box, Left footed, Open play)" minute="82" period="2" second="59" time="85" type="goal scored" type_id="16"/>
	<message comment="Aaron Wilbraham wins a corner (To the right)" minute="82" period="2" second="22" time="85" type="corner" type_id="6"/>
	<message comment="Aaron Wilbraham has attempt saved (High to the right, Out of box, Right footed, Open play)" minute="82" period="2" second="20" time="85" type="attempt blocked" type_id="15"/>
	<message comment="David de Gea makes a save (Diving, Parried safe)" minute="82" period="2" second="20" time="85" type="save made" type_id="10"/>
	<message comment="John Ruddy makes a save" minute="78" period="2" second="44" time="81" type="save made" type_id="10"/>
	<message comment="Danny Welbeck has attempt saved (Low to the left, Out of box, Right footed, Open play)" minute="78" period="2" second="44" time="81" type="attempt blocked" type_id="15"/>
	<message comment="Grant Holt misses attempt (18-yard box, Head, From corner)" minute="73" period="2" second="54" time="76" type="attempt missed" type_id="13"/>
	<message comment="Aaron Wilbraham wins a corner (To the right)" minute="73" period="2" second="33" time="76" type="corner" type_id="6"/>
	<message comment="Ryan Giggs hits the woodwork (High, 18-yard box, Left footed, Open play)" minute="71" period="2" second="55" time="74" type="woodwork hit" type_id="14"/>
	<message comment="Anthony Pilkington is substituted off" minute="69" period="2" second="59" time="72" type="substitution off" type_id="18"/>
	<message comment="Aaron Wilbraham is substituted on" minute="69" period="2" second="59" time="72" type="substitution on" type_id="19"/>
	<message comment="Wes Hoolahan misses attempt (High to the left, Out of box, Left footed, Open play)" minute="68" period="2" second="55" time="71" type="attempt missed" type_id="13"/>
	<message comment="Anthony Pilkington wins a corner (To the left)" minute="66" period="2" second="4" time="69" type="corner" type_id="6"/>
	<message comment="Nani wins a corner (To the right)" minute="64" period="2" second="23" time="67" type="corner" type_id="6"/>
	<message comment="Zak Whitbread blocks a shot (Last line)" minute="63" period="2" second="45" time="66" type="save made" type_id="10"/>
	<message comment="Danny Welbeck has shot blocked (18-yard box, Big Chance, Right footed, Open play)" minute="63" period="2" second="45" time="66" type="attempt blocked" type_id="15"/>
	<message comment="Bradley Johnson is substituted off" minute="63" period="2" second="0" time="66" type="substitution off" type_id="18"/>
	<message comment="Elliott Bennett is substituted on" minute="63" period="2" second="0" time="66" type="substitution on" type_id="19"/>
	<message comment="Chicharito is substituted off" minute="62" period="2" second="53" time="65" type="substitution off" type_id="18"/>
	<message comment="Ashley Young is substituted on" minute="62" period="2" second="53" time="65" type="substitution on" type_id="19"/>
	<message comment="Andrew Surman misses attempt (To the right, 18-yard box, Left footed, Open play)" minute="59" period="2" second="16" time="62" type="attempt missed" type_id="13"/>
	<message comment="Bradley Johnson misses attempt (Out of box, Left footed, Open play)" minute="57" period="2" second="47" time="60" type="attempt missed" type_id="13"/>
	<message comment="Chicharito is caught offside" minute="56" period="2" time="59" type="offside" type_id="10000"/>
	<message comment="Jonny Evans recieves a yellow card" minute="47" period="2" second="52" time="50" type="card received" type_id="17"/>
	<message comment="Chicharito wins a corner (To the right)" minute="46" period="2" second="42" time="49" type="corner" type_id="6"/>
	<message comment="Andrew Surman misses attempt (6-yard box, Head, Open play)" minute="45" period="2" second="27" time="48" type="attempt missed" type_id="13"/>
	<message comment="Second half begins!" minute="45" period="2" second="0" time="48" type="start" type_id="32"/>
	<message comment="Simeon Jackson is substituted off" minute="45" period="2" second="0" time="48" type="substitution off" type_id="18"/>
	<message comment="Wes Hoolahan is substituted on" minute="45" period="2" second="0" time="48" type="substitution on" type_id="19"/>
	<message comment="First half ends" minute="47" period="1" second="11" time="47" type="end" type_id="30"/>
	<message comment="Simeon Jackson has shot blocked (18-yard box, Left footed, Open play)" minute="37" period="1" second="19" time="37" type="attempt blocked" type_id="15"/>
	<message comment="Jonny Evans blocks a shot" minute="37" period="1" second="19" time="37" type="save made" type_id="10"/>
	<message comment="Andrew Surman has shot blocked (Out of box, Left footed, Open play)" minute="36" period="1" second="25" time="36" type="attempt blocked" type_id="15"/>
	<message comment="Jonny Evans blocks a shot" minute="36" period="1" second="25" time="36" type="save made" type_id="10"/>
	<message comment="Grant Holt has attempt saved (Low to the centre, 18-yard box, Big Chance, Head, Open play)" minute="33" period="1" second="48" time="33" type="attempt blocked" type_id="15"/>
	<message comment="David de Gea makes a save (Standing)" minute="33" period="1" second="48" time="33" type="save made" type_id="10"/>
	<message comment="John Ruddy makes a save (Diving)" minute="32" period="1" second="26" time="32" type="save made" type_id="10"/>
	<message comment="Chicharito has attempt saved (Low to the right, Out of box, Right footed, Open play)" minute="32" period="1" second="26" time="32" type="attempt blocked" type_id="15"/>
	<message comment="Kyle Naughton misses attempt (Out of box, Right footed, Open play)" minute="28" period="1" second="1" time="28" type="attempt missed" type_id="13"/>
	<message comment="Anthony Pilkington has attempt saved (Low to the centre, 6-yard box, Big Chance, Right footed, Open play)" minute="27" period="1" second="50" time="27" type="attempt blocked" type_id="15"/>
	<message comment="David de Gea makes a save (Parried safe, Feet)" minute="27" period="1" second="50" time="27" type="save made" type_id="10"/>
	<message comment="Grant Holt misses attempt (To the right, 18-yard box, Head, Open play)" minute="25" period="1" second="20" time="25" type="attempt missed" type_id="13"/>
	<message comment="Andrew Surman misses attempt (To the right, Out of box, Left footed, Set piece)" minute="23" period="1" second="24" time="23" type="attempt missed" type_id="13"/>
	<message comment="Zak Whitbread wins a corner (To the right)" minute="20" period="1" second="28" time="20" type="corner" type_id="6"/>
	<message comment="Zak Whitbread has shot blocked (18-yard box, Head, Set piece)" minute="20" period="1" second="25" time="20" type="attempt blocked" type_id="15"/>
	<message comment="Grant Holt blocks a shot" minute="16" period="1" second="8" time="16" type="save made" type_id="10"/>
	<message comment="Paul Scholes has shot blocked (Out of box, Right footed, From corner)" minute="16" period="1" second="8" time="16" type="attempt blocked" type_id="15"/>
	<message comment="Danny Welbeck wins a corner (To the left)" minute="15" period="1" second="35" time="15" type="corner" type_id="6"/>
	<message comment="John Ruddy makes a save (Diving, Parried safe)" minute="15" period="1" second="34" time="15" type="save made" type_id="10"/>
	<message comment="Danny Welbeck has attempt saved (Low to the centre, 18-yard box, Big Chance, Right footed, Open play)" minute="15" period="1" second="34" time="15" type="attempt blocked" type_id="15"/>
	<message comment="Chicharito is caught offside" minute="14" period="1" time="14" type="offside" type_id="10000"/>
	<message comment="Bradley Johnson recieves a yellow card" minute="9" period="1" second="30" time="9" type="card received" type_id="17"/>
	<message comment="Formation Set" minute="0" period="14" second="0" time="7" type="end" type_id="30"/>
	<message comment="GOAL! Paul Scholes scores , Assisted by Nani (Low to the left, 6-yard box, Head, Open play)" minute="6" period="1" second="34" time="6" type="goal scored" type_id="16"/>
	<message comment="Ryan Giggs misses attempt (High, 18-yard box, Big Chance, Left footed, Open play)" minute="5" period="1" second="7" time="5" type="attempt missed" type_id="13"/>
	<message comment="First half begins!" minute="0" period="1" second="0" time="0" type="start" type_id="32"/>
</Commentary>
