<?xml version="1.0" ?>
<Commentary away_team_name="Norwich" competition="English Premier League" game_date="2012-12-26" home_team_name="Chelsea" lang_id="en" season="Season 2012/2013" season_id="2012" sport_id="1" sport_name="Football">
	<message comment="Second half ends" minute="93" period="2" second="28" time="95" type="end" type_id="30"/>
	<message comment="Sebastien Bassong misses attempt (6-yard box, Head, From corner)" minute="91" period="2" second="46" time="93" type="attempt missed" type_id="13"/>
	<message comment="Michael Turner wins a corner (To the right)" minute="91" period="2" second="20" time="93" type="corner" type_id="6"/>
	<message comment="Juan Mata is substituted off" minute="91" period="2" second="7" time="93" type="substitution off" type_id="18"/>
	<message comment="Nathan Aké is substituted on" minute="91" period="2" second="7" time="93" type="substitution on" type_id="19"/>
	<message comment="Eden Hazard recieves a yellow card" minute="90" period="2" second="25" time="92" type="card received" type_id="17"/>
	<message comment="Wes Hoolahan is substituted off" minute="87" period="2" second="59" time="89" type="substitution off" type_id="18"/>
	<message comment="Elliott Bennett is substituted on" minute="87" period="2" second="59" time="89" type="substitution on" type_id="19"/>
	<message comment="Mark Bunn makes a save (Parried into danger, Feet, Diving)" minute="87" period="2" second="23" time="89" type="save made" type_id="10"/>
	<message comment="Eden Hazard has attempt saved (Low to the centre, 18-yard box, Left footed, Open play)" minute="87" period="2" second="23" time="89" type="attempt blocked" type_id="15"/>
	<message comment="Jonny Howson is substituted on" minute="81" period="2" second="7" time="83" type="substitution on" type_id="19"/>
	<message comment="Bradley Johnson is substituted off" minute="81" period="2" second="7" time="83" type="substitution off" type_id="18"/>
	<message comment="Bradley Johnson recieves a yellow card" minute="80" period="2" second="40" time="82" type="card received" type_id="17"/>
	<message comment="Juan Mata misses attempt (To the left, 18-yard box, Head, Open play)" minute="79" period="2" second="27" time="81" type="attempt missed" type_id="13"/>
	<message comment="Alexander Tettey blocks a shot" minute="78" period="2" second="40" time="80" type="save made" type_id="10"/>
	<message comment="Frank Lampard has shot blocked (Out of box, Right footed, Open play)" minute="78" period="2" second="40" time="80" type="attempt blocked" type_id="15"/>
	<message comment="Victor Moses is substituted off" minute="78" period="2" second="24" time="80" type="substitution off" type_id="18"/>
	<message comment="Eden Hazard is substituted on" minute="78" period="2" second="24" time="80" type="substitution on" type_id="19"/>
	<message comment="Anthony Pilkington is substituted off" minute="78" period="2" second="15" time="80" type="substitution off" type_id="18"/>
	<message comment="Steve Morison is substituted on" minute="78" period="2" second="15" time="80" type="substitution on" type_id="19"/>
	<message comment="John Obi Mikel is substituted off" minute="73" period="2" second="9" time="75" type="substitution off" type_id="18"/>
	<message comment="Frank Lampard is substituted on" minute="73" period="2" second="9" time="75" type="substitution on" type_id="19"/>
	<message comment="Victor Moses wins a corner (To the left)" minute="72" period="2" second="36" time="74" type="corner" type_id="6"/>
	<message comment="Bradley Johnson wins a corner (To the left)" minute="69" period="2" second="54" time="71" type="corner" type_id="6"/>
	<message comment="Russell Martin has shot blocked (18-yard box, Head, From corner)" minute="69" period="2" second="50" time="71" type="attempt blocked" type_id="15"/>
	<message comment="John Obi Mikel blocks a shot" minute="69" period="2" second="50" time="71" type="save made" type_id="10"/>
	<message comment="Anthony Pilkington wins a corner (To the left)" minute="69" period="2" second="24" time="71" type="corner" type_id="6"/>
	<message comment="Victor Moses misses attempt (18-yard box, Right footed, Open play)" minute="68" period="2" second="10" time="70" type="attempt missed" type_id="13"/>
	<message comment="Juan Mata wins a corner (To the left)" minute="65" period="2" second="24" time="67" type="corner" type_id="6"/>
	<message comment="Victor Moses wins a corner (To the left)" minute="64" period="2" second="55" time="66" type="corner" type_id="6"/>
	<message comment="David Luiz misses attempt (High, Out of box, Right footed, Open play)" minute="63" period="2" second="20" time="65" type="attempt missed" type_id="13"/>
	<message comment="Sebastien Bassong is caught offside" minute="62" period="2" time="64" type="offside" type_id="10000"/>
	<message comment="Anthony Pilkington has attempt saved (Low to the centre, 18-yard box, Right footed, Open play)" minute="60" period="2" second="18" time="62" type="attempt blocked" type_id="15"/>
	<message comment="Petr Cech makes a save" minute="60" period="2" second="18" time="62" type="save made" type_id="10"/>
	<message comment="Wes Hoolahan is caught offside" minute="56" period="2" time="58" type="offside" type_id="10000"/>
	<message comment="Mark Bunn makes a save (Collected)" minute="55" period="2" second="4" time="57" type="save made" type_id="10"/>
	<message comment="Juan Mata has attempt saved (High to the left, Out of box, Left footed, Free kick)" minute="55" period="2" second="4" time="57" type="attempt blocked" type_id="15"/>
	<message comment="Grant Holt is caught offside" minute="53" period="2" time="55" type="offside" type_id="10000"/>
	<message comment="Sebastien Bassong blocks a shot" minute="50" period="2" second="6" time="52" type="save made" type_id="10"/>
	<message comment="Fernando Torres has shot blocked (18-yard box, Right footed, Open play)" minute="50" period="2" second="6" time="52" type="attempt blocked" type_id="15"/>
	<message comment="Ashley Cole misses attempt (To the right, Out of box, Left footed, Open play)" minute="49" period="2" second="14" time="51" type="attempt missed" type_id="13"/>
	<message comment="Michael Turner blocks a shot" minute="49" period="2" second="11" time="51" type="save made" type_id="10"/>
	<message comment="John Obi Mikel has shot blocked (Out of box, Right footed, From corner)" minute="49" period="2" second="11" time="51" type="attempt blocked" type_id="15"/>
	<message comment="Oscar wins a corner (To the left)" minute="48" period="2" second="38" time="50" type="corner" type_id="6"/>
	<message comment="Mark Bunn makes a save (Diving, Parried safe)" minute="48" period="2" second="37" time="50" type="save made" type_id="10"/>
	<message comment="Victor Moses wins a corner (To the left)" minute="48" period="2" second="13" time="50" type="corner" type_id="6"/>
	<message comment="Second half begins!" minute="45" period="2" second="0" time="47" type="start" type_id="32"/>
	<message comment="First half ends" minute="46" period="1" second="1" time="46" type="end" type_id="30"/>
	<message comment="Robert Snodgrass has shot blocked (Out of box, Left footed, Open play)" minute="45" period="1" second="17" time="45" type="attempt blocked" type_id="15"/>
	<message comment="Branislav Ivanovic blocks a shot" minute="45" period="1" second="17" time="45" type="save made" type_id="10"/>
	<message comment="Bradley Johnson misses attempt (High, 18-yard box, Head, From corner)" minute="40" period="1" second="56" time="40" type="attempt missed" type_id="13"/>
	<message comment="Anthony Pilkington wins a corner (To the right)" minute="40" period="1" second="30" time="40" type="corner" type_id="6"/>
	<message comment="Juan Mata is caught offside" minute="39" period="1" time="39" type="offside" type_id="10000"/>
	<message comment="Robert Snodgrass misses attempt (To the left, Out of box, Left footed, Open play)" minute="38" period="1" second="51" time="38" type="attempt missed" type_id="13"/>
	<message comment="GOAL! Juan Mata scores , Assisted by Oscar (Low to the right, Out of box, Left footed, Open play)" minute="37" period="1" second="53" time="37" type="goal scored" type_id="16"/>
	<message comment="Sebastien Bassong blocks a shot" minute="36" period="1" second="24" time="36" type="save made" type_id="10"/>
	<message comment="Juan Mata has shot blocked (18-yard box, Right footed, Open play)" minute="36" period="1" second="24" time="36" type="attempt blocked" type_id="15"/>
	<message comment="Victor Moses wins a corner (To the left)" minute="35" period="1" second="54" time="35" type="corner" type_id="6"/>
	<message comment="John Obi Mikel misses attempt (Out of box, Right footed, Open play)" minute="33" period="1" second="12" time="33" type="attempt missed" type_id="13"/>
	<message comment="Russell Martin blocks a shot" minute="33" period="1" second="8" time="33" type="save made" type_id="10"/>
	<message comment="Victor Moses has shot blocked (18-yard box, Right footed, Open play)" minute="33" period="1" second="8" time="33" type="attempt blocked" type_id="15"/>
	<message comment="Juan Mata misses attempt (18-yard box, Big Chance, Left footed, Open play)" minute="29" period="1" second="34" time="29" type="attempt missed" type_id="13"/>
	<message comment="Sebastien Bassong blocks a shot" minute="24" period="1" second="36" time="24" type="save made" type_id="10"/>
	<message comment="Juan Mata has shot blocked (Out of box, Left footed, Open play)" minute="24" period="1" second="36" time="24" type="attempt blocked" type_id="15"/>
	<message comment="David Luiz misses attempt (High to the right, Out of box, Right footed, Open play)" minute="22" period="1" second="53" time="22" type="attempt missed" type_id="13"/>
	<message comment="Victor Moses wins a corner (To the left)" minute="20" period="1" second="11" time="20" type="corner" type_id="6"/>
	<message comment="David Luiz misses attempt (High to the right, Out of box, Right footed, Open play)" minute="19" period="1" second="2" time="19" type="attempt missed" type_id="13"/>
	<message comment="Russell Martin has shot blocked (Out of box, Right footed, Open play)" minute="15" period="1" second="46" time="15" type="attempt blocked" type_id="15"/>
	<message comment="Oscar blocks a shot" minute="15" period="1" second="46" time="15" type="save made" type_id="10"/>
	<message comment="Wes Hoolahan wins a corner (To the right)" minute="14" period="1" second="40" time="14" type="corner" type_id="6"/>
	<message comment="Anthony Pilkington blocks a shot" minute="11" period="1" second="59" time="11" type="save made" type_id="10"/>
	<message comment="César Azpilicueta has shot blocked (Out of box, Right footed, Set piece)" minute="11" period="1" second="59" time="11" type="attempt blocked" type_id="15"/>
	<message comment="Alexander Tettey misses attempt (To the right, Out of box, Right footed, Open play)" minute="9" period="1" second="28" time="9" type="attempt missed" type_id="13"/>
	<message comment="Robert Snodgrass has shot blocked (18-yard box, Left footed, Open play)" minute="9" period="1" second="25" time="9" type="attempt blocked" type_id="15"/>
	<message comment="Gary Cahill blocks a shot" minute="9" period="1" second="25" time="9" type="save made" type_id="10"/>
	<message comment="Wes Hoolahan is caught offside" minute="6" period="1" time="6" type="offside" type_id="10000"/>
	<message comment="Formation Set" minute="0" period="14" second="0" time="5" type="end" type_id="30"/>
	<message comment="First half begins!" minute="0" period="1" second="0" time="0" type="start" type_id="32"/>
</Commentary>
