<?xml version="1.0" ?>
<Commentary away_team_name="Norwich" competition="English Premier League" game_date="2011-11-26" home_team_name="Queens Park Rangers" lang_id="en" season="Season 2011/2012" season_id="2011" sport_id="1" sport_name="Football">
	<message comment="Second half ends" minute="93" period="2" second="0" time="95" type="end" type_id="30"/>
	<message comment="Steve Morison wins a corner (To the right)" minute="89" period="2" second="39" time="91" type="corner" type_id="6"/>
	<message comment="Ákos Buzsáky misses attempt (High to the left, 18-yard box, Right footed, Open play)" minute="88" period="2" second="59" time="90" type="attempt missed" type_id="13"/>
	<message comment="Steve Morison is caught offside" minute="87" period="2" time="89" type="offside" type_id="10000"/>
	<message comment="Kyle Naughton recieves a yellow card" minute="86" period="2" second="53" time="88" type="card received" type_id="17"/>
	<message comment="Alejandro Faurlin misses attempt (High, Out of box, Left footed, Open play)" minute="85" period="2" second="15" time="87" type="attempt missed" type_id="13"/>
	<message comment="Heidar Helguson misses attempt (High, 6-yard box, Head, Open play)" minute="84" period="2" second="17" time="86" type="attempt missed" type_id="13"/>
	<message comment="Grant Holt misses attempt (To the right, 18-yard box, Left footed, Open play)" minute="83" period="2" second="45" time="85" type="attempt missed" type_id="13"/>
	<message comment="Steve Morison misses attempt (High to the right, 18-yard box, Head, From corner)" minute="82" period="2" second="15" time="84" type="attempt missed" type_id="13"/>
	<message comment="Marc Tierney wins a corner (To the right)" minute="81" period="2" second="37" time="83" type="corner" type_id="6"/>
	<message comment="Shaun Wright-Phillips is substituted off" minute="79" period="2" second="11" time="81" type="substitution off" type_id="18"/>
	<message comment="Tommy Smith is substituted on" minute="79" period="2" second="11" time="81" type="substitution on" type_id="19"/>
	<message comment="Andrew Surman misses attempt (18-yard box, Head, Open play)" minute="79" period="2" second="7" time="81" type="attempt missed" type_id="13"/>
	<message comment="Andrew Surman misses attempt (High to the right, 18-yard box, Right footed, From corner)" minute="77" period="2" second="56" time="79" type="attempt missed" type_id="13"/>
	<message comment="Steve Morison wins a corner (To the left)" minute="77" period="2" second="35" time="79" type="corner" type_id="6"/>
	<message comment="Shaun Derry is substituted off" minute="77" period="2" second="2" time="79" type="substitution off" type_id="18"/>
	<message comment="Ákos Buzsáky is substituted on" minute="77" period="2" second="2" time="79" type="substitution on" type_id="19"/>
	<message comment="John Ruddy makes a save (Standing)" minute="75" period="2" second="25" time="77" type="save made" type_id="10"/>
	<message comment="Heidar Helguson has attempt saved (High to the right, 18-yard box, Head, Open play)" minute="75" period="2" second="25" time="77" type="attempt blocked" type_id="15"/>
	<message comment="GOAL! Grant Holt scores , Assisted by Wes Hoolahan (Low to the centre, 6-yard box, Left footed, Open play)" minute="72" period="2" second="42" time="74" type="goal scored" type_id="16"/>
	<message comment="Grant Holt has shot blocked (6-yard box, Big Chance, Head, Open play)" minute="72" period="2" second="31" time="74" type="attempt blocked" type_id="15"/>
	<message comment="Shaun Derry blocks a shot (Last line)" minute="72" period="2" second="31" time="74" type="save made" type_id="10"/>
	<message comment="Simeon Jackson is substituted off" minute="69" period="2" second="55" time="71" type="substitution off" type_id="18"/>
	<message comment="Grant Holt is substituted on" minute="69" period="2" second="55" time="71" type="substitution on" type_id="19"/>
	<message comment="Anthony Pilkington is substituted off" minute="69" period="2" second="46" time="71" type="substitution off" type_id="18"/>
	<message comment="Wes Hoolahan is substituted on" minute="69" period="2" second="46" time="71" type="substitution on" type_id="19"/>
	<message comment="Steve Morison is caught offside" minute="67" period="2" time="69" type="offside" type_id="10000"/>
	<message comment="Anthony Pilkington misses attempt (High to the right, Out of box, Right footed, Free kick)" minute="66" period="2" second="51" time="68" type="attempt missed" type_id="13"/>
	<message comment="Jamie Mackie is caught offside" minute="63" period="2" time="65" type="offside" type_id="10000"/>
	<message comment="GOAL! Luke Young scores  (Low to the right, 18-yard box, Big Chance, Right footed, Open play)" minute="58" period="2" second="31" time="60" type="goal scored" type_id="16"/>
	<message comment="Jamie Mackie hits the woodwork (To the left, Out of box, Right footed, Open play)" minute="58" period="2" second="29" time="60" type="woodwork hit" type_id="14"/>
	<message comment="Kyle Naughton is substituted on" minute="57" period="2" second="42" time="59" type="substitution on" type_id="19"/>
	<message comment="Ritchie de Laet is substituted off" minute="57" period="2" second="41" time="59" type="substitution off" type_id="18"/>
	<message comment="Clint Hill is substituted off" minute="56" period="2" second="44" time="58" type="substitution off" type_id="18"/>
	<message comment="Jay Bothroyd is substituted on" minute="56" period="2" second="44" time="58" type="substitution on" type_id="19"/>
	<message comment="Clint Hill misses attempt (High, 18-yard box, Head, From corner)" minute="56" period="2" second="16" time="58" type="attempt missed" type_id="13"/>
	<message comment="Shaun Derry wins a corner (To the right)" minute="55" period="2" second="48" time="57" type="corner" type_id="6"/>
	<message comment="Simeon Jackson misses attempt (Out of box, Right footed, Open play)" minute="51" period="2" second="47" time="53" type="attempt missed" type_id="13"/>
	<message comment="Shaun Wright-Phillips misses attempt (To the right, 18-yard box, Right footed, Open play)" minute="48" period="2" second="15" time="50" type="attempt missed" type_id="13"/>
	<message comment="Second half begins!" minute="45" period="2" second="0" time="47" type="start" type_id="32"/>
	<message comment="First half ends" minute="46" period="1" second="17" time="46" type="end" type_id="30"/>
	<message comment="Jamie Mackie misses attempt (6-yard box, Right footed, Open play)" minute="45" period="1" second="3" time="45" type="attempt missed" type_id="13"/>
	<message comment="John Ruddy makes a save (Parried into danger, Other body part)" minute="45" period="1" second="1" time="45" type="save made" type_id="10"/>
	<message comment="Shaun Wright-Phillips has attempt saved (Low to the centre, 18-yard box, Right footed, Open play)" minute="45" period="1" second="1" time="45" type="attempt blocked" type_id="15"/>
	<message comment="Leon Barnett blocks a shot" minute="40" period="1" second="9" time="40" type="save made" type_id="10"/>
	<message comment="Heidar Helguson has shot blocked (Out of box, Left footed, Open play)" minute="40" period="1" second="9" time="40" type="attempt blocked" type_id="15"/>
	<message comment="Steve Morison misses attempt (Out of box, Right footed, Open play)" minute="26" period="1" second="29" time="26" type="attempt missed" type_id="13"/>
	<message comment="Anton Ferdinand blocks a shot" minute="26" period="1" second="22" time="26" type="save made" type_id="10"/>
	<message comment="Steve Morison has shot blocked (Out of box, Right footed, Open play)" minute="26" period="1" second="22" time="26" type="attempt blocked" type_id="15"/>
	<message comment="Andrew Crofts misses attempt (High to the left, Out of box, Left footed, Set piece)" minute="21" period="1" second="9" time="21" type="attempt missed" type_id="13"/>
	<message comment="Shaun Wright-Phillips wins a corner (To the right)" minute="19" period="1" second="45" time="19" type="corner" type_id="6"/>
	<message comment="Heidar Helguson misses attempt (High, 18-yard box, Head, From corner)" minute="18" period="1" second="17" time="18" type="attempt missed" type_id="13"/>
	<message comment="Luke Young wins a corner (To the right)" minute="18" period="1" second="3" time="18" type="corner" type_id="6"/>
	<message comment="GOAL! Russell Martin scores  (Low to the centre, 18-yard box, Right footed, From corner)" minute="13" period="1" second="54" time="13" type="goal scored" type_id="16"/>
	<message comment="Andrew Crofts wins a corner (To the left)" minute="13" period="1" second="40" time="13" type="corner" type_id="6"/>
	<message comment="Anton Ferdinand blocks a shot" minute="13" period="1" second="39" time="13" type="save made" type_id="10"/>
	<message comment="Andrew Crofts has shot blocked (Out of box, Right footed, From corner)" minute="13" period="1" second="39" time="13" type="attempt blocked" type_id="15"/>
	<message comment="Andrew Crofts wins a corner (To the left)" minute="13" period="1" second="12" time="13" type="corner" type_id="6"/>
	<message comment="Andrew Crofts has shot blocked (Out of box, Right footed, Set piece)" minute="13" period="1" second="11" time="13" type="attempt blocked" type_id="15"/>
	<message comment="Heidar Helguson blocks a shot" minute="13" period="1" second="11" time="13" type="save made" type_id="10"/>
	<message comment="Radek Cerny makes a save (Collected)" minute="9" period="1" second="10" time="9" type="save made" type_id="10"/>
	<message comment="Steve Morison has attempt saved (Low to the left, 18-yard box, Left footed, Open play)" minute="9" period="1" second="10" time="9" type="attempt blocked" type_id="15"/>
	<message comment="Radek Cerny makes a save (Standing, Collected)" minute="7" period="1" second="25" time="7" type="save made" type_id="10"/>
	<message comment="Simeon Jackson has attempt saved (High to the left, Out of box, Left footed, Throw-in)" minute="7" period="1" second="25" time="7" type="attempt blocked" type_id="15"/>
	<message comment="Leon Barnett misses attempt (To the right, 18-yard box, Head, From corner)" minute="5" period="1" second="30" time="5" type="attempt missed" type_id="13"/>
	<message comment="Anthony Pilkington wins a corner (To the left)" minute="5" period="1" second="10" time="5" type="corner" type_id="6"/>
	<message comment="Formation Set" minute="0" period="14" second="0" time="5" type="end" type_id="30"/>
	<message comment="Armand Traore wins a corner (To the left)" minute="3" period="1" second="28" time="3" type="corner" type_id="6"/>
	<message comment="Armand Traore misses attempt (To the right, Out of box, Left footed, Open play)" minute="0" period="1" second="10" time="0" type="attempt missed" type_id="13"/>
	<message comment="First half begins!" minute="0" period="1" second="0" time="0" type="start" type_id="32"/>
</Commentary>
