<?xml version="1.0" ?>
<Commentary away_team_name="Norwich" competition="English Premier League" game_date="2014-04-05" home_team_name="West Bromwich Albion" lang_id="en" season="Season 2013/2014" season_id="2013" sport_id="1" sport_name="Football">
	<message comment="Second half ends" minute="94" period="2" second="8" time="98" type="end" type_id="30"/>
	<message comment="Saido Berahino wins a corner (To the left)" minute="92" period="2" second="8" time="96" type="corner" type_id="6"/>
	<message comment="Saido Berahino has attempt saved (Low to the left, 18-yard box, Right footed, Open play)" minute="92" period="2" second="6" time="96" type="attempt blocked" type_id="15"/>
	<message comment="John Ruddy makes a save (Parried safe, Diving, Other body part)" minute="92" period="2" second="6" time="96" type="save made" type_id="10"/>
	<message comment="Luciano Becchio misses attempt (18-yard box, Head, Open play)" minute="86" period="2" second="31" time="90" type="attempt missed" type_id="13"/>
	<message comment="Zoltán Gera is substituted off" minute="82" period="2" second="13" time="86" type="substitution off" type_id="18"/>
	<message comment="Liam O'Neil is substituted on" minute="82" period="2" second="13" time="86" type="substitution on" type_id="19"/>
	<message comment="Martin Olsson is substituted off" minute="80" period="2" second="3" time="84" type="substitution off" type_id="18"/>
	<message comment="Jonás Gutiérrez is substituted on" minute="80" period="2" second="3" time="84" type="substitution on" type_id="19"/>
	<message comment="Graham Dorrans is substituted off" minute="76" period="2" second="43" time="80" type="substitution off" type_id="18"/>
	<message comment="Zoltán Gera is substituted on" minute="76" period="2" second="43" time="80" type="substitution on" type_id="19"/>
	<message comment="Saido Berahino misses attempt (To the right, 18-yard box, Left footed, Open play)" minute="71" period="2" second="24" time="75" type="attempt missed" type_id="13"/>
	<message comment="Matej Vydra is substituted off" minute="70" period="2" second="9" time="74" type="substitution off" type_id="18"/>
	<message comment="Saido Berahino is substituted on" minute="70" period="2" second="9" time="74" type="substitution on" type_id="19"/>
	<message comment="Johan Elmander is substituted off" minute="69" period="2" second="38" time="73" type="substitution off" type_id="18"/>
	<message comment="Luciano Becchio is substituted on" minute="69" period="2" second="38" time="73" type="substitution on" type_id="19"/>
	<message comment="Russell Martin misses attempt (High to the right, Out of box, Right footed, From corner)" minute="67" period="2" second="9" time="71" type="attempt missed" type_id="13"/>
	<message comment="Robert Snodgrass wins a corner (To the right)" minute="66" period="2" second="34" time="70" type="corner" type_id="6"/>
	<message comment="Robert Snodgrass misses attempt (High, 18-yard box, Left footed, Open play)" minute="65" period="2" second="49" time="69" type="attempt missed" type_id="13"/>
	<message comment="Wes Hoolahan is substituted off" minute="63" period="2" second="9" time="67" type="substitution off" type_id="18"/>
	<message comment="Nathan Redmond is substituted on" minute="63" period="2" second="9" time="67" type="substitution on" type_id="19"/>
	<message comment="Morgan Amalfitano is caught offside" minute="62" period="2" time="66" type="offside" type_id="10000"/>
	<message comment="Robert Snodgrass wins a corner (To the right)" minute="58" period="2" second="40" time="62" type="corner" type_id="6"/>
	<message comment="Ben Foster makes a save" minute="58" period="2" second="34" time="62" type="save made" type_id="10"/>
	<message comment="Robert Snodgrass has attempt saved (High to the right, Out of box, Left footed, Free kick)" minute="58" period="2" second="34" time="62" type="attempt blocked" type_id="15"/>
	<message comment="Gary Hooper hits the woodwork (High, 18-yard box, Right footed, Set piece)" minute="56" period="2" second="53" time="60" type="woodwork hit" type_id="14"/>
	<message comment="Robert Snodgrass wins a corner (To the left)" minute="51" period="2" second="9" time="55" type="corner" type_id="6"/>
	<message comment="Martin Olsson wins a corner (To the left)" minute="50" period="2" second="37" time="54" type="corner" type_id="6"/>
	<message comment="Robert Snodgrass wins a corner (To the right)" minute="49" period="2" second="56" time="53" type="corner" type_id="6"/>
	<message comment="Gareth McAuley blocks a shot" minute="49" period="2" second="54" time="53" type="save made" type_id="10"/>
	<message comment="Robert Snodgrass has shot blocked (18-yard box, Right footed, Open play)" minute="49" period="2" second="54" time="53" type="attempt blocked" type_id="15"/>
	<message comment="Matej Vydra wins a corner (To the left)" minute="48" period="2" second="34" time="52" type="corner" type_id="6"/>
	<message comment="Second half begins!" minute="45" period="2" second="0" time="49" type="start" type_id="32"/>
	<message comment="First half ends" minute="48" period="1" second="9" time="48" type="end" type_id="30"/>
	<message comment="Ben Foster makes a save (Standing)" minute="47" period="1" second="58" time="47" type="save made" type_id="10"/>
	<message comment="Robert Snodgrass has attempt saved (High to the centre, 18-yard box, Left footed, Open play)" minute="47" period="1" second="58" time="47" type="attempt blocked" type_id="15"/>
	<message comment="Youssouf Mulumbu wins a corner (To the right)" minute="46" period="1" second="41" time="46" type="corner" type_id="6"/>
	<message comment="Steven Reid has shot blocked (Out of box, Right footed, Free kick)" minute="44" period="1" second="57" time="44" type="attempt blocked" type_id="15"/>
	<message comment="Joseph Yobo blocks a shot" minute="44" period="1" second="57" time="44" type="save made" type_id="10"/>
	<message comment="Alexander Tettey recieves a yellow card" minute="43" period="1" second="48" time="43" type="card received" type_id="17"/>
	<message comment="Johan Elmander wins a corner (To the left)" minute="38" period="1" second="4" time="38" type="corner" type_id="6"/>
	<message comment="Johan Elmander has attempt saved (Low to the left, 18-yard box, Head, Open play)" minute="38" period="1" second="3" time="38" type="attempt blocked" type_id="15"/>
	<message comment="Ben Foster makes a save (Parried safe, Diving)" minute="38" period="1" second="3" time="38" type="save made" type_id="10"/>
	<message comment="Matej Vydra is caught offside" minute="36" period="1" time="36" type="offside" type_id="10000"/>
	<message comment="John Ruddy makes a save (Parried into danger, Diving)" minute="35" period="1" second="17" time="35" type="save made" type_id="10"/>
	<message comment="Graham Dorrans has attempt saved (Low to the centre, 18-yard box, Left footed, Open play)" minute="35" period="1" second="17" time="35" type="attempt blocked" type_id="15"/>
	<message comment="Matej Vydra has attempt saved (Low to the centre, 18-yard box, Big Chance, Left footed, Fast break)" minute="29" period="1" second="20" time="29" type="attempt blocked" type_id="15"/>
	<message comment="John Ruddy makes a save (Parried into danger, Diving)" minute="29" period="1" second="20" time="29" type="save made" type_id="10"/>
	<message comment="Robert Snodgrass wins a corner (To the left)" minute="28" period="1" second="20" time="28" type="corner" type_id="6"/>
	<message comment="Stéphane Sessegnon blocks a shot" minute="27" period="1" second="36" time="27" type="save made" type_id="10"/>
	<message comment="Jonny Howson has shot blocked (Out of box, Left footed, Open play)" minute="27" period="1" second="36" time="27" type="attempt blocked" type_id="15"/>
	<message comment="GOAL! Morgan Amalfitano scores , Assisted by Youssouf Mulumbu (Low to the left, Out of box, Right footed, Open play)" minute="15" period="1" second="27" time="15" type="goal scored" type_id="16"/>
	<message comment="Johan Elmander misses attempt (High to the left, 18-yard box, Big Chance, Left footed, Open play)" minute="12" period="1" second="34" time="12" type="attempt missed" type_id="13"/>
	<message comment="Ben Foster makes a save (Standing)" minute="12" period="1" second="11" time="12" type="save made" type_id="10"/>
	<message comment="Gary Hooper has attempt saved (High to the centre, Out of box, Right footed, Open play)" minute="12" period="1" second="11" time="12" type="attempt blocked" type_id="15"/>
	<message comment="Formation Set" minute="0" period="14" second="0" time="8" type="end" type_id="30"/>
	<message comment="Johan Elmander is caught offside" minute="6" period="1" time="6" type="offside" type_id="10000"/>
	<message comment="Morgan Amalfitano misses attempt (18-yard box, Right footed, Open play)" minute="5" period="1" second="26" time="5" type="attempt missed" type_id="13"/>
	<message comment="John Ruddy makes a save" minute="4" period="1" second="11" time="4" type="save made" type_id="10"/>
	<message comment="Graham Dorrans has attempt saved (Low to the left, Out of box, Right footed, Open play)" minute="4" period="1" second="11" time="4" type="attempt blocked" type_id="15"/>
	<message comment="Alexander Tettey misses attempt (High to the left, Out of box, Left footed, Open play)" minute="3" period="1" second="30" time="3" type="attempt missed" type_id="13"/>
	<message comment="First half begins!" minute="0" period="1" second="0" time="0" type="start" type_id="32"/>
</Commentary>
