<?xml version="1.0" ?>
<Commentary away_team_name="Norwich" competition="English Premier League" game_date="2011-10-15" home_team_name="Swansea" lang_id="en" season="Season 2011/2012" season_id="2011" sport_id="1" sport_name="Football">
	<message comment="Second half ends" minute="95" period="2" second="5" time="99" type="end" type_id="30"/>
	<message comment="Grant Holt is caught offside" minute="92" period="2" time="96" type="offside" type_id="10000"/>
	<message comment="Leroy Lita misses attempt (To the right, 6-yard box, Head, Open play)" minute="88" period="2" second="31" time="92" type="attempt missed" type_id="13"/>
	<message comment="Leon Barnett misses attempt (To the left, 18-yard box, Head, From corner)" minute="87" period="2" second="6" time="91" type="attempt missed" type_id="13"/>
	<message comment="David Fox wins a corner (To the right)" minute="86" period="2" second="38" time="90" type="corner" type_id="6"/>
	<message comment="Andrew Crofts is substituted on" minute="78" period="2" second="52" time="82" type="substitution on" type_id="19"/>
	<message comment="Wes Hoolahan is substituted off" minute="78" period="2" second="52" time="82" type="substitution off" type_id="18"/>
	<message comment="Elliott Bennett misses attempt (High, Out of box, Left footed, Open play)" minute="78" period="2" second="10" time="82" type="attempt missed" type_id="13"/>
	<message comment="John Ruddy makes a save (Standing)" minute="74" period="2" second="49" time="78" type="save made" type_id="10"/>
	<message comment="Stephen Dobbie has attempt saved (High to the right, 18-yard box, Head, Open play)" minute="74" period="2" second="49" time="78" type="attempt blocked" type_id="15"/>
	<message comment="Stephen Dobbie misses attempt (To the right, 18-yard box, Right footed, Open play)" minute="74" period="2" second="47" time="78" type="attempt missed" type_id="13"/>
	<message comment="Neil Taylor is substituted off" minute="73" period="2" second="57" time="77" type="substitution off" type_id="18"/>
	<message comment="Jazz Richards is substituted on" minute="73" period="2" second="57" time="77" type="substitution on" type_id="19"/>
	<message comment="Stephen Dobbie misses attempt (High to the right, Out of box, Right footed, Open play)" minute="73" period="2" second="15" time="77" type="attempt missed" type_id="13"/>
	<message comment="Grant Holt has attempt saved (Low to the right, Out of box, Right footed, Open play)" minute="71" period="2" second="45" time="75" type="attempt blocked" type_id="15"/>
	<message comment="Michel Vorm makes a save (Diving, Parried into danger)" minute="71" period="2" second="45" time="75" type="save made" type_id="10"/>
	<message comment="Bradley Johnson has attempt saved (Low to the right, Out of box, Left footed, Open play)" minute="69" period="2" second="45" time="73" type="attempt blocked" type_id="15"/>
	<message comment="Michel Vorm makes a save (Collected, Diving)" minute="69" period="2" second="45" time="73" type="save made" type_id="10"/>
	<message comment="Nathan Dyer is substituted off" minute="68" period="2" second="50" time="72" type="substitution off" type_id="18"/>
	<message comment="Leroy Lita is substituted on" minute="68" period="2" second="50" time="72" type="substitution on" type_id="19"/>
	<message comment="Scott Sinclair misses attempt (High, Out of box, Left footed, Open play)" minute="68" period="2" second="16" time="72" type="attempt missed" type_id="13"/>
	<message comment="Steve Morison is substituted off" minute="66" period="2" second="30" time="70" type="substitution off" type_id="18"/>
	<message comment="Grant Holt is substituted on" minute="66" period="2" second="30" time="70" type="substitution on" type_id="19"/>
	<message comment="GOAL! Anthony Pilkington scores , Assisted by Bradley Johnson (Low to the right, 6-yard box, Big Chance, Right footed, From corner)" minute="62" period="2" second="58" time="66" type="goal scored" type_id="16"/>
	<message comment="Russell Martin wins a corner (To the left)" minute="62" period="2" second="27" time="66" type="corner" type_id="6"/>
	<message comment="Wayne Routledge is substituted off" minute="59" period="2" second="56" time="63" type="substitution off" type_id="18"/>
	<message comment="Stephen Dobbie is substituted on" minute="59" period="2" second="56" time="63" type="substitution on" type_id="19"/>
	<message comment="Marc Tierney wins a corner (To the left)" minute="58" period="2" second="40" time="62" type="corner" type_id="6"/>
	<message comment="Scott Sinclair misses attempt (To the left, Out of box, Right footed, Open play)" minute="57" period="2" second="3" time="61" type="attempt missed" type_id="13"/>
	<message comment="Anthony Pilkington misses attempt (High to the right, Out of box, Left footed, Open play)" minute="55" period="2" second="56" time="59" type="attempt missed" type_id="13"/>
	<message comment="Bradley Johnson misses attempt (High to the left, 18-yard box, Left footed, Open play)" minute="54" period="2" second="59" time="58" type="attempt missed" type_id="13"/>
	<message comment="Steve Morison misses attempt (To the left, 18-yard box, Other body part, Open play)" minute="54" period="2" second="51" time="58" type="attempt missed" type_id="13"/>
	<message comment="Bradley Johnson misses attempt (To the right, Out of box, Left footed, Open play)" minute="51" period="2" second="30" time="55" type="attempt missed" type_id="13"/>
	<message comment="Bradley Johnson misses attempt (To the right, 6-yard box, Head, From corner)" minute="49" period="2" second="23" time="53" type="attempt missed" type_id="13"/>
	<message comment="Steve Morison wins a corner (To the left)" minute="48" period="2" second="53" time="52" type="corner" type_id="6"/>
	<message comment="Second half begins!" minute="45" period="2" second="0" time="49" type="start" type_id="32"/>
	<message comment="First half ends" minute="48" period="1" second="7" time="48" type="end" type_id="30"/>
	<message comment="Marc Tierney blocks a shot" minute="47" period="1" second="2" time="47" type="save made" type_id="10"/>
	<message comment="Danny Graham has shot blocked (Out of box, Right footed, Open play)" minute="47" period="1" second="2" time="47" type="attempt blocked" type_id="15"/>
	<message comment="Danny Graham is caught offside" minute="43" period="1" time="43" type="offside" type_id="10000"/>
	<message comment="Scott Sinclair wins a corner (To the left)" minute="37" period="1" second="24" time="37" type="corner" type_id="6"/>
	<message comment="Wayne Routledge wins a corner (To the right)" minute="36" period="1" second="11" time="36" type="corner" type_id="6"/>
	<message comment="David Fox misses attempt (High to the right, Out of box, Right footed, Open play)" minute="33" period="1" second="47" time="33" type="attempt missed" type_id="13"/>
	<message comment="Steve Morison has attempt saved (Low to the right, 18-yard box, Left footed, Fast break)" minute="32" period="1" second="6" time="32" type="attempt blocked" type_id="15"/>
	<message comment="Michel Vorm makes a save (Parried safe, Diving)" minute="32" period="1" second="6" time="32" type="save made" type_id="10"/>
	<message comment="Anthony Pilkington misses attempt (18-yard box, Left footed, Open play)" minute="29" period="1" second="26" time="29" type="attempt missed" type_id="13"/>
	<message comment="Scott Sinclair wins a corner (To the left)" minute="28" period="1" second="21" time="28" type="corner" type_id="6"/>
	<message comment="Scott Sinclair misses attempt (To the left, Out of box, Right footed, Open play)" minute="25" period="1" second="36" time="25" type="attempt missed" type_id="13"/>
	<message comment="Angel Rangel misses attempt (High, Out of box, Right footed, Open play)" minute="24" period="1" second="56" time="24" type="attempt missed" type_id="13"/>
	<message comment="Steve Morison misses attempt (To the left, Out of box, Right footed, Open play)" minute="22" period="1" second="22" time="22" type="attempt missed" type_id="13"/>
	<message comment="Angel Rangel blocks a shot" minute="19" period="1" second="40" time="19" type="save made" type_id="10"/>
	<message comment="Elliott Bennett has shot blocked (Out of box, Left footed, Open play)" minute="19" period="1" second="40" time="19" type="attempt blocked" type_id="15"/>
	<message comment="Danny Graham is caught offside" minute="17" period="1" time="17" type="offside" type_id="10000"/>
	<message comment="Russell Martin blocks a shot" minute="13" period="1" second="20" time="13" type="save made" type_id="10"/>
	<message comment="Angel Rangel has shot blocked (Out of box, Right footed, From corner)" minute="13" period="1" second="20" time="13" type="attempt blocked" type_id="15"/>
	<message comment="Nathan Dyer wins a corner (To the right)" minute="12" period="1" second="54" time="12" type="corner" type_id="6"/>
	<message comment="GOAL! Danny Graham scores  (Low to the right, 18-yard box, Left footed, Open play)" minute="11" period="1" second="22" time="11" type="goal scored" type_id="16"/>
	<message comment="GOAL! Russell Martin scores , Assisted by David Fox (High to the right, 18-yard box, Big Chance, Head, Set piece)" minute="9" period="1" second="16" time="9" type="goal scored" type_id="16"/>
	<message comment="Formation Set" minute="0" period="14" second="0" time="9" type="end" type_id="30"/>
	<message comment="John Ruddy makes a save (Collected)" minute="6" period="1" second="59" time="6" type="save made" type_id="10"/>
	<message comment="Wayne Routledge has attempt saved (Low to the centre, Out of box, Left footed, Open play)" minute="6" period="1" second="59" time="6" type="attempt blocked" type_id="15"/>
	<message comment="Garry Monk recieves a yellow card" minute="3" period="1" second="41" time="3" type="card received" type_id="17"/>
	<message comment="GOAL! Anthony Pilkington scores , Assisted by Steve Morison (Low to the left, 18-yard box, Big Chance, Left footed, Open play)" minute="0" period="1" second="48" time="0" type="goal scored" type_id="16"/>
	<message comment="David Fox has shot blocked (Out of box, Right footed, Open play)" minute="0" period="1" second="42" time="0" type="attempt blocked" type_id="15"/>
	<message comment="Ashley Williams blocks a shot" minute="0" period="1" second="42" time="0" type="save made" type_id="10"/>
	<message comment="First half begins!" minute="0" period="1" second="0" time="0" type="start" type_id="32"/>
</Commentary>
