<?xml version="1.0" ?>
<Commentary away_team_name="Norwich" competition="English Premier League" game_date="2014-05-11" home_team_name="Arsenal" lang_id="en" season="Season 2013/2014" season_id="2013" sport_id="1" sport_name="Football">
	<message comment="Second half ends" minute="92" period="2" second="6" time="94" type="end" type_id="30"/>
	<message comment="Mesut Özil wins a corner (To the left)" minute="91" period="2" second="53" time="93" type="corner" type_id="6"/>
	<message comment="Elliott Bennett has attempt saved (Low to the centre, Out of box, Right footed, Open play)" minute="91" period="2" second="16" time="93" type="attempt blocked" type_id="15"/>
	<message comment="Lukasz Fabianski makes a save (Diving, Parried into danger)" minute="91" period="2" second="16" time="93" type="save made" type_id="10"/>
	<message comment="John Ruddy makes a save (Parried safe, Diving)" minute="87" period="2" second="26" time="89" type="save made" type_id="10"/>
	<message comment="Yaya Sanogo has attempt saved (Low to the left, 18-yard box, Left footed, Open play)" minute="87" period="2" second="26" time="89" type="attempt blocked" type_id="15"/>
	<message comment="John Ruddy makes a save (Standing, Collected)" minute="85" period="2" second="50" time="87" type="save made" type_id="10"/>
	<message comment="Jack Wilshere has attempt saved (Low to the left, 18-yard box, Right footed, Open play)" minute="85" period="2" second="50" time="87" type="attempt blocked" type_id="15"/>
	<message comment="Robert Snodgrass wins a corner (To the left)" minute="82" period="2" second="10" time="84" type="corner" type_id="6"/>
	<message comment="Robert Snodgrass has attempt saved (Low to the centre, 18-yard box, Right footed, Open play)" minute="82" period="2" second="7" time="84" type="attempt blocked" type_id="15"/>
	<message comment="Lukasz Fabianski makes a save (Diving, Parried safe)" minute="82" period="2" second="7" time="84" type="save made" type_id="10"/>
	<message comment="Robert Snodgrass misses attempt (18-yard box, Right footed, Open play)" minute="81" period="2" second="16" time="83" type="attempt missed" type_id="13"/>
	<message comment="John Ruddy makes a save (Diving)" minute="80" period="2" second="37" time="82" type="save made" type_id="10"/>
	<message comment="Mikel Arteta has attempt saved (Low to the left, Out of box, Right footed, Free kick)" minute="80" period="2" second="37" time="82" type="attempt blocked" type_id="15"/>
	<message comment="Ryan Bennett recieves a yellow card" minute="79" period="2" second="48" time="81" type="card received" type_id="17"/>
	<message comment="Elliott Bennett has attempt saved (Low to the left, 18-yard box, Right footed, Open play)" minute="79" period="2" second="27" time="81" type="attempt blocked" type_id="15"/>
	<message comment="Lukasz Fabianski makes a save (Collected, Diving)" minute="79" period="2" second="27" time="81" type="save made" type_id="10"/>
	<message comment="Jamar Loza has attempt saved (High to the left, 18-yard box, Right footed, Open play)" minute="77" period="2" second="0" time="79" type="attempt blocked" type_id="15"/>
	<message comment="Lukasz Fabianski makes a save (Parried into danger, Diving)" minute="77" period="2" second="0" time="79" type="save made" type_id="10"/>
	<message comment="Nathan Redmond is substituted off" minute="75" period="2" second="4" time="77" type="substitution off" type_id="18"/>
	<message comment="Elliott Bennett is substituted on" minute="75" period="2" second="4" time="77" type="substitution on" type_id="19"/>
	<message comment="Olivier Giroud is substituted off" minute="73" period="2" second="59" time="75" type="substitution off" type_id="18"/>
	<message comment="Yaya Sanogo is substituted on" minute="73" period="2" second="59" time="75" type="substitution on" type_id="19"/>
	<message comment="Tomas Rosicky is substituted off" minute="73" period="2" second="40" time="75" type="substitution off" type_id="18"/>
	<message comment="Abou Diaby is substituted on" minute="73" period="2" second="40" time="75" type="substitution on" type_id="19"/>
	<message comment="Martin Olsson wins a corner (To the left)" minute="65" period="2" second="39" time="67" type="corner" type_id="6"/>
	<message comment="Aaron Ramsey is substituted off" minute="62" period="2" second="49" time="64" type="substitution off" type_id="18"/>
	<message comment="Jack Wilshere is substituted on" minute="62" period="2" second="49" time="64" type="substitution on" type_id="19"/>
	<message comment="GOAL! Carl Jenkinson scores  (Low to the left, 18-yard box, Right footed, Open play)" minute="61" period="2" second="33" time="63" type="goal scored" type_id="16"/>
	<message comment="Jonny Howson blocks a shot" minute="61" period="2" second="31" time="63" type="save made" type_id="10"/>
	<message comment="Lukas Podolski has shot blocked (18-yard box, Left footed, Open play)" minute="61" period="2" second="31" time="63" type="attempt blocked" type_id="15"/>
	<message comment="Nathan Redmond misses attempt (High to the right, Out of box, Right footed, Open play)" minute="59" period="2" second="53" time="61" type="attempt missed" type_id="13"/>
	<message comment="Alexander Tettey is substituted off" minute="57" period="2" second="49" time="59" type="substitution off" type_id="18"/>
	<message comment="Jamar Loza is substituted on" minute="57" period="2" second="49" time="59" type="substitution on" type_id="19"/>
	<message comment="Johan Elmander is substituted off" minute="57" period="2" second="40" time="59" type="substitution off" type_id="18"/>
	<message comment="Gary Hooper is substituted on" minute="57" period="2" second="40" time="59" type="substitution on" type_id="19"/>
	<message comment="GOAL! Aaron Ramsey scores , Assisted by Olivier Giroud (High to the left, 18-yard box, Right footed, Open play)" minute="52" period="2" second="47" time="54" type="goal scored" type_id="16"/>
	<message comment="Lukas Podolski misses attempt (6-yard box, Head, From corner)" minute="50" period="2" second="13" time="52" type="attempt missed" type_id="13"/>
	<message comment="Carl Jenkinson wins a corner (To the right)" minute="49" period="2" second="49" time="51" type="corner" type_id="6"/>
	<message comment="Second half begins!" minute="45" period="2" second="0" time="47" type="start" type_id="32"/>
	<message comment="First half ends" minute="46" period="1" second="4" time="46" type="end" type_id="30"/>
	<message comment="Robert Snodgrass has shot blocked (Out of box, Left footed, Open play)" minute="45" period="1" second="41" time="45" type="attempt blocked" type_id="15"/>
	<message comment="Johan Elmander is caught offside" minute="45" period="1" time="45" type="offside" type_id="10000"/>
	<message comment="John Ruddy makes a save (Parried safe, Diving)" minute="40" period="1" second="0" time="40" type="save made" type_id="10"/>
	<message comment="Olivier Giroud has attempt saved (High to the left, Out of box, Left footed, Open play)" minute="40" period="1" second="0" time="40" type="attempt blocked" type_id="15"/>
	<message comment="Martin Olsson misses attempt (To the right, Out of box, Left footed, Open play)" minute="34" period="1" second="55" time="34" type="attempt missed" type_id="13"/>
	<message comment="Michael Turner blocks a shot" minute="34" period="1" second="36" time="34" type="save made" type_id="10"/>
	<message comment="Aaron Ramsey has shot blocked (18-yard box, Right footed, Open play)" minute="34" period="1" second="36" time="34" type="attempt blocked" type_id="15"/>
	<message comment="Olivier Giroud misses attempt (To the right, 18-yard box, Left footed, From corner)" minute="34" period="1" second="7" time="34" type="attempt missed" type_id="13"/>
	<message comment="Mesut Özil wins a corner (To the left)" minute="33" period="1" second="39" time="33" type="corner" type_id="6"/>
	<message comment="Olivier Giroud misses attempt (To the right, 18-yard box, Head, From corner)" minute="31" period="1" second="1" time="31" type="attempt missed" type_id="13"/>
	<message comment="Olivier Giroud wins a corner (To the left)" minute="30" period="1" second="30" time="30" type="corner" type_id="6"/>
	<message comment="John Ruddy makes a save (Parried safe, Diving)" minute="30" period="1" second="28" time="30" type="save made" type_id="10"/>
	<message comment="Olivier Giroud has attempt saved (High to the left, 18-yard box, Big Chance, Right footed, Open play)" minute="30" period="1" second="28" time="30" type="attempt blocked" type_id="15"/>
	<message comment="Lukas Podolski wins a corner (To the left)" minute="26" period="1" second="51" time="26" type="corner" type_id="6"/>
	<message comment="John Ruddy makes a save (Diving, Parried safe, Other body part)" minute="26" period="1" second="49" time="26" type="save made" type_id="10"/>
	<message comment="Lukas Podolski has attempt saved (Low to the centre, 6-yard box, Big Chance, Left footed, Open play)" minute="26" period="1" second="49" time="26" type="attempt blocked" type_id="15"/>
	<message comment="Lukas Podolski misses attempt (To the right, Out of box, Left footed, Open play)" minute="21" period="1" second="43" time="21" type="attempt missed" type_id="13"/>
	<message comment="Alexander Tettey misses attempt (High, Out of box, Right footed, Open play)" minute="17" period="1" second="51" time="17" type="attempt missed" type_id="13"/>
	<message comment="Nathan Redmond wins a corner (To the left)" minute="17" period="1" second="21" time="17" type="corner" type_id="6"/>
	<message comment="Nathan Redmond has attempt saved (High to the left, Out of box, Right footed, Open play)" minute="17" period="1" second="18" time="17" type="attempt blocked" type_id="15"/>
	<message comment="Lukasz Fabianski makes a save (Diving, Parried safe)" minute="17" period="1" second="18" time="17" type="save made" type_id="10"/>
	<message comment="Nathan Redmond is caught offside" minute="8" period="1" time="8" type="offside" type_id="10000"/>
	<message comment="Lukas Podolski is caught offside" minute="7" period="1" time="7" type="offside" type_id="10000"/>
	<message comment="Russell Martin wins a corner (To the right)" minute="5" period="1" second="47" time="5" type="corner" type_id="6"/>
	<message comment="Nathan Redmond has shot blocked (Out of box, Right footed, Open play)" minute="4" period="1" second="50" time="4" type="attempt blocked" type_id="15"/>
	<message comment="Carl Jenkinson blocks a shot" minute="4" period="1" second="50" time="4" type="save made" type_id="10"/>
	<message comment="Johan Elmander is caught offside" minute="4" period="1" time="4" type="offside" type_id="10000"/>
	<message comment="Formation Set" minute="0" period="14" second="0" time="4" type="end" type_id="30"/>
	<message comment="First half begins!" minute="0" period="1" second="0" time="0" type="start" type_id="32"/>
</Commentary>
