<?xml version="1.0" ?>
<Commentary away_team_name="Queens Park Rangers" competition="English Premier League" game_date="2012-02-25" home_team_name="Fulham" lang_id="en" season="Season 2011/2012" season_id="2011" sport_id="1" sport_name="Football">
	<message comment="Second half ends" minute="94" period="2" second="45" time="96" type="end" type_id="30"/>
	<message comment="Mousa Dembélé wins a corner (To the left)" minute="92" period="2" second="21" time="94" type="corner" type_id="6"/>
	<message comment="Nedum Onuoha blocks a shot" minute="92" period="2" second="18" time="94" type="save made" type_id="10"/>
	<message comment="Mousa Dembélé has shot blocked (18-yard box, Left footed, Open play)" minute="92" period="2" second="18" time="94" type="attempt blocked" type_id="15"/>
	<message comment="Dickson Etuhu misses attempt (Out of box, Right footed, Open play)" minute="89" period="2" second="41" time="91" type="attempt missed" type_id="13"/>
	<message comment="Pavel Pogrebnyak is caught offside" minute="89" period="2" time="91" type="offside" type_id="10000"/>
	<message comment="Chris Baird recieves a yellow card" minute="84" period="2" second="8" time="86" type="card received" type_id="17"/>
	<message comment="Shaun Wright-Phillips is substituted off" minute="83" period="2" second="0" time="85" type="substitution off" type_id="18"/>
	<message comment="Ákos Buzsáky is substituted on" minute="83" period="2" second="0" time="85" type="substitution on" type_id="19"/>
	<message comment="Shaun Wright-Phillips misses attempt (6-yard box, Big Chance, Right footed, Open play)" minute="82" period="2" second="23" time="84" type="attempt missed" type_id="13"/>
	<message comment="Andrew Johnson is substituted off" minute="81" period="2" second="1" time="83" type="substitution off" type_id="18"/>
	<message comment="Dickson Etuhu is substituted on" minute="81" period="2" second="1" time="83" type="substitution on" type_id="19"/>
	<message comment="Jamie Mackie wins a corner (To the right)" minute="79" period="2" second="49" time="81" type="corner" type_id="6"/>
	<message comment="Bryan Ruiz is substituted off" minute="78" period="2" second="7" time="80" type="substitution off" type_id="18"/>
	<message comment="Damien Duff is substituted on" minute="78" period="2" second="7" time="80" type="substitution on" type_id="19"/>
	<message comment="Andrew Johnson is caught offside" minute="77" period="2" time="79" type="offside" type_id="10000"/>
	<message comment="Danny Murphy is substituted off" minute="73" period="2" second="49" time="75" type="substitution off" type_id="18"/>
	<message comment="Chris Baird is substituted on" minute="73" period="2" second="49" time="75" type="substitution on" type_id="19"/>
	<message comment="Taye Taiwo is substituted off" minute="71" period="2" second="59" time="73" type="substitution off" type_id="18"/>
	<message comment="Armand Traore is substituted on" minute="71" period="2" second="59" time="73" type="substitution on" type_id="19"/>
	<message comment="John Arne Riise recieves a yellow card" minute="68" period="2" second="46" time="70" type="card received" type_id="17"/>
	<message comment="Jamie Mackie misses attempt (18-yard box, Right footed, Open play)" minute="68" period="2" second="30" time="70" type="attempt missed" type_id="13"/>
	<message comment="Taye Taiwo has shot blocked (Out of box, Left footed, From corner)" minute="65" period="2" second="8" time="67" type="attempt blocked" type_id="15"/>
	<message comment="Stephen Kelly blocks a shot" minute="65" period="2" second="8" time="67" type="save made" type_id="10"/>
	<message comment="Mousa Dembélé recieves a yellow card" minute="64" period="2" second="44" time="66" type="card received" type_id="17"/>
	<message comment="Nedum Onuoha wins a corner (To the right)" minute="64" period="2" second="30" time="66" type="corner" type_id="6"/>
	<message comment="Clint Dempsey misses attempt (High to the right, 18-yard box, Right footed, Throw-in)" minute="59" period="2" second="48" time="61" type="attempt missed" type_id="13"/>
	<message comment="Joey Barton wins a corner (To the right)" minute="58" period="2" second="20" time="60" type="corner" type_id="6"/>
	<message comment="Joey Barton has shot blocked (Out of box, Left footed, Open play)" minute="58" period="2" second="16" time="60" type="attempt blocked" type_id="15"/>
	<message comment="Andrew Johnson blocks a shot" minute="58" period="2" second="16" time="60" type="save made" type_id="10"/>
	<message comment="Shaun Wright-Phillips wins a corner (To the right)" minute="56" period="2" second="18" time="58" type="corner" type_id="6"/>
	<message comment="Clint Hill misses attempt (High to the right, 6-yard box, Head, From corner)" minute="54" period="2" second="58" time="56" type="attempt missed" type_id="13"/>
	<message comment="Adel Taarabt wins a corner (To the left)" minute="54" period="2" second="37" time="56" type="corner" type_id="6"/>
	<message comment="Pavel Pogrebnyak is caught offside" minute="54" period="2" time="56" type="offside" type_id="10000"/>
	<message comment="Pavel Pogrebnyak misses attempt (To the left, Out of box, Left footed, Open play)" minute="51" period="2" second="7" time="53" type="attempt missed" type_id="13"/>
	<message comment="Andrew Johnson wins a corner (To the right)" minute="49" period="2" second="38" time="51" type="corner" type_id="6"/>
	<message comment="Adel Taarabt misses attempt (Out of box, Right footed, Open play)" minute="48" period="2" second="34" time="50" type="attempt missed" type_id="13"/>
	<message comment="Adel Taarabt has attempt saved (Low to the centre, Out of box, Left footed, Open play)" minute="47" period="2" second="8" time="49" type="attempt blocked" type_id="15"/>
	<message comment="Mark Schwarzer makes a save (Collected)" minute="47" period="2" second="8" time="49" type="save made" type_id="10"/>
	<message comment="Second half begins!" minute="45" period="2" second="0" time="47" type="start" type_id="32"/>
	<message comment="First half ends" minute="46" period="1" second="16" time="46" type="end" type_id="30"/>
	<message comment="Taye Taiwo misses attempt (To the right, 18-yard box, Left footed, Open play)" minute="42" period="1" second="55" time="42" type="attempt missed" type_id="13"/>
	<message comment="Nedum Onuoha blocks a shot" minute="42" period="1" second="13" time="42" type="save made" type_id="10"/>
	<message comment="Andrew Johnson has shot blocked (18-yard box, Left footed, Open play)" minute="42" period="1" second="13" time="42" type="attempt blocked" type_id="15"/>
	<message comment="Joey Barton misses attempt (High, 18-yard box, Big Chance, Right footed, Open play)" minute="39" period="1" second="46" time="39" type="attempt missed" type_id="13"/>
	<message comment="Andrew Johnson wins a corner (To the left)" minute="38" period="1" second="2" time="38" type="corner" type_id="6"/>
	<message comment="Samba Diakité recieves a red card after receiving second yellow card" minute="32" period="1" second="53" time="32" type="card received" type_id="17"/>
	<message comment="Paddy Kenny makes a save (Diving, Parried safe)" minute="31" period="1" second="11" time="31" type="save made" type_id="10"/>
	<message comment="Danny Murphy has attempt saved (Low to the centre, 18-yard box, Left footed, From corner)" minute="31" period="1" second="11" time="31" type="attempt blocked" type_id="15"/>
	<message comment="Clint Dempsey wins a corner (To the right)" minute="30" period="1" second="39" time="30" type="corner" type_id="6"/>
	<message comment="Adel Taarabt misses attempt (Out of box, Right footed, Open play)" minute="26" period="1" second="57" time="26" type="attempt missed" type_id="13"/>
	<message comment="Shaun Wright-Phillips has attempt saved (Low to the left, Out of box, Right footed, Open play)" minute="25" period="1" second="46" time="25" type="attempt blocked" type_id="15"/>
	<message comment="Mark Schwarzer makes a save (Diving, Parried into danger)" minute="25" period="1" second="46" time="25" type="save made" type_id="10"/>
	<message comment="Bobby Zamora is caught offside" minute="25" period="1" time="25" type="offside" type_id="10000"/>
	<message comment="Andrew Johnson wins a corner (To the left)" minute="22" period="1" second="35" time="22" type="corner" type_id="6"/>
	<message comment="Taye Taiwo has attempt saved (Low to the centre, Out of box, Left footed, Free kick)" minute="21" period="1" second="58" time="21" type="attempt blocked" type_id="15"/>
	<message comment="Mark Schwarzer makes a save (Collected)" minute="21" period="1" second="58" time="21" type="save made" type_id="10"/>
	<message comment="Samba Diakité recieves a yellow card" minute="19" period="1" second="32" time="19" type="card received" type_id="17"/>
	<message comment="Adel Taarabt has attempt saved (Low to the left, Out of box, Right footed, Open play)" minute="18" period="1" second="46" time="18" type="attempt blocked" type_id="15"/>
	<message comment="Mark Schwarzer makes a save (Collected)" minute="18" period="1" second="46" time="18" type="save made" type_id="10"/>
	<message comment="Adel Taarabt wins a corner (To the left)" minute="16" period="1" second="14" time="16" type="corner" type_id="6"/>
	<message comment="Adel Taarabt has attempt saved (Low to the right, Out of box, Right footed, Open play)" minute="15" period="1" second="41" time="15" type="attempt blocked" type_id="15"/>
	<message comment="Mark Schwarzer makes a save (Collected)" minute="15" period="1" second="41" time="15" type="save made" type_id="10"/>
	<message comment="Jamie Mackie is caught offside" minute="15" period="1" time="15" type="offside" type_id="10000"/>
	<message comment="Jamie Mackie misses attempt (18-yard box, Right footed, Open play)" minute="11" period="1" second="7" time="11" type="attempt missed" type_id="13"/>
	<message comment="Clint Dempsey misses attempt (18-yard box, Right footed, Open play)" minute="10" period="1" second="3" time="10" type="attempt missed" type_id="13"/>
	<message comment="Pavel Pogrebnyak recieves a yellow card" minute="7" period="1" second="10" time="7" type="card received" type_id="17"/>
	<message comment="GOAL! Pavel Pogrebnyak scores , Assisted by Mousa Dembélé (Low to the centre, 6-yard box, Big Chance, Left footed, Open play)" minute="6" period="1" second="18" time="6" type="goal scored" type_id="16"/>
	<message comment="Formation Set" minute="0" period="14" second="0" time="6" type="end" type_id="30"/>
	<message comment="Mark Schwarzer makes a save (Collected)" minute="2" period="1" second="10" time="2" type="save made" type_id="10"/>
	<message comment="Taye Taiwo has attempt saved (Low to the left, Out of box, Right footed, Set piece)" minute="2" period="1" second="10" time="2" type="attempt blocked" type_id="15"/>
	<message comment="Andrew Johnson is caught offside" minute="2" period="1" time="2" type="offside" type_id="10000"/>
	<message comment="Mark Schwarzer makes a save (Collected)" minute="1" period="1" second="20" time="1" type="save made" type_id="10"/>
	<message comment="Adel Taarabt has attempt saved (Low to the left, Out of box, Right footed, Open play)" minute="1" period="1" second="20" time="1" type="attempt blocked" type_id="15"/>
	<message comment="First half begins!" minute="0" period="1" second="0" time="0" type="start" type_id="32"/>
</Commentary>
