<?xml version="1.0" ?>
<Commentary away_team_name="Queens Park Rangers" competition="English Premier League" game_date="2012-08-18" home_team_name="Swansea" lang_id="en" season="Season 2012/2013" season_id="2012" sport_id="1" sport_name="Football">
	<message comment="Second half ends" minute="94" period="2" second="11" time="97" type="end" type_id="30"/>
	<message comment="Chico Flores blocks a shot" minute="94" period="2" second="10" time="97" type="save made" type_id="10"/>
	<message comment="Park Ji-Sung has shot blocked (Out of box, Right footed, From corner)" minute="94" period="2" second="10" time="97" type="attempt blocked" type_id="15"/>
	<message comment="Adel Taarabt wins a corner (To the left)" minute="93" period="2" second="44" time="96" type="corner" type_id="6"/>
	<message comment="Adel Taarabt has shot blocked (Out of box, Right footed, Open play)" minute="93" period="2" second="40" time="96" type="attempt blocked" type_id="15"/>
	<message comment="Chico Flores blocks a shot" minute="93" period="2" second="40" time="96" type="save made" type_id="10"/>
	<message comment="Scott Sinclair is caught offside" minute="90" period="2" time="93" type="offside" type_id="10000"/>
	<message comment="Shaun Wright-Phillips misses attempt (High, 18-yard box, Right footed, Open play)" minute="87" period="2" second="58" time="90" type="attempt missed" type_id="13"/>
	<message comment="Samba Diakité is substituted off" minute="85" period="2" second="22" time="88" type="substitution off" type_id="18"/>
	<message comment="Shaun Derry is substituted on" minute="85" period="2" second="22" time="88" type="substitution on" type_id="19"/>
	<message comment="Danny Graham wins a corner (To the left)" minute="84" period="2" second="49" time="87" type="corner" type_id="6"/>
	<message comment="Michu is substituted off" minute="83" period="2" second="48" time="86" type="substitution off" type_id="18"/>
	<message comment="Mark Gower is substituted on" minute="83" period="2" second="48" time="86" type="substitution on" type_id="19"/>
	<message comment="GOAL! Scott Sinclair scores , Assisted by Michu (Low to the right, 18-yard box, Left footed, Open play)" minute="80" period="2" second="19" time="83" type="goal scored" type_id="16"/>
	<message comment="Samba Diakité misses attempt (High to the right, Out of box, Right footed, Open play)" minute="78" period="2" second="34" time="81" type="attempt missed" type_id="13"/>
	<message comment="Adel Taarabt has shot blocked (Out of box, Left footed, Open play)" minute="77" period="2" second="28" time="80" type="attempt blocked" type_id="15"/>
	<message comment="Chico Flores blocks a shot" minute="77" period="2" second="28" time="80" type="save made" type_id="10"/>
	<message comment="Djibril Cissé is substituted off" minute="77" period="2" second="5" time="80" type="substitution off" type_id="18"/>
	<message comment="Andrew Johnson is substituted on" minute="77" period="2" second="5" time="80" type="substitution on" type_id="19"/>
	<message comment="Nathan Dyer is substituted off" minute="76" period="2" second="51" time="79" type="substitution off" type_id="18"/>
	<message comment="Scott Sinclair is substituted on" minute="76" period="2" second="51" time="79" type="substitution on" type_id="19"/>
	<message comment="Adel Taarabt wins a corner (To the left)" minute="75" period="2" second="24" time="78" type="corner" type_id="6"/>
	<message comment="Adel Taarabt has shot blocked (6-yard box, Right footed, Open play)" minute="75" period="2" second="22" time="78" type="attempt blocked" type_id="15"/>
	<message comment="Leon Britton blocks a shot" minute="75" period="2" second="22" time="78" type="save made" type_id="10"/>
	<message comment="Shaun Wright-Phillips has shot blocked (Out of box, Right footed, Open play)" minute="71" period="2" second="46" time="74" type="attempt blocked" type_id="15"/>
	<message comment="Ashley Williams blocks a shot" minute="71" period="2" second="46" time="74" type="save made" type_id="10"/>
	<message comment="GOAL! Nathan Dyer scores , Assisted by Kemy Agustien (Low to the centre, 18-yard box, Big Chance, Left footed, Open play)" minute="70" period="2" second="32" time="73" type="goal scored" type_id="16"/>
	<message comment="Jonathan de Guzmán is substituted off" minute="69" period="2" second="34" time="72" type="substitution off" type_id="18"/>
	<message comment="Kemy Agustien is substituted on" minute="69" period="2" second="34" time="72" type="substitution on" type_id="19"/>
	<message comment="Adel Taarabt has shot blocked (Out of box, Right footed, Open play)" minute="67" period="2" second="48" time="70" type="attempt blocked" type_id="15"/>
	<message comment="Ashley Williams blocks a shot" minute="67" period="2" second="48" time="70" type="save made" type_id="10"/>
	<message comment="David Junior Hoilett misses attempt (18-yard box, Left footed, Open play)" minute="66" period="2" second="1" time="69" type="attempt missed" type_id="13"/>
	<message comment="Jamie Mackie misses attempt (18-yard box, Right footed, Open play)" minute="65" period="2" second="19" time="68" type="attempt missed" type_id="13"/>
	<message comment="Robert Green makes a save (Diving)" minute="64" period="2" second="48" time="67" type="save made" type_id="10"/>
	<message comment="Danny Graham has attempt saved (Low to the left, 18-yard box, Right footed, Open play)" minute="64" period="2" second="48" time="67" type="attempt blocked" type_id="15"/>
	<message comment="Nedum Onuoha blocks a shot" minute="64" period="2" second="46" time="67" type="save made" type_id="10"/>
	<message comment="Danny Graham has shot blocked (18-yard box, Right footed, Open play)" minute="64" period="2" second="46" time="67" type="attempt blocked" type_id="15"/>
	<message comment="Clint Hill is substituted off" minute="63" period="2" second="55" time="66" type="substitution off" type_id="18"/>
	<message comment="Shaun Wright-Phillips is substituted on" minute="63" period="2" second="55" time="66" type="substitution on" type_id="19"/>
	<message comment="GOAL! Nathan Dyer scores , Assisted by Wayne Routledge (Low to the right, Out of box, Right footed, Fast break)" minute="62" period="2" second="45" time="65" type="goal scored" type_id="16"/>
	<message comment="Angel Rangel recieves a yellow card" minute="61" period="2" second="50" time="64" type="card received" type_id="17"/>
	<message comment="Danny Graham is caught offside" minute="61" period="2" time="64" type="offside" type_id="10000"/>
	<message comment="Fabio recieves a yellow card" minute="57" period="2" second="19" time="60" type="card received" type_id="17"/>
	<message comment="Samba Diakité recieves a yellow card" minute="54" period="2" second="16" time="57" type="card received" type_id="17"/>
	<message comment="GOAL! Michu scores , Assisted by Wayne Routledge (High to the left, 18-yard box, Left footed, Open play)" minute="52" period="2" second="33" time="55" type="goal scored" type_id="16"/>
	<message comment="Adel Taarabt wins a corner (To the right)" minute="48" period="2" second="2" time="51" type="corner" type_id="6"/>
	<message comment="Michu misses attempt (18-yard box, Head, Open play)" minute="47" period="2" second="16" time="50" type="attempt missed" type_id="13"/>
	<message comment="Nedum Onuoha misses attempt (To the right, Out of box, Right footed, Open play)" minute="46" period="2" second="3" time="49" type="attempt missed" type_id="13"/>
	<message comment="Second half begins!" minute="45" period="2" second="0" time="48" type="start" type_id="32"/>
	<message comment="First half ends" minute="47" period="1" second="14" time="47" type="end" type_id="30"/>
	<message comment="Wayne Routledge misses attempt (High to the left, 6-yard box, Right footed, Open play)" minute="44" period="1" second="23" time="44" type="attempt missed" type_id="13"/>
	<message comment="Chico Flores has shot blocked (18-yard box, Head, From corner)" minute="44" period="1" second="22" time="44" type="attempt blocked" type_id="15"/>
	<message comment="Michu hits the woodwork (High, 6-yard box, Big Chance, Left footed, From corner)" minute="44" period="1" second="20" time="44" type="woodwork hit" type_id="14"/>
	<message comment="Jonathan de Guzmán wins a corner (To the left)" minute="43" period="1" second="55" time="43" type="corner" type_id="6"/>
	<message comment="Jonathan de Guzmán recieves a yellow card" minute="40" period="1" second="30" time="40" type="card received" type_id="17"/>
	<message comment="Chico Flores hits the woodwork (High, 6-yard box, Head, From corner)" minute="40" period="1" second="3" time="40" type="woodwork hit" type_id="14"/>
	<message comment="Robert Green makes a save (Diving, Parried safe, From shot off target)" minute="39" period="1" second="31" time="39" type="save made" type_id="10"/>
	<message comment="Jonathan de Guzmán wins a corner (To the left)" minute="39" period="1" second="29" time="39" type="corner" type_id="6"/>
	<message comment="Jonathan de Guzmán misses attempt (Out of box, Right footed, Free kick)" minute="39" period="1" second="26" time="39" type="attempt missed" type_id="13"/>
	<message comment="Adel Taarabt has attempt saved (Low to the right, Out of box, Right footed, Open play)" minute="29" period="1" second="37" time="29" type="attempt blocked" type_id="15"/>
	<message comment="Michel Vorm makes a save (Parried into danger, Standing)" minute="29" period="1" second="37" time="29" type="save made" type_id="10"/>
	<message comment="Adel Taarabt has attempt saved (Low to the centre, Out of box, Right footed, Open play)" minute="27" period="1" second="31" time="27" type="attempt blocked" type_id="15"/>
	<message comment="Michel Vorm makes a save" minute="27" period="1" second="31" time="27" type="save made" type_id="10"/>
	<message comment="Samba Diakité has attempt saved (Low to the centre, Out of box, Right footed, From corner)" minute="25" period="1" second="18" time="25" type="attempt blocked" type_id="15"/>
	<message comment="Michel Vorm makes a save (Collected)" minute="25" period="1" second="18" time="25" type="save made" type_id="10"/>
	<message comment="Djibril Cissé wins a corner (To the right)" minute="24" period="1" second="49" time="24" type="corner" type_id="6"/>
	<message comment="David Junior Hoilett misses attempt (To the left, 18-yard box, Big Chance, Head, Open play)" minute="21" period="1" second="57" time="21" type="attempt missed" type_id="13"/>
	<message comment="Jamie Mackie wins a corner (To the right)" minute="21" period="1" second="6" time="21" type="corner" type_id="6"/>
	<message comment="Fabio misses attempt (Out of box, Right footed, Open play)" minute="15" period="1" second="51" time="15" type="attempt missed" type_id="13"/>
	<message comment="Samba Diakité has shot blocked (Out of box, Right footed, Open play)" minute="15" period="1" second="47" time="15" type="attempt blocked" type_id="15"/>
	<message comment="Leon Britton blocks a shot" minute="15" period="1" second="47" time="15" type="save made" type_id="10"/>
	<message comment="Adel Taarabt has shot blocked (18-yard box, Left footed, Open play)" minute="15" period="1" second="45" time="15" type="attempt blocked" type_id="15"/>
	<message comment="Angel Rangel blocks a shot" minute="15" period="1" second="45" time="15" type="save made" type_id="10"/>
	<message comment="David Junior Hoilett misses attempt (18-yard box, Right footed, Open play)" minute="13" period="1" second="22" time="13" type="attempt missed" type_id="13"/>
	<message comment="Jamie Mackie has attempt saved (Low to the centre, 18-yard box, Big Chance, Right footed, Open play)" minute="10" period="1" second="26" time="10" type="attempt blocked" type_id="15"/>
	<message comment="Michel Vorm makes a save (Parried into danger, Diving)" minute="10" period="1" second="26" time="10" type="save made" type_id="10"/>
	<message comment="Adel Taarabt has shot blocked (Out of box, Right footed, Open play)" minute="10" period="1" second="24" time="10" type="attempt blocked" type_id="15"/>
	<message comment="Ashley Williams blocks a shot" minute="10" period="1" second="24" time="10" type="save made" type_id="10"/>
	<message comment="GOAL! Michu scores  (Low to the right, Out of box, Left footed, Open play)" minute="7" period="1" second="33" time="7" type="goal scored" type_id="16"/>
	<message comment="Formation Set" minute="0" period="14" second="0" time="7" type="end" type_id="30"/>
	<message comment="First half begins!" minute="0" period="1" second="0" time="0" type="start" type_id="32"/>
</Commentary>
