<?xml version="1.0" ?>
<Commentary away_team_name="Queens Park Rangers" competition="English Premier League" game_date="2012-01-02" home_team_name="Norwich" lang_id="en" season="Season 2011/2012" season_id="2011" sport_id="1" sport_name="Football">
	<message comment="Second half ends" minute="93" period="2" second="17" time="96" type="end" type_id="30"/>
	<message comment="Alejandro Faurlin has shot blocked (Out of box, Left footed, Open play)" minute="87" period="2" second="37" time="90" type="attempt blocked" type_id="15"/>
	<message comment="David Fox blocks a shot" minute="87" period="2" second="37" time="90" type="save made" type_id="10"/>
	<message comment="Clint Hill is caught offside" minute="87" period="2" time="90" type="offside" type_id="10000"/>
	<message comment="Adel Taarabt is substituted off" minute="84" period="2" second="44" time="87" type="substitution off" type_id="18"/>
	<message comment="DJ Campbell is substituted on" minute="84" period="2" second="44" time="87" type="substitution on" type_id="19"/>
	<message comment="Luke Young wins a corner (To the right)" minute="83" period="2" second="35" time="86" type="corner" type_id="6"/>
	<message comment="GOAL! Steve Morison scores , Assisted by Wes Hoolahan (Low to the centre, 18-yard box, Right footed, Open play)" minute="82" period="2" second="3" time="85" type="goal scored" type_id="16"/>
	<message comment="Heidar Helguson is substituted off" minute="80" period="2" second="8" time="83" type="substitution off" type_id="18"/>
	<message comment="Federico Macheda is substituted on" minute="80" period="2" second="8" time="83" type="substitution on" type_id="19"/>
	<message comment="Paddy Kenny makes a save (Standing)" minute="77" period="2" second="6" time="80" type="save made" type_id="10"/>
	<message comment="Bradley Johnson has attempt saved (Low to the right, 18-yard box, Head, From corner)" minute="77" period="2" second="5" time="80" type="attempt blocked" type_id="15"/>
	<message comment="Elliott Bennett wins a corner (To the right)" minute="76" period="2" second="36" time="79" type="corner" type_id="6"/>
	<message comment="Steve Morison misses attempt (6-yard box, Head, Open play)" minute="74" period="2" second="24" time="77" type="attempt missed" type_id="13"/>
	<message comment="Alejandro Faurlin misses attempt (Out of box, Left footed, Throw-in)" minute="67" period="2" second="13" time="70" type="attempt missed" type_id="13"/>
	<message comment="Zak Whitbread wins a corner (To the right)" minute="66" period="2" second="36" time="69" type="corner" type_id="6"/>
	<message comment="Adam Drury is substituted off" minute="65" period="2" second="50" time="68" type="substitution off" type_id="18"/>
	<message comment="Wes Hoolahan is substituted on" minute="65" period="2" second="50" time="68" type="substitution on" type_id="19"/>
	<message comment="Shaun Wright-Phillips recieves a yellow card" minute="65" period="2" second="41" time="68" type="card received" type_id="17"/>
	<message comment="Grant Holt is substituted off" minute="65" period="2" second="40" time="68" type="substitution off" type_id="18"/>
	<message comment="Steve Morison is substituted on" minute="65" period="2" second="40" time="68" type="substitution on" type_id="19"/>
	<message comment="Simon Lappin is substituted off" minute="65" period="2" second="36" time="68" type="substitution off" type_id="18"/>
	<message comment="David Fox is substituted on" minute="65" period="2" second="36" time="68" type="substitution on" type_id="19"/>
	<message comment="Alejandro Faurlin wins a corner (To the right)" minute="64" period="2" second="4" time="67" type="corner" type_id="6"/>
	<message comment="Alejandro Faurlin has shot blocked (Out of box, Left footed, Open play)" minute="63" period="2" second="57" time="66" type="attempt blocked" type_id="15"/>
	<message comment="Zak Whitbread blocks a shot" minute="63" period="2" second="57" time="66" type="save made" type_id="10"/>
	<message comment="Grant Holt misses attempt (To the right, 18-yard box, Right footed, Open play)" minute="58" period="2" second="43" time="61" type="attempt missed" type_id="13"/>
	<message comment="Elliott Bennett has attempt saved (Low to the left, Out of box, Right footed, Open play)" minute="56" period="2" second="23" time="59" type="attempt blocked" type_id="15"/>
	<message comment="Paddy Kenny makes a save (Diving)" minute="56" period="2" second="21" time="59" type="save made" type_id="10"/>
	<message comment="Shaun Wright-Phillips misses attempt (To the right, 18-yard box, Right footed, Open play)" minute="53" period="2" second="56" time="56" type="attempt missed" type_id="13"/>
	<message comment="John Ruddy makes a save (Diving)" minute="53" period="2" second="38" time="56" type="save made" type_id="10"/>
	<message comment="Adel Taarabt has attempt saved (Low to the left, Out of box, Right footed, Free kick)" minute="53" period="2" second="34" time="56" type="attempt blocked" type_id="15"/>
	<message comment="Daniel Ayala recieves a yellow card" minute="52" period="2" second="55" time="55" type="card received" type_id="17"/>
	<message comment="Bradley Johnson misses attempt (High, Out of box, Left footed, Open play)" minute="49" period="2" second="52" time="52" type="attempt missed" type_id="13"/>
	<message comment="Simeon Jackson wins a corner (To the left)" minute="49" period="2" second="25" time="52" type="corner" type_id="6"/>
	<message comment="John Ruddy makes a save (Diving, Collected)" minute="45" period="2" second="50" time="48" type="save made" type_id="10"/>
	<message comment="Shaun Wright-Phillips has attempt saved (Low to the left, Out of box, Right footed, Open play)" minute="45" period="2" second="47" time="48" type="attempt blocked" type_id="15"/>
	<message comment="Jamie Mackie is substituted off" minute="45" period="2" second="0" time="48" type="substitution off" type_id="18"/>
	<message comment="Shaun Wright-Phillips is substituted on" minute="45" period="2" second="0" time="48" type="substitution on" type_id="19"/>
	<message comment="Second half begins!" minute="45" period="2" second="0" time="48" type="start" type_id="32"/>
	<message comment="First half ends" minute="47" period="1" second="41" time="47" type="end" type_id="30"/>
	<message comment="Daniel Ayala misses attempt (High, Out of box, Right footed, Open play)" minute="46" period="1" second="35" time="46" type="attempt missed" type_id="13"/>
	<message comment="Heidar Helguson recieves a yellow card" minute="45" period="1" second="46" time="45" type="card received" type_id="17"/>
	<message comment="GOAL! Anthony Pilkington scores , Assisted by Bradley Johnson (Low to the right, Out of box, Left footed, Open play)" minute="41" period="1" second="31" time="41" type="goal scored" type_id="16"/>
	<message comment="Bradley Johnson misses attempt (To the left, Out of box, Left footed, Open play)" minute="39" period="1" second="21" time="39" type="attempt missed" type_id="13"/>
	<message comment="Joey Barton recieves a red card" minute="35" period="1" second="16" time="35" type="card received" type_id="17"/>
	<message comment="Simeon Jackson wins a corner (To the left)" minute="33" period="1" second="15" time="33" type="corner" type_id="6"/>
	<message comment="Simeon Jackson has shot blocked (18-yard box, Left footed, Fast break)" minute="33" period="1" second="14" time="33" type="attempt blocked" type_id="15"/>
	<message comment="Danny Gabbidon blocks a shot" minute="33" period="1" second="14" time="33" type="save made" type_id="10"/>
	<message comment="Simeon Jackson misses attempt (18-yard box, Right footed, Open play)" minute="31" period="1" second="32" time="31" type="attempt missed" type_id="13"/>
	<message comment="Grant Holt misses attempt (To the right, Out of box, Right footed, Open play)" minute="24" period="1" second="19" time="24" type="attempt missed" type_id="13"/>
	<message comment="Bradley Johnson misses attempt (To the left, 18-yard box, Head, Set piece)" minute="23" period="1" second="37" time="23" type="attempt missed" type_id="13"/>
	<message comment="Paddy Kenny makes a save (Standing)" minute="17" period="1" second="8" time="17" type="save made" type_id="10"/>
	<message comment="Bradley Johnson has attempt saved (Low to the left, Out of box, Left footed, Throw-in)" minute="17" period="1" second="8" time="17" type="attempt blocked" type_id="15"/>
	<message comment="Grant Holt is caught offside" minute="15" period="1" time="15" type="offside" type_id="10000"/>
	<message comment="Shaun Derry has shot blocked (Out of box, Left footed, Open play)" minute="14" period="1" second="11" time="14" type="attempt blocked" type_id="15"/>
	<message comment="Elliott Bennett blocks a shot" minute="14" period="1" second="11" time="14" type="save made" type_id="10"/>
	<message comment="GOAL! Joey Barton scores , Assisted by Clint Hill (Low to the centre, 18-yard box, Right footed, Open play)" minute="10" period="1" second="16" time="10" type="goal scored" type_id="16"/>
	<message comment="Clint Hill blocks a shot" minute="7" period="1" second="3" time="7" type="save made" type_id="10"/>
	<message comment="Anthony Pilkington has shot blocked (Out of box, Left footed, Open play)" minute="7" period="1" second="3" time="7" type="attempt blocked" type_id="15"/>
	<message comment="Formation Set" minute="0" period="14" second="0" time="6" type="end" type_id="30"/>
	<message comment="Simon Lappin wins a corner (To the left)" minute="1" period="1" second="16" time="1" type="corner" type_id="6"/>
	<message comment="First half begins!" minute="0" period="1" second="0" time="0" type="start" type_id="32"/>
</Commentary>
