<?xml version="1.0" ?>
<Commentary away_team_name="Queens Park Rangers" competition="English Premier League" game_date="2012-03-03" home_team_name="Everton" lang_id="en" season="Season 2011/2012" season_id="2011" sport_id="1" sport_name="Football">
	<message comment="Second half ends" minute="94" period="2" second="19" time="96" type="end" type_id="30"/>
	<message comment="Shaun Derry recieves a yellow card" minute="93" period="2" second="50" time="95" type="card received" type_id="17"/>
	<message comment="Leighton Baines wins a corner (To the left)" minute="91" period="2" second="27" time="93" type="corner" type_id="6"/>
	<message comment="Denis Stracqualursi is substituted off" minute="88" period="2" second="8" time="90" type="substitution off" type_id="18"/>
	<message comment="Séamus Coleman is substituted on" minute="88" period="2" second="8" time="90" type="substitution on" type_id="19"/>
	<message comment="Marouane Fellaini blocks a shot" minute="87" period="2" second="29" time="89" type="save made" type_id="10"/>
	<message comment="Ákos Buzsáky has shot blocked (Out of box, Right footed, Free kick)" minute="87" period="2" second="29" time="89" type="attempt blocked" type_id="15"/>
	<message comment="Bobby Zamora wins a corner (To the left)" minute="83" period="2" second="3" time="85" type="corner" type_id="6"/>
	<message comment="Ákos Buzsáky misses attempt (High, Out of box, Right footed, Open play)" minute="80" period="2" second="22" time="82" type="attempt missed" type_id="13"/>
	<message comment="Adel Taarabt is substituted off" minute="80" period="2" second="2" time="82" type="substitution off" type_id="18"/>
	<message comment="Jamie Mackie is substituted on" minute="80" period="2" second="2" time="82" type="substitution on" type_id="19"/>
	<message comment="Tim Howard makes a save (Diving)" minute="76" period="2" second="24" time="78" type="save made" type_id="10"/>
	<message comment="Ákos Buzsáky has attempt saved (Low to the centre, Out of box, Left footed, Open play)" minute="76" period="2" second="24" time="78" type="attempt blocked" type_id="15"/>
	<message comment="Sylvain Distin is caught offside" minute="72" period="2" time="74" type="offside" type_id="10000"/>
	<message comment="Adel Taarabt wins a corner (To the left)" minute="70" period="2" second="31" time="72" type="corner" type_id="6"/>
	<message comment="John Heitinga blocks a shot" minute="70" period="2" second="29" time="72" type="save made" type_id="10"/>
	<message comment="Adel Taarabt has shot blocked (Out of box, Right footed, Throw-in)" minute="70" period="2" second="29" time="72" type="attempt blocked" type_id="15"/>
	<message comment="Denis Stracqualursi blocks a shot" minute="68" period="2" second="39" time="70" type="save made" type_id="10"/>
	<message comment="Shaun Derry has shot blocked (18-yard box, Head, From corner)" minute="68" period="2" second="39" time="70" type="attempt blocked" type_id="15"/>
	<message comment="Nedum Onuoha wins a corner (To the right)" minute="68" period="2" second="9" time="70" type="corner" type_id="6"/>
	<message comment="Adel Taarabt misses attempt (18-yard box, Left footed, Open play)" minute="65" period="2" second="41" time="67" type="attempt missed" type_id="13"/>
	<message comment="Ákos Buzsáky misses attempt (Out of box, Right footed, Open play)" minute="64" period="2" second="16" time="66" type="attempt missed" type_id="13"/>
	<message comment="Nikica Jelavic is caught offside" minute="63" period="2" time="65" type="offside" type_id="10000"/>
	<message comment="Tim Cahill is substituted off" minute="62" period="2" second="59" time="64" type="substitution off" type_id="18"/>
	<message comment="Nikica Jelavic is substituted on" minute="62" period="2" second="59" time="64" type="substitution on" type_id="19"/>
	<message comment="Royston Drenthe is substituted off" minute="62" period="2" second="47" time="64" type="substitution off" type_id="18"/>
	<message comment="Leon Osman is substituted on" minute="62" period="2" second="47" time="64" type="substitution on" type_id="19"/>
	<message comment="Ákos Buzsáky misses attempt (High, Out of box, Right footed, From corner)" minute="61" period="2" second="10" time="63" type="attempt missed" type_id="13"/>
	<message comment="Armand Traore wins a corner (To the left)" minute="60" period="2" second="31" time="62" type="corner" type_id="6"/>
	<message comment="Sylvain Distin blocks a shot" minute="50" period="2" second="46" time="52" type="save made" type_id="10"/>
	<message comment="Ákos Buzsáky has shot blocked (18-yard box, Right footed, Open play)" minute="50" period="2" second="46" time="52" type="attempt blocked" type_id="15"/>
	<message comment="Marouane Fellaini misses attempt (High to the right, 18-yard box, Right footed, Open play)" minute="49" period="2" second="53" time="51" type="attempt missed" type_id="13"/>
	<message comment="Nedum Onuoha misses attempt (18-yard box, Right footed, From corner)" minute="48" period="2" second="45" time="50" type="attempt missed" type_id="13"/>
	<message comment="Shaun Derry misses attempt (To the right, 18-yard box, Key pass, Left footed, From corner)" minute="48" period="2" second="44" time="50" type="attempt missed" type_id="13"/>
	<message comment="Adel Taarabt wins a corner (To the right)" minute="48" period="2" second="7" time="50" type="corner" type_id="6"/>
	<message comment="Second half begins!" minute="45" period="2" second="0" time="47" type="start" type_id="32"/>
	<message comment="First half ends" minute="46" period="1" second="24" time="46" type="end" type_id="30"/>
	<message comment="Leighton Baines wins a corner (To the left)" minute="44" period="1" second="47" time="44" type="corner" type_id="6"/>
	<message comment="Steven Pienaar wins a corner (To the left)" minute="44" period="1" second="23" time="44" type="corner" type_id="6"/>
	<message comment="Ákos Buzsáky has attempt saved (High to the right, 6-yard box, Right footed, Open play)" minute="43" period="1" second="35" time="43" type="attempt blocked" type_id="15"/>
	<message comment="Tim Howard makes a save" minute="43" period="1" second="35" time="43" type="save made" type_id="10"/>
	<message comment="Ákos Buzsáky hits the woodwork (To the left, 6-yard box, Big Chance, Right footed, Open play)" minute="43" period="1" second="33" time="43" type="woodwork hit" type_id="14"/>
	<message comment="Adel Taarabt hits the woodwork (To the right, Out of box, Right footed, Fast break)" minute="43" period="1" second="29" time="43" type="woodwork hit" type_id="14"/>
	<message comment="Marouane Fellaini misses attempt (To the left, 18-yard box, Head, From corner)" minute="42" period="1" second="40" time="42" type="attempt missed" type_id="13"/>
	<message comment="Sylvain Distin wins a corner (To the right)" minute="42" period="1" second="16" time="42" type="corner" type_id="6"/>
	<message comment="Marouane Fellaini wins a corner (To the right)" minute="41" period="1" second="39" time="41" type="corner" type_id="6"/>
	<message comment="Joey Barton blocks a shot" minute="39" period="1" second="22" time="39" type="save made" type_id="10"/>
	<message comment="Royston Drenthe has shot blocked (Out of box, Left footed, Free kick)" minute="39" period="1" second="22" time="39" type="attempt blocked" type_id="15"/>
	<message comment="Steven Pienaar recieves a yellow card" minute="36" period="1" second="1" time="36" type="card received" type_id="17"/>
	<message comment="GOAL! Bobby Zamora scores , Assisted by Ákos Buzsáky (Low to the left, 6-yard box, Big Chance, Head, Set piece)" minute="35" period="1" second="48" time="35" type="goal scored" type_id="16"/>
	<message comment="Royston Drenthe recieves a yellow card" minute="35" period="1" second="0" time="35" type="card received" type_id="17"/>
	<message comment="Adel Taarabt wins a corner (To the left)" minute="32" period="1" second="22" time="32" type="corner" type_id="6"/>
	<message comment="Adel Taarabt has shot blocked (Out of box, Right footed, Free kick)" minute="32" period="1" second="17" time="32" type="attempt blocked" type_id="15"/>
	<message comment="Phil Neville blocks a shot" minute="32" period="1" second="17" time="32" type="save made" type_id="10"/>
	<message comment="GOAL! Royston Drenthe scores , Assisted by Steven Pienaar (Low to the left, Out of box, Left footed, Open play)" minute="30" period="1" second="15" time="30" type="goal scored" type_id="16"/>
	<message comment="Shaun Wright-Phillips misses attempt (18-yard box, Head, Open play)" minute="28" period="1" second="53" time="28" type="attempt missed" type_id="13"/>
	<message comment="Shaun Wright-Phillips has attempt saved (Low to the right, 18-yard box, Big Chance, Right footed, Open play)" minute="27" period="1" second="19" time="27" type="attempt blocked" type_id="15"/>
	<message comment="Tim Howard makes a save (Diving)" minute="27" period="1" second="19" time="27" type="save made" type_id="10"/>
	<message comment="Royston Drenthe misses attempt (High to the left, Out of box, Left footed, Open play)" minute="26" period="1" second="41" time="26" type="attempt missed" type_id="13"/>
	<message comment="Steven Pienaar wins a corner (To the left)" minute="25" period="1" second="32" time="25" type="corner" type_id="6"/>
	<message comment="Denis Stracqualursi misses attempt (6-yard box, Head, Set piece)" minute="23" period="1" second="53" time="23" type="attempt missed" type_id="13"/>
	<message comment="Paddy Kenny makes a save (Diving)" minute="23" period="1" second="53" time="23" type="save made" type_id="10"/>
	<message comment="Royston Drenthe has attempt saved (Low to the centre, Out of box, Left footed, Open play)" minute="22" period="1" second="0" time="22" type="attempt blocked" type_id="15"/>
	<message comment="Paddy Kenny makes a save" minute="22" period="1" second="0" time="22" type="save made" type_id="10"/>
	<message comment="Tim Howard makes a save (Parried into danger, Diving)" minute="20" period="1" second="37" time="20" type="save made" type_id="10"/>
	<message comment="Ákos Buzsáky has attempt saved (Low to the left, Out of box, Right footed, Free kick)" minute="20" period="1" second="37" time="20" type="attempt blocked" type_id="15"/>
	<message comment="Clint Hill misses attempt (High, 6-yard box, Big Chance, Head, Set piece)" minute="11" period="1" second="25" time="11" type="attempt missed" type_id="13"/>
	<message comment="Clint Hill misses attempt (18-yard box, Left footed, From corner)" minute="9" period="1" second="27" time="9" type="attempt missed" type_id="13"/>
	<message comment="Ákos Buzsáky misses attempt (To the left, Out of box, Key pass, Right footed, From corner)" minute="9" period="1" second="25" time="9" type="attempt missed" type_id="13"/>
	<message comment="Adel Taarabt wins a corner (To the left)" minute="8" period="1" second="53" time="8" type="corner" type_id="6"/>
	<message comment="Formation Set" minute="0" period="14" second="0" time="6" type="end" type_id="30"/>
	<message comment="Leighton Baines wins a corner (To the left)" minute="3" period="1" second="49" time="3" type="corner" type_id="6"/>
	<message comment="Clint Hill blocks a shot" minute="3" period="1" second="17" time="3" type="save made" type_id="10"/>
	<message comment="Denis Stracqualursi has shot blocked (18-yard box, Right footed, Open play)" minute="3" period="1" second="17" time="3" type="attempt blocked" type_id="15"/>
	<message comment="Tim Cahill hits the woodwork (High, 18-yard box, Left footed, Throw-in)" minute="3" period="1" second="12" time="3" type="woodwork hit" type_id="14"/>
	<message comment="Denis Stracqualursi is caught offside" minute="1" period="1" time="1" type="offside" type_id="10000"/>
	<message comment="First half begins!" minute="0" period="1" second="0" time="0" type="start" type_id="32"/>
</Commentary>
