<?xml version="1.0" ?>
<Commentary away_team_name="Queens Park Rangers" competition="English Premier League" game_date="2011-12-21" home_team_name="Sunderland" lang_id="en" season="Season 2011/2012" season_id="2011" sport_id="1" sport_name="Football">
	<message comment="Second half ends" minute="97" period="2" second="9" time="99" type="end" type_id="30"/>
	<message comment="Jamie Mackie wins a corner (To the left)" minute="96" period="2" second="14" time="98" type="corner" type_id="6"/>
	<message comment="John O'Shea blocks a shot" minute="96" period="2" second="12" time="98" type="save made" type_id="10"/>
	<message comment="Jamie Mackie has shot blocked (Out of box, Right footed, Open play)" minute="96" period="2" second="12" time="98" type="attempt blocked" type_id="15"/>
	<message comment="Stéphane Sessegnon has attempt saved (High to the right, Out of box, Right footed, Fast break)" minute="95" period="2" second="39" time="97" type="attempt blocked" type_id="15"/>
	<message comment="Paddy Kenny makes a save (Collected, Standing)" minute="95" period="2" second="39" time="97" type="save made" type_id="10"/>
	<message comment="Kieran Richardson blocks a shot" minute="94" period="2" second="42" time="96" type="save made" type_id="10"/>
	<message comment="Adel Taarabt has shot blocked (Out of box, Right footed, Open play)" minute="94" period="2" second="42" time="96" type="attempt blocked" type_id="15"/>
	<message comment="Alejandro Faurlin recieves a yellow card" minute="93" period="2" second="1" time="95" type="card received" type_id="17"/>
	<message comment="Keiren Westwood makes a save (Collected)" minute="92" period="2" second="24" time="94" type="save made" type_id="10"/>
	<message comment="Adel Taarabt has attempt saved (Low to the centre, Out of box, Right footed, Open play)" minute="92" period="2" second="24" time="94" type="attempt blocked" type_id="15"/>
	<message comment="Matthew Connolly is substituted off" minute="91" period="2" second="41" time="93" type="substitution off" type_id="18"/>
	<message comment="Jay Bothroyd is substituted on" minute="91" period="2" second="41" time="93" type="substitution on" type_id="19"/>
	<message comment="Nicklas Bendtner is caught offside" minute="89" period="2" time="91" type="offside" type_id="10000"/>
	<message comment="GOAL! Wes Brown scores , Assisted by Kieran Richardson (High to the left, 6-yard box, Head, From corner)" minute="88" period="2" second="38" time="90" type="goal scored" type_id="16"/>
	<message comment="Nicklas Bendtner wins a corner (To the right)" minute="88" period="2" second="12" time="90" type="corner" type_id="6"/>
	<message comment="Phil Bardsley has attempt saved (Low to the right, Out of box, Right footed, Open play)" minute="87" period="2" second="59" time="89" type="attempt blocked" type_id="15"/>
	<message comment="Paddy Kenny makes a save (Diving, Parried safe)" minute="87" period="2" second="59" time="89" type="save made" type_id="10"/>
	<message comment="Luke Young misses attempt (To the left, Out of box, Right footed, Set piece)" minute="87" period="2" second="16" time="89" type="attempt missed" type_id="13"/>
	<message comment="Lee Cattermole recieves a yellow card" minute="84" period="2" second="14" time="86" type="card received" type_id="17"/>
	<message comment="Nicklas Bendtner wins a corner (To the left)" minute="82" period="2" second="23" time="84" type="corner" type_id="6"/>
	<message comment="Nicklas Bendtner has shot blocked (6-yard box, Head, From corner)" minute="82" period="2" second="4" time="84" type="attempt blocked" type_id="15"/>
	<message comment="Fitz Hall blocks a shot" minute="82" period="2" second="4" time="84" type="save made" type_id="10"/>
	<message comment="Craig Gardner wins a corner (To the right)" minute="81" period="2" second="33" time="83" type="corner" type_id="6"/>
	<message comment="Phil Bardsley has shot blocked (Out of box, Right footed, Set piece)" minute="80" period="2" second="25" time="82" type="attempt blocked" type_id="15"/>
	<message comment="Fitz Hall blocks a shot" minute="80" period="2" second="25" time="82" type="save made" type_id="10"/>
	<message comment="Craig Gardner has shot blocked (Out of box, Right footed, Free kick)" minute="80" period="2" second="19" time="82" type="attempt blocked" type_id="15"/>
	<message comment="Joey Barton blocks a shot" minute="80" period="2" second="19" time="82" type="save made" type_id="10"/>
	<message comment="Armand Traore is substituted off" minute="79" period="2" second="35" time="81" type="substitution off" type_id="18"/>
	<message comment="Fitz Hall is substituted on" minute="79" period="2" second="35" time="81" type="substitution on" type_id="19"/>
	<message comment="Luke Young recieves a yellow card" minute="79" period="2" second="4" time="81" type="card received" type_id="17"/>
	<message comment="Craig Gardner wins a corner (To the right)" minute="77" period="2" second="5" time="79" type="corner" type_id="6"/>
	<message comment="Craig Gardner has attempt saved (Low to the centre, 18-yard box, Right footed, Fast break)" minute="77" period="2" second="2" time="79" type="attempt blocked" type_id="15"/>
	<message comment="Paddy Kenny makes a save (Diving, Parried safe)" minute="77" period="2" second="2" time="79" type="save made" type_id="10"/>
	<message comment="Craig Gardner blocks a shot" minute="76" period="2" second="50" time="78" type="save made" type_id="10"/>
	<message comment="Adel Taarabt has shot blocked (Out of box, Left footed, Open play)" minute="76" period="2" second="50" time="78" type="attempt blocked" type_id="15"/>
	<message comment="Jack Colback blocks a shot" minute="76" period="2" second="47" time="78" type="save made" type_id="10"/>
	<message comment="Shaun Derry has shot blocked (18-yard box, Right footed, Open play)" minute="76" period="2" second="47" time="78" type="attempt blocked" type_id="15"/>
	<message comment="Sebastian Larsson is substituted off" minute="74" period="2" second="33" time="76" type="substitution off" type_id="18"/>
	<message comment="Craig Gardner is substituted on" minute="74" period="2" second="33" time="76" type="substitution on" type_id="19"/>
	<message comment="Keiren Westwood makes a save (Diving, Collected)" minute="72" period="2" second="16" time="74" type="save made" type_id="10"/>
	<message comment="Adel Taarabt has attempt saved (Low to the right, Out of box, Right footed, Open play)" minute="72" period="2" second="16" time="74" type="attempt blocked" type_id="15"/>
	<message comment="David Vaughan is substituted off" minute="70" period="2" second="45" time="72" type="substitution off" type_id="18"/>
	<message comment="Jack Colback is substituted on" minute="70" period="2" second="45" time="72" type="substitution on" type_id="19"/>
	<message comment="Nicklas Bendtner wins a corner (To the left)" minute="70" period="2" second="25" time="72" type="corner" type_id="6"/>
	<message comment="Adel Taarabt misses attempt (High to the right, Out of box, Right footed, Open play)" minute="69" period="2" second="43" time="71" type="attempt missed" type_id="13"/>
	<message comment="Keiren Westwood makes a save (Diving, Parried into danger)" minute="68" period="2" second="18" time="70" type="save made" type_id="10"/>
	<message comment="Adel Taarabt has attempt saved (Low to the right, Out of box, Left footed, Open play)" minute="68" period="2" second="18" time="70" type="attempt blocked" type_id="15"/>
	<message comment="Stéphane Sessegnon recieves a yellow card" minute="67" period="2" second="27" time="69" type="card received" type_id="17"/>
	<message comment="GOAL! Jamie Mackie scores , Assisted by Heidar Helguson (Low to the centre, 6-yard box, Big Chance, Head, Open play)" minute="66" period="2" second="24" time="68" type="goal scored" type_id="16"/>
	<message comment="Heidar Helguson wins a corner (To the right)" minute="64" period="2" second="20" time="66" type="corner" type_id="6"/>
	<message comment="John O'Shea blocks a shot" minute="64" period="2" second="19" time="66" type="save made" type_id="10"/>
	<message comment="Heidar Helguson has shot blocked (18-yard box, Head, Open play)" minute="64" period="2" second="19" time="66" type="attempt blocked" type_id="15"/>
	<message comment="GOAL! Heidar Helguson scores  (Low to the centre, 6-yard box, Big Chance, Head, Open play)" minute="62" period="2" second="33" time="64" type="goal scored" type_id="16"/>
	<message comment="Joey Barton wins a corner (To the right)" minute="60" period="2" second="36" time="62" type="corner" type_id="6"/>
	<message comment="GOAL! Stéphane Sessegnon scores  (Low to the right, 18-yard box, Big Chance, Right footed, Open play)" minute="52" period="2" second="44" time="54" type="goal scored" type_id="16"/>
	<message comment="Armand Traore wins a corner (To the right)" minute="51" period="2" second="41" time="53" type="corner" type_id="6"/>
	<message comment="Titus Bramble blocks a shot (Last line)" minute="51" period="2" second="35" time="53" type="save made" type_id="10"/>
	<message comment="Heidar Helguson has shot blocked (6-yard box, Big Chance, Head, Open play)" minute="51" period="2" second="35" time="53" type="attempt blocked" type_id="15"/>
	<message comment="Nicklas Bendtner is caught offside" minute="49" period="2" time="51" type="offside" type_id="10000"/>
	<message comment="Kieran Richardson misses attempt (To the left, Out of box, Left footed, Fast break)" minute="48" period="2" second="1" time="50" type="attempt missed" type_id="13"/>
	<message comment="Stéphane Sessegnon misses attempt (Out of box, Right footed, Open play)" minute="45" period="2" second="16" time="47" type="attempt missed" type_id="13"/>
	<message comment="Shaun Wright-Phillips is substituted off" minute="45" period="2" second="0" time="47" type="substitution off" type_id="18"/>
	<message comment="Adel Taarabt is substituted on" minute="45" period="2" second="0" time="47" type="substitution on" type_id="19"/>
	<message comment="Second half begins!" minute="45" period="2" second="0" time="47" type="start" type_id="32"/>
	<message comment="First half ends" minute="46" period="1" second="5" time="46" type="end" type_id="30"/>
	<message comment="Alejandro Faurlin misses attempt (High to the left, Out of box, Left footed, Open play)" minute="45" period="1" second="24" time="45" type="attempt missed" type_id="13"/>
	<message comment="Nicklas Bendtner has shot blocked (18-yard box, Right footed, Open play)" minute="44" period="1" second="2" time="44" type="attempt blocked" type_id="15"/>
	<message comment="Matthew Connolly blocks a shot" minute="44" period="1" second="2" time="44" type="save made" type_id="10"/>
	<message comment="Stéphane Sessegnon wins a corner (To the right)" minute="37" period="1" second="22" time="37" type="corner" type_id="6"/>
	<message comment="Stéphane Sessegnon has shot blocked (18-yard box, Right footed, Fast break)" minute="37" period="1" second="20" time="37" type="attempt blocked" type_id="15"/>
	<message comment="Danny Gabbidon blocks a shot" minute="37" period="1" second="20" time="37" type="save made" type_id="10"/>
	<message comment="Danny Gabbidon misses attempt (18-yard box, Head, From corner)" minute="37" period="1" second="4" time="37" type="attempt missed" type_id="13"/>
	<message comment="Armand Traore wins a corner (To the right)" minute="36" period="1" second="37" time="36" type="corner" type_id="6"/>
	<message comment="John O'Shea wins a corner (To the right)" minute="31" period="1" second="35" time="31" type="corner" type_id="6"/>
	<message comment="Kieran Richardson wins a corner (To the right)" minute="30" period="1" second="57" time="30" type="corner" type_id="6"/>
	<message comment="Titus Bramble has shot blocked (Out of box, Left footed, From corner)" minute="28" period="1" second="25" time="28" type="attempt blocked" type_id="15"/>
	<message comment="Heidar Helguson blocks a shot" minute="28" period="1" second="25" time="28" type="save made" type_id="10"/>
	<message comment="Heidar Helguson blocks a shot" minute="28" period="1" second="21" time="28" type="save made" type_id="10"/>
	<message comment="Titus Bramble has shot blocked (18-yard box, Head, From corner)" minute="28" period="1" second="21" time="28" type="attempt blocked" type_id="15"/>
	<message comment="Sebastian Larsson misses attempt (To the right, Out of box, Right footed, From corner)" minute="28" period="1" second="15" time="28" type="attempt missed" type_id="13"/>
	<message comment="Stéphane Sessegnon wins a corner (To the right)" minute="27" period="1" second="44" time="27" type="corner" type_id="6"/>
	<message comment="Joey Barton has shot blocked (Out of box, Right footed, Free kick)" minute="24" period="1" second="1" time="24" type="attempt blocked" type_id="15"/>
	<message comment="Lee Cattermole blocks a shot" minute="24" period="1" second="1" time="24" type="save made" type_id="10"/>
	<message comment="Shaun Derry has shot blocked (18-yard box, Left footed, Open play)" minute="23" period="1" second="6" time="23" type="attempt blocked" type_id="15"/>
	<message comment="John O'Shea blocks a shot" minute="23" period="1" second="6" time="23" type="save made" type_id="10"/>
	<message comment="Nicklas Bendtner is caught offside" minute="22" period="1" time="22" type="offside" type_id="10000"/>
	<message comment="Kieran Richardson misses attempt (Out of box, Left footed, Fast break)" minute="19" period="1" second="53" time="19" type="attempt missed" type_id="13"/>
	<message comment="GOAL! Nicklas Bendtner scores , Assisted by Kieran Richardson (High to the right, 6-yard box, Head, From corner)" minute="18" period="1" second="54" time="18" type="goal scored" type_id="16"/>
	<message comment="Sebastian Larsson wins a corner (To the right)" minute="18" period="1" second="22" time="18" type="corner" type_id="6"/>
	<message comment="Shaun Wright-Phillips wins a corner (To the right)" minute="17" period="1" second="24" time="17" type="corner" type_id="6"/>
	<message comment="Shaun Wright-Phillips misses attempt (To the left, 18-yard box, Right footed, Open play)" minute="16" period="1" second="24" time="16" type="attempt missed" type_id="13"/>
	<message comment="Heidar Helguson blocks a shot" minute="15" period="1" second="15" time="15" type="save made" type_id="10"/>
	<message comment="Nicklas Bendtner has shot blocked (Out of box, Right footed, From corner)" minute="15" period="1" second="15" time="15" type="attempt blocked" type_id="15"/>
	<message comment="Nicklas Bendtner wins a corner (To the left)" minute="14" period="1" second="27" time="14" type="corner" type_id="6"/>
	<message comment="Nicklas Bendtner hits the woodwork (To the left, 18-yard box, Big Chance, Head, Set piece)" minute="14" period="1" second="25" time="14" type="woodwork hit" type_id="14"/>
	<message comment="Jamie Mackie is caught offside" minute="9" period="1" time="9" type="offside" type_id="10000"/>
	<message comment="Formation Set" minute="0" period="14" second="0" time="9" type="end" type_id="30"/>
	<message comment="Paddy Kenny wins a corner (To the left)" minute="8" period="1" second="23" time="8" type="corner" type_id="6"/>
	<message comment="Shaun Derry misses attempt (High, 18-yard box, Head, Set piece)" minute="6" period="1" second="44" time="6" type="attempt missed" type_id="13"/>
	<message comment="Danny Gabbidon misses attempt (High to the left, 6-yard box, Head, From corner)" minute="4" period="1" second="53" time="4" type="attempt missed" type_id="13"/>
	<message comment="Shaun Wright-Phillips wins a corner (To the right)" minute="4" period="1" second="26" time="4" type="corner" type_id="6"/>
	<message comment="Sebastian Larsson blocks a shot" minute="4" period="1" second="21" time="4" type="save made" type_id="10"/>
	<message comment="Heidar Helguson has shot blocked (18-yard box, Right footed, Open play)" minute="4" period="1" second="21" time="4" type="attempt blocked" type_id="15"/>
	<message comment="Nicklas Bendtner is caught offside" minute="3" period="1" time="3" type="offside" type_id="10000"/>
	<message comment="First half begins!" minute="0" period="1" second="0" time="0" type="start" type_id="32"/>
</Commentary>
