<?xml version="1.0" ?>
<Commentary away_team_name="Reading" competition="English Premier League" game_date="2012-10-27" home_team_name="Fulham" lang_id="en" season="Season 2012/2013" season_id="2012" sport_id="1" sport_name="Football">
	<message comment="Second half ends" minute="94" period="2" second="5" time="96" type="end" type_id="30"/>
	<message comment="Hal Robson-Kanu misses attempt (To the left, 18-yard box, Head, From corner)" minute="93" period="2" second="0" time="95" type="attempt missed" type_id="13"/>
	<message comment="Adam Le Fondre wins a corner (To the left)" minute="92" period="2" second="39" time="94" type="corner" type_id="6"/>
	<message comment="Adam Le Fondre has attempt saved (Low to the left, 6-yard box, Big Chance, Left footed, Set piece)" minute="92" period="2" second="36" time="94" type="attempt blocked" type_id="15"/>
	<message comment="Mark Schwarzer makes a save (Parried into danger, Diving)" minute="92" period="2" second="36" time="94" type="save made" type_id="10"/>
	<message comment="Jobi McAnuff has attempt saved (Low to the left, 18-yard box, Right footed, Set piece)" minute="92" period="2" second="35" time="94" type="attempt blocked" type_id="15"/>
	<message comment="Mark Schwarzer makes a save (Parried into danger, Diving)" minute="92" period="2" second="35" time="94" type="save made" type_id="10"/>
	<message comment="GOAL! Hal Robson-Kanu scores  (Low to the right, 6-yard box, Big Chance, Left footed, Set piece)" minute="89" period="2" second="47" time="91" type="goal scored" type_id="16"/>
	<message comment="Kaspars Gorkss misses attempt (To the right, 6-yard box, Head, Set piece)" minute="89" period="2" second="44" time="91" type="attempt missed" type_id="13"/>
	<message comment="GOAL! Dimitar Berbatov scores , Assisted by Steve Sidwell (Low to the right, 18-yard box, Right footed, Open play)" minute="87" period="2" second="15" time="89" type="goal scored" type_id="16"/>
	<message comment="Adam Le Fondre has attempt saved (Low to the centre, Out of box, Left footed, Open play)" minute="86" period="2" second="17" time="88" type="attempt blocked" type_id="15"/>
	<message comment="Mark Schwarzer makes a save (Collected, Diving)" minute="86" period="2" second="17" time="88" type="save made" type_id="10"/>
	<message comment="GOAL! Garath McCleary scores , Assisted by Jason Roberts (Low to the left, 18-yard box, Big Chance, Left footed, Open play)" minute="84" period="2" second="20" time="86" type="goal scored" type_id="16"/>
	<message comment="Pavel Pogrebnyak is substituted off" minute="79" period="2" second="40" time="81" type="substitution off" type_id="18"/>
	<message comment="Adam Le Fondre is substituted on" minute="79" period="2" second="40" time="81" type="substitution on" type_id="19"/>
	<message comment="Chris Baird is substituted off" minute="79" period="2" second="12" time="81" type="substitution off" type_id="18"/>
	<message comment="Steve Sidwell is substituted on" minute="79" period="2" second="12" time="81" type="substitution on" type_id="19"/>
	<message comment="Jimmy Kébé is substituted off" minute="77" period="2" second="10" time="79" type="substitution off" type_id="18"/>
	<message comment="Hal Robson-Kanu is substituted on" minute="77" period="2" second="10" time="79" type="substitution on" type_id="19"/>
	<message comment="GOAL! Chris Baird scores , Assisted by Bryan Ruiz (Low to the left, 6-yard box, Head, From corner)" minute="76" period="2" second="32" time="78" type="goal scored" type_id="16"/>
	<message comment="Chris Baird wins a corner (To the right)" minute="76" period="2" second="14" time="78" type="corner" type_id="6"/>
	<message comment="Jobi McAnuff blocks a shot" minute="76" period="2" second="2" time="78" type="save made" type_id="10"/>
	<message comment="Chris Baird has shot blocked (Out of box, Right footed, Free kick)" minute="76" period="2" second="2" time="78" type="attempt blocked" type_id="15"/>
	<message comment="Shaun Cummings recieves a yellow card" minute="75" period="2" second="16" time="77" type="card received" type_id="17"/>
	<message comment="Jimmy Kébé has attempt saved (Low to the centre, 18-yard box, Left footed, Open play)" minute="74" period="2" second="21" time="76" type="attempt blocked" type_id="15"/>
	<message comment="Mark Schwarzer makes a save (Parried into danger)" minute="74" period="2" second="21" time="76" type="save made" type_id="10"/>
	<message comment="Chris Baird recieves a yellow card" minute="73" period="2" second="53" time="75" type="card received" type_id="17"/>
	<message comment="Kieran Richardson wins a corner (To the left)" minute="70" period="2" second="29" time="72" type="corner" type_id="6"/>
	<message comment="Jay Tabb is substituted off" minute="68" period="2" second="42" time="70" type="substitution off" type_id="18"/>
	<message comment="Garath McCleary is substituted on" minute="68" period="2" second="42" time="70" type="substitution on" type_id="19"/>
	<message comment="Aaron Hughes misses attempt (18-yard box, Head, From corner)" minute="68" period="2" second="27" time="70" type="attempt missed" type_id="13"/>
	<message comment="John Arne Riise wins a corner (To the left)" minute="67" period="2" second="52" time="69" type="corner" type_id="6"/>
	<message comment="Sascha Riether misses attempt (18-yard box, Left footed, Open play)" minute="67" period="2" second="29" time="69" type="attempt missed" type_id="13"/>
	<message comment="Damien Duff is substituted off" minute="66" period="2" second="25" time="68" type="substitution off" type_id="18"/>
	<message comment="Ashkan Dejagah is substituted on" minute="66" period="2" second="25" time="68" type="substitution on" type_id="19"/>
	<message comment="Dimitar Berbatov misses attempt (18-yard box, Right footed, Open play)" minute="65" period="2" second="56" time="67" type="attempt missed" type_id="13"/>
	<message comment="Alex McCarthy makes a save (Standing)" minute="64" period="2" second="36" time="66" type="save made" type_id="10"/>
	<message comment="Kieran Richardson has attempt saved (High to the centre, 18-yard box, Left footed, Open play)" minute="64" period="2" second="36" time="66" type="attempt blocked" type_id="15"/>
	<message comment="Sascha Riether wins a corner (To the right)" minute="62" period="2" second="2" time="64" type="corner" type_id="6"/>
	<message comment="GOAL! Bryan Ruiz scores , Assisted by Damien Duff (High to the right, Out of box, Left footed, Open play)" minute="60" period="2" second="51" time="62" type="goal scored" type_id="16"/>
	<message comment="Hugo Rodallega is substituted off" minute="57" period="2" second="23" time="59" type="substitution off" type_id="18"/>
	<message comment="Bryan Ruiz is substituted on" minute="57" period="2" second="23" time="59" type="substitution on" type_id="19"/>
	<message comment="Jason Roberts wins a corner (To the right)" minute="55" period="2" second="38" time="57" type="corner" type_id="6"/>
	<message comment="Jason Roberts has attempt saved (Low to the centre, 6-yard box, Right footed, Open play)" minute="55" period="2" second="32" time="57" type="attempt blocked" type_id="15"/>
	<message comment="Mark Schwarzer makes a save (Diving, Parried into danger, Other body part)" minute="55" period="2" second="32" time="57" type="save made" type_id="10"/>
	<message comment="John Arne Riise wins a corner (To the left)" minute="48" period="2" second="11" time="50" type="corner" type_id="6"/>
	<message comment="Jason Roberts blocks a shot" minute="48" period="2" second="4" time="50" type="save made" type_id="10"/>
	<message comment="John Arne Riise has shot blocked (Out of box, Left footed, Free kick)" minute="48" period="2" second="4" time="50" type="attempt blocked" type_id="15"/>
	<message comment="Second half begins!" minute="45" period="2" second="0" time="47" type="start" type_id="32"/>
	<message comment="First half ends" minute="46" period="1" second="22" time="46" type="end" type_id="30"/>
	<message comment="Jason Roberts wins a corner (To the left)" minute="45" period="1" second="52" time="45" type="corner" type_id="6"/>
	<message comment="Damien Duff misses attempt (18-yard box, Left footed, Open play)" minute="42" period="1" second="43" time="42" type="attempt missed" type_id="13"/>
	<message comment="Chris Baird misses attempt (High, Out of box, Right footed, Open play)" minute="40" period="1" second="44" time="40" type="attempt missed" type_id="13"/>
	<message comment="Alex McCarthy makes a save" minute="35" period="1" second="36" time="35" type="save made" type_id="10"/>
	<message comment="Hugo Rodallega has attempt saved (Low to the centre, 18-yard box, Big Chance, Head, Open play)" minute="35" period="1" second="36" time="35" type="attempt blocked" type_id="15"/>
	<message comment="Jay Tabb misses attempt (18-yard box, Head, Open play)" minute="34" period="1" second="55" time="34" type="attempt missed" type_id="13"/>
	<message comment="Jobi McAnuff wins a corner (To the left)" minute="33" period="1" second="44" time="33" type="corner" type_id="6"/>
	<message comment="Mahamadou Diarra misses attempt (High to the right, Out of box, Right footed, Open play)" minute="32" period="1" second="54" time="32" type="attempt missed" type_id="13"/>
	<message comment="Kaspars Gorkss blocks a shot" minute="32" period="1" second="49" time="32" type="save made" type_id="10"/>
	<message comment="Sascha Riether has shot blocked (18-yard box, Right footed, Open play)" minute="32" period="1" second="49" time="32" type="attempt blocked" type_id="15"/>
	<message comment="Pavel Pogrebnyak misses attempt (To the right, Out of box, Left footed, Free kick)" minute="30" period="1" second="23" time="30" type="attempt missed" type_id="13"/>
	<message comment="Jason Roberts is caught offside" minute="27" period="1" time="27" type="offside" type_id="10000"/>
	<message comment="GOAL! Mikele Leigertwood scores , Assisted by Jobi McAnuff (High to the right, Out of box, Right footed, Open play)" minute="25" period="1" second="14" time="25" type="goal scored" type_id="16"/>
	<message comment="Mahamadou Diarra misses attempt (High, Out of box, Right footed, From corner)" minute="22" period="1" second="59" time="22" type="attempt missed" type_id="13"/>
	<message comment="Brede Hangeland wins a corner (To the left)" minute="22" period="1" second="38" time="22" type="corner" type_id="6"/>
	<message comment="Kaspars Gorkss blocks a shot" minute="22" period="1" second="37" time="22" type="save made" type_id="10"/>
	<message comment="Brede Hangeland has shot blocked (18-yard box, Head, From corner)" minute="22" period="1" second="37" time="22" type="attempt blocked" type_id="15"/>
	<message comment="John Arne Riise wins a corner (To the left)" minute="22" period="1" second="8" time="22" type="corner" type_id="6"/>
	<message comment="Alex McCarthy makes a save (Standing)" minute="21" period="1" second="1" time="21" type="save made" type_id="10"/>
	<message comment="Hugo Rodallega has attempt saved (High to the centre, 18-yard box, Big Chance, Head, Open play)" minute="21" period="1" second="1" time="21" type="attempt blocked" type_id="15"/>
	<message comment="Nicky Shorey wins a corner (To the left)" minute="15" period="1" second="57" time="15" type="corner" type_id="6"/>
	<message comment="Dimitar Berbatov misses attempt (High, Out of box, Right footed, Open play)" minute="14" period="1" second="19" time="14" type="attempt missed" type_id="13"/>
	<message comment="Jobi McAnuff wins a corner (To the left)" minute="10" period="1" second="32" time="10" type="corner" type_id="6"/>
	<message comment="Jobi McAnuff misses attempt (To the left, Out of box, Right footed, Open play)" minute="7" period="1" second="50" time="7" type="attempt missed" type_id="13"/>
	<message comment="Formation Set" minute="0" period="14" second="0" time="6" type="end" type_id="30"/>
	<message comment="Pavel Pogrebnyak misses attempt (6-yard box, Big Chance, Head, Open play)" minute="5" period="1" second="49" time="5" type="attempt missed" type_id="13"/>
	<message comment="Jobi McAnuff has shot blocked (Out of box, Right footed, Fast break)" minute="5" period="1" second="35" time="5" type="attempt blocked" type_id="15"/>
	<message comment="Aaron Hughes blocks a shot" minute="5" period="1" second="35" time="5" type="save made" type_id="10"/>
	<message comment="Kieran Richardson wins a corner (To the right)" minute="4" period="1" second="56" time="4" type="corner" type_id="6"/>
	<message comment="Adrian Mariappa blocks a shot" minute="2" period="1" second="37" time="2" type="save made" type_id="10"/>
	<message comment="Chris Baird has shot blocked (Out of box, Right footed, Open play)" minute="2" period="1" second="37" time="2" type="attempt blocked" type_id="15"/>
	<message comment="First half begins!" minute="0" period="1" second="0" time="0" type="start" type_id="32"/>
</Commentary>
