<?xml version="1.0" ?>
<Commentary away_team_name="Reading" competition="English Premier League" game_date="2013-02-02" home_team_name="Sunderland" lang_id="en" season="Season 2012/2013" season_id="2012" sport_id="1" sport_name="Football">
	<message comment="Second half ends" minute="93" period="2" second="0" time="96" type="end" type_id="30"/>
	<message comment="Danny Rose wins a corner (To the left)" minute="89" period="2" second="0" time="92" type="corner" type_id="6"/>
	<message comment="GOAL! Jimmy Kébé scores , Assisted by Ian Harte (High to the left, 6-yard box, Big Chance, Head, Set piece)" minute="84" period="2" second="53" time="87" type="goal scored" type_id="16"/>
	<message comment="Titus Bramble misses attempt (18-yard box, Head, From corner)" minute="83" period="2" second="20" time="86" type="attempt missed" type_id="13"/>
	<message comment="Danny Graham wins a corner (To the right)" minute="82" period="2" second="48" time="85" type="corner" type_id="6"/>
	<message comment="Adam Federici makes a save (Diving)" minute="82" period="2" second="45" time="85" type="save made" type_id="10"/>
	<message comment="Danny Graham has attempt saved (High to the centre, 6-yard box, Big Chance, Head, From corner)" minute="82" period="2" second="45" time="85" type="attempt blocked" type_id="15"/>
	<message comment="Danny Graham wins a corner (To the left)" minute="82" period="2" second="22" time="85" type="corner" type_id="6"/>
	<message comment="Stephen Kelly blocks a shot" minute="82" period="2" second="19" time="85" type="save made" type_id="10"/>
	<message comment="Danny Graham has shot blocked (6-yard box, Head, Open play)" minute="82" period="2" second="19" time="85" type="attempt blocked" type_id="15"/>
	<message comment="Alfred N'Diaye misses attempt (18-yard box, Big Chance, Right footed, Open play)" minute="80" period="2" second="9" time="83" type="attempt missed" type_id="13"/>
	<message comment="Stéphane Sessegnon is substituted off" minute="79" period="2" second="22" time="82" type="substitution off" type_id="18"/>
	<message comment="Danny Graham is substituted on" minute="79" period="2" second="22" time="82" type="substitution on" type_id="19"/>
	<message comment="Adrian Mariappa hits the woodwork (High, 6-yard box, Head, From corner)" minute="74" period="2" second="31" time="77" type="woodwork hit" type_id="14"/>
	<message comment="Nick Blackman wins a corner (To the right)" minute="73" period="2" second="59" time="76" type="corner" type_id="6"/>
	<message comment="Pavel Pogrebnyak is substituted off" minute="71" period="2" second="52" time="74" type="substitution off" type_id="18"/>
	<message comment="Nick Blackman is substituted on" minute="71" period="2" second="52" time="74" type="substitution on" type_id="19"/>
	<message comment="John O'Shea wins a corner (To the left)" minute="66" period="2" second="3" time="69" type="corner" type_id="6"/>
	<message comment="Alfred N'Diaye wins a corner (To the right)" minute="65" period="2" second="39" time="68" type="corner" type_id="6"/>
	<message comment="Garath McCleary is substituted off" minute="64" period="2" second="21" time="67" type="substitution off" type_id="18"/>
	<message comment="Adam Le Fondre is substituted on" minute="64" period="2" second="21" time="67" type="substitution on" type_id="19"/>
	<message comment="Alfred N'Diaye misses attempt (High to the left, Out of box, Left footed, Open play)" minute="63" period="2" second="43" time="66" type="attempt missed" type_id="13"/>
	<message comment="James McClean is substituted on" minute="61" period="2" second="41" time="64" type="substitution on" type_id="19"/>
	<message comment="David Vaughan is substituted off" minute="61" period="2" second="41" time="64" type="substitution off" type_id="18"/>
	<message comment="Craig Gardner blocks a shot" minute="58" period="2" second="1" time="61" type="save made" type_id="10"/>
	<message comment="Ian Harte has shot blocked (Out of box, Left footed, Free kick)" minute="58" period="2" second="1" time="61" type="attempt blocked" type_id="15"/>
	<message comment="Stéphane Sessegnon recieves a yellow card" minute="54" period="2" second="43" time="57" type="card received" type_id="17"/>
	<message comment="Alex Pearce misses attempt (To the left, 6-yard box, Head, Open play)" minute="54" period="2" second="29" time="57" type="attempt missed" type_id="13"/>
	<message comment="Simon Mignolet makes a save (From shot off target, Diving, Parried safe)" minute="54" period="2" second="23" time="57" type="save made" type_id="10"/>
	<message comment="Ian Harte misses attempt (Out of box, Left footed, Free kick)" minute="54" period="2" second="22" time="57" type="attempt missed" type_id="13"/>
	<message comment="Adam Federici makes a save (Standing, Collected)" minute="50" period="2" second="59" time="53" type="save made" type_id="10"/>
	<message comment="Steven Fletcher has attempt saved (Low to the centre, Out of box, Left footed, Open play)" minute="50" period="2" second="59" time="53" type="attempt blocked" type_id="15"/>
	<message comment="Jimmy Kébé wins a corner (To the right)" minute="49" period="2" second="49" time="52" type="corner" type_id="6"/>
	<message comment="Sebastian Larsson is substituted off" minute="45" period="2" second="0" time="48" type="substitution off" type_id="18"/>
	<message comment="Danny Rose is substituted on" minute="45" period="2" second="0" time="48" type="substitution on" type_id="19"/>
	<message comment="Second half begins!" minute="45" period="2" second="0" time="48" type="start" type_id="32"/>
	<message comment="First half ends" minute="47" period="1" second="0" time="47" type="end" type_id="30"/>
	<message comment="Pavel Pogrebnyak misses attempt (High to the left, 18-yard box, Head, Open play)" minute="46" period="1" second="42" time="46" type="attempt missed" type_id="13"/>
	<message comment="Hope Akpan wins a corner (To the right)" minute="45" period="1" second="27" time="45" type="corner" type_id="6"/>
	<message comment="Adam Federici makes a save (Diving, Parried into danger)" minute="43" period="1" second="15" time="43" type="save made" type_id="10"/>
	<message comment="Stéphane Sessegnon has attempt saved (Low to the right, 18-yard box, Left footed, Open play)" minute="43" period="1" second="15" time="43" type="attempt blocked" type_id="15"/>
	<message comment="Pavel Pogrebnyak has attempt saved (Low to the left, 18-yard box, Head, Set piece)" minute="39" period="1" second="48" time="39" type="attempt blocked" type_id="15"/>
	<message comment="Simon Mignolet makes a save (Parried safe, Diving)" minute="39" period="1" second="48" time="39" type="save made" type_id="10"/>
	<message comment="Adam Johnson wins a corner (To the left)" minute="38" period="1" second="28" time="38" type="corner" type_id="6"/>
	<message comment="Ian Harte misses attempt (To the left, Out of box, Right footed, Open play)" minute="36" period="1" second="49" time="36" type="attempt missed" type_id="13"/>
	<message comment="Sebastian Larsson wins a corner (To the right)" minute="34" period="1" second="52" time="34" type="corner" type_id="6"/>
	<message comment="Titus Bramble recieves a yellow card" minute="32" period="1" second="44" time="32" type="card received" type_id="17"/>
	<message comment="Jobi McAnuff wins a corner (To the left)" minute="30" period="1" second="34" time="30" type="corner" type_id="6"/>
	<message comment="Jimmy Kébé misses attempt (High to the right, Out of box, Right footed, Open play)" minute="29" period="1" second="22" time="29" type="attempt missed" type_id="13"/>
	<message comment="GOAL! Craig Gardner scores  (Low to the left, 18-yard box, Penalty, Big Chance, Right footed)" minute="28" period="1" second="24" time="28" type="goal scored" type_id="16"/>
	<message comment="Hope Akpan blocks a shot" minute="27" period="1" second="8" time="27" type="save made" type_id="10"/>
	<message comment="Alfred N'Diaye has shot blocked (6-yard box, Right footed, From corner)" minute="27" period="1" second="8" time="27" type="attempt blocked" type_id="15"/>
	<message comment="Sebastian Larsson wins a corner (To the right)" minute="26" period="1" second="51" time="26" type="corner" type_id="6"/>
	<message comment="Hope Akpan wins a corner (To the left)" minute="25" period="1" second="15" time="25" type="corner" type_id="6"/>
	<message comment="Adam Federici makes a save (Parried into danger, Other body part)" minute="23" period="1" second="51" time="23" type="save made" type_id="10"/>
	<message comment="Sebastian Larsson has attempt saved (Low to the centre, 18-yard box, Big Chance, Right footed, Open play)" minute="23" period="1" second="51" time="23" type="attempt blocked" type_id="15"/>
	<message comment="Adam Federici makes a save (Parried into danger, Diving)" minute="23" period="1" second="47" time="23" type="save made" type_id="10"/>
	<message comment="Alfred N'Diaye has attempt saved (Low to the right, 18-yard box, Right footed, Open play)" minute="23" period="1" second="47" time="23" type="attempt blocked" type_id="15"/>
	<message comment="Ian Harte wins a corner (To the left)" minute="19" period="1" second="25" time="19" type="corner" type_id="6"/>
	<message comment="Craig Gardner recieves a yellow card" minute="18" period="1" second="33" time="18" type="card received" type_id="17"/>
	<message comment="Garath McCleary misses attempt (To the right, Out of box, Right footed, Open play)" minute="14" period="1" second="36" time="14" type="attempt missed" type_id="13"/>
	<message comment="Alfred N'Diaye misses attempt (To the left, Out of box, Right footed, Open play)" minute="9" period="1" second="53" time="9" type="attempt missed" type_id="13"/>
	<message comment="GOAL! Jimmy Kébé scores , Assisted by Jobi McAnuff (High to the left, 18-yard box, Left footed, Open play)" minute="6" period="1" second="6" time="6" type="goal scored" type_id="16"/>
	<message comment="Formation Set" minute="0" period="14" second="0" time="6" type="end" type_id="30"/>
	<message comment="Jobi McAnuff recieves a yellow card" minute="0" period="1" second="36" time="0" type="card received" type_id="17"/>
	<message comment="First half begins!" minute="0" period="1" second="0" time="0" type="start" type_id="32"/>
</Commentary>
