<?xml version="1.0" ?>
<Commentary away_team_name="Reading" competition="English Premier League" game_date="2013-04-06" home_team_name="Southampton" lang_id="en" season="Season 2012/2013" season_id="2012" sport_id="1" sport_name="Football">
	<message comment="Second half ends" minute="93" period="2" second="42" time="96" type="end" type_id="30"/>
	<message comment="Noel Hunt wins a corner (To the right)" minute="93" period="2" second="18" time="96" type="corner" type_id="6"/>
	<message comment="Guly do Prado misses attempt (High, 18-yard box, Big Chance, Left footed, Open play)" minute="91" period="2" second="31" time="94" type="attempt missed" type_id="13"/>
	<message comment="Steven Davis is substituted off" minute="88" period="2" second="10" time="91" type="substitution off" type_id="18"/>
	<message comment="Guly do Prado is substituted on" minute="88" period="2" second="10" time="91" type="substitution on" type_id="19"/>
	<message comment="Rickie Lambert is caught offside" minute="86" period="2" time="89" type="offside" type_id="10000"/>
	<message comment="Adam Lallana is caught offside" minute="81" period="2" time="84" type="offside" type_id="10000"/>
	<message comment="Jobi McAnuff wins a corner (To the left)" minute="78" period="2" second="36" time="81" type="corner" type_id="6"/>
	<message comment="Garath McCleary misses attempt (To the left, 18-yard box, Left footed, Set piece)" minute="76" period="2" second="29" time="79" type="attempt missed" type_id="13"/>
	<message comment="Artur Boruc makes a save (Parried into danger)" minute="75" period="2" second="13" time="78" type="save made" type_id="10"/>
	<message comment="Adam Le Fondre has attempt saved (High to the centre, 18-yard box, Head, Set piece)" minute="75" period="2" second="13" time="78" type="attempt blocked" type_id="15"/>
	<message comment="Jobi McAnuff misses attempt (High, Out of box, Left footed, Set piece)" minute="74" period="2" second="4" time="77" type="attempt missed" type_id="13"/>
	<message comment="Hal Robson-Kanu is substituted off" minute="72" period="2" second="20" time="75" type="substitution off" type_id="18"/>
	<message comment="Noel Hunt is substituted on" minute="72" period="2" second="20" time="75" type="substitution on" type_id="19"/>
	<message comment="GOAL! Adam Lallana scores , Assisted by Jay Rodriguez (Low to the right, 18-yard box, Big Chance, Right footed, Open play)" minute="71" period="2" second="55" time="74" type="goal scored" type_id="16"/>
	<message comment="Jay Rodriguez misses attempt (To the left, Out of box, Right footed, Throw-in)" minute="69" period="2" second="4" time="72" type="attempt missed" type_id="13"/>
	<message comment="Jay Rodriguez wins a corner (To the right)" minute="65" period="2" second="15" time="68" type="corner" type_id="6"/>
	<message comment="Gastón Ramírez is substituted off" minute="62" period="2" second="50" time="65" type="substitution off" type_id="18"/>
	<message comment="Adam Lallana is substituted on" minute="62" period="2" second="50" time="65" type="substitution on" type_id="19"/>
	<message comment="Danny Guthrie is substituted off" minute="61" period="2" second="41" time="64" type="substitution off" type_id="18"/>
	<message comment="Garath McCleary is substituted on" minute="61" period="2" second="41" time="64" type="substitution on" type_id="19"/>
	<message comment="Adam Le Fondre misses attempt (Out of box, Left footed, Throw-in)" minute="60" period="2" second="27" time="63" type="attempt missed" type_id="13"/>
	<message comment="Hal Robson-Kanu wins a corner (To the right)" minute="58" period="2" second="11" time="61" type="corner" type_id="6"/>
	<message comment="Jobi McAnuff wins a corner (To the left)" minute="56" period="2" second="14" time="59" type="corner" type_id="6"/>
	<message comment="Steven Davis has attempt saved (Low to the centre, 18-yard box, Right footed, Open play)" minute="51" period="2" second="32" time="54" type="attempt blocked" type_id="15"/>
	<message comment="Adam Federici makes a save" minute="51" period="2" second="32" time="54" type="save made" type_id="10"/>
	<message comment="Jay Rodriguez is caught offside" minute="50" period="2" time="53" type="offside" type_id="10000"/>
	<message comment="Jos Hooiveld blocks a shot" minute="49" period="2" second="5" time="52" type="save made" type_id="10"/>
	<message comment="Danny Guthrie has shot blocked (Out of box, Right footed, Open play)" minute="49" period="2" second="5" time="52" type="attempt blocked" type_id="15"/>
	<message comment="Jay Rodriguez blocks a shot" minute="48" period="2" second="50" time="51" type="save made" type_id="10"/>
	<message comment="Hal Robson-Kanu has shot blocked (18-yard box, Left footed, From corner)" minute="48" period="2" second="50" time="51" type="attempt blocked" type_id="15"/>
	<message comment="Jobi McAnuff wins a corner (To the left)" minute="48" period="2" second="23" time="51" type="corner" type_id="6"/>
	<message comment="Hope Akpan is substituted off" minute="45" period="2" second="0" time="48" type="substitution off" type_id="18"/>
	<message comment="Mikele Leigertwood is substituted on" minute="45" period="2" second="0" time="48" type="substitution on" type_id="19"/>
	<message comment="Second half begins!" minute="45" period="2" second="0" time="48" type="start" type_id="32"/>
	<message comment="First half ends" minute="47" period="1" second="5" time="47" type="end" type_id="30"/>
	<message comment="Gastón Ramírez misses attempt (18-yard box, Big Chance, Left footed, Open play)" minute="42" period="1" second="3" time="42" type="attempt missed" type_id="13"/>
	<message comment="Jay Rodriguez has attempt saved (Low to the right, 18-yard box, Big Chance, Right footed, Open play)" minute="42" period="1" second="0" time="42" type="attempt blocked" type_id="15"/>
	<message comment="Adam Federici makes a save (Diving, Parried into danger)" minute="42" period="1" second="0" time="42" type="save made" type_id="10"/>
	<message comment="Gastón Ramírez wins a corner (To the left)" minute="37" period="1" second="9" time="37" type="corner" type_id="6"/>
	<message comment="Jay Rodriguez hits the woodwork (High, 18-yard box, Right footed, Open play)" minute="36" period="1" second="58" time="36" type="woodwork hit" type_id="14"/>
	<message comment="Adam Le Fondre misses attempt (High to the left, 18-yard box, Right footed, From corner)" minute="36" period="1" second="15" time="36" type="attempt missed" type_id="13"/>
	<message comment="Chris Gunter wins a corner (To the right)" minute="35" period="1" second="48" time="35" type="corner" type_id="6"/>
	<message comment="GOAL! Jay Rodriguez scores , Assisted by Rickie Lambert (Low to the centre, 18-yard box, Big Chance, Left footed, Open play)" minute="34" period="1" second="0" time="34" type="goal scored" type_id="16"/>
	<message comment="Gastón Ramírez misses attempt (18-yard box, Head, Open play)" minute="32" period="1" second="36" time="32" type="attempt missed" type_id="13"/>
	<message comment="Jay Rodriguez is caught offside" minute="31" period="1" time="31" type="offside" type_id="10000"/>
	<message comment="Jay Rodriguez has shot blocked (Out of box, Right footed, Open play)" minute="30" period="1" second="36" time="30" type="attempt blocked" type_id="15"/>
	<message comment="Sean Morrison blocks a shot" minute="30" period="1" second="36" time="30" type="save made" type_id="10"/>
	<message comment="Jack Cork wins a corner (To the right)" minute="26" period="1" second="55" time="26" type="corner" type_id="6"/>
	<message comment="Gastón Ramírez misses attempt (To the right, Out of box, Left footed, Open play)" minute="25" period="1" second="49" time="25" type="attempt missed" type_id="13"/>
	<message comment="Morgan Schneiderlin misses attempt (High to the right, 18-yard box, Head, Open play)" minute="24" period="1" second="0" time="24" type="attempt missed" type_id="13"/>
	<message comment="Artur Boruc makes a save (Diving, Parried safe)" minute="22" period="1" second="1" time="22" type="save made" type_id="10"/>
	<message comment="Adrian Mariappa has attempt saved (Low to the left, 18-yard box, Head, From corner)" minute="22" period="1" second="1" time="22" type="attempt blocked" type_id="15"/>
	<message comment="Danny Guthrie wins a corner (To the right)" minute="21" period="1" second="14" time="21" type="corner" type_id="6"/>
	<message comment="Adam Le Fondre misses attempt (High, 18-yard box, Big Chance, Left footed, Set piece)" minute="19" period="1" second="56" time="19" type="attempt missed" type_id="13"/>
	<message comment="Rickie Lambert is caught offside" minute="17" period="1" time="17" type="offside" type_id="10000"/>
	<message comment="Jay Rodriguez is caught offside" minute="15" period="1" time="15" type="offside" type_id="10000"/>
	<message comment="Luke Shaw wins a corner (To the left)" minute="14" period="1" second="57" time="14" type="corner" type_id="6"/>
	<message comment="Gastón Ramírez misses attempt (High to the left, Out of box, Left footed, Open play)" minute="12" period="1" second="40" time="12" type="attempt missed" type_id="13"/>
	<message comment="Adam Le Fondre is caught offside" minute="9" period="1" time="9" type="offside" type_id="10000"/>
	<message comment="Adam Le Fondre wins a corner (To the left)" minute="8" period="1" second="37" time="8" type="corner" type_id="6"/>
	<message comment="Formation Set" minute="0" period="14" second="0" time="6" type="end" type_id="30"/>
	<message comment="Sean Morrison misses attempt (18-yard box, Head, Set piece)" minute="3" period="1" second="14" time="3" type="attempt missed" type_id="13"/>
	<message comment="First half begins!" minute="0" period="1" second="0" time="0" type="start" type_id="32"/>
</Commentary>
