<?xml version="1.0" ?>
<Commentary away_team_name="Southampton" competition="English Premier League" game_date="2013-09-28" home_team_name="Crystal Palace" lang_id="en" season="Season 2013/2014" season_id="2013" sport_id="1" sport_name="Football">
	<message comment="Second half ends" minute="95" period="2" second="5" time="97" type="end" type_id="30"/>
	<message comment="Marouane Chamakh is caught offside" minute="92" period="2" time="94" type="offside" type_id="10000"/>
	<message comment="Cameron Jerome misses attempt (High, 18-yard box, Big Chance, Left footed, Open play)" minute="91" period="2" second="5" time="93" type="attempt missed" type_id="13"/>
	<message comment="James Ward-Prowse misses attempt (High to the right, Out of box, Right footed, Open play)" minute="88" period="2" second="29" time="90" type="attempt missed" type_id="13"/>
	<message comment="Adam Lallana is substituted off" minute="85" period="2" second="40" time="87" type="substitution off" type_id="18"/>
	<message comment="Gastón Ramírez is substituted on" minute="85" period="2" second="40" time="87" type="substitution on" type_id="19"/>
	<message comment="Daniel Osvaldo wins a corner (To the right)" minute="84" period="2" second="23" time="86" type="corner" type_id="6"/>
	<message comment="Daniel Osvaldo is caught offside" minute="84" period="2" time="86" type="offside" type_id="10000"/>
	<message comment="Dean Moxey has shot blocked (Out of box, Left footed, From corner)" minute="83" period="2" second="2" time="85" type="attempt blocked" type_id="15"/>
	<message comment="José Fonte blocks a shot" minute="83" period="2" second="2" time="85" type="save made" type_id="10"/>
	<message comment="Marouane Chamakh is caught offside" minute="83" period="2" time="85" type="offside" type_id="10000"/>
	<message comment="Cameron Jerome wins a corner (To the left)" minute="82" period="2" second="37" time="84" type="corner" type_id="6"/>
	<message comment="Rickie Lambert is substituted off" minute="76" period="2" second="55" time="78" type="substitution off" type_id="18"/>
	<message comment="Jay Rodriguez is substituted on" minute="76" period="2" second="55" time="78" type="substitution on" type_id="19"/>
	<message comment="Dean Moxey misses attempt (High, Out of box, Left footed, Set piece)" minute="76" period="2" second="29" time="78" type="attempt missed" type_id="13"/>
	<message comment="Jimmy Kébé is substituted off" minute="72" period="2" second="1" time="74" type="substitution off" type_id="18"/>
	<message comment="Kevin Phillips is substituted on" minute="72" period="2" second="1" time="74" type="substitution on" type_id="19"/>
	<message comment="Adrian Mariappa recieves a yellow card" minute="67" period="2" second="35" time="69" type="card received" type_id="17"/>
	<message comment="Steven Davis is substituted off" minute="66" period="2" second="40" time="68" type="substitution off" type_id="18"/>
	<message comment="James Ward-Prowse is substituted on" minute="66" period="2" second="40" time="68" type="substitution on" type_id="19"/>
	<message comment="Steven Davis wins a corner (To the right)" minute="59" period="2" second="31" time="61" type="corner" type_id="6"/>
	<message comment="Dwight Gayle is substituted off" minute="57" period="2" second="2" time="59" type="substitution off" type_id="18"/>
	<message comment="Jerome Thomas is substituted on" minute="57" period="2" second="2" time="59" type="substitution on" type_id="19"/>
	<message comment="Barry Bannan is substituted off" minute="56" period="2" second="50" time="58" type="substitution off" type_id="18"/>
	<message comment="Cameron Jerome is substituted on" minute="56" period="2" second="50" time="58" type="substitution on" type_id="19"/>
	<message comment="Steven Davis misses attempt (High to the right, 18-yard box, Right footed, Open play)" minute="54" period="2" second="54" time="56" type="attempt missed" type_id="13"/>
	<message comment="Dwight Gayle has shot blocked (Out of box, Left footed, Throw-in)" minute="54" period="2" second="19" time="56" type="attempt blocked" type_id="15"/>
	<message comment="Morgan Schneiderlin blocks a shot" minute="54" period="2" second="19" time="56" type="save made" type_id="10"/>
	<message comment="Dwight Gayle has shot blocked (Out of box, Left footed, Set piece)" minute="53" period="2" second="58" time="55" type="attempt blocked" type_id="15"/>
	<message comment="Adam Lallana blocks a shot" minute="53" period="2" second="58" time="55" type="save made" type_id="10"/>
	<message comment="Rickie Lambert misses attempt (Out of box, Right footed, Open play)" minute="52" period="2" second="56" time="54" type="attempt missed" type_id="13"/>
	<message comment="Marouane Chamakh blocks a shot" minute="51" period="2" second="1" time="53" type="save made" type_id="10"/>
	<message comment="Steven Davis has shot blocked (Out of box, Left footed, From corner)" minute="51" period="2" second="1" time="53" type="attempt blocked" type_id="15"/>
	<message comment="Adam Lallana wins a corner (To the right)" minute="50" period="2" second="33" time="52" type="corner" type_id="6"/>
	<message comment="GOAL! Rickie Lambert scores  (Low to the left, Out of box, Right footed, Free kick)" minute="48" period="2" second="44" time="50" type="goal scored" type_id="16"/>
	<message comment="GOAL! Daniel Osvaldo scores , Assisted by Adam Lallana (Low to the left, 18-yard box, Left footed, Open play)" minute="46" period="2" second="47" time="48" type="goal scored" type_id="16"/>
	<message comment="Second half begins!" minute="45" period="2" second="0" time="47" type="start" type_id="32"/>
	<message comment="First half ends" minute="46" period="1" second="5" time="46" type="end" type_id="30"/>
	<message comment="Victor Wanyama misses attempt (To the right, Out of box, Right footed, Open play)" minute="44" period="1" second="52" time="44" type="attempt missed" type_id="13"/>
	<message comment="Adrian Mariappa blocks a shot" minute="40" period="1" second="27" time="40" type="save made" type_id="10"/>
	<message comment="Luke Shaw has shot blocked (Out of box, Left footed, From corner)" minute="40" period="1" second="27" time="40" type="attempt blocked" type_id="15"/>
	<message comment="José Fonte wins a corner (To the right)" minute="40" period="1" second="12" time="40" type="corner" type_id="6"/>
	<message comment="Danny Gabbidon blocks a shot" minute="39" period="1" second="50" time="39" type="save made" type_id="10"/>
	<message comment="José Fonte has shot blocked (18-yard box, Right footed, From corner)" minute="39" period="1" second="50" time="39" type="attempt blocked" type_id="15"/>
	<message comment="Steven Davis wins a corner (To the right)" minute="39" period="1" second="20" time="39" type="corner" type_id="6"/>
	<message comment="Daniel Osvaldo wins a corner (To the left)" minute="39" period="1" second="4" time="39" type="corner" type_id="6"/>
	<message comment="Joel Ward wins a corner (To the right)" minute="37" period="1" second="58" time="37" type="corner" type_id="6"/>
	<message comment="Joel Ward has shot blocked (18-yard box, Left footed, Throw-in)" minute="37" period="1" second="56" time="37" type="attempt blocked" type_id="15"/>
	<message comment="Dejan Lovren blocks a shot" minute="37" period="1" second="56" time="37" type="save made" type_id="10"/>
	<message comment="Rickie Lambert wins a corner (To the right)" minute="35" period="1" second="35" time="35" type="corner" type_id="6"/>
	<message comment="Marouane Chamakh recieves a yellow card" minute="27" period="1" second="31" time="27" type="card received" type_id="17"/>
	<message comment="Julian Speroni makes a save (Parried safe)" minute="25" period="1" second="28" time="25" type="save made" type_id="10"/>
	<message comment="Rickie Lambert has attempt saved (Low to the centre, Out of box, Right footed, Free kick)" minute="25" period="1" second="28" time="25" type="attempt blocked" type_id="15"/>
	<message comment="Rickie Lambert misses attempt (18-yard box, Right footed, Open play)" minute="22" period="1" second="17" time="22" type="attempt missed" type_id="13"/>
	<message comment="Steven Davis recieves a yellow card" minute="16" period="1" second="45" time="16" type="card received" type_id="17"/>
	<message comment="Barry Bannan has shot blocked (18-yard box, Left footed, Open play)" minute="13" period="1" second="20" time="13" type="attempt blocked" type_id="15"/>
	<message comment="Nathaniel Clyne blocks a shot" minute="13" period="1" second="20" time="13" type="save made" type_id="10"/>
	<message comment="Kagisho Dikgacoi has shot blocked (Out of box, Right footed, Open play)" minute="10" period="1" second="56" time="10" type="attempt blocked" type_id="15"/>
	<message comment="José Fonte blocks a shot" minute="10" period="1" second="56" time="10" type="save made" type_id="10"/>
	<message comment="Formation Set" minute="0" period="14" second="0" time="7" type="end" type_id="30"/>
	<message comment="Morgan Schneiderlin wins a corner (To the left)" minute="5" period="1" second="26" time="5" type="corner" type_id="6"/>
	<message comment="Joel Ward blocks a shot (Last line)" minute="5" period="1" second="22" time="5" type="save made" type_id="10"/>
	<message comment="Morgan Schneiderlin has shot blocked (18-yard box, Big Chance, Head, Open play)" minute="5" period="1" second="22" time="5" type="attempt blocked" type_id="15"/>
	<message comment="First half begins!" minute="0" period="1" second="0" time="0" type="start" type_id="32"/>
</Commentary>
