<?xml version="1.0" ?>
<Commentary away_team_name="Southampton" competition="English Premier League" game_date="2014-03-15" home_team_name="Norwich" lang_id="en" season="Season 2013/2014" season_id="2013" sport_id="1" sport_name="Football">
	<message comment="Second half ends" minute="97" period="2" second="41" time="100" type="end" type_id="30"/>
	<message comment="GOAL! Sam Gallagher scores , Assisted by Steven Davis (Low to the centre, 18-yard box, Big Chance, Right footed, Fast break)" minute="96" period="2" second="34" time="99" type="goal scored" type_id="16"/>
	<message comment="Jay Rodriguez is substituted off" minute="92" period="2" second="27" time="95" type="substitution off" type_id="18"/>
	<message comment="Sam Gallagher is substituted on" minute="92" period="2" second="27" time="95" type="substitution on" type_id="19"/>
	<message comment="Johan Elmander is caught offside" minute="87" period="2" time="90" type="offside" type_id="10000"/>
	<message comment="GOAL! Robert Snodgrass scores  (Low to the right, 18-yard box, Big Chance, Right footed, Open play)" minute="85" period="2" second="43" time="88" type="goal scored" type_id="16"/>
	<message comment="Ricky van Wolfswinkel has attempt saved (Low to the right, Out of box, Right footed, Open play)" minute="85" period="2" second="40" time="88" type="attempt blocked" type_id="15"/>
	<message comment="Artur Boruc makes a save (Diving, Parried into danger)" minute="85" period="2" second="40" time="88" type="save made" type_id="10"/>
	<message comment="GOAL! Johan Elmander scores  (Low to the centre, 18-yard box, Big Chance, Right footed, Open play)" minute="84" period="2" second="39" time="87" type="goal scored" type_id="16"/>
	<message comment="Jay Rodriguez is caught offside" minute="83" period="2" time="86" type="offside" type_id="10000"/>
	<message comment="Rickie Lambert wins a corner (To the right)" minute="81" period="2" second="50" time="84" type="corner" type_id="6"/>
	<message comment="John Ruddy makes a save (Diving, Parried safe)" minute="81" period="2" second="48" time="84" type="save made" type_id="10"/>
	<message comment="Rickie Lambert has attempt saved (Low to the centre, 18-yard box, Big Chance, Right footed, Open play)" minute="81" period="2" second="48" time="84" type="attempt blocked" type_id="15"/>
	<message comment="Jay Rodriguez hits the woodwork (High, Out of box, Right footed, Open play)" minute="80" period="2" second="50" time="83" type="woodwork hit" type_id="14"/>
	<message comment="Steven Davis is caught offside" minute="74" period="2" time="77" type="offside" type_id="10000"/>
	<message comment="Steven Whittaker misses attempt (To the right, Out of box, Left footed, Throw-in)" minute="73" period="2" second="48" time="76" type="attempt missed" type_id="13"/>
	<message comment="GOAL! Jay Rodriguez scores , Assisted by Rickie Lambert (Low to the centre, 18-yard box, Big Chance, Right footed, Open play)" minute="71" period="2" second="58" time="74" type="goal scored" type_id="16"/>
	<message comment="John Ruddy makes a save (Parried into danger, Diving)" minute="71" period="2" second="55" time="74" type="save made" type_id="10"/>
	<message comment="Guly do Prado has attempt saved (Low to the centre, 18-yard box, Big Chance, Left footed, Open play)" minute="71" period="2" second="55" time="74" type="attempt blocked" type_id="15"/>
	<message comment="Rickie Lambert misses attempt (18-yard box, Right footed, Open play)" minute="69" period="2" second="56" time="72" type="attempt missed" type_id="13"/>
	<message comment="Nathan Redmond is substituted on" minute="64" period="2" second="12" time="67" type="substitution on" type_id="19"/>
	<message comment="Anthony Pilkington is substituted off" minute="64" period="2" second="12" time="67" type="substitution off" type_id="18"/>
	<message comment="Gary Hooper is substituted off" minute="64" period="2" second="5" time="67" type="substitution off" type_id="18"/>
	<message comment="Johan Elmander is substituted on" minute="64" period="2" second="5" time="67" type="substitution on" type_id="19"/>
	<message comment="Bradley Johnson is substituted off" minute="63" period="2" second="58" time="66" type="substitution off" type_id="18"/>
	<message comment="Ricky van Wolfswinkel is substituted on" minute="63" period="2" second="58" time="66" type="substitution on" type_id="19"/>
	<message comment="Gastón Ramírez is substituted off" minute="60" period="2" second="44" time="63" type="substitution off" type_id="18"/>
	<message comment="Guly do Prado is substituted on" minute="60" period="2" second="44" time="63" type="substitution on" type_id="19"/>
	<message comment="Robert Snodgrass recieves a yellow card" minute="59" period="2" second="51" time="62" type="card received" type_id="17"/>
	<message comment="Joseph Yobo blocks a shot" minute="59" period="2" second="7" time="62" type="save made" type_id="10"/>
	<message comment="Morgan Schneiderlin has shot blocked (Out of box, Right footed, Open play)" minute="59" period="2" second="7" time="62" type="attempt blocked" type_id="15"/>
	<message comment="GOAL! Rickie Lambert scores  (Low to the right, 18-yard box, Big Chance, Right footed, Open play)" minute="56" period="2" second="24" time="59" type="goal scored" type_id="16"/>
	<message comment="Adam Lallana is substituted off" minute="55" period="2" second="18" time="58" type="substitution off" type_id="18"/>
	<message comment="Rickie Lambert is substituted on" minute="55" period="2" second="18" time="58" type="substitution on" type_id="19"/>
	<message comment="Adam Lallana misses attempt (6-yard box, Head, From corner)" minute="54" period="2" second="48" time="57" type="attempt missed" type_id="13"/>
	<message comment="Steven Davis wins a corner (To the left)" minute="54" period="2" second="20" time="57" type="corner" type_id="6"/>
	<message comment="James Ward-Prowse wins a corner (To the right)" minute="50" period="2" second="28" time="53" type="corner" type_id="6"/>
	<message comment="James Ward-Prowse wins a corner (To the right)" minute="50" period="2" second="1" time="53" type="corner" type_id="6"/>
	<message comment="John Ruddy makes a save (Diving, Parried safe, From shot off target)" minute="50" period="2" second="1" time="53" type="save made" type_id="10"/>
	<message comment="James Ward-Prowse misses attempt (Out of box, Right footed, Open play)" minute="49" period="2" second="58" time="52" type="attempt missed" type_id="13"/>
	<message comment="Second half begins!" minute="45" period="2" second="0" time="48" type="start" type_id="32"/>
	<message comment="First half ends" minute="47" period="1" second="6" time="47" type="end" type_id="30"/>
	<message comment="Anthony Pilkington recieves a yellow card" minute="43" period="1" second="34" time="43" type="card received" type_id="17"/>
	<message comment="Steven Whittaker wins a corner (To the right)" minute="42" period="1" second="8" time="42" type="corner" type_id="6"/>
	<message comment="Jay Rodriguez is caught offside" minute="37" period="1" time="37" type="offside" type_id="10000"/>
	<message comment="Anthony Pilkington has shot blocked (Out of box, Left footed, Set piece)" minute="35" period="1" second="44" time="35" type="attempt blocked" type_id="15"/>
	<message comment="Steven Davis recieves a yellow card" minute="34" period="1" second="48" time="34" type="card received" type_id="17"/>
	<message comment="Gary Hooper misses attempt (18-yard box, Right footed, Open play)" minute="31" period="1" second="50" time="31" type="attempt missed" type_id="13"/>
	<message comment="Ryan Bennett blocks a shot" minute="27" period="1" second="0" time="27" type="save made" type_id="10"/>
	<message comment="Jay Rodriguez has shot blocked (18-yard box, Right footed, Open play)" minute="27" period="1" second="0" time="27" type="attempt blocked" type_id="15"/>
	<message comment="Nathaniel Clyne wins a corner (To the right)" minute="21" period="1" second="48" time="21" type="corner" type_id="6"/>
	<message comment="Gastón Ramírez misses attempt (Out of box, Left footed, Open play)" minute="20" period="1" second="31" time="20" type="attempt missed" type_id="13"/>
	<message comment="Steven Davis misses attempt (To the right, 18-yard box, Left footed, Open play)" minute="19" period="1" second="7" time="19" type="attempt missed" type_id="13"/>
	<message comment="Formation Set" minute="0" period="14" second="0" time="10" type="end" type_id="30"/>
	<message comment="Steven Davis misses attempt (To the right, 18-yard box, Head, Set piece)" minute="7" period="1" second="33" time="7" type="attempt missed" type_id="13"/>
	<message comment="GOAL! Morgan Schneiderlin scores , Assisted by Gastón Ramírez (Low to the left, 18-yard box, Big Chance, Right footed, Open play)" minute="4" period="1" second="48" time="4" type="goal scored" type_id="16"/>
	<message comment="Adam Lallana has shot blocked (18-yard box, Right footed, Open play)" minute="4" period="1" second="18" time="4" type="attempt blocked" type_id="15"/>
	<message comment="Ryan Bennett blocks a shot" minute="4" period="1" second="18" time="4" type="save made" type_id="10"/>
	<message comment="Gastón Ramírez misses attempt (18-yard box, Head, From corner)" minute="1" period="1" second="15" time="1" type="attempt missed" type_id="13"/>
	<message comment="Nathaniel Clyne wins a corner (To the right)" minute="0" period="1" second="36" time="0" type="corner" type_id="6"/>
	<message comment="First half begins!" minute="0" period="1" second="0" time="0" type="start" type_id="32"/>
</Commentary>
