<?xml version="1.0" ?>
<Commentary away_team_name="Southampton" competition="English Premier League" game_date="2014-01-28" home_team_name="Arsenal" lang_id="en" season="Season 2013/2014" season_id="2013" sport_id="1" sport_name="Football">
	<message comment="Second half ends" minute="96" period="2" second="20" time="100" type="end" type_id="30"/>
	<message comment="James Ward-Prowse recieves a yellow card" minute="96" period="2" second="5" time="100" type="card received" type_id="17"/>
	<message comment="Jay Rodriguez has attempt saved (Low to the left, 18-yard box, Head, Open play)" minute="91" period="2" second="10" time="95" type="attempt blocked" type_id="15"/>
	<message comment="Wojciech Szczesny makes a save (Standing)" minute="91" period="2" second="10" time="95" type="save made" type_id="10"/>
	<message comment="Alex Oxlade-Chamberlain is caught offside" minute="90" period="2" time="94" type="offside" type_id="10000"/>
	<message comment="Olivier Giroud is substituted off" minute="89" period="2" second="25" time="93" type="substitution off" type_id="18"/>
	<message comment="Lukas Podolski is substituted on" minute="89" period="2" second="25" time="93" type="substitution on" type_id="19"/>
	<message comment="Steven Davis is substituted off" minute="89" period="2" second="2" time="93" type="substitution off" type_id="18"/>
	<message comment="Guly do Prado is substituted on" minute="89" period="2" second="2" time="93" type="substitution on" type_id="19"/>
	<message comment="Wojciech Szczesny makes a save (Diving, Parried safe)" minute="86" period="2" second="51" time="90" type="save made" type_id="10"/>
	<message comment="José Fonte has attempt saved (Low to the right, 18-yard box, Right footed, From corner)" minute="86" period="2" second="51" time="90" type="attempt blocked" type_id="15"/>
	<message comment="Luke Shaw wins a corner (To the right)" minute="86" period="2" second="17" time="90" type="corner" type_id="6"/>
	<message comment="Wojciech Szczesny makes a save (Parried safe)" minute="86" period="2" second="15" time="90" type="save made" type_id="10"/>
	<message comment="Santi Cazorla is substituted off" minute="85" period="2" second="41" time="89" type="substitution off" type_id="18"/>
	<message comment="Kieran Gibbs is substituted on" minute="85" period="2" second="41" time="89" type="substitution on" type_id="19"/>
	<message comment="Mathieu Flamini recieves a red card" minute="79" period="2" second="52" time="83" type="card received" type_id="17"/>
	<message comment="Nacho Monreal misses attempt (High to the left, 18-yard box, Left footed, Open play)" minute="71" period="2" second="48" time="75" type="attempt missed" type_id="13"/>
	<message comment="Serge Gnabry is substituted off" minute="69" period="2" second="42" time="73" type="substitution off" type_id="18"/>
	<message comment="Alex Oxlade-Chamberlain is substituted on" minute="69" period="2" second="42" time="73" type="substitution on" type_id="19"/>
	<message comment="James Ward-Prowse is substituted on" minute="69" period="2" second="35" time="73" type="substitution on" type_id="19"/>
	<message comment="Sam Gallagher is substituted off" minute="69" period="2" second="35" time="73" type="substitution off" type_id="18"/>
	<message comment="Mathieu Flamini misses attempt (High, Out of box, Right footed, From corner)" minute="68" period="2" second="55" time="72" type="attempt missed" type_id="13"/>
	<message comment="Nacho Monreal wins a corner (To the left)" minute="68" period="2" second="35" time="72" type="corner" type_id="6"/>
	<message comment="José Fonte blocks a shot" minute="63" period="2" second="33" time="67" type="save made" type_id="10"/>
	<message comment="Mesut Özil has shot blocked (18-yard box, Left footed, Fast break)" minute="63" period="2" second="33" time="67" type="attempt blocked" type_id="15"/>
	<message comment="Adam Lallana wins a corner (To the right)" minute="59" period="2" second="43" time="63" type="corner" type_id="6"/>
	<message comment="Morgan Schneiderlin has shot blocked (18-yard box, Right footed, From corner)" minute="59" period="2" second="37" time="63" type="attempt blocked" type_id="15"/>
	<message comment="Olivier Giroud blocks a shot" minute="59" period="2" second="37" time="63" type="save made" type_id="10"/>
	<message comment="Luke Shaw wins a corner (To the right)" minute="59" period="2" second="1" time="63" type="corner" type_id="6"/>
	<message comment="Olivier Giroud wins a corner (To the right)" minute="58" period="2" second="21" time="62" type="corner" type_id="6"/>
	<message comment="Adam Lallana has shot blocked (Out of box, Right footed, Open play)" minute="56" period="2" second="15" time="60" type="attempt blocked" type_id="15"/>
	<message comment="Nacho Monreal blocks a shot" minute="56" period="2" second="15" time="60" type="save made" type_id="10"/>
	<message comment="Bacary Sagna wins a corner (To the right)" minute="55" period="2" second="21" time="59" type="corner" type_id="6"/>
	<message comment="GOAL! Adam Lallana scores , Assisted by Jay Rodriguez (Low to the centre, 18-yard box, Big Chance, Left footed, Open play)" minute="53" period="2" second="7" time="57" type="goal scored" type_id="16"/>
	<message comment="GOAL! Santi Cazorla scores , Assisted by Mesut Özil (Low to the left, Out of box, Left footed, Open play)" minute="51" period="2" second="41" time="55" type="goal scored" type_id="16"/>
	<message comment="Artur Boruc makes a save (Collected)" minute="50" period="2" second="59" time="54" type="save made" type_id="10"/>
	<message comment="Bacary Sagna has attempt saved (High to the right, 18-yard box, Head, From corner)" minute="50" period="2" second="59" time="54" type="attempt blocked" type_id="15"/>
	<message comment="Santi Cazorla wins a corner (To the right)" minute="50" period="2" second="15" time="54" type="corner" type_id="6"/>
	<message comment="Adam Lallana is caught offside" minute="48" period="2" time="52" type="offside" type_id="10000"/>
	<message comment="GOAL! Olivier Giroud scores , Assisted by Bacary Sagna (Low to the left, 6-yard box, Right footed, Open play)" minute="47" period="2" second="10" time="51" type="goal scored" type_id="16"/>
	<message comment="Second half begins!" minute="45" period="2" second="0" time="49" type="start" type_id="32"/>
	<message comment="First half ends" minute="48" period="1" second="0" time="48" type="end" type_id="30"/>
	<message comment="Laurent Koscielny has attempt saved (Low to the centre, 6-yard box, Left footed, From corner)" minute="43" period="1" second="55" time="43" type="attempt blocked" type_id="15"/>
	<message comment="Artur Boruc makes a save (Diving, Parried into danger)" minute="43" period="1" second="55" time="43" type="save made" type_id="10"/>
	<message comment="Santi Cazorla wins a corner (To the right)" minute="43" period="1" second="23" time="43" type="corner" type_id="6"/>
	<message comment="Laurent Koscielny blocks a shot" minute="41" period="1" second="30" time="41" type="save made" type_id="10"/>
	<message comment="Sam Gallagher has shot blocked (18-yard box, Big Chance, Right footed, Open play)" minute="41" period="1" second="30" time="41" type="attempt blocked" type_id="15"/>
	<message comment="Olivier Giroud is caught offside" minute="41" period="1" time="41" type="offside" type_id="10000"/>
	<message comment="Sam Gallagher misses attempt (18-yard box, Big Chance, Right footed, Open play)" minute="36" period="1" second="2" time="36" type="attempt missed" type_id="13"/>
	<message comment="Olivier Giroud recieves a yellow card" minute="30" period="1" second="11" time="30" type="card received" type_id="17"/>
	<message comment="Sam Gallagher is caught offside" minute="24" period="1" time="24" type="offside" type_id="10000"/>
	<message comment="Adam Lallana wins a corner (To the right)" minute="22" period="1" second="55" time="22" type="corner" type_id="6"/>
	<message comment="Mathieu Flamini blocks a shot" minute="22" period="1" second="47" time="22" type="save made" type_id="10"/>
	<message comment="Adam Lallana has shot blocked (Out of box, Left footed, Open play)" minute="22" period="1" second="47" time="22" type="attempt blocked" type_id="15"/>
	<message comment="GOAL! José Fonte scores , Assisted by Luke Shaw (Low to the right, 6-yard box, Head, Set piece)" minute="20" period="1" second="28" time="20" type="goal scored" type_id="16"/>
	<message comment="Morgan Schneiderlin misses attempt (To the left, 18-yard box, Right footed, From corner)" minute="11" period="1" second="24" time="11" type="attempt missed" type_id="13"/>
	<message comment="Jay Rodriguez wins a corner (To the left)" minute="10" period="1" second="52" time="10" type="corner" type_id="6"/>
	<message comment="Formation Set" minute="0" period="14" second="0" time="10" type="end" type_id="30"/>
	<message comment="Wojciech Szczesny makes a save (Parried safe, Diving)" minute="7" period="1" second="17" time="7" type="save made" type_id="10"/>
	<message comment="Sam Gallagher has attempt saved (Low to the centre, 18-yard box, Right footed, Open play)" minute="7" period="1" second="17" time="7" type="attempt blocked" type_id="15"/>
	<message comment="Sam Gallagher misses attempt (18-yard box, Other body part, Open play)" minute="6" period="1" second="19" time="6" type="attempt missed" type_id="13"/>
	<message comment="Olivier Giroud blocks a shot" minute="4" period="1" second="8" time="4" type="save made" type_id="10"/>
	<message comment="Adam Lallana has shot blocked (18-yard box, Head, From corner)" minute="4" period="1" second="8" time="4" type="attempt blocked" type_id="15"/>
	<message comment="Steven Davis wins a corner (To the right)" minute="3" period="1" second="55" time="3" type="corner" type_id="6"/>
	<message comment="Calum Chambers wins a corner (To the right)" minute="3" period="1" second="23" time="3" type="corner" type_id="6"/>
	<message comment="First half begins!" minute="0" period="1" second="0" time="0" type="start" type_id="32"/>
</Commentary>
