<?xml version="1.0" ?>
<Commentary away_team_name="Southampton" competition="English Premier League" game_date="2013-08-24" home_team_name="Sunderland" lang_id="en" season="Season 2013/2014" season_id="2013" sport_id="1" sport_name="Football">
	<message comment="Second half ends" minute="94" period="2" second="5" time="96" type="end" type_id="30"/>
	<message comment="Jay Rodriguez wins a corner (To the left)" minute="89" period="2" second="25" time="91" type="corner" type_id="6"/>
	<message comment="John O'Shea blocks a shot" minute="89" period="2" second="23" time="91" type="save made" type_id="10"/>
	<message comment="Jay Rodriguez has shot blocked (Out of box, Right footed, Open play)" minute="89" period="2" second="23" time="91" type="attempt blocked" type_id="15"/>
	<message comment="GOAL! José Fonte scores , Assisted by James Ward-Prowse (Low to the left, 18-yard box, Head, Set piece)" minute="87" period="2" second="52" time="89" type="goal scored" type_id="16"/>
	<message comment="Sebastian Larsson has shot blocked (Out of box, Right footed, Free kick)" minute="86" period="2" second="58" time="88" type="attempt blocked" type_id="15"/>
	<message comment="Rickie Lambert blocks a shot" minute="86" period="2" second="58" time="88" type="save made" type_id="10"/>
	<message comment="Daniel Osvaldo recieves a yellow card" minute="82" period="2" second="46" time="84" type="card received" type_id="17"/>
	<message comment="David Vaughan misses attempt (High to the left, Out of box, Left footed, Open play)" minute="81" period="2" second="49" time="83" type="attempt missed" type_id="13"/>
	<message comment="Emanuele Giaccherini is substituted off" minute="81" period="2" second="8" time="83" type="substitution off" type_id="18"/>
	<message comment="Connor Wickham is substituted on" minute="81" period="2" second="8" time="83" type="substitution on" type_id="19"/>
	<message comment="Daniel Osvaldo misses attempt (6-yard box, Head, Open play)" minute="80" period="2" second="35" time="82" type="attempt missed" type_id="13"/>
	<message comment="Rickie Lambert misses attempt (High, Out of box, Right footed, Free kick)" minute="73" period="2" second="17" time="75" type="attempt missed" type_id="13"/>
	<message comment="Keiren Westwood makes a save (Standing, Collected)" minute="68" period="2" second="31" time="70" type="save made" type_id="10"/>
	<message comment="Rickie Lambert has attempt saved (Low to the centre, 18-yard box, Head, From corner)" minute="68" period="2" second="31" time="70" type="attempt blocked" type_id="15"/>
	<message comment="Adam Lallana is substituted off" minute="68" period="2" second="16" time="70" type="substitution off" type_id="18"/>
	<message comment="Gastón Ramírez is substituted on" minute="68" period="2" second="16" time="70" type="substitution on" type_id="19"/>
	<message comment="Nathaniel Clyne wins a corner (To the left)" minute="67" period="2" second="46" time="69" type="corner" type_id="6"/>
	<message comment="Jay Rodriguez misses attempt (High, Out of box, Right footed, Open play)" minute="65" period="2" second="11" time="67" type="attempt missed" type_id="13"/>
	<message comment="Keiren Westwood makes a save (Collected)" minute="63" period="2" second="7" time="65" type="save made" type_id="10"/>
	<message comment="Rickie Lambert has attempt saved (Low to the centre, 18-yard box, Head, Open play)" minute="63" period="2" second="7" time="65" type="attempt blocked" type_id="15"/>
	<message comment="Sebastian Larsson recieves a yellow card" minute="59" period="2" second="15" time="61" type="card received" type_id="17"/>
	<message comment="Rickie Lambert wins a corner (To the left)" minute="58" period="2" second="54" time="60" type="corner" type_id="6"/>
	<message comment="Keiren Westwood makes a save (Parried safe, Diving)" minute="58" period="2" second="52" time="60" type="save made" type_id="10"/>
	<message comment="Rickie Lambert has attempt saved (Low to the left, Out of box, Right footed, Open play)" minute="58" period="2" second="52" time="60" type="attempt blocked" type_id="15"/>
	<message comment="Jozy Altidore has attempt saved (Low to the centre, 18-yard box, Big Chance, Left footed, Open play)" minute="57" period="2" second="33" time="59" type="attempt blocked" type_id="15"/>
	<message comment="Artur Boruc makes a save (Parried safe)" minute="57" period="2" second="33" time="59" type="save made" type_id="10"/>
	<message comment="Jay Rodriguez has attempt saved (Low to the centre, 18-yard box, Big Chance, Head, Open play)" minute="57" period="2" second="0" time="59" type="attempt blocked" type_id="15"/>
	<message comment="Keiren Westwood makes a save (Standing)" minute="57" period="2" second="0" time="59" type="save made" type_id="10"/>
	<message comment="Adam Johnson misses attempt (High, Out of box, Right footed, Open play)" minute="53" period="2" second="49" time="55" type="attempt missed" type_id="13"/>
	<message comment="David Vaughan is substituted on" minute="53" period="2" second="16" time="55" type="substitution on" type_id="19"/>
	<message comment="Jack Colback is substituted off" minute="53" period="2" second="16" time="55" type="substitution off" type_id="18"/>
	<message comment="James Ward-Prowse misses attempt (Out of box, Right footed, Open play)" minute="52" period="2" second="34" time="54" type="attempt missed" type_id="13"/>
	<message comment="Adam Lallana misses attempt (18-yard box, Right footed, Open play)" minute="51" period="2" second="32" time="53" type="attempt missed" type_id="13"/>
	<message comment="Adam Lallana wins a corner (To the right)" minute="49" period="2" second="41" time="51" type="corner" type_id="6"/>
	<message comment="Dong-Won Ji has attempt saved (Low to the centre, 18-yard box, Right footed, Open play)" minute="46" period="2" second="4" time="48" type="attempt blocked" type_id="15"/>
	<message comment="Artur Boruc makes a save (Diving, Collected)" minute="46" period="2" second="4" time="48" type="save made" type_id="10"/>
	<message comment="Morgan Schneiderlin is substituted off" minute="45" period="2" second="0" time="47" type="substitution off" type_id="18"/>
	<message comment="Daniel Osvaldo is substituted on" minute="45" period="2" second="0" time="47" type="substitution on" type_id="19"/>
	<message comment="Luke Shaw is substituted off" minute="45" period="2" second="0" time="47" type="substitution off" type_id="18"/>
	<message comment="Nathaniel Clyne is substituted on" minute="45" period="2" second="0" time="47" type="substitution on" type_id="19"/>
	<message comment="Stéphane Sessegnon is substituted off" minute="45" period="2" second="0" time="47" type="substitution off" type_id="18"/>
	<message comment="Dong-Won Ji is substituted on" minute="45" period="2" second="0" time="47" type="substitution on" type_id="19"/>
	<message comment="Second half begins!" minute="45" period="2" second="0" time="47" type="start" type_id="32"/>
	<message comment="First half ends" minute="46" period="1" second="21" time="46" type="end" type_id="30"/>
	<message comment="José Fonte misses attempt (To the left, Out of box, Right footed, Open play)" minute="42" period="1" second="49" time="42" type="attempt missed" type_id="13"/>
	<message comment="Rickie Lambert misses attempt (18-yard box, Head, Open play)" minute="39" period="1" second="57" time="39" type="attempt missed" type_id="13"/>
	<message comment="Rickie Lambert misses attempt (18-yard box, Big Chance, Head, Open play)" minute="38" period="1" second="54" time="38" type="attempt missed" type_id="13"/>
	<message comment="Ondrej Celustka misses attempt (To the left, Out of box, Right footed, Open play)" minute="33" period="1" second="57" time="33" type="attempt missed" type_id="13"/>
	<message comment="Craig Gardner recieves a yellow card" minute="32" period="1" second="15" time="32" type="card received" type_id="17"/>
	<message comment="James Ward-Prowse recieves a yellow card" minute="26" period="1" second="4" time="26" type="card received" type_id="17"/>
	<message comment="Emanuele Giaccherini misses attempt (High, 18-yard box, Right footed, Open play)" minute="25" period="1" second="21" time="25" type="attempt missed" type_id="13"/>
	<message comment="Jay Rodriguez wins a corner (To the left)" minute="22" period="1" second="9" time="22" type="corner" type_id="6"/>
	<message comment="John O'Shea blocks a shot" minute="22" period="1" second="7" time="22" type="save made" type_id="10"/>
	<message comment="Jay Rodriguez has shot blocked (18-yard box, Right footed, Open play)" minute="22" period="1" second="7" time="22" type="attempt blocked" type_id="15"/>
	<message comment="Jack Colback wins a corner (To the left)" minute="18" period="1" second="51" time="18" type="corner" type_id="6"/>
	<message comment="Keiren Westwood makes a save (Diving, Parried into danger)" minute="17" period="1" second="23" time="17" type="save made" type_id="10"/>
	<message comment="Rickie Lambert has attempt saved (Low to the left, 18-yard box, Head, Open play)" minute="17" period="1" second="23" time="17" type="attempt blocked" type_id="15"/>
	<message comment="Jozy Altidore blocks a shot" minute="17" period="1" second="2" time="17" type="save made" type_id="10"/>
	<message comment="Rickie Lambert has shot blocked (Out of box, Right footed, Free kick)" minute="17" period="1" second="2" time="17" type="attempt blocked" type_id="15"/>
	<message comment="Jozy Altidore is caught offside" minute="13" period="1" time="13" type="offside" type_id="10000"/>
	<message comment="Formation Set" minute="0" period="14" second="0" time="6" type="end" type_id="30"/>
	<message comment="Jay Rodriguez is caught offside" minute="5" period="1" time="5" type="offside" type_id="10000"/>
	<message comment="GOAL! Emanuele Giaccherini scores , Assisted by Sebastian Larsson (High to the right, 18-yard box, Head, From corner)" minute="2" period="1" second="31" time="2" type="goal scored" type_id="16"/>
	<message comment="Sebastian Larsson wins a corner (To the left)" minute="2" period="1" second="0" time="2" type="corner" type_id="6"/>
	<message comment="First half begins!" minute="0" period="1" second="0" time="0" type="start" type_id="32"/>
</Commentary>
