<?xml version="1.0" ?>
<Commentary away_team_name="Southampton" competition="English Premier League" game_date="2013-01-21" home_team_name="Everton" lang_id="en" season="Season 2012/2013" season_id="2012" sport_id="1" sport_name="Football">
	<message comment="Second half ends" minute="94" period="2" second="30" time="96" type="end" type_id="30"/>
	<message comment="Marouane Fellaini wins a corner (To the right)" minute="92" period="2" second="59" time="94" type="corner" type_id="6"/>
	<message comment="Kevin Mirallas has attempt saved (Low to the centre, Out of box, Right footed, Open play)" minute="92" period="2" second="8" time="94" type="attempt blocked" type_id="15"/>
	<message comment="Artur Boruc makes a save (Diving)" minute="92" period="2" second="8" time="94" type="save made" type_id="10"/>
	<message comment="Rickie Lambert wins a corner (To the right)" minute="87" period="2" second="41" time="89" type="corner" type_id="6"/>
	<message comment="Jason Puncheon is substituted off" minute="86" period="2" second="30" time="88" type="substitution off" type_id="18"/>
	<message comment="Steve De Ridder is substituted on" minute="86" period="2" second="30" time="88" type="substitution on" type_id="19"/>
	<message comment="Steven Davis wins a corner (To the left)" minute="85" period="2" second="42" time="87" type="corner" type_id="6"/>
	<message comment="Rickie Lambert misses attempt (6-yard box, Head, From corner)" minute="82" period="2" second="47" time="84" type="attempt missed" type_id="13"/>
	<message comment="Jay Rodriguez wins a corner (To the right)" minute="82" period="2" second="16" time="84" type="corner" type_id="6"/>
	<message comment="Jay Rodriguez wins a corner (To the right)" minute="79" period="2" second="20" time="81" type="corner" type_id="6"/>
	<message comment="Rickie Lambert is caught offside" minute="75" period="2" time="77" type="offside" type_id="10000"/>
	<message comment="Kevin Mirallas misses attempt (To the left, 18-yard box, Big Chance, Left footed, Open play)" minute="73" period="2" second="3" time="75" type="attempt missed" type_id="13"/>
	<message comment="Sylvain Distin blocks a shot" minute="71" period="2" second="21" time="73" type="save made" type_id="10"/>
	<message comment="Rickie Lambert has shot blocked (18-yard box, Head, Open play)" minute="71" period="2" second="21" time="73" type="attempt blocked" type_id="15"/>
	<message comment="Steven Davis is substituted on" minute="70" period="2" second="50" time="72" type="substitution on" type_id="19"/>
	<message comment="Gastón Ramírez is substituted off" minute="70" period="2" second="50" time="72" type="substitution off" type_id="18"/>
	<message comment="Victor Anichebe is caught offside" minute="69" period="2" time="71" type="offside" type_id="10000"/>
	<message comment="Victor Anichebe wins a corner (To the left)" minute="67" period="2" second="40" time="69" type="corner" type_id="6"/>
	<message comment="Victor Anichebe has attempt saved (High to the left, 18-yard box, Big Chance, Left footed, Open play)" minute="67" period="2" second="36" time="69" type="attempt blocked" type_id="15"/>
	<message comment="Artur Boruc makes a save (Parried safe, Standing)" minute="67" period="2" second="36" time="69" type="save made" type_id="10"/>
	<message comment="Nikica Jelavic is substituted off" minute="66" period="2" second="24" time="68" type="substitution off" type_id="18"/>
	<message comment="Kevin Mirallas is substituted on" minute="66" period="2" second="24" time="68" type="substitution on" type_id="19"/>
	<message comment="Gastón Ramírez misses attempt (To the left, 18-yard box, Head, From corner)" minute="64" period="2" second="14" time="66" type="attempt missed" type_id="13"/>
	<message comment="Leon Osman blocks a shot" minute="64" period="2" second="11" time="66" type="save made" type_id="10"/>
	<message comment="Luke Shaw has shot blocked (Out of box, Left footed, From corner)" minute="64" period="2" second="11" time="66" type="attempt blocked" type_id="15"/>
	<message comment="Jack Cork wins a corner (To the left)" minute="63" period="2" second="47" time="65" type="corner" type_id="6"/>
	<message comment="Guly do Prado is substituted off" minute="61" period="2" second="25" time="63" type="substitution off" type_id="18"/>
	<message comment="Jay Rodriguez is substituted on" minute="61" period="2" second="25" time="63" type="substitution on" type_id="19"/>
	<message comment="Leon Osman wins a corner (To the left)" minute="58" period="2" second="21" time="60" type="corner" type_id="6"/>
	<message comment="Leon Osman has shot blocked (Out of box, Left footed, From corner)" minute="58" period="2" second="18" time="60" type="attempt blocked" type_id="15"/>
	<message comment="Maya Yoshida blocks a shot" minute="58" period="2" second="18" time="60" type="save made" type_id="10"/>
	<message comment="Séamus Coleman is substituted off" minute="57" period="2" second="47" time="59" type="substitution off" type_id="18"/>
	<message comment="Victor Anichebe is substituted on" minute="57" period="2" second="47" time="59" type="substitution on" type_id="19"/>
	<message comment="Leighton Baines wins a corner (To the right)" minute="57" period="2" second="33" time="59" type="corner" type_id="6"/>
	<message comment="Sylvain Distin blocks a shot" minute="53" period="2" second="41" time="55" type="save made" type_id="10"/>
	<message comment="Luke Shaw has shot blocked (Out of box, Left footed, From corner)" minute="53" period="2" second="41" time="55" type="attempt blocked" type_id="15"/>
	<message comment="Luke Shaw wins a corner (To the left)" minute="53" period="2" second="11" time="55" type="corner" type_id="6"/>
	<message comment="Phil Jagielka blocks a shot" minute="52" period="2" second="3" time="54" type="save made" type_id="10"/>
	<message comment="Guly do Prado has shot blocked (18-yard box, Right footed, Open play)" minute="52" period="2" second="3" time="54" type="attempt blocked" type_id="15"/>
	<message comment="Leon Osman recieves a yellow card" minute="51" period="2" second="20" time="53" type="card received" type_id="17"/>
	<message comment="Marouane Fellaini has attempt saved (High to the centre, 18-yard box, Big Chance, Head, From corner)" minute="50" period="2" second="57" time="52" type="attempt blocked" type_id="15"/>
	<message comment="Artur Boruc makes a save (Standing)" minute="50" period="2" second="57" time="52" type="save made" type_id="10"/>
	<message comment="Marouane Fellaini wins a corner (To the left)" minute="50" period="2" second="30" time="52" type="corner" type_id="6"/>
	<message comment="Marouane Fellaini has attempt saved (Low to the left, 6-yard box, Big Chance, Right footed, Open play)" minute="50" period="2" second="26" time="52" type="attempt blocked" type_id="15"/>
	<message comment="Artur Boruc makes a save (Diving, Parried safe, Feet)" minute="50" period="2" second="26" time="52" type="save made" type_id="10"/>
	<message comment="Second half begins!" minute="45" period="2" second="0" time="47" type="start" type_id="32"/>
	<message comment="First half ends" minute="46" period="1" second="18" time="46" type="end" type_id="30"/>
	<message comment="Nikica Jelavic is caught offside" minute="43" period="1" time="43" type="offside" type_id="10000"/>
	<message comment="Rickie Lambert misses attempt (18-yard box, Big Chance, Head, Open play)" minute="42" period="1" second="5" time="42" type="attempt missed" type_id="13"/>
	<message comment="Steven Pienaar is caught offside" minute="39" period="1" time="39" type="offside" type_id="10000"/>
	<message comment="Morgan Schneiderlin recieves a yellow card" minute="38" period="1" second="55" time="38" type="card received" type_id="17"/>
	<message comment="Tim Howard makes a save (Parried into danger)" minute="37" period="1" second="31" time="37" type="save made" type_id="10"/>
	<message comment="Jos Hooiveld has attempt saved (Low to the centre, 18-yard box, Big Chance, Left footed, From corner)" minute="37" period="1" second="31" time="37" type="attempt blocked" type_id="15"/>
	<message comment="Leon Osman blocks a shot" minute="37" period="1" second="28" time="37" type="save made" type_id="10"/>
	<message comment="Luke Shaw has shot blocked (Out of box, Left footed, From corner)" minute="37" period="1" second="28" time="37" type="attempt blocked" type_id="15"/>
	<message comment="Nikica Jelavic blocks a shot (Last line)" minute="37" period="1" second="24" time="37" type="save made" type_id="10"/>
	<message comment="Rickie Lambert has shot blocked (6-yard box, Big Chance, Head, From corner)" minute="37" period="1" second="24" time="37" type="attempt blocked" type_id="15"/>
	<message comment="Gastón Ramírez wins a corner (To the right)" minute="36" period="1" second="29" time="36" type="corner" type_id="6"/>
	<message comment="Tim Howard makes a save (Parried safe, Diving)" minute="36" period="1" second="22" time="36" type="save made" type_id="10"/>
	<message comment="Gastón Ramírez has attempt saved (Low to the right, 18-yard box, Right footed, Open play)" minute="36" period="1" second="22" time="36" type="attempt blocked" type_id="15"/>
	<message comment="Rickie Lambert has attempt saved (Low to the left, 18-yard box, Left footed, Fast break)" minute="26" period="1" second="3" time="26" type="attempt blocked" type_id="15"/>
	<message comment="Tim Howard makes a save (Parried into danger, Diving)" minute="26" period="1" second="3" time="26" type="save made" type_id="10"/>
	<message comment="Jos Hooiveld recieves a yellow card" minute="22" period="1" second="5" time="22" type="card received" type_id="17"/>
	<message comment="Steven Naismith has attempt saved (Low to the centre, 18-yard box, Right footed, Throw-in)" minute="21" period="1" second="26" time="21" type="attempt blocked" type_id="15"/>
	<message comment="Artur Boruc makes a save (Parried into danger)" minute="21" period="1" second="26" time="21" type="save made" type_id="10"/>
	<message comment="Rickie Lambert hits the woodwork (To the left, Out of box, Right footed, Free kick)" minute="19" period="1" second="42" time="19" type="woodwork hit" type_id="14"/>
	<message comment="Leighton Baines wins a corner (To the left)" minute="17" period="1" second="42" time="17" type="corner" type_id="6"/>
	<message comment="Leighton Baines has shot blocked (Out of box, Left footed, Open play)" minute="17" period="1" second="40" time="17" type="attempt blocked" type_id="15"/>
	<message comment="Maya Yoshida blocks a shot" minute="17" period="1" second="40" time="17" type="save made" type_id="10"/>
	<message comment="Séamus Coleman blocks a shot" minute="14" period="1" second="0" time="14" type="save made" type_id="10"/>
	<message comment="Guly do Prado has shot blocked (Out of box, Right footed, Open play)" minute="14" period="1" second="0" time="14" type="attempt blocked" type_id="15"/>
	<message comment="Gastón Ramírez wins a corner (To the right)" minute="12" period="1" second="39" time="12" type="corner" type_id="6"/>
	<message comment="Phil Jagielka blocks a shot" minute="12" period="1" second="37" time="12" type="save made" type_id="10"/>
	<message comment="Gastón Ramírez has shot blocked (Out of box, Left footed, Open play)" minute="12" period="1" second="37" time="12" type="attempt blocked" type_id="15"/>
	<message comment="Nikica Jelavic misses attempt (To the right, 18-yard box, Head, Set piece)" minute="11" period="1" second="7" time="11" type="attempt missed" type_id="13"/>
	<message comment="Jason Puncheon wins a corner (To the right)" minute="6" period="1" second="48" time="6" type="corner" type_id="6"/>
	<message comment="Phil Jagielka blocks a shot" minute="6" period="1" second="34" time="6" type="save made" type_id="10"/>
	<message comment="Jason Puncheon has shot blocked (Out of box, Left footed, Open play)" minute="6" period="1" second="34" time="6" type="attempt blocked" type_id="15"/>
	<message comment="Formation Set" minute="0" period="14" second="0" time="6" type="end" type_id="30"/>
	<message comment="Rickie Lambert wins a corner (To the right)" minute="3" period="1" second="49" time="3" type="corner" type_id="6"/>
	<message comment="First half begins!" minute="0" period="1" second="0" time="0" type="start" type_id="32"/>
</Commentary>
