<?xml version="1.0" ?>
<Commentary away_team_name="Southampton" competition="English Premier League" game_date="2013-10-06" home_team_name="Swansea" lang_id="en" season="Season 2013/2014" season_id="2013" sport_id="1" sport_name="Football">
	<message comment="Second half ends" minute="94" period="2" second="0" time="96" type="end" type_id="30"/>
	<message comment="Jay Rodriguez wins a corner (To the right)" minute="91" period="2" second="14" time="93" type="corner" type_id="6"/>
	<message comment="Steven Davis is substituted off" minute="88" period="2" second="5" time="90" type="substitution off" type_id="18"/>
	<message comment="Guly do Prado is substituted on" minute="88" period="2" second="5" time="90" type="substitution on" type_id="19"/>
	<message comment="José Cañas misses attempt (High to the right, Out of box, Right footed, Open play)" minute="87" period="2" second="38" time="89" type="attempt missed" type_id="13"/>
	<message comment="Wilfried Bony misses attempt (To the left, 18-yard box, Head, Open play)" minute="85" period="2" second="35" time="87" type="attempt missed" type_id="13"/>
	<message comment="GOAL! Jay Rodriguez scores  (Low to the right, 18-yard box, Left footed, Open play)" minute="82" period="2" second="37" time="84" type="goal scored" type_id="16"/>
	<message comment="Michu misses attempt (High to the left, 18-yard box, Head, Open play)" minute="81" period="2" second="19" time="83" type="attempt missed" type_id="13"/>
	<message comment="Daniel Fox blocks a shot" minute="80" period="2" second="42" time="82" type="save made" type_id="10"/>
	<message comment="Chico Flores has shot blocked (18-yard box, Right footed, Open play)" minute="80" period="2" second="42" time="82" type="attempt blocked" type_id="15"/>
	<message comment="José Cañas has shot blocked (Out of box, Key pass, Right footed, Open play)" minute="80" period="2" second="40" time="82" type="attempt blocked" type_id="15"/>
	<message comment="Victor Wanyama recieves a yellow card" minute="80" period="2" second="10" time="82" type="card received" type_id="17"/>
	<message comment="James Ward-Prowse wins a corner (To the left)" minute="75" period="2" second="20" time="77" type="corner" type_id="6"/>
	<message comment="Jay Rodriguez is caught offside" minute="71" period="2" time="73" type="offside" type_id="10000"/>
	<message comment="Morgan Schneiderlin misses attempt (High to the left, Out of box, Left footed, From corner)" minute="70" period="2" second="42" time="72" type="attempt missed" type_id="13"/>
	<message comment="Adam Lallana wins a corner (To the right)" minute="70" period="2" second="18" time="72" type="corner" type_id="6"/>
	<message comment="Nathaniel Clyne wins a corner (To the right)" minute="69" period="2" second="44" time="71" type="corner" type_id="6"/>
	<message comment="Artur Boruc makes a save (Diving)" minute="68" period="2" second="0" time="70" type="save made" type_id="10"/>
	<message comment="Jonjo Shelvey has attempt saved (Low to the centre, Out of box, Right footed, Open play)" minute="68" period="2" second="0" time="70" type="attempt blocked" type_id="15"/>
	<message comment="Rickie Lambert is substituted off" minute="67" period="2" second="20" time="69" type="substitution off" type_id="18"/>
	<message comment="Jay Rodriguez is substituted on" minute="67" period="2" second="20" time="69" type="substitution on" type_id="19"/>
	<message comment="Wayne Routledge is substituted off" minute="66" period="2" second="16" time="68" type="substitution off" type_id="18"/>
	<message comment="Alejandro Pozuelo is substituted on" minute="66" period="2" second="16" time="68" type="substitution on" type_id="19"/>
	<message comment="Steven Davis misses attempt (High to the right, Out of box, Right footed, From corner)" minute="65" period="2" second="53" time="67" type="attempt missed" type_id="13"/>
	<message comment="Adam Lallana wins a corner (To the left)" minute="65" period="2" second="28" time="67" type="corner" type_id="6"/>
	<message comment="Wilfried Bony is caught offside" minute="61" period="2" time="63" type="offside" type_id="10000"/>
	<message comment="Daniel Osvaldo is substituted off" minute="57" period="2" second="20" time="59" type="substitution off" type_id="18"/>
	<message comment="James Ward-Prowse is substituted on" minute="57" period="2" second="20" time="59" type="substitution on" type_id="19"/>
	<message comment="Michu has shot blocked (18-yard box, Right footed, Open play)" minute="56" period="2" second="5" time="58" type="attempt blocked" type_id="15"/>
	<message comment="José Fonte blocks a shot" minute="56" period="2" second="5" time="58" type="save made" type_id="10"/>
	<message comment="Jonjo Shelvey misses attempt (Out of box, Right footed, Free kick)" minute="54" period="2" second="41" time="56" type="attempt missed" type_id="13"/>
	<message comment="José Fonte recieves a yellow card" minute="53" period="2" second="35" time="55" type="card received" type_id="17"/>
	<message comment="Dejan Lovren recieves a yellow card" minute="53" period="2" second="30" time="55" type="card received" type_id="17"/>
	<message comment="Wilfried Bony misses attempt (High, 18-yard box, Head, Open play)" minute="52" period="2" second="15" time="54" type="attempt missed" type_id="13"/>
	<message comment="Nathan Dyer misses attempt (To the right, 18-yard box, Right footed, Open play)" minute="51" period="2" second="26" time="53" type="attempt missed" type_id="13"/>
	<message comment="José Cañas recieves a yellow card" minute="48" period="2" second="6" time="50" type="card received" type_id="17"/>
	<message comment="Daniel Osvaldo is caught offside" minute="46" period="2" time="48" type="offside" type_id="10000"/>
	<message comment="Second half begins!" minute="45" period="2" second="0" time="47" type="start" type_id="32"/>
	<message comment="First half ends" minute="46" period="1" second="10" time="46" type="end" type_id="30"/>
	<message comment="Michu has attempt saved (High to the centre, 18-yard box, Head, Open play)" minute="46" period="1" second="2" time="46" type="attempt blocked" type_id="15"/>
	<message comment="Artur Boruc makes a save (Standing)" minute="46" period="1" second="2" time="46" type="save made" type_id="10"/>
	<message comment="Nathan Dyer wins a corner (To the left)" minute="42" period="1" second="25" time="42" type="corner" type_id="6"/>
	<message comment="Wilfried Bony wins a corner (To the right)" minute="41" period="1" second="13" time="41" type="corner" type_id="6"/>
	<message comment="Wilfried Bony has attempt saved (High to the right, 18-yard box, Head, Open play)" minute="41" period="1" second="10" time="41" type="attempt blocked" type_id="15"/>
	<message comment="Artur Boruc makes a save (Diving, Parried safe)" minute="41" period="1" second="10" time="41" type="save made" type_id="10"/>
	<message comment="Jonjo Shelvey blocks a shot" minute="40" period="1" second="36" time="40" type="save made" type_id="10"/>
	<message comment="Rickie Lambert has shot blocked (Out of box, Right footed, Open play)" minute="40" period="1" second="36" time="40" type="attempt blocked" type_id="15"/>
	<message comment="Rickie Lambert misses attempt (18-yard box, Head, Set piece)" minute="39" period="1" second="36" time="39" type="attempt missed" type_id="13"/>
	<message comment="Michel Vorm makes a save (Diving, Collected)" minute="37" period="1" second="53" time="37" type="save made" type_id="10"/>
	<message comment="Steven Davis has attempt saved (Low to the left, Out of box, Right footed, Open play)" minute="37" period="1" second="53" time="37" type="attempt blocked" type_id="15"/>
	<message comment="Jordi Amat blocks a shot" minute="37" period="1" second="44" time="37" type="save made" type_id="10"/>
	<message comment="Rickie Lambert has shot blocked (Out of box, Right footed, Open play)" minute="37" period="1" second="44" time="37" type="attempt blocked" type_id="15"/>
	<message comment="Nathan Dyer hits the woodwork (To the right, 18-yard box, Left footed, Open play)" minute="35" period="1" second="20" time="35" type="woodwork hit" type_id="14"/>
	<message comment="Rickie Lambert is caught offside" minute="35" period="1" time="35" type="offside" type_id="10000"/>
	<message comment="Daniel Osvaldo is caught offside" minute="33" period="1" time="33" type="offside" type_id="10000"/>
	<message comment="Wilfried Bony has attempt saved (Low to the left, Out of box, Right footed, Open play)" minute="30" period="1" second="16" time="30" type="attempt blocked" type_id="15"/>
	<message comment="Artur Boruc makes a save (Diving)" minute="30" period="1" second="16" time="30" type="save made" type_id="10"/>
	<message comment="Michel Vorm makes a save (Parried into danger, Diving)" minute="28" period="1" second="31" time="28" type="save made" type_id="10"/>
	<message comment="Rickie Lambert has attempt saved (Low to the right, Out of box, Right footed, Free kick)" minute="28" period="1" second="31" time="28" type="attempt blocked" type_id="15"/>
	<message comment="Jonjo Shelvey has attempt saved (Low to the right, Out of box, Right footed, Open play)" minute="25" period="1" second="39" time="25" type="attempt blocked" type_id="15"/>
	<message comment="Artur Boruc makes a save (Diving, Parried safe)" minute="25" period="1" second="39" time="25" type="save made" type_id="10"/>
	<message comment="Michu wins a corner (To the left)" minute="24" period="1" second="59" time="24" type="corner" type_id="6"/>
	<message comment="Michu has attempt saved (High to the left, 6-yard box, Big Chance, Head, Open play)" minute="24" period="1" second="58" time="24" type="attempt blocked" type_id="15"/>
	<message comment="Artur Boruc makes a save (Standing, Parried safe)" minute="24" period="1" second="58" time="24" type="save made" type_id="10"/>
	<message comment="Adam Lallana misses attempt (To the right, Out of box, Left footed, Open play)" minute="23" period="1" second="42" time="23" type="attempt missed" type_id="13"/>
	<message comment="Wayne Routledge wins a corner (To the left)" minute="20" period="1" second="50" time="20" type="corner" type_id="6"/>
	<message comment="GOAL! Adam Lallana scores , Assisted by Steven Davis (High to the left, 18-yard box, Right footed, Open play)" minute="18" period="1" second="15" time="18" type="goal scored" type_id="16"/>
	<message comment="Adam Lallana is caught offside" minute="14" period="1" time="14" type="offside" type_id="10000"/>
	<message comment="Adam Lallana wins a corner (To the right)" minute="11" period="1" second="56" time="11" type="corner" type_id="6"/>
	<message comment="Morgan Schneiderlin wins a corner (To the right)" minute="9" period="1" second="29" time="9" type="corner" type_id="6"/>
	<message comment="Jordi Amat blocks a shot" minute="9" period="1" second="27" time="9" type="save made" type_id="10"/>
	<message comment="Morgan Schneiderlin has shot blocked (18-yard box, Right footed, Open play)" minute="9" period="1" second="27" time="9" type="attempt blocked" type_id="15"/>
	<message comment="Daniel Osvaldo misses attempt (18-yard box, Right footed, Open play)" minute="6" period="1" second="25" time="6" type="attempt missed" type_id="13"/>
	<message comment="Artur Boruc makes a save (Collected)" minute="4" period="1" second="41" time="4" type="save made" type_id="10"/>
	<message comment="Jonjo Shelvey has attempt saved (Low to the right, Out of box, Right footed, Open play)" minute="4" period="1" second="41" time="4" type="attempt blocked" type_id="15"/>
	<message comment="First half begins!" minute="0" period="1" second="0" time="0" type="start" type_id="32"/>
</Commentary>
