<?xml version="1.0" ?>
<Commentary away_team_name="Southampton" competition="English Premier League" game_date="2013-12-04" home_team_name="Aston Villa" lang_id="en" season="Season 2013/2014" season_id="2013" sport_id="1" sport_name="Football">
	<message comment="Second half ends" minute="97" period="2" second="44" time="99" type="end" type_id="30"/>
	<message comment="Rickie Lambert recieves a yellow card" minute="96" period="2" second="55" time="98" type="card received" type_id="17"/>
	<message comment="Daniel Osvaldo recieves a yellow card" minute="96" period="2" second="20" time="98" type="card received" type_id="17"/>
	<message comment="Andreas Weimann recieves a yellow card" minute="95" period="2" second="26" time="97" type="card received" type_id="17"/>
	<message comment="Dejan Lovren misses attempt (To the left, 18-yard box, Right footed, From corner)" minute="93" period="2" second="27" time="95" type="attempt missed" type_id="13"/>
	<message comment="Rickie Lambert wins a corner (To the right)" minute="93" period="2" second="9" time="95" type="corner" type_id="6"/>
	<message comment="Nathan Baker blocks a shot" minute="93" period="2" second="2" time="95" type="save made" type_id="10"/>
	<message comment="Rickie Lambert has shot blocked (Out of box, Right footed, Open play)" minute="93" period="2" second="2" time="95" type="attempt blocked" type_id="15"/>
	<message comment="Fabian Delph blocks a shot" minute="89" period="2" second="46" time="91" type="save made" type_id="10"/>
	<message comment="Rickie Lambert has shot blocked (Out of box, Right footed, Free kick)" minute="89" period="2" second="46" time="91" type="attempt blocked" type_id="15"/>
	<message comment="Jack Cork wins a corner (To the right)" minute="88" period="2" second="6" time="90" type="corner" type_id="6"/>
	<message comment="Ashley Westwood blocks a shot" minute="88" period="2" second="1" time="90" type="save made" type_id="10"/>
	<message comment="Jack Cork has shot blocked (Out of box, Right footed, Open play)" minute="88" period="2" second="1" time="90" type="attempt blocked" type_id="15"/>
	<message comment="Karim El Ahmadi is substituted off" minute="85" period="2" second="34" time="87" type="substitution off" type_id="18"/>
	<message comment="Andreas Weimann is substituted on" minute="85" period="2" second="34" time="87" type="substitution on" type_id="19"/>
	<message comment="Jay Rodriguez misses attempt (To the right, Out of box, Right footed, Open play)" minute="84" period="2" second="59" time="86" type="attempt missed" type_id="13"/>
	<message comment="Daniel Osvaldo is caught offside" minute="83" period="2" time="85" type="offside" type_id="10000"/>
	<message comment="Gabriel Agbonlahor is caught offside" minute="83" period="2" time="85" type="offside" type_id="10000"/>
	<message comment="José Fonte recieves a yellow card" minute="81" period="2" second="55" time="83" type="card received" type_id="17"/>
	<message comment="GOAL! Fabian Delph scores , Assisted by Gabriel Agbonlahor (High to the left, Out of box, Left footed, Fast break)" minute="79" period="2" second="30" time="81" type="goal scored" type_id="16"/>
	<message comment="Daniel Osvaldo misses attempt (High to the left, 18-yard box, Right footed, Open play)" minute="76" period="2" second="15" time="78" type="attempt missed" type_id="13"/>
	<message comment="Jay Rodriguez wins a corner (To the right)" minute="73" period="2" second="33" time="75" type="corner" type_id="6"/>
	<message comment="Brad Guzan makes a save (Diving, Parried safe)" minute="73" period="2" second="26" time="75" type="save made" type_id="10"/>
	<message comment="Jay Rodriguez has attempt saved (Low to the right, 18-yard box, Head, Open play)" minute="73" period="2" second="26" time="75" type="attempt blocked" type_id="15"/>
	<message comment="Ashley Westwood has shot blocked (Out of box, Right footed, Open play)" minute="72" period="2" second="37" time="74" type="attempt blocked" type_id="15"/>
	<message comment="Maya Yoshida blocks a shot" minute="72" period="2" second="37" time="74" type="save made" type_id="10"/>
	<message comment="GOAL! Daniel Osvaldo scores , Assisted by Rickie Lambert (Low to the centre, 6-yard box, Big Chance, Head, Open play)" minute="68" period="2" second="28" time="70" type="goal scored" type_id="16"/>
	<message comment="Christian Benteke misses attempt (High to the right, Out of box, Right footed, Open play)" minute="67" period="2" second="28" time="69" type="attempt missed" type_id="13"/>
	<message comment="Brad Guzan makes a save (Collected, Diving)" minute="67" period="2" second="2" time="69" type="save made" type_id="10"/>
	<message comment="Daniel Osvaldo has attempt saved (Low to the left, 18-yard box, Left footed, Open play)" minute="67" period="2" second="2" time="69" type="attempt blocked" type_id="15"/>
	<message comment="Gabriel Agbonlahor is caught offside" minute="66" period="2" time="68" type="offside" type_id="10000"/>
	<message comment="Libor Kozák is substituted off" minute="65" period="2" second="3" time="67" type="substitution off" type_id="18"/>
	<message comment="Christian Benteke is substituted on" minute="65" period="2" second="3" time="67" type="substitution on" type_id="19"/>
	<message comment="Libor Kozák recieves a yellow card" minute="64" period="2" second="36" time="66" type="card received" type_id="17"/>
	<message comment="GOAL! Libor Kozák scores , Assisted by Karim El Ahmadi (Low to the centre, 18-yard box, Big Chance, Head, Open play)" minute="63" period="2" second="47" time="65" type="goal scored" type_id="16"/>
	<message comment="Rickie Lambert misses attempt (High to the right, Out of box, Right footed, Open play)" minute="62" period="2" second="27" time="64" type="attempt missed" type_id="13"/>
	<message comment="Gabriel Agbonlahor is caught offside" minute="61" period="2" time="63" type="offside" type_id="10000"/>
	<message comment="Brad Guzan makes a save (Collected, Diving)" minute="60" period="2" second="33" time="62" type="save made" type_id="10"/>
	<message comment="Daniel Osvaldo has attempt saved (Low to the right, 18-yard box, Left footed, Open play)" minute="60" period="2" second="33" time="62" type="attempt blocked" type_id="15"/>
	<message comment="Nathaniel Clyne is substituted off" minute="58" period="2" second="25" time="60" type="substitution off" type_id="18"/>
	<message comment="José Fonte is substituted on" minute="58" period="2" second="25" time="60" type="substitution on" type_id="19"/>
	<message comment="Gabriel Agbonlahor is caught offside" minute="56" period="2" time="58" type="offside" type_id="10000"/>
	<message comment="Jay Rodriguez wins a corner (To the right)" minute="55" period="2" second="39" time="57" type="corner" type_id="6"/>
	<message comment="Matthew Lowton blocks a shot" minute="49" period="2" second="14" time="51" type="save made" type_id="10"/>
	<message comment="Rickie Lambert has shot blocked (Out of box, Right footed, Free kick)" minute="49" period="2" second="14" time="51" type="attempt blocked" type_id="15"/>
	<message comment="GOAL! Jay Rodriguez scores , Assisted by Nathaniel Clyne (Low to the left, 18-yard box, Head, Open play)" minute="47" period="2" second="22" time="49" type="goal scored" type_id="16"/>
	<message comment="Ron Vlaar is substituted off" minute="45" period="2" second="0" time="47" type="substitution off" type_id="18"/>
	<message comment="Matthew Lowton is substituted on" minute="45" period="2" second="0" time="47" type="substitution on" type_id="19"/>
	<message comment="Victor Wanyama is substituted off" minute="45" period="2" second="0" time="47" type="substitution off" type_id="18"/>
	<message comment="Jack Cork is substituted on" minute="45" period="2" second="0" time="47" type="substitution on" type_id="19"/>
	<message comment="Second half begins!" minute="45" period="2" second="0" time="47" type="start" type_id="32"/>
	<message comment="First half ends" minute="46" period="1" second="16" time="46" type="end" type_id="30"/>
	<message comment="Daniel Osvaldo is caught offside" minute="45" period="1" time="45" type="offside" type_id="10000"/>
	<message comment="James Ward-Prowse is substituted off" minute="37" period="1" second="55" time="37" type="substitution off" type_id="18"/>
	<message comment="Daniel Osvaldo is substituted on" minute="37" period="1" second="55" time="37" type="substitution on" type_id="19"/>
	<message comment="Steven Davis misses attempt (High to the right, Out of box, Right footed, Open play)" minute="35" period="1" second="23" time="35" type="attempt missed" type_id="13"/>
	<message comment="Brad Guzan makes a save (Collected, Standing)" minute="33" period="1" second="25" time="33" type="save made" type_id="10"/>
	<message comment="Luke Shaw has attempt saved (Low to the centre, Out of box, Left footed, From corner)" minute="33" period="1" second="25" time="33" type="attempt blocked" type_id="15"/>
	<message comment="Rickie Lambert wins a corner (To the left)" minute="33" period="1" second="3" time="33" type="corner" type_id="6"/>
	<message comment="Jay Rodriguez misses attempt (High to the right, 18-yard box, Right footed, From corner)" minute="29" period="1" second="32" time="29" type="attempt missed" type_id="13"/>
	<message comment="Adam Lallana wins a corner (To the right)" minute="28" period="1" second="57" time="28" type="corner" type_id="6"/>
	<message comment="Dejan Lovren has shot blocked (6-yard box, Head, From corner)" minute="27" period="1" second="1" time="27" type="attempt blocked" type_id="15"/>
	<message comment="Adam Lallana wins a corner (To the left)" minute="26" period="1" second="38" time="26" type="corner" type_id="6"/>
	<message comment="Brad Guzan makes a save (Diving, Parried safe)" minute="26" period="1" second="32" time="26" type="save made" type_id="10"/>
	<message comment="Adam Lallana has attempt saved (Low to the right, 6-yard box, Left footed, Open play)" minute="26" period="1" second="32" time="26" type="attempt blocked" type_id="15"/>
	<message comment="Brad Guzan makes a save (Diving, Parried into danger)" minute="26" period="1" second="30" time="26" type="save made" type_id="10"/>
	<message comment="Jay Rodriguez has attempt saved (Low to the left, 18-yard box, Head, Open play)" minute="26" period="1" second="30" time="26" type="attempt blocked" type_id="15"/>
	<message comment="Nathan Baker misses attempt (To the right, 18-yard box, Head, From corner)" minute="21" period="1" second="44" time="21" type="attempt missed" type_id="13"/>
	<message comment="Leandro Bacuna wins a corner (To the right)" minute="21" period="1" second="11" time="21" type="corner" type_id="6"/>
	<message comment="Libor Kozák is caught offside" minute="19" period="1" time="19" type="offside" type_id="10000"/>
	<message comment="GOAL! Gabriel Agbonlahor scores , Assisted by Fabian Delph (Low to the right, 18-yard box, Big Chance, Right footed, Fast break)" minute="14" period="1" second="36" time="14" type="goal scored" type_id="16"/>
	<message comment="Brad Guzan makes a save (Parried safe, Diving)" minute="13" period="1" second="30" time="13" type="save made" type_id="10"/>
	<message comment="Jay Rodriguez has attempt saved (Low to the left, Out of box, Right footed, Open play)" minute="13" period="1" second="30" time="13" type="attempt blocked" type_id="15"/>
	<message comment="Adam Lallana wins a corner (To the right)" minute="9" period="1" second="3" time="9" type="corner" type_id="6"/>
	<message comment="Formation Set" minute="0" period="14" second="0" time="9" type="end" type_id="30"/>
	<message comment="Jay Rodriguez is caught offside" minute="7" period="1" time="7" type="offside" type_id="10000"/>
	<message comment="Gabriel Agbonlahor wins a corner (To the left)" minute="4" period="1" second="58" time="4" type="corner" type_id="6"/>
	<message comment="Ron Vlaar blocks a shot" minute="3" period="1" second="42" time="3" type="save made" type_id="10"/>
	<message comment="Adam Lallana has shot blocked (18-yard box, Right footed, Open play)" minute="3" period="1" second="42" time="3" type="attempt blocked" type_id="15"/>
	<message comment="Gabriel Agbonlahor is caught offside" minute="2" period="1" time="2" type="offside" type_id="10000"/>
	<message comment="First half begins!" minute="0" period="1" second="0" time="0" type="start" type_id="32"/>
</Commentary>
