<?xml version="1.0" ?>
<Commentary away_team_name="Southampton" competition="English Premier League" game_date="2012-11-28" home_team_name="Norwich" lang_id="en" season="Season 2012/2013" season_id="2012" sport_id="1" sport_name="Football">
	<message comment="Second half ends" minute="94" period="2" second="10" time="96" type="end" type_id="30"/>
	<message comment="Steve Morison wins a corner (To the right)" minute="94" period="2" second="8" time="96" type="corner" type_id="6"/>
	<message comment="Wes Hoolahan is substituted off" minute="91" period="2" second="25" time="93" type="substitution off" type_id="18"/>
	<message comment="Jonny Howson is substituted on" minute="91" period="2" second="25" time="93" type="substitution on" type_id="19"/>
	<message comment="Wes Hoolahan has shot blocked (Out of box, Left footed, Open play)" minute="89" period="2" second="28" time="91" type="attempt blocked" type_id="15"/>
	<message comment="José Fonte blocks a shot" minute="89" period="2" second="28" time="91" type="save made" type_id="10"/>
	<message comment="José Fonte blocks a shot" minute="88" period="2" second="38" time="90" type="save made" type_id="10"/>
	<message comment="Anthony Pilkington has shot blocked (Out of box, Right footed, Open play)" minute="88" period="2" second="37" time="90" type="attempt blocked" type_id="15"/>
	<message comment="Robert Snodgrass is substituted off" minute="88" period="2" second="1" time="90" type="substitution off" type_id="18"/>
	<message comment="Elliott Bennett is substituted on" minute="88" period="2" second="1" time="90" type="substitution on" type_id="19"/>
	<message comment="Jason Puncheon is substituted off" minute="87" period="2" second="40" time="89" type="substitution off" type_id="18"/>
	<message comment="Jay Rodriguez is substituted on" minute="87" period="2" second="40" time="89" type="substitution on" type_id="19"/>
	<message comment="Rickie Lambert is caught offside" minute="86" period="2" time="88" type="offside" type_id="10000"/>
	<message comment="Luke Shaw is substituted off" minute="84" period="2" second="45" time="86" type="substitution off" type_id="18"/>
	<message comment="Ben Reeves is substituted on" minute="84" period="2" second="45" time="86" type="substitution on" type_id="19"/>
	<message comment="Rickie Lambert misses attempt (High to the right, 18-yard box, Right footed, Open play)" minute="83" period="2" second="37" time="85" type="attempt missed" type_id="13"/>
	<message comment="Steve Morison misses attempt (High, 18-yard box, Head, Open play)" minute="81" period="2" second="18" time="83" type="attempt missed" type_id="13"/>
	<message comment="Grant Holt is substituted off" minute="80" period="2" second="33" time="82" type="substitution off" type_id="18"/>
	<message comment="Steve Morison is substituted on" minute="80" period="2" second="33" time="82" type="substitution on" type_id="19"/>
	<message comment="Gastón Ramírez misses attempt (High to the left, Out of box, Left footed, Open play)" minute="79" period="2" second="42" time="81" type="attempt missed" type_id="13"/>
	<message comment="Ryan Bennett blocks a shot" minute="75" period="2" second="41" time="77" type="save made" type_id="10"/>
	<message comment="Jason Puncheon has shot blocked (18-yard box, Left footed, Open play)" minute="75" period="2" second="41" time="77" type="attempt blocked" type_id="15"/>
	<message comment="Ryan Bennett recieves a yellow card" minute="74" period="2" second="42" time="76" type="card received" type_id="17"/>
	<message comment="Adam Lallana misses attempt (High to the right, 18-yard box, Left footed, Open play)" minute="69" period="2" second="45" time="71" type="attempt missed" type_id="13"/>
	<message comment="Mark Bunn makes a save (Parried into danger, Diving)" minute="66" period="2" second="37" time="68" type="save made" type_id="10"/>
	<message comment="Jason Puncheon has attempt saved (Low to the left, 18-yard box, Left footed, Open play)" minute="66" period="2" second="37" time="68" type="attempt blocked" type_id="15"/>
	<message comment="Grant Holt wins a corner (To the left)" minute="64" period="2" second="2" time="66" type="corner" type_id="6"/>
	<message comment="Grant Holt has attempt saved (Low to the left, 6-yard box, Big Chance, Head, From corner)" minute="63" period="2" second="59" time="65" type="attempt blocked" type_id="15"/>
	<message comment="Paulo Gazzaniga makes a save (Standing, Feet, Parried safe)" minute="63" period="2" second="59" time="65" type="save made" type_id="10"/>
	<message comment="Robert Snodgrass wins a corner (To the right)" minute="63" period="2" second="37" time="65" type="corner" type_id="6"/>
	<message comment="Wes Hoolahan has attempt saved (High to the right, Out of box, Left footed, Open play)" minute="62" period="2" second="50" time="64" type="attempt blocked" type_id="15"/>
	<message comment="Paulo Gazzaniga makes a save (Standing)" minute="62" period="2" second="50" time="64" type="save made" type_id="10"/>
	<message comment="Bradley Johnson misses attempt (To the right, Out of box, Left footed, Open play)" minute="61" period="2" second="19" time="63" type="attempt missed" type_id="13"/>
	<message comment="Gastón Ramírez wins a corner (To the left)" minute="60" period="2" second="0" time="62" type="corner" type_id="6"/>
	<message comment="Bradley Johnson misses attempt (High to the left, Out of box, Left footed, Open play)" minute="59" period="2" second="16" time="61" type="attempt missed" type_id="13"/>
	<message comment="Anthony Pilkington wins a corner (To the right)" minute="58" period="2" second="20" time="60" type="corner" type_id="6"/>
	<message comment="Anthony Pilkington has shot blocked (18-yard box, Right footed, Open play)" minute="58" period="2" second="19" time="60" type="attempt blocked" type_id="15"/>
	<message comment="Nathaniel Clyne blocks a shot" minute="58" period="2" second="19" time="60" type="save made" type_id="10"/>
	<message comment="Gastón Ramírez is caught offside" minute="57" period="2" time="59" type="offside" type_id="10000"/>
	<message comment="Jason Puncheon wins a corner (To the right)" minute="52" period="2" second="46" time="54" type="corner" type_id="6"/>
	<message comment="Grant Holt is caught offside" minute="51" period="2" time="53" type="offside" type_id="10000"/>
	<message comment="José Fonte misses attempt (To the left, 18-yard box, Right footed, Set piece)" minute="49" period="2" second="55" time="51" type="attempt missed" type_id="13"/>
	<message comment="Second half begins!" minute="45" period="2" second="0" time="47" type="start" type_id="32"/>
	<message comment="First half ends" minute="46" period="1" second="0" time="46" type="end" type_id="30"/>
	<message comment="GOAL! Robert Snodgrass scores  (Low to the right, Out of box, Left footed, Free kick)" minute="44" period="1" second="10" time="44" type="goal scored" type_id="16"/>
	<message comment="Nathaniel Clyne recieves a yellow card" minute="43" period="1" second="35" time="43" type="card received" type_id="17"/>
	<message comment="Alexander Tettey wins a corner (To the right)" minute="42" period="1" second="50" time="42" type="corner" type_id="6"/>
	<message comment="Gastón Ramírez misses attempt (Out of box, Left footed, Free kick)" minute="40" period="1" second="17" time="40" type="attempt missed" type_id="13"/>
	<message comment="GOAL! Rickie Lambert scores  (Low to the left, 6-yard box, Big Chance, Right footed, Set piece)" minute="31" period="1" second="58" time="31" type="goal scored" type_id="16"/>
	<message comment="Robert Snodgrass has attempt saved (Low to the centre, Out of box, Left footed, Open play)" minute="27" period="1" second="25" time="27" type="attempt blocked" type_id="15"/>
	<message comment="Paulo Gazzaniga makes a save (Standing, Collected)" minute="27" period="1" second="25" time="27" type="save made" type_id="10"/>
	<message comment="Adam Lallana misses attempt (18-yard box, Left footed, Open play)" minute="23" period="1" second="59" time="23" type="attempt missed" type_id="13"/>
	<message comment="Grant Holt wins a corner (To the right)" minute="16" period="1" second="24" time="16" type="corner" type_id="6"/>
	<message comment="Ryan Bennett blocks a shot" minute="9" period="1" second="32" time="9" type="save made" type_id="10"/>
	<message comment="Jason Puncheon has shot blocked (18-yard box, Left footed, Open play)" minute="9" period="1" second="32" time="9" type="attempt blocked" type_id="15"/>
	<message comment="Grant Holt is caught offside" minute="7" period="1" time="7" type="offside" type_id="10000"/>
	<message comment="Wes Hoolahan is caught offside" minute="6" period="1" time="6" type="offside" type_id="10000"/>
	<message comment="Formation Set" minute="0" period="14" second="0" time="6" type="end" type_id="30"/>
	<message comment="Nathaniel Clyne wins a corner (To the right)" minute="5" period="1" second="16" time="5" type="corner" type_id="6"/>
	<message comment="Paulo Gazzaniga makes a save (Standing, Parried into danger)" minute="3" period="1" second="32" time="3" type="save made" type_id="10"/>
	<message comment="Robert Snodgrass has attempt saved (High to the left, Out of box, Left footed, Open play)" minute="3" period="1" second="32" time="3" type="attempt blocked" type_id="15"/>
	<message comment="Bradley Johnson wins a corner (To the left)" minute="3" period="1" second="3" time="3" type="corner" type_id="6"/>
	<message comment="First half begins!" minute="0" period="1" second="0" time="0" type="start" type_id="32"/>
</Commentary>
