<?xml version="1.0" ?>
<Commentary away_team_name="Southampton" competition="English Premier League" game_date="2013-03-02" home_team_name="Queens Park Rangers" lang_id="en" season="Season 2012/2013" season_id="2012" sport_id="1" sport_name="Football">
	<message comment="Second half ends" minute="95" period="2" second="59" time="100" type="end" type_id="30"/>
	<message comment="Jay Bothroyd is substituted off" minute="89" period="2" second="31" time="94" type="substitution off" type_id="18"/>
	<message comment="Fabio is substituted on" minute="89" period="2" second="31" time="94" type="substitution on" type_id="19"/>
	<message comment="Christopher Samba blocks a shot" minute="86" period="2" second="28" time="91" type="save made" type_id="10"/>
	<message comment="Jason Puncheon has shot blocked (18-yard box, Right footed, From corner)" minute="86" period="2" second="28" time="91" type="attempt blocked" type_id="15"/>
	<message comment="José Fonte wins a corner (To the left)" minute="86" period="2" second="14" time="91" type="corner" type_id="6"/>
	<message comment="Robert Green makes a save (Parried safe, Diving)" minute="86" period="2" second="6" time="91" type="save made" type_id="10"/>
	<message comment="José Fonte has attempt saved (Low to the left, Out of box, Right footed, Open play)" minute="86" period="2" second="6" time="91" type="attempt blocked" type_id="15"/>
	<message comment="Rickie Lambert is caught offside" minute="86" period="2" time="91" type="offside" type_id="10000"/>
	<message comment="Robert Green makes a save (Diving, Parried safe)" minute="85" period="2" second="29" time="90" type="save made" type_id="10"/>
	<message comment="Maya Yoshida has attempt saved (High to the left, 18-yard box, Head, From corner)" minute="85" period="2" second="29" time="90" type="attempt blocked" type_id="15"/>
	<message comment="Jay Rodriguez wins a corner (To the right)" minute="85" period="2" second="2" time="90" type="corner" type_id="6"/>
	<message comment="Jermaine Jenas blocks a shot" minute="84" period="2" second="59" time="89" type="save made" type_id="10"/>
	<message comment="Jay Rodriguez has shot blocked (Out of box, Right footed, Open play)" minute="84" period="2" second="59" time="89" type="attempt blocked" type_id="15"/>
	<message comment="Jay Rodriguez misses attempt (18-yard box, Head, Open play)" minute="84" period="2" second="9" time="89" type="attempt missed" type_id="13"/>
	<message comment="Robert Green makes a save (Collected)" minute="79" period="2" second="5" time="84" type="save made" type_id="10"/>
	<message comment="Luke Shaw has attempt saved (Low to the right, Out of box, Right footed, Throw-in)" minute="79" period="2" second="5" time="84" type="attempt blocked" type_id="15"/>
	<message comment="GOAL! Jay Bothroyd scores , Assisted by Park Ji-Sung (Low to the left, 6-yard box, Big Chance, Left footed, Open play)" minute="76" period="2" second="46" time="81" type="goal scored" type_id="16"/>
	<message comment="Gastón Ramírez is substituted off" minute="74" period="2" second="20" time="79" type="substitution off" type_id="18"/>
	<message comment="James Ward-Prowse is substituted on" minute="74" period="2" second="20" time="79" type="substitution on" type_id="19"/>
	<message comment="Julio César is substituted off" minute="74" period="2" second="9" time="79" type="substitution off" type_id="18"/>
	<message comment="Robert Green is substituted on" minute="74" period="2" second="9" time="79" type="substitution on" type_id="19"/>
	<message comment="Rickie Lambert wins a corner (To the left)" minute="72" period="2" second="28" time="77" type="corner" type_id="6"/>
	<message comment="David Junior Hoilett wins a corner (To the right)" minute="71" period="2" second="6" time="76" type="corner" type_id="6"/>
	<message comment="David Junior Hoilett has shot blocked (18-yard box, Right footed, Fast break)" minute="71" period="2" second="1" time="76" type="attempt blocked" type_id="15"/>
	<message comment="Nathaniel Clyne blocks a shot" minute="71" period="2" second="1" time="76" type="save made" type_id="10"/>
	<message comment="Julio César makes a save (Parried into danger)" minute="70" period="2" second="24" time="75" type="save made" type_id="10"/>
	<message comment="Jay Rodriguez has attempt saved (Low to the left, Out of box, Right footed, Open play)" minute="70" period="2" second="24" time="75" type="attempt blocked" type_id="15"/>
	<message comment="Morgan Schneiderlin is caught offside" minute="61" period="2" time="66" type="offside" type_id="10000"/>
	<message comment="Daniel Fox is substituted off" minute="57" period="2" second="0" time="62" type="substitution off" type_id="18"/>
	<message comment="Luke Shaw is substituted on" minute="57" period="2" second="0" time="62" type="substitution on" type_id="19"/>
	<message comment="Jay Rodriguez misses attempt (Out of box, Right footed, Open play)" minute="54" period="2" second="21" time="59" type="attempt missed" type_id="13"/>
	<message comment="Clint Hill blocks a shot" minute="54" period="2" second="3" time="59" type="save made" type_id="10"/>
	<message comment="Rickie Lambert has shot blocked (18-yard box, Right footed, Open play)" minute="54" period="2" second="3" time="59" type="attempt blocked" type_id="15"/>
	<message comment="Esteban Granero is substituted off" minute="53" period="2" second="17" time="58" type="substitution off" type_id="18"/>
	<message comment="Jermaine Jenas is substituted on" minute="53" period="2" second="17" time="58" type="substitution on" type_id="19"/>
	<message comment="José Fonte misses attempt (Out of box, Right footed, Open play)" minute="50" period="2" second="46" time="55" type="attempt missed" type_id="13"/>
	<message comment="Rickie Lambert wins a corner (To the left)" minute="50" period="2" second="14" time="55" type="corner" type_id="6"/>
	<message comment="José Bosingwa misses attempt (To the right, Out of box, Right footed, From corner)" minute="48" period="2" second="34" time="53" type="attempt missed" type_id="13"/>
	<message comment="Christopher Samba has shot blocked (18-yard box, Head, From corner)" minute="48" period="2" second="29" time="53" type="attempt blocked" type_id="15"/>
	<message comment="Maya Yoshida blocks a shot" minute="48" period="2" second="29" time="53" type="save made" type_id="10"/>
	<message comment="David Junior Hoilett wins a corner (To the right)" minute="47" period="2" second="52" time="52" type="corner" type_id="6"/>
	<message comment="Daniel Fox misses attempt (To the left, 18-yard box, Left footed, Open play)" minute="45" period="2" second="55" time="50" type="attempt missed" type_id="13"/>
	<message comment="Second half begins!" minute="45" period="2" second="0" time="50" type="start" type_id="32"/>
	<message comment="First half ends" minute="49" period="1" second="35" time="49" type="end" type_id="30"/>
	<message comment="Jay Bothroyd misses attempt (18-yard box, Left footed, Set piece)" minute="49" period="1" second="11" time="49" type="attempt missed" type_id="13"/>
	<message comment="José Fonte recieves a yellow card" minute="48" period="1" second="25" time="48" type="card received" type_id="17"/>
	<message comment="Julio César makes a save" minute="47" period="1" second="48" time="47" type="save made" type_id="10"/>
	<message comment="Jay Rodriguez has attempt saved (Low to the right, Out of box, Right footed, Open play)" minute="47" period="1" second="48" time="47" type="attempt blocked" type_id="15"/>
	<message comment="GOAL! Gastón Ramírez scores  (High to the left, 18-yard box, Big Chance, Left footed, Open play)" minute="45" period="1" second="49" time="45" type="goal scored" type_id="16"/>
	<message comment="Julio César makes a save (Parried into danger)" minute="45" period="1" second="47" time="45" type="save made" type_id="10"/>
	<message comment="Jay Rodriguez has attempt saved (Low to the centre, Out of box, Right footed, Open play)" minute="45" period="1" second="47" time="45" type="attempt blocked" type_id="15"/>
	<message comment="Armand Traore recieves a yellow card" minute="44" period="1" second="35" time="44" type="card received" type_id="17"/>
	<message comment="Clint Hill blocks a shot" minute="44" period="1" second="3" time="44" type="save made" type_id="10"/>
	<message comment="José Fonte has shot blocked (Out of box, Right footed, Open play)" minute="44" period="1" second="3" time="44" type="attempt blocked" type_id="15"/>
	<message comment="Gastón Ramírez wins a corner (To the right)" minute="43" period="1" second="26" time="43" type="corner" type_id="6"/>
	<message comment="Stéphane Mbia blocks a shot" minute="43" period="1" second="16" time="43" type="save made" type_id="10"/>
	<message comment="Gastón Ramírez has shot blocked (Out of box, Left footed, Open play)" minute="43" period="1" second="16" time="43" type="attempt blocked" type_id="15"/>
	<message comment="Adam Lallana is substituted off" minute="42" period="1" second="25" time="42" type="substitution off" type_id="18"/>
	<message comment="Jay Rodriguez is substituted on" minute="42" period="1" second="25" time="42" type="substitution on" type_id="19"/>
	<message comment="Adam Lallana is caught offside" minute="30" period="1" time="30" type="offside" type_id="10000"/>
	<message comment="Stéphane Mbia blocks a shot" minute="28" period="1" second="11" time="28" type="save made" type_id="10"/>
	<message comment="Jason Puncheon has shot blocked (18-yard box, Left footed, Open play)" minute="28" period="1" second="11" time="28" type="attempt blocked" type_id="15"/>
	<message comment="Daniel Fox misses attempt (To the right, Out of box, Left footed, Open play)" minute="27" period="1" second="16" time="27" type="attempt missed" type_id="13"/>
	<message comment="Stéphane Mbia recieves a yellow card" minute="23" period="1" second="8" time="23" type="card received" type_id="17"/>
	<message comment="Loïc Rémy wins a corner (To the right)" minute="21" period="1" second="8" time="21" type="corner" type_id="6"/>
	<message comment="Loïc Rémy has attempt saved (Low to the right, Out of box, Right footed, Set piece)" minute="21" period="1" second="4" time="21" type="attempt blocked" type_id="15"/>
	<message comment="Artur Boruc makes a save (Diving, Parried into danger)" minute="21" period="1" second="4" time="21" type="save made" type_id="10"/>
	<message comment="Jay Bothroyd recieves a yellow card" minute="16" period="1" second="25" time="16" type="card received" type_id="17"/>
	<message comment="GOAL! Loïc Rémy scores , Assisted by David Junior Hoilett (Low to the right, 18-yard box, Big Chance, Right footed, Open play)" minute="13" period="1" second="59" time="13" type="goal scored" type_id="16"/>
	<message comment="Adam Lallana misses attempt (To the right, Out of box, Right footed, Open play)" minute="13" period="1" second="5" time="13" type="attempt missed" type_id="13"/>
	<message comment="Formation Set" minute="0" period="14" second="0" time="10" type="end" type_id="30"/>
	<message comment="Adam Lallana misses attempt (High to the right, Out of box, Right footed, Open play)" minute="9" period="1" second="44" time="9" type="attempt missed" type_id="13"/>
	<message comment="Jack Cork misses attempt (To the left, Out of box, Right footed, Open play)" minute="8" period="1" second="0" time="8" type="attempt missed" type_id="13"/>
	<message comment="Jay Bothroyd is caught offside" minute="3" period="1" time="3" type="offside" type_id="10000"/>
	<message comment="Adam Lallana wins a corner (To the left)" minute="0" period="1" second="14" time="0" type="corner" type_id="6"/>
	<message comment="First half begins!" minute="0" period="1" second="0" time="0" type="start" type_id="32"/>
</Commentary>
