<?xml version="1.0" ?>
<Commentary away_team_name="Stoke" competition="English Premier League" game_date="2014-04-26" home_team_name="Tottenham" lang_id="en" season="Season 2013/2014" season_id="2013" sport_id="1" sport_name="Football">
	<message comment="Second half ends" minute="94" period="2" second="16" time="97" type="end" type_id="30"/>
	<message comment="Paulinho has attempt saved (Low to the right, 18-yard box, Big Chance, Right footed, Open play)" minute="93" period="2" second="36" time="96" type="attempt blocked" type_id="15"/>
	<message comment="Asmir Begovic makes a save (Parried safe, Diving)" minute="93" period="2" second="36" time="96" type="save made" type_id="10"/>
	<message comment="Marko Arnautovic recieves a yellow card" minute="90" period="2" second="40" time="93" type="card received" type_id="17"/>
	<message comment="Harry Kane misses attempt (To the right, 18-yard box, Big Chance, Right footed, Open play)" minute="90" period="2" second="7" time="93" type="attempt missed" type_id="13"/>
	<message comment="Geoff Cameron misses attempt (High to the left, Out of box, Left footed, Open play)" minute="88" period="2" second="51" time="91" type="attempt missed" type_id="13"/>
	<message comment="Hugo Lloris makes a save" minute="87" period="2" second="19" time="90" type="save made" type_id="10"/>
	<message comment="Steven Nzonzi has attempt saved (Low to the centre, Out of box, Right footed, Open play)" minute="87" period="2" second="19" time="90" type="attempt blocked" type_id="15"/>
	<message comment="Oussama Assaidi is caught offside" minute="87" period="2" time="90" type="offside" type_id="10000"/>
	<message comment="Hugo Lloris makes a save (Collected, Diving)" minute="86" period="2" second="21" time="89" type="save made" type_id="10"/>
	<message comment="Marko Arnautovic has attempt saved (Low to the centre, 18-yard box, Left footed, Open play)" minute="86" period="2" second="21" time="89" type="attempt blocked" type_id="15"/>
	<message comment="Marko Arnautovic misses attempt (To the left, 18-yard box, Left footed, Open play)" minute="83" period="2" second="43" time="86" type="attempt missed" type_id="13"/>
	<message comment="Emmanuel Adebayor is caught offside" minute="83" period="2" time="86" type="offside" type_id="10000"/>
	<message comment="Gylfi Sigurdsson misses attempt (Out of box, Right footed, Open play)" minute="79" period="2" second="47" time="82" type="attempt missed" type_id="13"/>
	<message comment="Christian Eriksen misses attempt (Out of box, Right footed, Free kick)" minute="77" period="2" second="57" time="80" type="attempt missed" type_id="13"/>
	<message comment="Aaron Lennon is substituted off" minute="77" period="2" second="26" time="80" type="substitution off" type_id="18"/>
	<message comment="Andros Townsend is substituted on" minute="77" period="2" second="26" time="80" type="substitution on" type_id="19"/>
	<message comment="Harry Kane has shot blocked (18-yard box, Left footed, Open play)" minute="74" period="2" second="34" time="77" type="attempt blocked" type_id="15"/>
	<message comment="Marc Wilson blocks a shot" minute="74" period="2" second="34" time="77" type="save made" type_id="10"/>
	<message comment="Emmanuel Adebayor blocks a shot" minute="73" period="2" second="49" time="76" type="save made" type_id="10"/>
	<message comment="Marko Arnautovic has shot blocked (Out of box, Right footed, Free kick)" minute="73" period="2" second="49" time="76" type="attempt blocked" type_id="15"/>
	<message comment="Nacer Chadli is substituted off" minute="72" period="2" second="8" time="75" type="substitution off" type_id="18"/>
	<message comment="Gylfi Sigurdsson is substituted on" minute="72" period="2" second="8" time="75" type="substitution on" type_id="19"/>
	<message comment="Harry Kane misses attempt (High, 18-yard box, Big Chance, Head, Open play)" minute="71" period="2" second="38" time="74" type="attempt missed" type_id="13"/>
	<message comment="Oussama Assaidi is caught offside" minute="70" period="2" time="73" type="offside" type_id="10000"/>
	<message comment="Marko Arnautovic wins a corner (To the right)" minute="69" period="2" second="0" time="72" type="corner" type_id="6"/>
	<message comment="Hugo Lloris makes a save (Parried safe)" minute="68" period="2" second="58" time="71" type="save made" type_id="10"/>
	<message comment="Marko Arnautovic has attempt saved (Low to the right, Out of box, Left footed, Open play)" minute="68" period="2" second="58" time="71" type="attempt blocked" type_id="15"/>
	<message comment="Danny Rose is substituted off" minute="68" period="2" second="11" time="71" type="substitution off" type_id="18"/>
	<message comment="Ezekiel Fryers is substituted on" minute="68" period="2" second="11" time="71" type="substitution on" type_id="19"/>
	<message comment="Steven Nzonzi misses attempt (To the left, 18-yard box, Big Chance, Head, Open play)" minute="67" period="2" second="31" time="70" type="attempt missed" type_id="13"/>
	<message comment="Marko Arnautovic misses attempt (To the left, 18-yard box, Right footed, Open play)" minute="65" period="2" second="28" time="68" type="attempt missed" type_id="13"/>
	<message comment="Danny Rose recieves a yellow card" minute="64" period="2" second="32" time="67" type="card received" type_id="17"/>
	<message comment="Peter Odemwingie misses attempt (High, 6-yard box, Big Chance, Head, Open play)" minute="62" period="2" second="54" time="65" type="attempt missed" type_id="13"/>
	<message comment="Peter Crouch is substituted off" minute="60" period="2" second="5" time="63" type="substitution off" type_id="18"/>
	<message comment="Oussama Assaidi is substituted on" minute="60" period="2" second="5" time="63" type="substitution on" type_id="19"/>
	<message comment="Peter Crouch misses attempt (To the right, Out of box, Right footed, Open play)" minute="57" period="2" second="20" time="60" type="attempt missed" type_id="13"/>
	<message comment="Stephen Ireland is substituted off" minute="54" period="2" second="33" time="57" type="substitution off" type_id="18"/>
	<message comment="Erik Pieters is substituted on" minute="54" period="2" second="33" time="57" type="substitution on" type_id="19"/>
	<message comment="Aaron Lennon has shot blocked (18-yard box, Right footed, Open play)" minute="54" period="2" second="3" time="57" type="attempt blocked" type_id="15"/>
	<message comment="Marc Muniesa blocks a shot" minute="54" period="2" second="3" time="57" type="save made" type_id="10"/>
	<message comment="Harry Kane has attempt saved (Low to the centre, Out of box, Right footed, Open play)" minute="52" period="2" second="29" time="55" type="attempt blocked" type_id="15"/>
	<message comment="Asmir Begovic makes a save" minute="52" period="2" second="29" time="55" type="save made" type_id="10"/>
	<message comment="Ryan Shawcross recieves a red card after receiving second yellow card" minute="51" period="2" second="12" time="54" type="card received" type_id="17"/>
	<message comment="Christian Eriksen has shot blocked (Out of box, Right footed, Open play)" minute="46" period="2" second="25" time="49" type="attempt blocked" type_id="15"/>
	<message comment="Steven Nzonzi blocks a shot" minute="46" period="2" second="25" time="49" type="save made" type_id="10"/>
	<message comment="Marko Arnautovic misses attempt (18-yard box, Right footed, Open play)" minute="45" period="2" second="23" time="48" type="attempt missed" type_id="13"/>
	<message comment="Second half begins!" minute="45" period="2" second="0" time="48" type="start" type_id="32"/>
	<message comment="First half ends" minute="47" period="1" second="3" time="47" type="end" type_id="30"/>
	<message comment="Harry Kane has shot blocked (18-yard box, Left footed, Open play)" minute="45" period="1" second="49" time="45" type="attempt blocked" type_id="15"/>
	<message comment="Ryan Shawcross blocks a shot" minute="45" period="1" second="49" time="45" type="save made" type_id="10"/>
	<message comment="Ryan Shawcross recieves a yellow card" minute="44" period="1" second="17" time="44" type="card received" type_id="17"/>
	<message comment="Kyle Naughton recieves a yellow card" minute="43" period="1" second="2" time="43" type="card received" type_id="17"/>
	<message comment="Ryan Shawcross is caught offside" minute="43" period="1" time="43" type="offside" type_id="10000"/>
	<message comment="Marc Muniesa wins a corner (To the left)" minute="41" period="1" second="18" time="41" type="corner" type_id="6"/>
	<message comment="GOAL! Danny Rose scores , Assisted by Emmanuel Adebayor (High to the left, 18-yard box, Head, Open play)" minute="32" period="1" second="3" time="32" type="goal scored" type_id="16"/>
	<message comment="Steven Nzonzi is caught offside" minute="31" period="1" time="31" type="offside" type_id="10000"/>
	<message comment="Nacer Chadli wins a corner (To the left)" minute="29" period="1" second="42" time="29" type="corner" type_id="6"/>
	<message comment="Peter Odemwingie misses attempt (High to the right, 18-yard box, Head, Open play)" minute="28" period="1" second="43" time="28" type="attempt missed" type_id="13"/>
	<message comment="Harry Kane has attempt saved (Low to the right, 18-yard box, Right footed, Open play)" minute="26" period="1" second="52" time="26" type="attempt blocked" type_id="15"/>
	<message comment="Asmir Begovic makes a save (Diving)" minute="26" period="1" second="52" time="26" type="save made" type_id="10"/>
	<message comment="Stephen Ireland misses attempt (Out of box, Right footed, Open play)" minute="26" period="1" second="12" time="26" type="attempt missed" type_id="13"/>
	<message comment="Emmanuel Adebayor is caught offside" minute="19" period="1" time="19" type="offside" type_id="10000"/>
	<message comment="Steven Nzonzi misses attempt (High to the right, Out of box, Right footed, Open play)" minute="17" period="1" second="8" time="17" type="attempt missed" type_id="13"/>
	<message comment="Marc Muniesa wins a corner (To the left)" minute="14" period="1" second="51" time="14" type="corner" type_id="6"/>
	<message comment="Stephen Ireland has shot blocked (Out of box, Right footed, Open play)" minute="14" period="1" second="42" time="14" type="attempt blocked" type_id="15"/>
	<message comment="Kyle Naughton blocks a shot" minute="14" period="1" second="42" time="14" type="save made" type_id="10"/>
	<message comment="Peter Odemwingie has shot blocked (Out of box, Right footed, Open play)" minute="12" period="1" second="51" time="12" type="attempt blocked" type_id="15"/>
	<message comment="Michael Dawson blocks a shot" minute="12" period="1" second="51" time="12" type="save made" type_id="10"/>
	<message comment="Steven Nzonzi has shot blocked (18-yard box, Right footed, Open play)" minute="12" period="1" second="45" time="12" type="attempt blocked" type_id="15"/>
	<message comment="Michael Dawson blocks a shot" minute="12" period="1" second="45" time="12" type="save made" type_id="10"/>
	<message comment="Geoff Cameron wins a corner (To the right)" minute="11" period="1" second="17" time="11" type="corner" type_id="6"/>
	<message comment="Marc Wilson blocks a shot" minute="9" period="1" second="22" time="9" type="save made" type_id="10"/>
	<message comment="Harry Kane has shot blocked (Out of box, Right footed, Open play)" minute="9" period="1" second="22" time="9" type="attempt blocked" type_id="15"/>
	<message comment="Peter Crouch blocks a shot" minute="7" period="1" second="15" time="7" type="save made" type_id="10"/>
	<message comment="Paulinho has shot blocked (Out of box, Right footed, From corner)" minute="7" period="1" second="15" time="7" type="attempt blocked" type_id="15"/>
	<message comment="Formation Set" minute="0" period="14" second="0" time="7" type="end" type_id="30"/>
	<message comment="Aaron Lennon wins a corner (To the right)" minute="6" period="1" second="55" time="6" type="corner" type_id="6"/>
	<message comment="Paulinho wins a corner (To the right)" minute="6" period="1" second="11" time="6" type="corner" type_id="6"/>
	<message comment="Marc Wilson blocks a shot" minute="2" period="1" second="32" time="2" type="save made" type_id="10"/>
	<message comment="Christian Eriksen has shot blocked (Out of box, Right footed, Open play)" minute="2" period="1" second="32" time="2" type="attempt blocked" type_id="15"/>
	<message comment="Nacer Chadli misses attempt (High to the right, Out of box, Right footed, Open play)" minute="0" period="1" second="19" time="0" type="attempt missed" type_id="13"/>
	<message comment="First half begins!" minute="0" period="1" second="0" time="0" type="start" type_id="32"/>
</Commentary>
