<?xml version="1.0" ?>
<Commentary away_team_name="Stoke" competition="English Premier League" game_date="2013-04-27" home_team_name="Norwich" lang_id="en" season="Season 2012/2013" season_id="2012" sport_id="1" sport_name="Football">
	<message comment="Second half ends" minute="95" period="2" second="54" time="98" type="end" type_id="30"/>
	<message comment="Jonathan Walters recieves a yellow card" minute="94" period="2" second="42" time="97" type="card received" type_id="17"/>
	<message comment="Kei Kamara misses attempt (18-yard box, Head, Throw-in)" minute="93" period="2" second="7" time="96" type="attempt missed" type_id="13"/>
	<message comment="Charlie Adam wins a corner (To the right)" minute="92" period="2" second="3" time="95" type="corner" type_id="6"/>
	<message comment="Charlie Adam wins a corner (To the right)" minute="91" period="2" second="30" time="94" type="corner" type_id="6"/>
	<message comment="Bradley Johnson recieves a yellow card" minute="90" period="2" second="6" time="93" type="card received" type_id="17"/>
	<message comment="Sebastien Bassong is substituted off" minute="85" period="2" second="44" time="88" type="substitution off" type_id="18"/>
	<message comment="Anthony Pilkington is substituted on" minute="85" period="2" second="44" time="88" type="substitution on" type_id="19"/>
	<message comment="Steven Nzonzi blocks a shot" minute="84" period="2" second="21" time="87" type="save made" type_id="10"/>
	<message comment="Bradley Johnson has shot blocked (Out of box, Left footed, Open play)" minute="84" period="2" second="21" time="87" type="attempt blocked" type_id="15"/>
	<message comment="Jonathan Walters is caught offside" minute="84" period="2" time="87" type="offside" type_id="10000"/>
	<message comment="Steven Nzonzi has attempt saved (Low to the centre, Out of box, Right footed, Open play)" minute="83" period="2" second="47" time="86" type="attempt blocked" type_id="15"/>
	<message comment="Mark Bunn makes a save (Parried into danger, Diving)" minute="83" period="2" second="47" time="86" type="save made" type_id="10"/>
	<message comment="Peter Crouch is caught offside" minute="83" period="2" time="86" type="offside" type_id="10000"/>
	<message comment="Charlie Adam misses attempt (High to the right, Out of box, Left footed, Open play)" minute="79" period="2" second="25" time="82" type="attempt missed" type_id="13"/>
	<message comment="Cameron Jerome is substituted off" minute="78" period="2" second="27" time="81" type="substitution off" type_id="18"/>
	<message comment="Matthew Etherington is substituted on" minute="78" period="2" second="27" time="81" type="substitution on" type_id="19"/>
	<message comment="Cameron Jerome is caught offside" minute="77" period="2" time="80" type="offside" type_id="10000"/>
	<message comment="Elliott Bennett misses attempt (To the right, Out of box, Left footed, Set piece)" minute="76" period="2" second="59" time="79" type="attempt missed" type_id="13"/>
	<message comment="Robert Snodgrass is substituted off" minute="74" period="2" second="12" time="77" type="substitution off" type_id="18"/>
	<message comment="Elliott Bennett is substituted on" minute="74" period="2" second="12" time="77" type="substitution on" type_id="19"/>
	<message comment="Steven Nzonzi misses attempt (18-yard box, Right footed, Open play)" minute="68" period="2" second="50" time="71" type="attempt missed" type_id="13"/>
	<message comment="Alexander Tettey is substituted off" minute="67" period="2" second="17" time="70" type="substitution off" type_id="18"/>
	<message comment="Wes Hoolahan is substituted on" minute="67" period="2" second="17" time="70" type="substitution on" type_id="19"/>
	<message comment="Glenn Whelan is substituted off" minute="64" period="2" second="51" time="67" type="substitution off" type_id="18"/>
	<message comment="Dean Whitehead is substituted on" minute="64" period="2" second="51" time="67" type="substitution on" type_id="19"/>
	<message comment="Cameron Jerome misses attempt (High, 18-yard box, Right footed, Open play)" minute="62" period="2" second="59" time="65" type="attempt missed" type_id="13"/>
	<message comment="Andy Wilkinson is substituted off" minute="61" period="2" second="1" time="64" type="substitution off" type_id="18"/>
	<message comment="Geoff Cameron is substituted on" minute="61" period="2" second="1" time="64" type="substitution on" type_id="19"/>
	<message comment="Cameron Jerome is caught offside" minute="61" period="2" time="64" type="offside" type_id="10000"/>
	<message comment="Robert Snodgrass is caught offside" minute="52" period="2" time="55" type="offside" type_id="10000"/>
	<message comment="Charlie Adam misses attempt (To the right, Out of box, Left footed, Open play)" minute="47" period="2" second="13" time="50" type="attempt missed" type_id="13"/>
	<message comment="GOAL! Charlie Adam scores , Assisted by Peter Crouch (Low to the centre, 18-yard box, Big Chance, Left footed, Open play)" minute="45" period="2" second="51" time="48" type="goal scored" type_id="16"/>
	<message comment="Second half begins!" minute="45" period="2" second="0" time="48" type="start" type_id="32"/>
	<message comment="First half ends" minute="47" period="1" second="0" time="47" type="end" type_id="30"/>
	<message comment="Peter Crouch wins a corner (To the left)" minute="41" period="1" second="47" time="41" type="corner" type_id="6"/>
	<message comment="Peter Crouch recieves a yellow card" minute="39" period="1" second="34" time="39" type="card received" type_id="17"/>
	<message comment="Grant Holt recieves a yellow card" minute="37" period="1" second="28" time="37" type="card received" type_id="17"/>
	<message comment="Cameron Jerome recieves a yellow card" minute="30" period="1" second="0" time="30" type="card received" type_id="17"/>
	<message comment="Kei Kamara misses attempt (High to the right, 18-yard box, Right footed, From corner)" minute="27" period="1" second="51" time="27" type="attempt missed" type_id="13"/>
	<message comment="Robert Snodgrass wins a corner (To the left)" minute="27" period="1" second="27" time="27" type="corner" type_id="6"/>
	<message comment="Robert Snodgrass wins a corner (To the left)" minute="26" period="1" second="59" time="26" type="corner" type_id="6"/>
	<message comment="Steven Nzonzi recieves a yellow card" minute="26" period="1" second="10" time="26" type="card received" type_id="17"/>
	<message comment="Robert Huth misses attempt (High to the right, 6-yard box, Head, From corner)" minute="24" period="1" second="31" time="24" type="attempt missed" type_id="13"/>
	<message comment="Ryan Shawcross wins a corner (To the left)" minute="24" period="1" second="10" time="24" type="corner" type_id="6"/>
	<message comment="Cameron Jerome has shot blocked (6-yard box, Right footed, From corner)" minute="22" period="1" second="4" time="22" type="attempt blocked" type_id="15"/>
	<message comment="Peter Crouch wins a corner (To the right)" minute="21" period="1" second="37" time="21" type="corner" type_id="6"/>
	<message comment="Peter Crouch has attempt saved (High to the centre, 18-yard box, Head, Throw-in)" minute="14" period="1" second="25" time="14" type="attempt blocked" type_id="15"/>
	<message comment="Mark Bunn makes a save (Standing, Collected)" minute="14" period="1" second="25" time="14" type="save made" type_id="10"/>
	<message comment="Bradley Johnson misses attempt (High, 18-yard box, Left footed, Open play)" minute="8" period="1" second="42" time="8" type="attempt missed" type_id="13"/>
	<message comment="Jonathan Walters misses attempt (To the left, Out of box, Right footed, Throw-in)" minute="8" period="1" second="1" time="8" type="attempt missed" type_id="13"/>
	<message comment="Formation Set" minute="0" period="14" second="0" time="8" type="end" type_id="30"/>
	<message comment="Robert Snodgrass misses attempt (High, 18-yard box, Head, Open play)" minute="6" period="1" second="19" time="6" type="attempt missed" type_id="13"/>
	<message comment="Charlie Adam misses attempt (High to the right, Out of box, Left footed, Free kick)" minute="3" period="1" second="3" time="3" type="attempt missed" type_id="13"/>
	<message comment="Russell Martin wins a corner (To the right)" minute="1" period="1" second="24" time="1" type="corner" type_id="6"/>
	<message comment="Ryan Shawcross misses attempt (18-yard box, Head, From corner)" minute="0" period="1" second="38" time="0" type="attempt missed" type_id="13"/>
	<message comment="Jonathan Walters wins a corner (To the left)" minute="0" period="1" second="16" time="0" type="corner" type_id="6"/>
	<message comment="First half begins!" minute="0" period="1" second="0" time="0" type="start" type_id="32"/>
</Commentary>
