<?xml version="1.0" ?>
<Commentary away_team_name="Stoke" competition="English Premier League" game_date="2013-05-12" home_team_name="Tottenham" lang_id="en" season="Season 2012/2013" season_id="2012" sport_id="1" sport_name="Football">
	<message comment="Second half ends" minute="94" period="2" second="29" time="97" type="end" type_id="30"/>
	<message comment="Gareth Bale wins a corner (To the right)" minute="94" period="2" second="0" time="97" type="corner" type_id="6"/>
	<message comment="Andy Wilkinson blocks a shot" minute="93" period="2" second="58" time="96" type="save made" type_id="10"/>
	<message comment="Gareth Bale has shot blocked (18-yard box, Right footed, Fast break)" minute="93" period="2" second="58" time="96" type="attempt blocked" type_id="15"/>
	<message comment="Marc Wilson misses attempt (High to the left, 6-yard box, Head, Open play)" minute="93" period="2" second="15" time="96" type="attempt missed" type_id="13"/>
	<message comment="Clint Dempsey is substituted off" minute="83" period="2" second="18" time="86" type="substitution off" type_id="18"/>
	<message comment="Gylfi Sigurdsson is substituted on" minute="83" period="2" second="18" time="86" type="substitution on" type_id="19"/>
	<message comment="GOAL! Emmanuel Adebayor scores , Assisted by Clint Dempsey (Low to the centre, 6-yard box, Big Chance, Right footed, Open play)" minute="82" period="2" second="1" time="85" type="goal scored" type_id="16"/>
	<message comment="Mousa Dembélé misses attempt (To the right, Out of box, Left footed, Open play)" minute="80" period="2" second="46" time="83" type="attempt missed" type_id="13"/>
	<message comment="Robert Huth misses attempt (6-yard box, Big Chance, Head, Set piece)" minute="79" period="2" second="59" time="82" type="attempt missed" type_id="13"/>
	<message comment="Tom Huddlestone recieves a yellow card" minute="75" period="2" second="20" time="78" type="card received" type_id="17"/>
	<message comment="Gareth Bale misses attempt (18-yard box, Right footed, Open play)" minute="74" period="2" second="34" time="77" type="attempt missed" type_id="13"/>
	<message comment="Aaron Lennon is substituted off" minute="74" period="2" second="8" time="77" type="substitution off" type_id="18"/>
	<message comment="Jermain Defoe is substituted on" minute="74" period="2" second="8" time="77" type="substitution on" type_id="19"/>
	<message comment="Ryan Shotton is substituted off" minute="74" period="2" second="3" time="77" type="substitution off" type_id="18"/>
	<message comment="Geoff Cameron is substituted on" minute="74" period="2" second="3" time="77" type="substitution on" type_id="19"/>
	<message comment="Ryan Shotton blocks a shot" minute="73" period="2" second="13" time="76" type="save made" type_id="10"/>
	<message comment="Aaron Lennon has shot blocked (18-yard box, Right footed, Open play)" minute="73" period="2" second="13" time="76" type="attempt blocked" type_id="15"/>
	<message comment="Aaron Lennon wins a corner (To the right)" minute="72" period="2" second="25" time="75" type="corner" type_id="6"/>
	<message comment="Clint Dempsey wins a corner (To the left)" minute="71" period="2" second="9" time="74" type="corner" type_id="6"/>
	<message comment="Asmir Begovic makes a save (Parried safe)" minute="71" period="2" second="3" time="74" type="save made" type_id="10"/>
	<message comment="Clint Dempsey has attempt saved (High to the centre, Out of box, Right footed, Open play)" minute="71" period="2" second="3" time="74" type="attempt blocked" type_id="15"/>
	<message comment="Andy Wilkinson misses attempt (High, Out of box, Right footed, Throw-in)" minute="69" period="2" second="17" time="72" type="attempt missed" type_id="13"/>
	<message comment="Jan Vertonghen misses attempt (18-yard box, Big Chance, Head, Set piece)" minute="68" period="2" second="0" time="71" type="attempt missed" type_id="13"/>
	<message comment="Scott Parker is substituted off" minute="67" period="2" second="52" time="70" type="substitution off" type_id="18"/>
	<message comment="Mousa Dembélé is substituted on" minute="67" period="2" second="52" time="70" type="substitution on" type_id="19"/>
	<message comment="Ryan Shotton recieves a yellow card" minute="67" period="2" second="26" time="70" type="card received" type_id="17"/>
	<message comment="Ryan Shawcross blocks a shot" minute="66" period="2" second="25" time="69" type="save made" type_id="10"/>
	<message comment="Kyle Walker has shot blocked (Out of box, Right footed, From corner)" minute="66" period="2" second="25" time="69" type="attempt blocked" type_id="15"/>
	<message comment="Gareth Bale wins a corner (To the left)" minute="66" period="2" second="3" time="69" type="corner" type_id="6"/>
	<message comment="Robert Huth blocks a shot" minute="66" period="2" second="0" time="69" type="save made" type_id="10"/>
	<message comment="Gareth Bale has shot blocked (Out of box, Left footed, Free kick)" minute="66" period="2" second="0" time="69" type="attempt blocked" type_id="15"/>
	<message comment="Asmir Begovic makes a save (Collected, Diving)" minute="63" period="2" second="11" time="66" type="save made" type_id="10"/>
	<message comment="Gareth Bale has attempt saved (Low to the right, 18-yard box, Left footed, Open play)" minute="63" period="2" second="11" time="66" type="attempt blocked" type_id="15"/>
	<message comment="Peter Crouch is substituted off" minute="56" period="2" second="41" time="59" type="substitution off" type_id="18"/>
	<message comment="Cameron Jerome is substituted on" minute="56" period="2" second="41" time="59" type="substitution on" type_id="19"/>
	<message comment="Matthew Etherington is substituted off" minute="56" period="2" second="34" time="59" type="substitution off" type_id="18"/>
	<message comment="Andy Wilkinson is substituted on" minute="56" period="2" second="34" time="59" type="substitution on" type_id="19"/>
	<message comment="Jan Vertonghen misses attempt (High to the left, 18-yard box, Left footed, Open play)" minute="55" period="2" second="55" time="58" type="attempt missed" type_id="13"/>
	<message comment="Dean Whitehead blocks a shot" minute="53" period="2" second="58" time="56" type="save made" type_id="10"/>
	<message comment="Gareth Bale has shot blocked (Out of box, Left footed, Open play)" minute="53" period="2" second="58" time="56" type="attempt blocked" type_id="15"/>
	<message comment="Clint Dempsey is caught offside" minute="50" period="2" time="53" type="offside" type_id="10000"/>
	<message comment="Clint Dempsey misses attempt (18-yard box, Big Chance, Left footed, From corner)" minute="48" period="2" second="54" time="51" type="attempt missed" type_id="13"/>
	<message comment="Tom Huddlestone wins a corner (To the right)" minute="48" period="2" second="38" time="51" type="corner" type_id="6"/>
	<message comment="Ryan Shawcross blocks a shot" minute="48" period="2" second="34" time="51" type="save made" type_id="10"/>
	<message comment="Tom Huddlestone has shot blocked (Out of box, Right footed, Open play)" minute="48" period="2" second="34" time="51" type="attempt blocked" type_id="15"/>
	<message comment="Dean Whitehead blocks a shot" minute="48" period="2" second="22" time="51" type="save made" type_id="10"/>
	<message comment="Jan Vertonghen has shot blocked (Out of box, Left footed, Open play)" minute="48" period="2" second="22" time="51" type="attempt blocked" type_id="15"/>
	<message comment="Charlie Adam recieves a red card after receiving second yellow card" minute="46" period="2" second="8" time="49" type="card received" type_id="17"/>
	<message comment="Second half begins!" minute="45" period="2" second="0" time="48" type="start" type_id="32"/>
	<message comment="First half ends" minute="47" period="1" second="11" time="47" type="end" type_id="30"/>
	<message comment="Charlie Adam wins a corner (To the right)" minute="46" period="1" second="9" time="46" type="corner" type_id="6"/>
	<message comment="Charlie Adam has shot blocked (18-yard box, Left footed, Open play)" minute="46" period="1" second="7" time="46" type="attempt blocked" type_id="15"/>
	<message comment="Clint Dempsey blocks a shot" minute="46" period="1" second="7" time="46" type="save made" type_id="10"/>
	<message comment="Clint Dempsey wins a corner (To the right)" minute="44" period="1" second="1" time="44" type="corner" type_id="6"/>
	<message comment="Asmir Begovic makes a save (Diving, Parried into danger)" minute="43" period="1" second="57" time="43" type="save made" type_id="10"/>
	<message comment="Gareth Bale has attempt saved (Low to the right, 18-yard box, Left footed, Open play)" minute="43" period="1" second="57" time="43" type="attempt blocked" type_id="15"/>
	<message comment="Charlie Adam recieves a yellow card" minute="43" period="1" second="1" time="43" type="card received" type_id="17"/>
	<message comment="Asmir Begovic recieves a yellow card" minute="40" period="1" second="1" time="40" type="card received" type_id="17"/>
	<message comment="Michael Dawson has attempt saved (High to the right, 18-yard box, Head, Set piece)" minute="39" period="1" second="37" time="39" type="attempt blocked" type_id="15"/>
	<message comment="Asmir Begovic makes a save (Parried safe, Diving)" minute="39" period="1" second="37" time="39" type="save made" type_id="10"/>
	<message comment="Michael Dawson wins a corner (To the left)" minute="36" period="1" second="40" time="36" type="corner" type_id="6"/>
	<message comment="Emmanuel Adebayor wins a corner (To the right)" minute="35" period="1" second="33" time="35" type="corner" type_id="6"/>
	<message comment="Robert Huth blocks a shot" minute="35" period="1" second="31" time="35" type="save made" type_id="10"/>
	<message comment="Emmanuel Adebayor has shot blocked (Out of box, Right footed, Fast break)" minute="35" period="1" second="31" time="35" type="attempt blocked" type_id="15"/>
	<message comment="Dean Whitehead blocks a shot" minute="34" period="1" second="46" time="34" type="save made" type_id="10"/>
	<message comment="Kyle Walker has shot blocked (Out of box, Right footed, Free kick)" minute="34" period="1" second="46" time="34" type="attempt blocked" type_id="15"/>
	<message comment="Robert Huth recieves a yellow card" minute="34" period="1" second="11" time="34" type="card received" type_id="17"/>
	<message comment="Ryan Shotton blocks a shot" minute="30" period="1" second="18" time="30" type="save made" type_id="10"/>
	<message comment="Kyle Walker has shot blocked (Out of box, Right footed, From corner)" minute="30" period="1" second="18" time="30" type="attempt blocked" type_id="15"/>
	<message comment="Gareth Bale is caught offside" minute="30" period="1" time="30" type="offside" type_id="10000"/>
	<message comment="Kyle Walker wins a corner (To the right)" minute="29" period="1" second="57" time="29" type="corner" type_id="6"/>
	<message comment="Gareth Bale wins a corner (To the left)" minute="25" period="1" second="48" time="25" type="corner" type_id="6"/>
	<message comment="Gareth Bale misses attempt (High, Out of box, Left footed, Free kick)" minute="22" period="1" second="28" time="22" type="attempt missed" type_id="13"/>
	<message comment="GOAL! Clint Dempsey scores  (Low to the left, Out of box, Left footed, Open play)" minute="19" period="1" second="14" time="19" type="goal scored" type_id="16"/>
	<message comment="Kyle Walker misses attempt (To the left, Out of box, Right footed, Open play)" minute="15" period="1" second="1" time="15" type="attempt missed" type_id="13"/>
	<message comment="Clint Dempsey is caught offside" minute="15" period="1" time="15" type="offside" type_id="10000"/>
	<message comment="Charlie Adam wins a corner (To the right)" minute="13" period="1" second="36" time="13" type="corner" type_id="6"/>
	<message comment="Gareth Bale misses attempt (High to the left, Out of box, Left footed, Open play)" minute="10" period="1" second="50" time="10" type="attempt missed" type_id="13"/>
	<message comment="Formation Set" minute="0" period="14" second="0" time="7" type="end" type_id="30"/>
	<message comment="Gareth Bale wins a corner (To the left)" minute="6" period="1" second="5" time="6" type="corner" type_id="6"/>
	<message comment="Asmir Begovic makes a save (Parried safe)" minute="6" period="1" second="2" time="6" type="save made" type_id="10"/>
	<message comment="Gareth Bale has attempt saved (High to the centre, Out of box, Left footed, Open play)" minute="6" period="1" second="2" time="6" type="attempt blocked" type_id="15"/>
	<message comment="Charlie Adam has shot blocked (Out of box, Left footed, Open play)" minute="5" period="1" second="18" time="5" type="attempt blocked" type_id="15"/>
	<message comment="Jan Vertonghen blocks a shot" minute="5" period="1" second="18" time="5" type="save made" type_id="10"/>
	<message comment="Clint Dempsey is caught offside" minute="3" period="1" time="3" type="offside" type_id="10000"/>
	<message comment="GOAL! Steven Nzonzi scores , Assisted by Charlie Adam (Low to the right, 18-yard box, Big Chance, Head, Set piece)" minute="2" period="1" second="37" time="2" type="goal scored" type_id="16"/>
	<message comment="First half begins!" minute="0" period="1" second="0" time="0" type="start" type_id="32"/>
</Commentary>
