<?xml version="1.0" ?>
<Commentary away_team_name="Stoke" competition="English Premier League" game_date="2014-01-01" home_team_name="Everton" lang_id="en" season="Season 2013/2014" season_id="2013" sport_id="1" sport_name="Football">
	<message comment="Second half ends" minute="94" period="2" second="25" time="96" type="end" type_id="30"/>
	<message comment="Oussama Assaidi wins a corner (To the left)" minute="93" period="2" second="51" time="95" type="corner" type_id="6"/>
	<message comment="Kevin Mirallas is caught offside" minute="92" period="2" time="94" type="offside" type_id="10000"/>
	<message comment="GOAL! Leighton Baines scores  (Low to the left, 18-yard box, Penalty, Big Chance, Left footed)" minute="91" period="2" second="49" time="93" type="goal scored" type_id="16"/>
	<message comment="Jermaine Pennant recieves a yellow card" minute="90" period="2" second="52" time="92" type="card received" type_id="17"/>
	<message comment="Marc Wilson blocks a shot" minute="89" period="2" second="43" time="91" type="save made" type_id="10"/>
	<message comment="Nikica Jelavic has shot blocked (18-yard box, Right footed, Set piece)" minute="89" period="2" second="43" time="91" type="attempt blocked" type_id="15"/>
	<message comment="Jack Butland makes a save (Standing)" minute="88" period="2" second="12" time="90" type="save made" type_id="10"/>
	<message comment="Nikica Jelavic has attempt saved (Low to the right, 18-yard box, Head, Open play)" minute="88" period="2" second="12" time="90" type="attempt blocked" type_id="15"/>
	<message comment="Erik Pieters blocks a shot" minute="88" period="2" second="8" time="90" type="save made" type_id="10"/>
	<message comment="Kevin Mirallas has shot blocked (18-yard box, Right footed, Open play)" minute="88" period="2" second="8" time="90" type="attempt blocked" type_id="15"/>
	<message comment="Erik Pieters blocks a shot" minute="88" period="2" second="7" time="90" type="save made" type_id="10"/>
	<message comment="Steven Naismith has shot blocked (18-yard box, Big Chance, Head, Open play)" minute="88" period="2" second="7" time="90" type="attempt blocked" type_id="15"/>
	<message comment="Leon Osman has shot blocked (18-yard box, Right footed, Open play)" minute="81" period="2" second="52" time="83" type="attempt blocked" type_id="15"/>
	<message comment="Ryan Shawcross blocks a shot" minute="81" period="2" second="52" time="83" type="save made" type_id="10"/>
	<message comment="Charlie Adam is substituted off" minute="81" period="2" second="7" time="83" type="substitution off" type_id="18"/>
	<message comment="Wilson Palacios is substituted on" minute="81" period="2" second="7" time="83" type="substitution on" type_id="19"/>
	<message comment="Romelu Lukaku is substituted off" minute="80" period="2" second="59" time="82" type="substitution off" type_id="18"/>
	<message comment="Steven Naismith is substituted on" minute="80" period="2" second="59" time="82" type="substitution on" type_id="19"/>
	<message comment="Peter Crouch misses attempt (High to the right, Out of box, Right footed, Open play)" minute="75" period="2" second="9" time="77" type="attempt missed" type_id="13"/>
	<message comment="Jonathan Walters is substituted off" minute="71" period="2" second="57" time="73" type="substitution off" type_id="18"/>
	<message comment="Jermaine Pennant is substituted on" minute="71" period="2" second="57" time="73" type="substitution on" type_id="19"/>
	<message comment="Steven Pienaar is substituted off" minute="71" period="2" second="16" time="73" type="substitution off" type_id="18"/>
	<message comment="Leon Osman is substituted on" minute="71" period="2" second="16" time="73" type="substitution on" type_id="19"/>
	<message comment="James McCarthy is substituted off" minute="71" period="2" second="10" time="73" type="substitution off" type_id="18"/>
	<message comment="Nikica Jelavic is substituted on" minute="71" period="2" second="10" time="73" type="substitution on" type_id="19"/>
	<message comment="Gareth Barry wins a corner (To the left)" minute="70" period="2" second="26" time="72" type="corner" type_id="6"/>
	<message comment="Ross Barkley wins a corner (To the right)" minute="69" period="2" second="35" time="71" type="corner" type_id="6"/>
	<message comment="Erik Pieters blocks a shot" minute="69" period="2" second="34" time="71" type="save made" type_id="10"/>
	<message comment="Ross Barkley has shot blocked (18-yard box, Right footed, Open play)" minute="69" period="2" second="34" time="71" type="attempt blocked" type_id="15"/>
	<message comment="Erik Pieters blocks a shot" minute="67" period="2" second="20" time="69" type="save made" type_id="10"/>
	<message comment="Kevin Mirallas has shot blocked (18-yard box, Left footed, Open play)" minute="67" period="2" second="20" time="69" type="attempt blocked" type_id="15"/>
	<message comment="Kevin Mirallas recieves a yellow card" minute="66" period="2" second="24" time="68" type="card received" type_id="17"/>
	<message comment="Glenn Whelan recieves a yellow card" minute="63" period="2" second="43" time="65" type="card received" type_id="17"/>
	<message comment="Peter Crouch is caught offside" minute="60" period="2" time="62" type="offside" type_id="10000"/>
	<message comment="Charlie Adam blocks a shot" minute="57" period="2" second="48" time="59" type="save made" type_id="10"/>
	<message comment="Kevin Mirallas has shot blocked (Out of box, Right footed, Free kick)" minute="57" period="2" second="48" time="59" type="attempt blocked" type_id="15"/>
	<message comment="Ryan Shawcross recieves a yellow card" minute="56" period="2" second="32" time="58" type="card received" type_id="17"/>
	<message comment="Charlie Adam has attempt saved (Low to the centre, Out of box, Left footed, Open play)" minute="55" period="2" second="9" time="57" type="attempt blocked" type_id="15"/>
	<message comment="Tim Howard makes a save (Parried safe)" minute="55" period="2" second="9" time="57" type="save made" type_id="10"/>
	<message comment="Peter Crouch has shot blocked (Out of box, Key pass, Left footed, Open play)" minute="55" period="2" second="6" time="57" type="attempt blocked" type_id="15"/>
	<message comment="Jack Butland makes a save (Diving)" minute="54" period="2" second="42" time="56" type="save made" type_id="10"/>
	<message comment="Romelu Lukaku has attempt saved (Low to the centre, Out of box, Right footed, Open play)" minute="54" period="2" second="42" time="56" type="attempt blocked" type_id="15"/>
	<message comment="Steven Pienaar misses attempt (To the right, Out of box, Right footed, Open play)" minute="53" period="2" second="16" time="55" type="attempt missed" type_id="13"/>
	<message comment="Leighton Baines wins a corner (To the right)" minute="51" period="2" second="19" time="53" type="corner" type_id="6"/>
	<message comment="Geoff Cameron recieves a yellow card" minute="50" period="2" second="39" time="52" type="card received" type_id="17"/>
	<message comment="GOAL! Oussama Assaidi scores  (Low to the left, Out of box, Right footed, Open play)" minute="48" period="2" second="59" time="50" type="goal scored" type_id="16"/>
	<message comment="Thomas Sørensen is substituted off" minute="45" period="2" second="0" time="47" type="substitution off" type_id="18"/>
	<message comment="Jack Butland is substituted on" minute="45" period="2" second="0" time="47" type="substitution on" type_id="19"/>
	<message comment="Second half begins!" minute="45" period="2" second="0" time="47" type="start" type_id="32"/>
	<message comment="First half ends" minute="46" period="1" second="21" time="46" type="end" type_id="30"/>
	<message comment="Romelu Lukaku misses attempt (18-yard box, Head, Open play)" minute="45" period="1" second="49" time="45" type="attempt missed" type_id="13"/>
	<message comment="Kevin Mirallas hits the woodwork (To the left, Out of box, Right footed, Free kick)" minute="45" period="1" second="33" time="45" type="woodwork hit" type_id="14"/>
	<message comment="Ross Barkley misses attempt (High, 18-yard box, Right footed, Open play)" minute="40" period="1" second="18" time="40" type="attempt missed" type_id="13"/>
	<message comment="Ryan Shawcross has attempt saved (Low to the right, 18-yard box, Head, From corner)" minute="33" period="1" second="52" time="33" type="attempt blocked" type_id="15"/>
	<message comment="Tim Howard makes a save (Standing, Collected)" minute="33" period="1" second="52" time="33" type="save made" type_id="10"/>
	<message comment="Oussama Assaidi wins a corner (To the left)" minute="33" period="1" second="22" time="33" type="corner" type_id="6"/>
	<message comment="Oussama Assaidi has shot blocked (18-yard box, Right footed, Open play)" minute="33" period="1" second="20" time="33" type="attempt blocked" type_id="15"/>
	<message comment="Antolín Alcaraz blocks a shot" minute="33" period="1" second="20" time="33" type="save made" type_id="10"/>
	<message comment="Steven Nzonzi has shot blocked (Out of box, Right footed, Open play)" minute="33" period="1" second="11" time="33" type="attempt blocked" type_id="15"/>
	<message comment="Leighton Baines blocks a shot" minute="33" period="1" second="11" time="33" type="save made" type_id="10"/>
	<message comment="Kevin Mirallas hits the woodwork (High, Out of box, Right footed, Open play)" minute="29" period="1" second="19" time="29" type="woodwork hit" type_id="14"/>
	<message comment="Steven Nzonzi has shot blocked (Out of box, Right footed, Open play)" minute="23" period="1" second="27" time="23" type="attempt blocked" type_id="15"/>
	<message comment="Antolín Alcaraz blocks a shot" minute="23" period="1" second="27" time="23" type="save made" type_id="10"/>
	<message comment="Thomas Sørensen makes a save (Diving)" minute="19" period="1" second="37" time="19" type="save made" type_id="10"/>
	<message comment="James McCarthy has attempt saved (Low to the left, Out of box, Right footed, Open play)" minute="19" period="1" second="37" time="19" type="attempt blocked" type_id="15"/>
	<message comment="Peter Crouch misses attempt (18-yard box, Head, Open play)" minute="18" period="1" second="17" time="18" type="attempt missed" type_id="13"/>
	<message comment="Romelu Lukaku wins a corner (To the left)" minute="10" period="1" second="49" time="10" type="corner" type_id="6"/>
	<message comment="Charlie Adam has attempt saved (Low to the right, 18-yard box, Left footed, Open play)" minute="10" period="1" second="28" time="10" type="attempt blocked" type_id="15"/>
	<message comment="Tim Howard makes a save (Collected, Diving)" minute="10" period="1" second="28" time="10" type="save made" type_id="10"/>
	<message comment="Steven Pienaar wins a corner (To the left)" minute="9" period="1" second="12" time="9" type="corner" type_id="6"/>
	<message comment="Formation Set" minute="0" period="14" second="0" time="6" type="end" type_id="30"/>
	<message comment="First half begins!" minute="0" period="1" second="0" time="0" type="start" type_id="32"/>
</Commentary>
