<?xml version="1.0" ?>
<Commentary away_team_name="Stoke" competition="English Premier League" game_date="2011-12-26" home_team_name="Aston Villa" lang_id="en" season="Season 2011/2012" season_id="2011" sport_id="1" sport_name="Football">
	<message comment="Second half ends" minute="93" period="2" second="24" time="96" type="end" type_id="30"/>
	<message comment="Robert Huth misses attempt (To the left, 18-yard box, Head, From corner)" minute="88" period="2" second="46" time="91" type="attempt missed" type_id="13"/>
	<message comment="Rory Delap wins a corner (To the left)" minute="88" period="2" second="19" time="91" type="corner" type_id="6"/>
	<message comment="Robert Huth has shot blocked (Out of box, Right footed, Free kick)" minute="85" period="2" second="14" time="88" type="attempt blocked" type_id="15"/>
	<message comment="James Collins blocks a shot" minute="85" period="2" second="14" time="88" type="save made" type_id="10"/>
	<message comment="Jermaine Pennant has shot blocked (18-yard box, Right footed, Throw-in)" minute="82" period="2" second="27" time="85" type="attempt blocked" type_id="15"/>
	<message comment="Richard Dunne blocks a shot" minute="82" period="2" second="27" time="85" type="save made" type_id="10"/>
	<message comment="Stiliyan Petrov misses attempt (High to the right, Out of box, Right footed, From corner)" minute="80" period="2" second="30" time="83" type="attempt missed" type_id="13"/>
	<message comment="Marc Albrighton wins a corner (To the left)" minute="80" period="2" second="2" time="83" type="corner" type_id="6"/>
	<message comment="Marc Albrighton wins a corner (To the left)" minute="79" period="2" second="38" time="82" type="corner" type_id="6"/>
	<message comment="Jermaine Pennant misses attempt (To the right, 18-yard box, Left footed, From corner)" minute="79" period="2" second="14" time="82" type="attempt missed" type_id="13"/>
	<message comment="Ryan Shotton wins a corner (To the right)" minute="78" period="2" second="42" time="81" type="corner" type_id="6"/>
	<message comment="Rory Delap recieves a yellow card" minute="77" period="2" second="59" time="80" type="card received" type_id="17"/>
	<message comment="Charles N'Zogbia misses attempt (High, 18-yard box, Left footed, Open play)" minute="77" period="2" second="35" time="80" type="attempt missed" type_id="13"/>
	<message comment="Thomas Sørensen makes a save (Standing, Parried into danger)" minute="74" period="2" second="27" time="77" type="save made" type_id="10"/>
	<message comment="Charles N'Zogbia has attempt saved (Low to the left, Out of box, Left footed, Free kick)" minute="74" period="2" second="27" time="77" type="attempt blocked" type_id="15"/>
	<message comment="Jonathan Woodgate is substituted off" minute="70" period="2" second="11" time="73" type="substitution off" type_id="18"/>
	<message comment="Jermaine Pennant is substituted on" minute="70" period="2" second="11" time="73" type="substitution on" type_id="19"/>
	<message comment="Jonathan Walters misses attempt (To the right, 6-yard box, Head, From corner)" minute="69" period="2" second="11" time="72" type="attempt missed" type_id="13"/>
	<message comment="Marc Wilson has shot blocked (18-yard box, Head, From corner)" minute="69" period="2" second="9" time="72" type="attempt blocked" type_id="15"/>
	<message comment="Gabriel Agbonlahor blocks a shot (Last line)" minute="69" period="2" second="9" time="72" type="save made" type_id="10"/>
	<message comment="Kenwyne Jones is caught offside" minute="69" period="2" time="72" type="offside" type_id="10000"/>
	<message comment="Matthew Etherington wins a corner (To the left)" minute="68" period="2" second="46" time="71" type="corner" type_id="6"/>
	<message comment="Nathan Delfouneso is caught offside" minute="68" period="2" time="71" type="offside" type_id="10000"/>
	<message comment="Wilson Palacios is substituted off" minute="66" period="2" second="25" time="69" type="substitution off" type_id="18"/>
	<message comment="Rory Delap is substituted on" minute="66" period="2" second="25" time="69" type="substitution on" type_id="19"/>
	<message comment="Charles N'Zogbia misses attempt (18-yard box, Right footed, Open play)" minute="65" period="2" second="53" time="68" type="attempt missed" type_id="13"/>
	<message comment="Robert Huth misses attempt (High to the right, 18-yard box, Head, From corner)" minute="61" period="2" second="47" time="64" type="attempt missed" type_id="13"/>
	<message comment="Ryan Shotton wins a corner (To the right)" minute="61" period="2" second="13" time="64" type="corner" type_id="6"/>
	<message comment="Dean Whitehead recieves a yellow card" minute="55" period="2" second="41" time="58" type="card received" type_id="17"/>
	<message comment="Nathan Delfouneso wins a corner (To the left)" minute="52" period="2" second="4" time="55" type="corner" type_id="6"/>
	<message comment="Thomas Sørensen makes a save (Diving, Feet, Parried safe)" minute="52" period="2" second="1" time="55" type="save made" type_id="10"/>
	<message comment="Nathan Delfouneso has attempt saved (Low to the centre, 6-yard box, Big Chance, Right footed, Fast break)" minute="52" period="2" second="1" time="55" type="attempt blocked" type_id="15"/>
	<message comment="Ryan Shotton wins a corner (To the left)" minute="50" period="2" second="34" time="53" type="corner" type_id="6"/>
	<message comment="Emile Heskey is substituted off" minute="45" period="2" second="0" time="48" type="substitution off" type_id="18"/>
	<message comment="Nathan Delfouneso is substituted on" minute="45" period="2" second="0" time="48" type="substitution on" type_id="19"/>
	<message comment="Second half begins!" minute="45" period="2" second="0" time="48" type="start" type_id="32"/>
	<message comment="First half ends" minute="47" period="1" second="1" time="47" type="end" type_id="30"/>
	<message comment="Stiliyan Petrov misses attempt (18-yard box, Right footed, Open play)" minute="39" period="1" second="32" time="39" type="attempt missed" type_id="13"/>
	<message comment="Kenwyne Jones blocks a shot" minute="36" period="1" second="45" time="36" type="save made" type_id="10"/>
	<message comment="Stiliyan Petrov has shot blocked (Out of box, Right footed, From corner)" minute="36" period="1" second="45" time="36" type="attempt blocked" type_id="15"/>
	<message comment="Carlos Cuellar wins a corner (To the right)" minute="36" period="1" second="20" time="36" type="corner" type_id="6"/>
	<message comment="Gabriel Agbonlahor misses attempt (To the left, Out of box, Right footed, Open play)" minute="29" period="1" second="32" time="29" type="attempt missed" type_id="13"/>
	<message comment="Robert Huth misses attempt (High, 6-yard box, Head, Set piece)" minute="26" period="1" second="14" time="26" type="attempt missed" type_id="13"/>
	<message comment="Dean Whitehead blocks a shot" minute="23" period="1" second="19" time="23" type="save made" type_id="10"/>
	<message comment="Stiliyan Petrov has shot blocked (Out of box, Right footed, Free kick)" minute="23" period="1" second="19" time="23" type="attempt blocked" type_id="15"/>
	<message comment="Robert Huth recieves a yellow card" minute="22" period="1" second="52" time="22" type="card received" type_id="17"/>
	<message comment="Emile Heskey hits the woodwork (To the right, 6-yard box, Head, From corner)" minute="20" period="1" second="40" time="20" type="woodwork hit" type_id="14"/>
	<message comment="Charles N'Zogbia wins a corner (To the right)" minute="19" period="1" second="46" time="19" type="corner" type_id="6"/>
	<message comment="Marc Albrighton wins a corner (To the right)" minute="19" period="1" second="25" time="19" type="corner" type_id="6"/>
	<message comment="Charles N'Zogbia wins a corner (To the left)" minute="9" period="1" second="51" time="9" type="corner" type_id="6"/>
	<message comment="Formation Set" minute="0" period="14" second="0" time="6" type="end" type_id="30"/>
	<message comment="Robert Huth misses attempt (High, 18-yard box, Head, From corner)" minute="1" period="1" second="10" time="1" type="attempt missed" type_id="13"/>
	<message comment="Matthew Etherington wins a corner (To the right)" minute="0" period="1" second="41" time="0" type="corner" type_id="6"/>
	<message comment="Jonathan Walters wins a corner (To the right)" minute="0" period="1" second="19" time="0" type="corner" type_id="6"/>
	<message comment="Richard Dunne blocks a shot" minute="0" period="1" second="18" time="0" type="save made" type_id="10"/>
	<message comment="Jonathan Walters has shot blocked (18-yard box, Right footed, Open play)" minute="0" period="1" second="18" time="0" type="attempt blocked" type_id="15"/>
	<message comment="First half begins!" minute="0" period="1" second="0" time="0" type="start" type_id="32"/>
</Commentary>
