<?xml version="1.0" ?>
<Commentary away_team_name="Stoke" competition="English Premier League" game_date="2013-01-12" home_team_name="Chelsea" lang_id="en" season="Season 2012/2013" season_id="2012" sport_id="1" sport_name="Football">
	<message comment="Second half ends" minute="93" period="2" second="2" time="96" type="end" type_id="30"/>
	<message comment="Jonathan Walters hits the woodwork (High, 18-yard box, Penalty, Big Chance, Right footed)" minute="89" period="2" second="31" time="92" type="woodwork hit" type_id="14"/>
	<message comment="Matthew Etherington is substituted off" minute="85" period="2" second="43" time="88" type="substitution off" type_id="18"/>
	<message comment="Michael Kightly is substituted on" minute="85" period="2" second="43" time="88" type="substitution on" type_id="19"/>
	<message comment="César Azpilicueta is substituted off" minute="82" period="2" second="30" time="85" type="substitution off" type_id="18"/>
	<message comment="Paulo Ferreira is substituted on" minute="82" period="2" second="30" time="85" type="substitution on" type_id="19"/>
	<message comment="Petr Cech wins a corner (To the left)" minute="81" period="2" second="59" time="84" type="corner" type_id="6"/>
	<message comment="Juan Mata is substituted off" minute="79" period="2" second="9" time="82" type="substitution off" type_id="18"/>
	<message comment="John Terry is substituted on" minute="79" period="2" second="9" time="82" type="substitution on" type_id="19"/>
	<message comment="Cameron Jerome is caught offside" minute="79" period="2" time="82" type="offside" type_id="10000"/>
	<message comment="Charlie Adam is substituted off" minute="78" period="2" second="26" time="81" type="substitution off" type_id="18"/>
	<message comment="Dean Whitehead is substituted on" minute="78" period="2" second="26" time="81" type="substitution on" type_id="19"/>
	<message comment="Kenwyne Jones is substituted off" minute="78" period="2" second="17" time="81" type="substitution off" type_id="18"/>
	<message comment="Cameron Jerome is substituted on" minute="78" period="2" second="17" time="81" type="substitution on" type_id="19"/>
	<message comment="Charlie Adam misses attempt (Out of box, Left footed, Open play)" minute="74" period="2" second="16" time="77" type="attempt missed" type_id="13"/>
	<message comment="GOAL! Eden Hazard scores , Assisted by Juan Mata (High to the left, Out of box, Left footed, Open play)" minute="72" period="2" second="7" time="75" type="goal scored" type_id="16"/>
	<message comment="Kenwyne Jones has attempt saved (Low to the right, 18-yard box, Left footed, Open play)" minute="71" period="2" second="37" time="74" type="attempt blocked" type_id="15"/>
	<message comment="Petr Cech makes a save (Diving)" minute="71" period="2" second="37" time="74" type="save made" type_id="10"/>
	<message comment="Demba Ba is substituted off" minute="70" period="2" second="49" time="73" type="substitution off" type_id="18"/>
	<message comment="Fernando Torres is substituted on" minute="70" period="2" second="49" time="73" type="substitution on" type_id="19"/>
	<message comment="Robert Huth blocks a shot" minute="69" period="2" second="41" time="72" type="save made" type_id="10"/>
	<message comment="David Luiz has shot blocked (Out of box, Right footed, Free kick)" minute="69" period="2" second="41" time="72" type="attempt blocked" type_id="15"/>
	<message comment="Glenn Whelan blocks a shot" minute="68" period="2" second="48" time="71" type="save made" type_id="10"/>
	<message comment="Ryan Bertrand has shot blocked (Out of box, Left footed, Open play)" minute="68" period="2" second="48" time="71" type="attempt blocked" type_id="15"/>
	<message comment="Frank Lampard has attempt saved (Low to the centre, 18-yard box, Big Chance, Left footed, Open play)" minute="68" period="2" second="5" time="71" type="attempt blocked" type_id="15"/>
	<message comment="Asmir Begovic makes a save (Parried safe, Diving, Other body part)" minute="68" period="2" second="5" time="71" type="save made" type_id="10"/>
	<message comment="Robert Huth blocks a shot" minute="67" period="2" second="57" time="70" type="save made" type_id="10"/>
	<message comment="Demba Ba has shot blocked (18-yard box, Right footed, Open play)" minute="67" period="2" second="57" time="70" type="attempt blocked" type_id="15"/>
	<message comment="GOAL! Frank Lampard scores  (High to the centre, 18-yard box, Penalty, Big Chance, Right footed)" minute="64" period="2" second="57" time="67" type="goal scored" type_id="16"/>
	<message comment="Jonathan Walters scores an OWN GOAL!  (High to the left, 6-yard box, Head, From corner)" minute="61" period="2" second="48" time="64" type="goal scored" type_id="16"/>
	<message comment="Eden Hazard wins a corner (To the right)" minute="61" period="2" second="17" time="64" type="corner" type_id="6"/>
	<message comment="Matthew Etherington is caught offside" minute="57" period="2" time="60" type="offside" type_id="10000"/>
	<message comment="Geoff Cameron wins a corner (To the right)" minute="55" period="2" second="2" time="58" type="corner" type_id="6"/>
	<message comment="Robert Huth misses attempt (18-yard box, Big Chance, Head, From corner)" minute="54" period="2" second="18" time="57" type="attempt missed" type_id="13"/>
	<message comment="Steven Nzonzi wins a corner (To the right)" minute="53" period="2" second="45" time="56" type="corner" type_id="6"/>
	<message comment="Steven Nzonzi has attempt saved (High to the right, Out of box, Right footed, Open play)" minute="53" period="2" second="43" time="56" type="attempt blocked" type_id="15"/>
	<message comment="Petr Cech makes a save (Parried safe)" minute="53" period="2" second="43" time="56" type="save made" type_id="10"/>
	<message comment="Robert Huth has attempt saved (Low to the centre, 18-yard box, Head, Set piece)" minute="52" period="2" second="1" time="55" type="attempt blocked" type_id="15"/>
	<message comment="Petr Cech makes a save" minute="52" period="2" second="1" time="55" type="save made" type_id="10"/>
	<message comment="Ashley Cole wins a corner (To the left)" minute="50" period="2" second="28" time="53" type="corner" type_id="6"/>
	<message comment="Asmir Begovic makes a save (Parried safe, Feet, Diving)" minute="50" period="2" second="26" time="53" type="save made" type_id="10"/>
	<message comment="Ashley Cole has attempt saved (Low to the left, 18-yard box, Left footed, Open play)" minute="50" period="2" second="26" time="53" type="attempt blocked" type_id="15"/>
	<message comment="Jonathan Walters is caught offside" minute="49" period="2" time="52" type="offside" type_id="10000"/>
	<message comment="Juan Mata is caught offside" minute="45" period="2" time="48" type="offside" type_id="10000"/>
	<message comment="Second half begins!" minute="45" period="2" second="0" time="48" type="start" type_id="32"/>
	<message comment="First half ends" minute="47" period="1" second="40" time="47" type="end" type_id="30"/>
	<message comment="Jonathan Walters scores an OWN GOAL!  (High to the right, 18-yard box, Head, Open play)" minute="46" period="1" second="44" time="46" type="goal scored" type_id="16"/>
	<message comment="César Azpilicueta wins a corner (To the right)" minute="45" period="1" second="55" time="45" type="corner" type_id="6"/>
	<message comment="Robert Huth blocks a shot" minute="45" period="1" second="34" time="45" type="save made" type_id="10"/>
	<message comment="Frank Lampard has shot blocked (Out of box, Right footed, Free kick)" minute="45" period="1" second="34" time="45" type="attempt blocked" type_id="15"/>
	<message comment="Glenn Whelan has attempt saved (Low to the centre, Out of box, Right footed, Open play)" minute="40" period="1" second="22" time="40" type="attempt blocked" type_id="15"/>
	<message comment="Petr Cech makes a save" minute="40" period="1" second="22" time="40" type="save made" type_id="10"/>
	<message comment="Ashley Cole misses attempt (High to the left, Out of box, Left footed, Open play)" minute="39" period="1" second="15" time="39" type="attempt missed" type_id="13"/>
	<message comment="Juan Mata wins a corner (To the left)" minute="38" period="1" second="41" time="38" type="corner" type_id="6"/>
	<message comment="Andy Wilkinson recieves a yellow card" minute="37" period="1" second="47" time="37" type="card received" type_id="17"/>
	<message comment="Eden Hazard misses attempt (High to the right, Out of box, Right footed, From corner)" minute="34" period="1" second="54" time="34" type="attempt missed" type_id="13"/>
	<message comment="Ramires wins a corner (To the left)" minute="34" period="1" second="2" time="34" type="corner" type_id="6"/>
	<message comment="Andy Wilkinson blocks a shot" minute="33" period="1" second="57" time="33" type="save made" type_id="10"/>
	<message comment="Ramires has shot blocked (18-yard box, Right footed, Open play)" minute="33" period="1" second="57" time="33" type="attempt blocked" type_id="15"/>
	<message comment="Asmir Begovic makes a save (Feet, Diving, Parried into danger)" minute="33" period="1" second="55" time="33" type="save made" type_id="10"/>
	<message comment="Demba Ba has attempt saved (Low to the left, 18-yard box, Left footed, Open play)" minute="33" period="1" second="55" time="33" type="attempt blocked" type_id="15"/>
	<message comment="Kenwyne Jones has shot blocked (18-yard box, Right footed, Open play)" minute="30" period="1" second="20" time="30" type="attempt blocked" type_id="15"/>
	<message comment="David Luiz blocks a shot" minute="30" period="1" second="20" time="30" type="save made" type_id="10"/>
	<message comment="Asmir Begovic makes a save (Diving, Parried safe, Feet)" minute="24" period="1" second="18" time="24" type="save made" type_id="10"/>
	<message comment="Frank Lampard has attempt saved (Low to the left, 18-yard box, Big Chance, Right footed, Open play)" minute="24" period="1" second="18" time="24" type="attempt blocked" type_id="15"/>
	<message comment="Glenn Whelan misses attempt (To the left, Out of box, Right footed, Open play)" minute="20" period="1" second="38" time="20" type="attempt missed" type_id="13"/>
	<message comment="Charlie Adam wins a corner (To the right)" minute="19" period="1" second="6" time="19" type="corner" type_id="6"/>
	<message comment="Matthew Etherington wins a corner (To the left)" minute="18" period="1" second="5" time="18" type="corner" type_id="6"/>
	<message comment="Steven Nzonzi has attempt saved (High to the left, 18-yard box, Head, From corner)" minute="16" period="1" second="58" time="16" type="attempt blocked" type_id="15"/>
	<message comment="Petr Cech makes a save (Diving)" minute="16" period="1" second="58" time="16" type="save made" type_id="10"/>
	<message comment="Ryan Shawcross wins a corner (To the right)" minute="16" period="1" second="26" time="16" type="corner" type_id="6"/>
	<message comment="Geoff Cameron wins a corner (To the right)" minute="11" period="1" second="9" time="11" type="corner" type_id="6"/>
	<message comment="Kenwyne Jones misses attempt (18-yard box, Big Chance, Left footed, Open play)" minute="7" period="1" second="4" time="7" type="attempt missed" type_id="13"/>
	<message comment="Andy Wilkinson has shot blocked (Out of box, Right footed, Open play)" minute="7" period="1" second="2" time="7" type="attempt blocked" type_id="15"/>
	<message comment="Ramires blocks a shot" minute="7" period="1" second="2" time="7" type="save made" type_id="10"/>
	<message comment="Formation Set" minute="0" period="14" second="0" time="6" type="end" type_id="30"/>
	<message comment="Ryan Bertrand wins a corner (To the left)" minute="1" period="1" second="56" time="1" type="corner" type_id="6"/>
	<message comment="First half begins!" minute="0" period="1" second="0" time="0" type="start" type_id="32"/>
</Commentary>
