<?xml version="1.0" ?>
<Commentary away_team_name="Stoke" competition="English Premier League" game_date="2014-03-01" home_team_name="Arsenal" lang_id="en" season="Season 2013/2014" season_id="2013" sport_id="1" sport_name="Football">
	<message comment="Second half ends" minute="95" period="2" second="15" time="97" type="end" type_id="30"/>
	<message comment="Peter Crouch recieves a yellow card" minute="94" period="2" second="47" time="96" type="card received" type_id="17"/>
	<message comment="Yaya Sanogo misses attempt (High, 18-yard box, Big Chance, Right footed, Open play)" minute="93" period="2" second="44" time="95" type="attempt missed" type_id="13"/>
	<message comment="Marko Arnautovic is substituted off" minute="87" period="2" second="24" time="89" type="substitution off" type_id="18"/>
	<message comment="Matthew Etherington is substituted on" minute="87" period="2" second="24" time="89" type="substitution on" type_id="19"/>
	<message comment="Peter Crouch blocks a shot" minute="85" period="2" second="58" time="87" type="save made" type_id="10"/>
	<message comment="Olivier Giroud has shot blocked (18-yard box, Right footed, Open play)" minute="85" period="2" second="58" time="87" type="attempt blocked" type_id="15"/>
	<message comment="Glenn Whelan blocks a shot" minute="85" period="2" second="13" time="87" type="save made" type_id="10"/>
	<message comment="Mikel Arteta has shot blocked (Out of box, Right footed, Free kick)" minute="85" period="2" second="13" time="87" type="attempt blocked" type_id="15"/>
	<message comment="Mesut Özil misses attempt (18-yard box, Left footed, Open play)" minute="82" period="2" second="14" time="84" type="attempt missed" type_id="13"/>
	<message comment="Jack Wilshere is substituted off" minute="80" period="2" second="23" time="82" type="substitution off" type_id="18"/>
	<message comment="Yaya Sanogo is substituted on" minute="80" period="2" second="23" time="82" type="substitution on" type_id="19"/>
	<message comment="Marc Wilson recieves a yellow card" minute="77" period="2" second="34" time="79" type="card received" type_id="17"/>
	<message comment="GOAL! Jonathan Walters scores  (Low to the right, 18-yard box, Big Chance, Penalty, Right footed)" minute="75" period="2" second="24" time="77" type="goal scored" type_id="16"/>
	<message comment="Tomas Rosicky is substituted off" minute="73" period="2" second="58" time="75" type="substitution off" type_id="18"/>
	<message comment="Alex Oxlade-Chamberlain is substituted on" minute="73" period="2" second="58" time="75" type="substitution on" type_id="19"/>
	<message comment="Charlie Adam is substituted off" minute="72" period="2" second="6" time="74" type="substitution off" type_id="18"/>
	<message comment="Stephen Ireland is substituted on" minute="72" period="2" second="6" time="74" type="substitution on" type_id="19"/>
	<message comment="Charlie Adam misses attempt (To the left, Out of box, Left footed, Open play)" minute="70" period="2" second="36" time="72" type="attempt missed" type_id="13"/>
	<message comment="Peter Crouch is caught offside" minute="66" period="2" time="68" type="offside" type_id="10000"/>
	<message comment="Lukas Podolski is substituted off" minute="65" period="2" second="58" time="67" type="substitution off" type_id="18"/>
	<message comment="Mesut Özil is substituted on" minute="65" period="2" second="58" time="67" type="substitution on" type_id="19"/>
	<message comment="Geoff Cameron misses attempt (High to the left, 18-yard box, Right footed, From corner)" minute="65" period="2" second="10" time="67" type="attempt missed" type_id="13"/>
	<message comment="Peter Crouch wins a corner (To the right)" minute="64" period="2" second="35" time="66" type="corner" type_id="6"/>
	<message comment="Peter Crouch has attempt saved (Low to the right, 18-yard box, Head, Open play)" minute="64" period="2" second="32" time="66" type="attempt blocked" type_id="15"/>
	<message comment="Wojciech Szczesny makes a save (Parried safe, Diving)" minute="64" period="2" second="32" time="66" type="save made" type_id="10"/>
	<message comment="Ryan Shawcross is caught offside" minute="53" period="2" time="55" type="offside" type_id="10000"/>
	<message comment="Tomas Rosicky recieves a yellow card" minute="52" period="2" second="7" time="54" type="card received" type_id="17"/>
	<message comment="Peter Crouch misses attempt (To the right, 18-yard box, Right footed, Open play)" minute="51" period="2" second="0" time="53" type="attempt missed" type_id="13"/>
	<message comment="Bacary Sagna wins a corner (To the right)" minute="49" period="2" second="40" time="51" type="corner" type_id="6"/>
	<message comment="Glenn Whelan blocks a shot" minute="49" period="2" second="14" time="51" type="save made" type_id="10"/>
	<message comment="Santi Cazorla has shot blocked (Out of box, Left footed, Open play)" minute="49" period="2" second="14" time="51" type="attempt blocked" type_id="15"/>
	<message comment="Steven Nzonzi has attempt saved (Low to the left, 18-yard box, Head, Open play)" minute="45" period="2" second="38" time="47" type="attempt blocked" type_id="15"/>
	<message comment="Wojciech Szczesny makes a save (Standing)" minute="45" period="2" second="38" time="47" type="save made" type_id="10"/>
	<message comment="Second half begins!" minute="45" period="2" second="0" time="47" type="start" type_id="32"/>
	<message comment="First half ends" minute="46" period="1" second="1" time="46" type="end" type_id="30"/>
	<message comment="Erik Pieters recieves a yellow card" minute="43" period="1" second="43" time="43" type="card received" type_id="17"/>
	<message comment="Asmir Begovic makes a save (Collected, Diving)" minute="42" period="1" second="7" time="42" type="save made" type_id="10"/>
	<message comment="Santi Cazorla has attempt saved (Low to the right, Out of box, Left footed, Open play)" minute="42" period="1" second="7" time="42" type="attempt blocked" type_id="15"/>
	<message comment="Glenn Whelan has attempt saved (Low to the right, Out of box, Right footed, Open play)" minute="41" period="1" second="20" time="41" type="attempt blocked" type_id="15"/>
	<message comment="Wojciech Szczesny makes a save (Parried safe, Diving)" minute="41" period="1" second="20" time="41" type="save made" type_id="10"/>
	<message comment="Lukas Podolski misses attempt (High to the left, 18-yard box, Left footed, Open play)" minute="32" period="1" second="10" time="32" type="attempt missed" type_id="13"/>
	<message comment="Peter Crouch misses attempt (18-yard box, Right footed, Open play)" minute="30" period="1" second="33" time="30" type="attempt missed" type_id="13"/>
	<message comment="Asmir Begovic makes a save (Standing)" minute="29" period="1" second="21" time="29" type="save made" type_id="10"/>
	<message comment="Olivier Giroud has attempt saved (High to the right, 18-yard box, Head, Open play)" minute="29" period="1" second="21" time="29" type="attempt blocked" type_id="15"/>
	<message comment="Jonathan Walters is caught offside" minute="28" period="1" time="28" type="offside" type_id="10000"/>
	<message comment="Steven Nzonzi wins a corner (To the left)" minute="23" period="1" second="24" time="23" type="corner" type_id="6"/>
	<message comment="Olivier Giroud misses attempt (To the right, 6-yard box, Head, Open play)" minute="21" period="1" second="2" time="21" type="attempt missed" type_id="13"/>
	<message comment="Jonathan Walters wins a corner (To the right)" minute="19" period="1" second="52" time="19" type="corner" type_id="6"/>
	<message comment="Santi Cazorla misses attempt (High to the right, Out of box, Right footed, From corner)" minute="17" period="1" second="52" time="17" type="attempt missed" type_id="13"/>
	<message comment="Tomas Rosicky wins a corner (To the left)" minute="17" period="1" second="9" time="17" type="corner" type_id="6"/>
	<message comment="Jonathan Walters is caught offside" minute="14" period="1" time="14" type="offside" type_id="10000"/>
	<message comment="Santi Cazorla wins a corner (To the right)" minute="13" period="1" second="54" time="13" type="corner" type_id="6"/>
	<message comment="Olivier Giroud wins a corner (To the right)" minute="13" period="1" second="22" time="13" type="corner" type_id="6"/>
	<message comment="Formation Set" minute="0" period="14" second="0" time="7" type="end" type_id="30"/>
	<message comment="Peter Crouch is caught offside" minute="6" period="1" time="6" type="offside" type_id="10000"/>
	<message comment="First half begins!" minute="0" period="1" second="0" time="0" type="start" type_id="32"/>
</Commentary>
