<?xml version="1.0" ?>
<Commentary away_team_name="Stoke" competition="English Premier League" game_date="2012-11-24" home_team_name="Fulham" lang_id="en" season="Season 2012/2013" season_id="2012" sport_id="1" sport_name="Football">
	<message comment="Second half ends" minute="94" period="2" second="6" time="98" type="end" type_id="30"/>
	<message comment="Ryan Shawcross blocks a shot" minute="91" period="2" second="43" time="95" type="save made" type_id="10"/>
	<message comment="Hugo Rodallega has shot blocked (Out of box, Right footed, Open play)" minute="91" period="2" second="43" time="95" type="attempt blocked" type_id="15"/>
	<message comment="Jonathan Walters is caught offside" minute="89" period="2" time="93" type="offside" type_id="10000"/>
	<message comment="Charlie Adam is substituted off" minute="81" period="2" second="20" time="85" type="substitution off" type_id="18"/>
	<message comment="Dean Whitehead is substituted on" minute="81" period="2" second="20" time="85" type="substitution on" type_id="19"/>
	<message comment="Steve Sidwell is substituted off" minute="80" period="2" second="0" time="84" type="substitution off" type_id="18"/>
	<message comment="Hugo Rodallega is substituted on" minute="80" period="2" second="0" time="84" type="substitution on" type_id="19"/>
	<message comment="John Arne Riise misses attempt (To the right, Out of box, Left footed, Open play)" minute="78" period="2" second="16" time="82" type="attempt missed" type_id="13"/>
	<message comment="Damien Duff wins a corner (To the right)" minute="77" period="2" second="9" time="81" type="corner" type_id="6"/>
	<message comment="Peter Crouch is substituted off" minute="76" period="2" second="28" time="80" type="substitution off" type_id="18"/>
	<message comment="Kenwyne Jones is substituted on" minute="76" period="2" second="28" time="80" type="substitution on" type_id="19"/>
	<message comment="Asmir Begovic makes a save (Standing, Parried safe)" minute="74" period="2" second="47" time="78" type="save made" type_id="10"/>
	<message comment="Mladen Petric has attempt saved (Low to the centre, Out of box, Left footed, Open play)" minute="74" period="2" second="47" time="78" type="attempt blocked" type_id="15"/>
	<message comment="Michael Kightly misses attempt (18-yard box, Right footed, Open play)" minute="73" period="2" second="59" time="77" type="attempt missed" type_id="13"/>
	<message comment="Asmir Begovic makes a save (Parried safe, Diving)" minute="73" period="2" second="33" time="77" type="save made" type_id="10"/>
	<message comment="Dimitar Berbatov has attempt saved (High to the centre, 18-yard box, Right footed, Open play)" minute="73" period="2" second="33" time="77" type="attempt blocked" type_id="15"/>
	<message comment="Giorgos Karagounis is substituted off" minute="72" period="2" second="45" time="76" type="substitution off" type_id="18"/>
	<message comment="Damien Duff is substituted on" minute="72" period="2" second="45" time="76" type="substitution on" type_id="19"/>
	<message comment="Charlie Adam misses attempt (Out of box, Left footed, Set piece)" minute="72" period="2" second="9" time="76" type="attempt missed" type_id="13"/>
	<message comment="Matthew Etherington is substituted off" minute="71" period="2" second="47" time="75" type="substitution off" type_id="18"/>
	<message comment="Michael Kightly is substituted on" minute="71" period="2" second="47" time="75" type="substitution on" type_id="19"/>
	<message comment="Peter Crouch blocks a shot" minute="70" period="2" second="15" time="74" type="save made" type_id="10"/>
	<message comment="Chris Baird has shot blocked (Out of box, Right footed, Set piece)" minute="70" period="2" second="15" time="74" type="attempt blocked" type_id="15"/>
	<message comment="Ashkan Dejagah is caught offside" minute="70" period="2" time="74" type="offside" type_id="10000"/>
	<message comment="Ryan Shawcross misses attempt (18-yard box, Head, From corner)" minute="66" period="2" second="49" time="70" type="attempt missed" type_id="13"/>
	<message comment="Robert Huth wins a corner (To the right)" minute="66" period="2" second="27" time="70" type="corner" type_id="6"/>
	<message comment="Robert Huth has attempt saved (High to the centre, 18-yard box, Head, From corner)" minute="66" period="2" second="24" time="70" type="attempt blocked" type_id="15"/>
	<message comment="Mark Schwarzer makes a save" minute="66" period="2" second="24" time="70" type="save made" type_id="10"/>
	<message comment="Charlie Adam wins a corner (To the right)" minute="65" period="2" second="58" time="69" type="corner" type_id="6"/>
	<message comment="Glenn Whelan has shot blocked (Out of box, Right footed, From corner)" minute="65" period="2" second="26" time="69" type="attempt blocked" type_id="15"/>
	<message comment="John Arne Riise blocks a shot" minute="65" period="2" second="26" time="69" type="save made" type_id="10"/>
	<message comment="Steven Nzonzi misses attempt (To the left, Out of box, Right footed, Open play)" minute="64" period="2" second="44" time="68" type="attempt missed" type_id="13"/>
	<message comment="Glenn Whelan wins a corner (To the right)" minute="59" period="2" second="42" time="63" type="corner" type_id="6"/>
	<message comment="Charlie Adam wins a corner (To the left)" minute="59" period="2" second="14" time="63" type="corner" type_id="6"/>
	<message comment="Charlie Adam has shot blocked (Out of box, Left footed, Throw-in)" minute="59" period="2" second="13" time="63" type="attempt blocked" type_id="15"/>
	<message comment="Philippe Senderos blocks a shot" minute="59" period="2" second="13" time="63" type="save made" type_id="10"/>
	<message comment="Geoff Cameron recieves a yellow card" minute="56" period="2" second="29" time="60" type="card received" type_id="17"/>
	<message comment="Giorgos Karagounis misses attempt (High to the right, Out of box, Right footed, Open play)" minute="47" period="2" second="34" time="51" type="attempt missed" type_id="13"/>
	<message comment="Glenn Whelan misses attempt (High, Out of box, Right footed, Open play)" minute="45" period="2" second="58" time="49" type="attempt missed" type_id="13"/>
	<message comment="Second half begins!" minute="45" period="2" second="0" time="49" type="start" type_id="32"/>
	<message comment="First half ends" minute="48" period="1" second="8" time="48" type="end" type_id="30"/>
	<message comment="Charlie Adam misses attempt (Out of box, Right footed, Throw-in)" minute="47" period="1" second="37" time="47" type="attempt missed" type_id="13"/>
	<message comment="Mladen Petric misses attempt (6-yard box, Left footed, Open play)" minute="36" period="1" second="10" time="36" type="attempt missed" type_id="13"/>
	<message comment="Ryan Shawcross hits the woodwork (High, 6-yard box, Head, From corner)" minute="35" period="1" second="44" time="35" type="woodwork hit" type_id="14"/>
	<message comment="Ryan Shotton wins a corner (To the right)" minute="35" period="1" second="17" time="35" type="corner" type_id="6"/>
	<message comment="Glenn Whelan misses attempt (Out of box, Right footed, Open play)" minute="34" period="1" second="18" time="34" type="attempt missed" type_id="13"/>
	<message comment="Mladen Petric is caught offside" minute="33" period="1" time="33" type="offside" type_id="10000"/>
	<message comment="Robert Huth blocks a shot" minute="27" period="1" second="4" time="27" type="save made" type_id="10"/>
	<message comment="Mladen Petric has shot blocked (Out of box, Left footed, Open play)" minute="27" period="1" second="4" time="27" type="attempt blocked" type_id="15"/>
	<message comment="GOAL! Charlie Adam scores , Assisted by Peter Crouch (Low to the centre, 6-yard box, Big Chance, Left footed, Open play)" minute="25" period="1" second="39" time="25" type="goal scored" type_id="16"/>
	<message comment="Charlie Adam misses attempt (High to the left, 18-yard box, Left footed, Open play)" minute="21" period="1" second="54" time="21" type="attempt missed" type_id="13"/>
	<message comment="Matthew Etherington has shot blocked (18-yard box, Left footed, Open play)" minute="21" period="1" second="42" time="21" type="attempt blocked" type_id="15"/>
	<message comment="Aaron Hughes blocks a shot" minute="21" period="1" second="42" time="21" type="save made" type_id="10"/>
	<message comment="Ryan Shawcross is caught offside" minute="20" period="1" time="20" type="offside" type_id="10000"/>
	<message comment="Philippe Senderos recieves a yellow card" minute="18" period="1" second="46" time="18" type="card received" type_id="17"/>
	<message comment="Robert Huth misses attempt (18-yard box, Head, From corner)" minute="14" period="1" second="54" time="14" type="attempt missed" type_id="13"/>
	<message comment="Matthew Etherington wins a corner (To the left)" minute="14" period="1" second="30" time="14" type="corner" type_id="6"/>
	<message comment="Charlie Adam misses attempt (To the right, 6-yard box, Head, From corner)" minute="13" period="1" second="28" time="13" type="attempt missed" type_id="13"/>
	<message comment="Ryan Shotton wins a corner (To the right)" minute="12" period="1" second="57" time="12" type="corner" type_id="6"/>
	<message comment="Formation Set" minute="0" period="14" second="0" time="8" type="end" type_id="30"/>
	<message comment="Giorgos Karagounis misses attempt (Out of box, Right footed, Open play)" minute="1" period="1" second="54" time="1" type="attempt missed" type_id="13"/>
	<message comment="Sascha Riether wins a corner (To the right)" minute="1" period="1" second="14" time="1" type="corner" type_id="6"/>
	<message comment="First half begins!" minute="0" period="1" second="0" time="0" type="start" type_id="32"/>
</Commentary>
