<?xml version="1.0" ?>
<Commentary away_team_name="Stoke" competition="English Premier League" game_date="2014-02-12" home_team_name="Swansea" lang_id="en" season="Season 2013/2014" season_id="2013" sport_id="1" sport_name="Football">
	<message comment="Second half ends" minute="95" period="2" second="21" time="98" type="end" type_id="30"/>
	<message comment="Leon Britton is substituted off" minute="89" period="2" second="8" time="92" type="substitution off" type_id="18"/>
	<message comment="Jordi Amat is substituted on" minute="89" period="2" second="8" time="92" type="substitution on" type_id="19"/>
	<message comment="Oussama Assaidi misses attempt (High to the left, Out of box, Right footed, Open play)" minute="88" period="2" second="25" time="91" type="attempt missed" type_id="13"/>
	<message comment="Peter Crouch recieves a yellow card" minute="87" period="2" second="40" time="90" type="card received" type_id="17"/>
	<message comment="Oussama Assaidi wins a corner (To the left)" minute="87" period="2" second="25" time="90" type="corner" type_id="6"/>
	<message comment="Wilfried Bony misses attempt (To the left, 6-yard box, Big Chance, Head, From corner)" minute="85" period="2" second="42" time="88" type="attempt missed" type_id="13"/>
	<message comment="Ashley Williams misses attempt (To the right, 18-yard box, Key pass, Head, From corner)" minute="85" period="2" second="41" time="88" type="attempt missed" type_id="13"/>
	<message comment="Jonathan de Guzmán wins a corner (To the left)" minute="85" period="2" second="14" time="88" type="corner" type_id="6"/>
	<message comment="Asmir Begovic makes a save (Parried safe)" minute="85" period="2" second="8" time="88" type="save made" type_id="10"/>
	<message comment="Jonathan de Guzmán has attempt saved (High to the left, Out of box, Right footed, Open play)" minute="85" period="2" second="8" time="88" type="attempt blocked" type_id="15"/>
	<message comment="Nathan Dyer is substituted off" minute="81" period="2" second="53" time="84" type="substitution off" type_id="18"/>
	<message comment="Marvin Emnes is substituted on" minute="81" period="2" second="53" time="84" type="substitution on" type_id="19"/>
	<message comment="Ryan Shawcross blocks a shot (Last line)" minute="76" period="2" second="37" time="79" type="save made" type_id="10"/>
	<message comment="Wilfried Bony has shot blocked (18-yard box, Big Chance, Right footed, Open play)" minute="76" period="2" second="37" time="79" type="attempt blocked" type_id="15"/>
	<message comment="Pablo Hernández is substituted off" minute="74" period="2" second="47" time="77" type="substitution off" type_id="18"/>
	<message comment="Jonathan de Guzmán is substituted on" minute="74" period="2" second="47" time="77" type="substitution on" type_id="19"/>
	<message comment="Charlie Adam misses attempt (High to the right, Out of box, Left footed, Free kick)" minute="71" period="2" second="21" time="74" type="attempt missed" type_id="13"/>
	<message comment="Leon Britton recieves a yellow card" minute="70" period="2" second="30" time="73" type="card received" type_id="17"/>
	<message comment="Glenn Whelan is substituted off" minute="67" period="2" second="3" time="70" type="substitution off" type_id="18"/>
	<message comment="John Guidetti is substituted on" minute="67" period="2" second="3" time="70" type="substitution on" type_id="19"/>
	<message comment="Marko Arnautovic is substituted off" minute="55" period="2" second="18" time="58" type="substitution off" type_id="18"/>
	<message comment="Oussama Assaidi is substituted on" minute="55" period="2" second="18" time="58" type="substitution on" type_id="19"/>
	<message comment="Jonathan Walters is substituted off" minute="55" period="2" second="15" time="58" type="substitution off" type_id="18"/>
	<message comment="Steven Nzonzi is substituted on" minute="55" period="2" second="15" time="58" type="substitution on" type_id="19"/>
	<message comment="Marc Wilson blocks a shot" minute="53" period="2" second="7" time="56" type="save made" type_id="10"/>
	<message comment="Wilfried Bony has shot blocked (Out of box, Right footed, Open play)" minute="53" period="2" second="7" time="56" type="attempt blocked" type_id="15"/>
	<message comment="GOAL! Chico Flores scores , Assisted by Pablo Hernández (Low to the right, 18-yard box, Head, From corner)" minute="51" period="2" second="33" time="54" type="goal scored" type_id="16"/>
	<message comment="Wayne Routledge wins a corner (To the left)" minute="50" period="2" second="54" time="53" type="corner" type_id="6"/>
	<message comment="Wilfried Bony misses attempt (High to the right, 18-yard box, Right footed, Open play)" minute="46" period="2" second="37" time="49" type="attempt missed" type_id="13"/>
	<message comment="Ryan Shawcross blocks a shot" minute="46" period="2" second="8" time="49" type="save made" type_id="10"/>
	<message comment="Wilfried Bony has shot blocked (18-yard box, Left footed, Open play)" minute="46" period="2" second="8" time="49" type="attempt blocked" type_id="15"/>
	<message comment="José Cañas misses attempt (To the left, Out of box, Right footed, Open play)" minute="45" period="2" second="27" time="48" type="attempt missed" type_id="13"/>
	<message comment="Second half begins!" minute="45" period="2" second="0" time="48" type="start" type_id="32"/>
	<message comment="First half ends" minute="47" period="1" second="9" time="47" type="end" type_id="30"/>
	<message comment="Wilfried Bony wins a corner (To the left)" minute="46" period="1" second="6" time="46" type="corner" type_id="6"/>
	<message comment="Marc Wilson blocks a shot" minute="46" period="1" second="3" time="46" type="save made" type_id="10"/>
	<message comment="Wilfried Bony has shot blocked (18-yard box, Right footed, Open play)" minute="46" period="1" second="3" time="46" type="attempt blocked" type_id="15"/>
	<message comment="Wayne Routledge wins a corner (To the left)" minute="43" period="1" second="20" time="43" type="corner" type_id="6"/>
	<message comment="Nathan Dyer misses attempt (Out of box, Right footed, Open play)" minute="37" period="1" second="32" time="37" type="attempt missed" type_id="13"/>
	<message comment="Charlie Adam recieves a yellow card" minute="35" period="1" second="56" time="35" type="card received" type_id="17"/>
	<message comment="Ashley Williams recieves a yellow card" minute="35" period="1" second="38" time="35" type="card received" type_id="17"/>
	<message comment="Wayne Routledge is caught offside" minute="31" period="1" time="31" type="offside" type_id="10000"/>
	<message comment="Jonathan Walters has attempt saved (Low to the centre, 18-yard box, Left footed, Open play)" minute="29" period="1" second="38" time="29" type="attempt blocked" type_id="15"/>
	<message comment="Michel Vorm makes a save (Standing, Parried into danger, Other body part)" minute="29" period="1" second="38" time="29" type="save made" type_id="10"/>
	<message comment="José Cañas misses attempt (High to the left, 18-yard box, Left footed, Open play)" minute="25" period="1" second="25" time="25" type="attempt missed" type_id="13"/>
	<message comment="Nathan Dyer misses attempt (High to the left, Out of box, Left footed, Open play)" minute="21" period="1" second="23" time="21" type="attempt missed" type_id="13"/>
	<message comment="Jonathan Walters blocks a shot" minute="20" period="1" second="49" time="20" type="save made" type_id="10"/>
	<message comment="Pablo Hernández has shot blocked (18-yard box, Right footed, Open play)" minute="20" period="1" second="49" time="20" type="attempt blocked" type_id="15"/>
	<message comment="Marko Arnautovic wins a corner (To the right)" minute="19" period="1" second="14" time="19" type="corner" type_id="6"/>
	<message comment="Marko Arnautovic has attempt saved (High to the centre, Out of box, Right footed, Open play)" minute="19" period="1" second="12" time="19" type="attempt blocked" type_id="15"/>
	<message comment="Michel Vorm makes a save (Parried safe)" minute="19" period="1" second="12" time="19" type="save made" type_id="10"/>
	<message comment="GOAL! Peter Crouch scores  (Low to the left, 18-yard box, Right footed, Open play)" minute="16" period="1" second="51" time="16" type="goal scored" type_id="16"/>
	<message comment="Peter Odemwingie hits the woodwork (To the left, 18-yard box, Big Chance, Right footed, Open play)" minute="16" period="1" second="49" time="16" type="woodwork hit" type_id="14"/>
	<message comment="Charlie Adam has attempt saved (Low to the left, Out of box, Left footed, Open play)" minute="9" period="1" second="36" time="9" type="attempt blocked" type_id="15"/>
	<message comment="Michel Vorm makes a save (Collected, Diving)" minute="9" period="1" second="36" time="9" type="save made" type_id="10"/>
	<message comment="Formation Set" minute="0" period="14" second="0" time="8" type="end" type_id="30"/>
	<message comment="Nathan Dyer wins a corner (To the right)" minute="2" period="1" second="19" time="2" type="corner" type_id="6"/>
	<message comment="First half begins!" minute="0" period="1" second="0" time="0" type="start" type_id="32"/>
</Commentary>
