<?xml version="1.0" ?>
<Commentary away_team_name="Stoke" competition="English Premier League" game_date="2012-11-28" home_team_name="Newcastle United" lang_id="en" season="Season 2012/2013" season_id="2012" sport_id="1" sport_name="Football">
	<message comment="Second half ends" minute="94" period="2" second="12" time="98" type="end" type_id="30"/>
	<message comment="Davide Santon has shot blocked (Out of box, Right footed, Open play)" minute="88" period="2" second="27" time="92" type="attempt blocked" type_id="15"/>
	<message comment="Glenn Whelan blocks a shot" minute="88" period="2" second="27" time="92" type="save made" type_id="10"/>
	<message comment="Papiss Demba Cissé is substituted off" minute="86" period="2" second="9" time="90" type="substitution off" type_id="18"/>
	<message comment="Nile Ranger is substituted on" minute="86" period="2" second="9" time="90" type="substitution on" type_id="19"/>
	<message comment="Vurnon Anita is substituted off" minute="86" period="2" second="2" time="90" type="substitution off" type_id="18"/>
	<message comment="Sammy Ameobi is substituted on" minute="86" period="2" second="2" time="90" type="substitution on" type_id="19"/>
	<message comment="GOAL! Cameron Jerome scores , Assisted by Kenwyne Jones (Low to the centre, 18-yard box, Big Chance, Right footed, Open play)" minute="84" period="2" second="25" time="88" type="goal scored" type_id="16"/>
	<message comment="Jonathan Walters misses attempt (To the right, 18-yard box, Right footed, Open play)" minute="83" period="2" second="44" time="87" type="attempt missed" type_id="13"/>
	<message comment="GOAL! Jonathan Walters scores , Assisted by Cameron Jerome (High to the left, 18-yard box, Big Chance, Head, Open play)" minute="80" period="2" second="50" time="84" type="goal scored" type_id="16"/>
	<message comment="Mike Williamson misses attempt (To the left, 18-yard box, Head, From corner)" minute="79" period="2" second="52" time="83" type="attempt missed" type_id="13"/>
	<message comment="Danny Simpson wins a corner (To the right)" minute="79" period="2" second="21" time="83" type="corner" type_id="6"/>
	<message comment="Tim Krul makes a save (Standing)" minute="79" period="2" second="3" time="83" type="save made" type_id="10"/>
	<message comment="Kenwyne Jones has attempt saved (Low to the centre, 6-yard box, Big Chance, Head, Open play)" minute="79" period="2" second="3" time="83" type="attempt blocked" type_id="15"/>
	<message comment="Demba Ba has attempt saved (Low to the left, 18-yard box, Right footed, Fast break)" minute="76" period="2" second="52" time="80" type="attempt blocked" type_id="15"/>
	<message comment="Asmir Begovic makes a save (Feet, Diving, Parried safe)" minute="76" period="2" second="52" time="80" type="save made" type_id="10"/>
	<message comment="Ryan Shawcross misses attempt (18-yard box, Head, From corner)" minute="74" period="2" second="17" time="78" type="attempt missed" type_id="13"/>
	<message comment="Michael Kightly wins a corner (To the left)" minute="73" period="2" second="52" time="77" type="corner" type_id="6"/>
	<message comment="Cameron Jerome is caught offside" minute="72" period="2" time="76" type="offside" type_id="10000"/>
	<message comment="Ryan Shotton wins a corner (To the right)" minute="68" period="2" second="15" time="72" type="corner" type_id="6"/>
	<message comment="Matthew Etherington is substituted off" minute="67" period="2" second="27" time="71" type="substitution off" type_id="18"/>
	<message comment="Cameron Jerome is substituted on" minute="67" period="2" second="27" time="71" type="substitution on" type_id="19"/>
	<message comment="Charlie Adam is substituted off" minute="67" period="2" second="9" time="71" type="substitution off" type_id="18"/>
	<message comment="Michael Kightly is substituted on" minute="67" period="2" second="9" time="71" type="substitution on" type_id="19"/>
	<message comment="Jonathan Walters misses attempt (High to the right, 18-yard box, Right footed, From corner)" minute="65" period="2" second="9" time="69" type="attempt missed" type_id="13"/>
	<message comment="Jonathan Walters has attempt saved (Low to the right, 18-yard box, Right footed, From corner)" minute="65" period="2" second="6" time="69" type="attempt blocked" type_id="15"/>
	<message comment="Tim Krul makes a save (Standing, Parried into danger)" minute="65" period="2" second="6" time="69" type="save made" type_id="10"/>
	<message comment="Ryan Shotton wins a corner (To the right)" minute="64" period="2" second="30" time="68" type="corner" type_id="6"/>
	<message comment="Papiss Demba Cissé has attempt saved (Low to the left, 18-yard box, Right footed, Open play)" minute="63" period="2" second="46" time="67" type="attempt blocked" type_id="15"/>
	<message comment="Asmir Begovic makes a save (Parried safe, Diving)" minute="63" period="2" second="46" time="67" type="save made" type_id="10"/>
	<message comment="Geoff Cameron recieves a yellow card" minute="57" period="2" second="58" time="61" type="card received" type_id="17"/>
	<message comment="Asmir Begovic makes a save (Standing, Collected)" minute="53" period="2" second="48" time="57" type="save made" type_id="10"/>
	<message comment="Demba Ba has attempt saved (High to the left, Out of box, Right footed, Open play)" minute="53" period="2" second="48" time="57" type="attempt blocked" type_id="15"/>
	<message comment="Matthew Etherington wins a corner (To the left)" minute="53" period="2" second="6" time="57" type="corner" type_id="6"/>
	<message comment="Jonathan Walters misses attempt (To the right, 18-yard box, Head, Open play)" minute="51" period="2" second="6" time="55" type="attempt missed" type_id="13"/>
	<message comment="GOAL! Papiss Demba Cissé scores  (Low to the left, 6-yard box, Big Chance, Left footed, Open play)" minute="46" period="2" second="44" time="50" type="goal scored" type_id="16"/>
	<message comment="Asmir Begovic makes a save (Parried into danger)" minute="46" period="2" second="40" time="50" type="save made" type_id="10"/>
	<message comment="Demba Ba has attempt saved (Low to the centre, Out of box, Right footed, Open play)" minute="46" period="2" second="40" time="50" type="attempt blocked" type_id="15"/>
	<message comment="Second half begins!" minute="45" period="2" second="0" time="49" type="start" type_id="32"/>
	<message comment="First half ends" minute="48" period="1" second="42" time="48" type="end" type_id="30"/>
	<message comment="James Perch wins a corner (To the right)" minute="45" period="1" second="27" time="45" type="corner" type_id="6"/>
	<message comment="Matthew Etherington wins a corner (To the left)" minute="40" period="1" second="50" time="40" type="corner" type_id="6"/>
	<message comment="Peter Crouch is substituted off" minute="39" period="1" second="10" time="39" type="substitution off" type_id="18"/>
	<message comment="Kenwyne Jones is substituted on" minute="39" period="1" second="10" time="39" type="substitution on" type_id="19"/>
	<message comment="Jonathan Walters is caught offside" minute="35" period="1" time="35" type="offside" type_id="10000"/>
	<message comment="Charlie Adam wins a corner (To the right)" minute="32" period="1" second="31" time="32" type="corner" type_id="6"/>
	<message comment="Glenn Whelan misses attempt (Out of box, Right footed, Throw-in)" minute="28" period="1" second="40" time="28" type="attempt missed" type_id="13"/>
	<message comment="Charlie Adam recieves a yellow card" minute="27" period="1" second="37" time="27" type="card received" type_id="17"/>
	<message comment="Glenn Whelan misses attempt (High, Out of box, Right footed, Free kick)" minute="18" period="1" second="38" time="18" type="attempt missed" type_id="13"/>
	<message comment="James Perch recieves a yellow card" minute="17" period="1" second="36" time="17" type="card received" type_id="17"/>
	<message comment="Jonathan Walters has attempt saved (Low to the centre, 18-yard box, Head, From corner)" minute="15" period="1" second="40" time="15" type="attempt blocked" type_id="15"/>
	<message comment="Tim Krul makes a save (Collected)" minute="15" period="1" second="40" time="15" type="save made" type_id="10"/>
	<message comment="Jonathan Walters wins a corner (To the right)" minute="15" period="1" second="15" time="15" type="corner" type_id="6"/>
	<message comment="Jonathan Walters has shot blocked (6-yard box, Right footed, Set piece)" minute="15" period="1" second="14" time="15" type="attempt blocked" type_id="15"/>
	<message comment="James Perch blocks a shot" minute="15" period="1" second="14" time="15" type="save made" type_id="10"/>
	<message comment="Davide Santon recieves a yellow card" minute="14" period="1" second="29" time="14" type="card received" type_id="17"/>
	<message comment="Formation Set" minute="0" period="14" second="0" time="8" type="end" type_id="30"/>
	<message comment="Peter Crouch is caught offside" minute="7" period="1" time="7" type="offside" type_id="10000"/>
	<message comment="Vurnon Anita has attempt saved (Low to the left, 18-yard box, Left footed, Open play)" minute="6" period="1" second="51" time="6" type="attempt blocked" type_id="15"/>
	<message comment="Asmir Begovic makes a save (Collected)" minute="6" period="1" second="51" time="6" type="save made" type_id="10"/>
	<message comment="James Perch misses attempt (Out of box, Right footed, Open play)" minute="4" period="1" second="59" time="4" type="attempt missed" type_id="13"/>
	<message comment="Robert Huth misses attempt (To the right, 18-yard box, Head, Set piece)" minute="3" period="1" second="54" time="3" type="attempt missed" type_id="13"/>
	<message comment="First half begins!" minute="0" period="1" second="0" time="0" type="start" type_id="32"/>
</Commentary>
