<?xml version="1.0" ?>
<Commentary away_team_name="Stoke" competition="English Premier League" game_date="2012-02-04" home_team_name="Sunderland" lang_id="en" season="Season 2011/2012" season_id="2011" sport_id="1" sport_name="Football">
	<message comment="Second half ends" minute="93" period="2" second="21" time="95" type="end" type_id="30"/>
	<message comment="Stéphane Sessegnon is caught offside" minute="90" period="2" time="92" type="offside" type_id="10000"/>
	<message comment="Peter Crouch misses attempt (To the right, 18-yard box, Head, From corner)" minute="89" period="2" second="55" time="91" type="attempt missed" type_id="13"/>
	<message comment="Marc Wilson wins a corner (To the left)" minute="89" period="2" second="24" time="91" type="corner" type_id="6"/>
	<message comment="Marc Wilson has shot blocked (Out of box, Left footed, Open play)" minute="89" period="2" second="22" time="91" type="attempt blocked" type_id="15"/>
	<message comment="Jack Colback blocks a shot" minute="89" period="2" second="22" time="91" type="save made" type_id="10"/>
	<message comment="David Meyler is substituted off" minute="85" period="2" second="3" time="87" type="substitution off" type_id="18"/>
	<message comment="Ahmed El Mohamady is substituted on" minute="85" period="2" second="3" time="87" type="substitution on" type_id="19"/>
	<message comment="Andy Wilkinson is substituted off" minute="84" period="2" second="50" time="86" type="substitution off" type_id="18"/>
	<message comment="Ryan Shotton is substituted on" minute="84" period="2" second="50" time="86" type="substitution on" type_id="19"/>
	<message comment="Ricardo Fuller has attempt saved (Low to the centre, Out of box, Right footed, Open play)" minute="81" period="2" second="26" time="83" type="attempt blocked" type_id="15"/>
	<message comment="Simon Mignolet makes a save (Collected, Diving)" minute="81" period="2" second="26" time="83" type="save made" type_id="10"/>
	<message comment="James McClean misses attempt (To the right, 6-yard box, Head, From corner)" minute="74" period="2" second="23" time="76" type="attempt missed" type_id="13"/>
	<message comment="James McClean wins a corner (To the left)" minute="73" period="2" second="46" time="75" type="corner" type_id="6"/>
	<message comment="Peter Crouch has attempt saved (Low to the right, 18-yard box, Head, Open play)" minute="70" period="2" second="10" time="72" type="attempt blocked" type_id="15"/>
	<message comment="Simon Mignolet makes a save" minute="70" period="2" second="10" time="72" type="save made" type_id="10"/>
	<message comment="Jonathan Walters misses attempt (High to the right, 18-yard box, Right footed, Open play)" minute="67" period="2" second="5" time="69" type="attempt missed" type_id="13"/>
	<message comment="Rory Delap misses attempt (Out of box, Right footed, Open play)" minute="62" period="2" second="58" time="64" type="attempt missed" type_id="13"/>
	<message comment="GOAL! James McClean scores , Assisted by Stéphane Sessegnon (Low to the centre, 18-yard box, Big Chance, Right footed, Open play)" minute="59" period="2" second="53" time="61" type="goal scored" type_id="16"/>
	<message comment="Kieran Richardson wins a corner (To the left)" minute="57" period="2" second="4" time="59" type="corner" type_id="6"/>
	<message comment="Marc Wilson wins a corner (To the left)" minute="51" period="2" second="40" time="53" type="corner" type_id="6"/>
	<message comment="Marc Wilson has shot blocked (Out of box, Right footed, Set piece)" minute="51" period="2" second="36" time="53" type="attempt blocked" type_id="15"/>
	<message comment="Craig Gardner blocks a shot" minute="51" period="2" second="36" time="53" type="save made" type_id="10"/>
	<message comment="John O'Shea recieves a yellow card" minute="51" period="2" second="4" time="53" type="card received" type_id="17"/>
	<message comment="Stéphane Sessegnon misses attempt (18-yard box, Head, From corner)" minute="45" period="2" second="57" time="47" type="attempt missed" type_id="13"/>
	<message comment="James McClean wins a corner (To the right)" minute="45" period="2" second="23" time="47" type="corner" type_id="6"/>
	<message comment="Second half begins!" minute="45" period="2" second="0" time="47" type="start" type_id="32"/>
	<message comment="First half ends" minute="46" period="1" second="56" time="46" type="end" type_id="30"/>
	<message comment="Jermaine Pennant is substituted off" minute="45" period="1" second="58" time="45" type="substitution off" type_id="18"/>
	<message comment="Jonathan Woodgate is substituted on" minute="45" period="1" second="58" time="45" type="substitution on" type_id="19"/>
	<message comment="Robert Huth recieves a red card" minute="44" period="1" second="0" time="44" type="card received" type_id="17"/>
	<message comment="Simon Mignolet makes a save (Collected, Diving)" minute="40" period="1" second="49" time="40" type="save made" type_id="10"/>
	<message comment="Jonathan Walters has attempt saved (Low to the right, Out of box, Right footed, Open play)" minute="40" period="1" second="49" time="40" type="attempt blocked" type_id="15"/>
	<message comment="Cameron Jerome is substituted off" minute="39" period="1" second="26" time="39" type="substitution off" type_id="18"/>
	<message comment="Ricardo Fuller is substituted on" minute="39" period="1" second="26" time="39" type="substitution on" type_id="19"/>
	<message comment="Sebastian Larsson wins a corner (To the right)" minute="38" period="1" second="20" time="38" type="corner" type_id="6"/>
	<message comment="Stéphane Sessegnon is caught offside" minute="31" period="1" time="31" type="offside" type_id="10000"/>
	<message comment="Stéphane Sessegnon misses attempt (Out of box, Right footed, Open play)" minute="29" period="1" second="17" time="29" type="attempt missed" type_id="13"/>
	<message comment="James McClean wins a corner (To the left)" minute="28" period="1" second="10" time="28" type="corner" type_id="6"/>
	<message comment="Stéphane Sessegnon has shot blocked (18-yard box, Left footed, Open play)" minute="24" period="1" second="41" time="24" type="attempt blocked" type_id="15"/>
	<message comment="Jonathan Walters blocks a shot" minute="24" period="1" second="41" time="24" type="save made" type_id="10"/>
	<message comment="Craig Gardner has shot blocked (Out of box, Right footed, Open play)" minute="24" period="1" second="35" time="24" type="attempt blocked" type_id="15"/>
	<message comment="Ryan Shawcross blocks a shot" minute="24" period="1" second="35" time="24" type="save made" type_id="10"/>
	<message comment="Jonathan Walters wins a corner (To the left)" minute="17" period="1" second="3" time="17" type="corner" type_id="6"/>
	<message comment="Jermaine Pennant wins a corner (To the right)" minute="15" period="1" second="12" time="15" type="corner" type_id="6"/>
	<message comment="Michael Turner blocks a shot" minute="7" period="1" second="31" time="7" type="save made" type_id="10"/>
	<message comment="Marc Wilson has shot blocked (Out of box, Right footed, Open play)" minute="7" period="1" second="31" time="7" type="attempt blocked" type_id="15"/>
	<message comment="Jermaine Pennant wins a corner (To the right)" minute="6" period="1" second="36" time="6" type="corner" type_id="6"/>
	<message comment="Formation Set" minute="0" period="14" second="0" time="5" type="end" type_id="30"/>
	<message comment="First half begins!" minute="0" period="1" second="0" time="0" type="start" type_id="32"/>
</Commentary>
