<?xml version="1.0" ?>
<Commentary away_team_name="Stoke" competition="English Premier League" game_date="2014-03-15" home_team_name="West Ham" lang_id="en" season="Season 2013/2014" season_id="2013" sport_id="1" sport_name="Football">
	<message comment="Second half ends" minute="94" period="2" second="6" time="96" type="end" type_id="30"/>
	<message comment="Adrián makes a save (Parried into danger, Standing)" minute="89" period="2" second="12" time="91" type="save made" type_id="10"/>
	<message comment="Steven Nzonzi has attempt saved (High to the left, Out of box, Right footed, Open play)" minute="89" period="2" second="12" time="91" type="attempt blocked" type_id="15"/>
	<message comment="Carlton Cole wins a corner (To the left)" minute="88" period="2" second="5" time="90" type="corner" type_id="6"/>
	<message comment="Marc Wilson blocks a shot" minute="88" period="2" second="4" time="90" type="save made" type_id="10"/>
	<message comment="Carlton Cole has shot blocked (18-yard box, Left footed, Open play)" minute="88" period="2" second="4" time="90" type="attempt blocked" type_id="15"/>
	<message comment="Marko Arnautovic misses attempt (18-yard box, Right footed, Open play)" minute="87" period="2" second="29" time="89" type="attempt missed" type_id="13"/>
	<message comment="Mark Noble recieves a yellow card" minute="85" period="2" second="36" time="87" type="card received" type_id="17"/>
	<message comment="Pablo Armero is substituted on" minute="82" period="2" second="47" time="84" type="substitution on" type_id="19"/>
	<message comment="Andy Carroll is substituted off" minute="82" period="2" second="47" time="84" type="substitution off" type_id="18"/>
	<message comment="Peter Crouch wins a corner (To the right)" minute="81" period="2" second="40" time="83" type="corner" type_id="6"/>
	<message comment="Adrián makes a save (Parried safe, Diving)" minute="81" period="2" second="37" time="83" type="save made" type_id="10"/>
	<message comment="Peter Crouch has attempt saved (Low to the right, 18-yard box, Right footed, Open play)" minute="81" period="2" second="37" time="83" type="attempt blocked" type_id="15"/>
	<message comment="Adrián makes a save (Parried safe, Diving)" minute="81" period="2" second="29" time="83" type="save made" type_id="10"/>
	<message comment="Marko Arnautovic has attempt saved (Low to the right, Out of box, Right footed, Open play)" minute="81" period="2" second="29" time="83" type="attempt blocked" type_id="15"/>
	<message comment="GOAL! Peter Odemwingie scores , Assisted by Stephen Ireland (High to the right, 18-yard box, Right footed, Fast break)" minute="78" period="2" second="53" time="80" type="goal scored" type_id="16"/>
	<message comment="Mohamed Diamé wins a corner (To the left)" minute="78" period="2" second="13" time="80" type="corner" type_id="6"/>
	<message comment="Glenn Whelan recieves a yellow card" minute="77" period="2" second="7" time="79" type="card received" type_id="17"/>
	<message comment="Antonio Nocerino is substituted off" minute="75" period="2" second="20" time="77" type="substitution off" type_id="18"/>
	<message comment="Carlton Cole is substituted on" minute="75" period="2" second="20" time="77" type="substitution on" type_id="19"/>
	<message comment="Kevin Nolan has shot blocked (18-yard box, Head, Open play)" minute="74" period="2" second="16" time="76" type="attempt blocked" type_id="15"/>
	<message comment="Marc Wilson blocks a shot" minute="74" period="2" second="16" time="76" type="save made" type_id="10"/>
	<message comment="GOAL! Marko Arnautovic scores  (Low to the right, 18-yard box, Big Chance, Left footed, Open play)" minute="68" period="2" second="35" time="70" type="goal scored" type_id="16"/>
	<message comment="Stewart Downing is substituted off" minute="61" period="2" second="55" time="63" type="substitution off" type_id="18"/>
	<message comment="Joe Cole is substituted on" minute="61" period="2" second="55" time="63" type="substitution on" type_id="19"/>
	<message comment="Kevin Nolan is caught offside" minute="60" period="2" time="62" type="offside" type_id="10000"/>
	<message comment="Andy Carroll wins a corner (To the left)" minute="58" period="2" second="46" time="60" type="corner" type_id="6"/>
	<message comment="Andy Carroll has attempt saved (Low to the centre, 18-yard box, Big Chance, Right footed, Open play)" minute="58" period="2" second="44" time="60" type="attempt blocked" type_id="15"/>
	<message comment="Asmir Begovic makes a save (Parried safe, Diving)" minute="58" period="2" second="44" time="60" type="save made" type_id="10"/>
	<message comment="Stewart Downing is caught offside" minute="54" period="2" time="56" type="offside" type_id="10000"/>
	<message comment="Marko Arnautovic is caught offside" minute="53" period="2" time="55" type="offside" type_id="10000"/>
	<message comment="Kevin Nolan misses attempt (6-yard box, Head, Open play)" minute="51" period="2" second="4" time="53" type="attempt missed" type_id="13"/>
	<message comment="Second half begins!" minute="45" period="2" second="0" time="47" type="start" type_id="32"/>
	<message comment="First half ends" minute="46" period="1" second="5" time="46" type="end" type_id="30"/>
	<message comment="Adrián makes a save (Standing, Parried into danger)" minute="45" period="1" second="42" time="45" type="save made" type_id="10"/>
	<message comment="Stephen Ireland has attempt saved (Low to the right, 18-yard box, Big Chance, Right footed, Open play)" minute="45" period="1" second="42" time="45" type="attempt blocked" type_id="15"/>
	<message comment="Andy Carroll misses attempt (High, Out of box, Left footed, Open play)" minute="42" period="1" second="4" time="42" type="attempt missed" type_id="13"/>
	<message comment="Steven Nzonzi misses attempt (Out of box, Right footed, Open play)" minute="39" period="1" second="54" time="39" type="attempt missed" type_id="13"/>
	<message comment="Andy Carroll is caught offside" minute="33" period="1" time="33" type="offside" type_id="10000"/>
	<message comment="GOAL! Peter Odemwingie scores , Assisted by Peter Crouch (High to the centre, 6-yard box, Big Chance, Other body part, From corner)" minute="31" period="1" second="29" time="31" type="goal scored" type_id="16"/>
	<message comment="Peter Crouch has shot blocked (6-yard box, Key pass, Right footed, From corner)" minute="31" period="1" second="28" time="31" type="attempt blocked" type_id="15"/>
	<message comment="Adrián makes a save (Standing, Parried into danger)" minute="31" period="1" second="26" time="31" type="save made" type_id="10"/>
	<message comment="Peter Crouch has attempt saved (High to the centre, 6-yard box, Head, From corner)" minute="31" period="1" second="26" time="31" type="attempt blocked" type_id="15"/>
	<message comment="Peter Crouch wins a corner (To the left)" minute="31" period="1" second="5" time="31" type="corner" type_id="6"/>
	<message comment="James Tomkins blocks a shot" minute="30" period="1" second="55" time="30" type="save made" type_id="10"/>
	<message comment="Peter Crouch has shot blocked (Out of box, Right footed, Open play)" minute="30" period="1" second="55" time="30" type="attempt blocked" type_id="15"/>
	<message comment="Geoff Cameron misses attempt (To the left, 18-yard box, Head, From corner)" minute="15" period="1" second="0" time="15" type="attempt missed" type_id="13"/>
	<message comment="Marko Arnautovic wins a corner (To the right)" minute="14" period="1" second="36" time="14" type="corner" type_id="6"/>
	<message comment="Kevin Nolan blocks a shot" minute="14" period="1" second="34" time="14" type="save made" type_id="10"/>
	<message comment="Marko Arnautovic has shot blocked (Out of box, Right footed, Open play)" minute="14" period="1" second="34" time="14" type="attempt blocked" type_id="15"/>
	<message comment="Erik Pieters is substituted off" minute="13" period="1" second="49" time="13" type="substitution off" type_id="18"/>
	<message comment="Marc Muniesa is substituted on" minute="13" period="1" second="49" time="13" type="substitution on" type_id="19"/>
	<message comment="Marc Wilson wins a corner (To the left)" minute="11" period="1" second="4" time="11" type="corner" type_id="6"/>
	<message comment="Stewart Downing blocks a shot" minute="11" period="1" second="2" time="11" type="save made" type_id="10"/>
	<message comment="Marc Wilson has shot blocked (18-yard box, Right footed, From corner)" minute="11" period="1" second="2" time="11" type="attempt blocked" type_id="15"/>
	<message comment="Steven Nzonzi wins a corner (To the right)" minute="10" period="1" second="38" time="10" type="corner" type_id="6"/>
	<message comment="Mark Noble blocks a shot" minute="10" period="1" second="36" time="10" type="save made" type_id="10"/>
	<message comment="Steven Nzonzi has shot blocked (18-yard box, Right footed, Open play)" minute="10" period="1" second="36" time="10" type="attempt blocked" type_id="15"/>
	<message comment="Andy Carroll wins a corner (To the right)" minute="7" period="1" second="23" time="7" type="corner" type_id="6"/>
	<message comment="Andy Carroll has shot blocked (Out of box, Left footed, Open play)" minute="7" period="1" second="12" time="7" type="attempt blocked" type_id="15"/>
	<message comment="Ryan Shawcross blocks a shot" minute="7" period="1" second="12" time="7" type="save made" type_id="10"/>
	<message comment="Formation Set" minute="0" period="14" second="0" time="6" type="end" type_id="30"/>
	<message comment="Stephen Ireland wins a corner (To the right)" minute="5" period="1" second="11" time="5" type="corner" type_id="6"/>
	<message comment="Adrián makes a save (Parried safe, Diving)" minute="5" period="1" second="10" time="5" type="save made" type_id="10"/>
	<message comment="Stephen Ireland has attempt saved (Low to the right, 18-yard box, Big Chance, Right footed, Open play)" minute="5" period="1" second="10" time="5" type="attempt blocked" type_id="15"/>
	<message comment="GOAL! Andy Carroll scores , Assisted by Mark Noble (Low to the centre, 6-yard box, Big Chance, Head, Set piece)" minute="4" period="1" second="1" time="4" type="goal scored" type_id="16"/>
	<message comment="Andy Carroll has shot blocked (Out of box, Left footed, Open play)" minute="3" period="1" second="4" time="3" type="attempt blocked" type_id="15"/>
	<message comment="Glenn Whelan blocks a shot" minute="3" period="1" second="4" time="3" type="save made" type_id="10"/>
	<message comment="First half begins!" minute="0" period="1" second="0" time="0" type="start" type_id="32"/>
</Commentary>
