<?xml version="1.0" ?>
<Commentary away_team_name="Stoke" competition="English Premier League" game_date="2010-09-13" home_team_name="Aston Villa" lang_id="en" season="Season 2010/2011" season_id="2010" sport_id="1" sport_name="Football">
	<message comment="Stiliyan Petrov recieves a yellow card" minute="93" period="2" second="43" time="96" type="card received" type_id="17"/>
	<message comment="Second half ends" minute="93" period="2" second="40" time="96" type="end" type_id="30"/>
	<message comment="GOAL! Robert Huth scores , Assisted by Matthew Etherington (High to the right, 18-yard box, Big Chance, Right footed, Set piece)" minute="92" period="2" second="49" time="95" type="goal scored" type_id="16"/>
	<message comment="Glenn Whelan misses attempt (High to the right, Out of box, Right footed, Free kick)" minute="90" period="2" second="45" time="93" type="attempt missed" type_id="13"/>
	<message comment="Glenn Whelan misses attempt (To the right, Out of box, Right footed, Open play)" minute="89" period="2" second="20" time="92" type="attempt missed" type_id="13"/>
	<message comment="Robert Huth misses attempt (To the right, 18-yard box, Head, Open play)" minute="87" period="2" second="51" time="90" type="attempt missed" type_id="13"/>
	<message comment="Ricardo Fuller wins a corner (To the left)" minute="86" period="2" second="46" time="89" type="corner" type_id="6"/>
	<message comment="Ricardo Fuller has attempt saved (High to the left, 18-yard box, Left footed, Open play)" minute="86" period="2" second="44" time="89" type="attempt blocked" type_id="15"/>
	<message comment="Brad Friedel makes a save (Parried safe, Diving)" minute="86" period="2" second="44" time="89" type="save made" type_id="10"/>
	<message comment="Rory Delap is substituted off" minute="86" period="2" second="26" time="89" type="substitution off" type_id="18"/>
	<message comment="Glenn Whelan is substituted on" minute="86" period="2" second="26" time="89" type="substitution on" type_id="19"/>
	<message comment="Emile Heskey is substituted on" minute="86" period="2" second="13" time="89" type="substitution on" type_id="19"/>
	<message comment="Gabriel Agbonlahor is substituted off" minute="86" period="2" second="13" time="89" type="substitution off" type_id="18"/>
	<message comment="Stephen Warnock misses attempt (High, Out of box, Left footed, From corner)" minute="85" period="2" second="26" time="88" type="attempt missed" type_id="13"/>
	<message comment="Nigel Reo-Coker wins a corner (To the left)" minute="84" period="2" second="58" time="87" type="corner" type_id="6"/>
	<message comment="Danny Collins blocks a shot" minute="84" period="2" second="56" time="87" type="save made" type_id="10"/>
	<message comment="Nigel Reo-Coker has shot blocked (18-yard box, Right footed, Open play)" minute="84" period="2" second="56" time="87" type="attempt blocked" type_id="15"/>
	<message comment="Brad Friedel makes a save (Standing)" minute="81" period="2" second="25" time="84" type="save made" type_id="10"/>
	<message comment="Kenwyne Jones has attempt saved (High to the centre, 6-yard box, Head, Throw-in)" minute="81" period="2" second="25" time="84" type="attempt blocked" type_id="15"/>
	<message comment="GOAL! Kenwyne Jones scores , Assisted by Matthew Etherington (High to the right, 18-yard box, Head, Open play)" minute="79" period="2" second="15" time="82" type="goal scored" type_id="16"/>
	<message comment="Matthew Etherington has shot blocked (18-yard box, Left footed, Open play)" minute="79" period="2" second="6" time="82" type="attempt blocked" type_id="15"/>
	<message comment="James Collins blocks a shot" minute="79" period="2" second="6" time="82" type="save made" type_id="10"/>
	<message comment="Abdoulaye Diagne-Faye misses attempt (High to the left, 6-yard box, Head, From corner)" minute="75" period="2" second="50" time="78" type="attempt missed" type_id="13"/>
	<message comment="Ricardo Fuller wins a corner (To the right)" minute="75" period="2" second="24" time="78" type="corner" type_id="6"/>
	<message comment="Thomas Sørensen makes a save (Parried into danger, Diving)" minute="70" period="2" second="53" time="73" type="save made" type_id="10"/>
	<message comment="Marc Albrighton has attempt saved (Low to the right, 18-yard box, Left footed, Open play)" minute="70" period="2" second="53" time="73" type="attempt blocked" type_id="15"/>
	<message comment="Marc Albrighton wins a corner (To the left)" minute="69" period="2" second="52" time="72" type="corner" type_id="6"/>
	<message comment="Ricardo Fuller misses attempt (High to the left, Out of box, Left footed, Open play)" minute="65" period="2" second="18" time="68" type="attempt missed" type_id="13"/>
	<message comment="Marc Wilson is substituted off" minute="64" period="2" second="53" time="67" type="substitution off" type_id="18"/>
	<message comment="Jermaine Pennant is substituted on" minute="64" period="2" second="53" time="67" type="substitution on" type_id="19"/>
	<message comment="Ricardo Fuller has attempt saved (Low to the right, Out of box, Right footed, Open play)" minute="62" period="2" second="53" time="65" type="attempt blocked" type_id="15"/>
	<message comment="Brad Friedel makes a save (Collected)" minute="62" period="2" second="53" time="65" type="save made" type_id="10"/>
	<message comment="Jonathan Walters is substituted off" minute="60" period="2" second="41" time="63" type="substitution off" type_id="18"/>
	<message comment="Ricardo Fuller is substituted on" minute="60" period="2" second="41" time="63" type="substitution on" type_id="19"/>
	<message comment="Rory Delap misses attempt (High to the right, Out of box, Right footed, From corner)" minute="59" period="2" second="41" time="62" type="attempt missed" type_id="13"/>
	<message comment="Matthew Etherington wins a corner (To the right)" minute="59" period="2" second="11" time="62" type="corner" type_id="6"/>
	<message comment="Nigel Reo-Coker blocks a shot" minute="55" period="2" second="48" time="58" type="save made" type_id="10"/>
	<message comment="Matthew Etherington has shot blocked (6-yard box, Right footed, Throw-in)" minute="55" period="2" second="48" time="58" type="attempt blocked" type_id="15"/>
	<message comment="Robert Huth wins a corner (To the right)" minute="54" period="2" second="41" time="57" type="corner" type_id="6"/>
	<message comment="Jonathan Walters wins a corner (To the left)" minute="49" period="2" second="42" time="52" type="corner" type_id="6"/>
	<message comment="Brad Friedel makes a save (Standing, Parried into danger)" minute="49" period="2" second="40" time="52" type="save made" type_id="10"/>
	<message comment="Kenwyne Jones has attempt saved (High to the centre, 6-yard box, Head, Set piece)" minute="49" period="2" second="40" time="52" type="attempt blocked" type_id="15"/>
	<message comment="Second half begins!" minute="45" period="2" second="0" time="48" type="start" type_id="32"/>
	<message comment="First half ends" minute="47" period="1" second="25" time="47" type="end" type_id="30"/>
	<message comment="Stiliyan Petrov wins a corner (To the right)" minute="47" period="1" second="1" time="47" type="corner" type_id="6"/>
	<message comment="Stewart Downing wins a corner (To the left)" minute="46" period="1" second="28" time="46" type="corner" type_id="6"/>
	<message comment="Danny Collins recieves a yellow card" minute="45" period="1" second="40" time="45" type="card received" type_id="17"/>
	<message comment="Stephen Warnock wins a corner (To the left)" minute="44" period="1" second="16" time="44" type="corner" type_id="6"/>
	<message comment="Marc Wilson blocks a shot" minute="44" period="1" second="12" time="44" type="save made" type_id="10"/>
	<message comment="Stephen Warnock has shot blocked (18-yard box, Left footed, Open play)" minute="44" period="1" second="12" time="44" type="attempt blocked" type_id="15"/>
	<message comment="Thomas Sørensen makes a save (Standing, Parried safe)" minute="44" period="1" second="9" time="44" type="save made" type_id="10"/>
	<message comment="Stewart Downing has attempt saved (High to the left, 6-yard box, Left footed, Open play)" minute="44" period="1" second="9" time="44" type="attempt blocked" type_id="15"/>
	<message comment="Thomas Sørensen makes a save (Diving, Parried into danger)" minute="42" period="1" second="6" time="42" type="save made" type_id="10"/>
	<message comment="James Collins has attempt saved (Low to the centre, 18-yard box, Left footed, From corner)" minute="42" period="1" second="6" time="42" type="attempt blocked" type_id="15"/>
	<message comment="Marc Albrighton wins a corner (To the right)" minute="41" period="1" second="21" time="41" type="corner" type_id="6"/>
	<message comment="Ashley Young misses attempt (18-yard box, Big Chance, Head, Open play)" minute="39" period="1" second="38" time="39" type="attempt missed" type_id="13"/>
	<message comment="Dean Whitehead misses attempt (High, Out of box, Right footed, Throw-in)" minute="37" period="1" second="12" time="37" type="attempt missed" type_id="13"/>
	<message comment="GOAL! Stewart Downing scores , Assisted by Gabriel Agbonlahor (Low to the right, 18-yard box, Head, Open play)" minute="34" period="1" second="7" time="34" type="goal scored" type_id="16"/>
	<message comment="Ashley Young is caught offside" minute="30" period="1" time="30" type="offside" type_id="10000"/>
	<message comment="Matthew Etherington is caught offside" minute="29" period="1" time="29" type="offside" type_id="10000"/>
	<message comment="Stewart Downing misses attempt (To the right, Out of box, Right footed, Open play)" minute="27" period="1" second="47" time="27" type="attempt missed" type_id="13"/>
	<message comment="Matthew Etherington wins a corner (To the right)" minute="26" period="1" second="6" time="26" type="corner" type_id="6"/>
	<message comment="Brad Friedel makes a save (Parried safe, Diving)" minute="25" period="1" second="13" time="25" type="save made" type_id="10"/>
	<message comment="Kenwyne Jones has attempt saved (Low to the left, Out of box, Left footed, Open play)" minute="25" period="1" second="13" time="25" type="attempt blocked" type_id="15"/>
	<message comment="Kenwyne Jones misses attempt (High to the left, 6-yard box, Head, From corner)" minute="23" period="1" second="48" time="23" type="attempt missed" type_id="13"/>
	<message comment="Rory Delap wins a corner (To the right)" minute="23" period="1" second="20" time="23" type="corner" type_id="6"/>
	<message comment="Stewart Downing wins a corner (To the right)" minute="22" period="1" second="4" time="22" type="corner" type_id="6"/>
	<message comment="Marc Wilson has shot blocked (Out of box, Left footed, From corner)" minute="17" period="1" second="23" time="17" type="attempt blocked" type_id="15"/>
	<message comment="Richard Dunne blocks a shot" minute="17" period="1" second="23" time="17" type="save made" type_id="10"/>
	<message comment="Matthew Etherington wins a corner (To the left)" minute="16" period="1" second="52" time="16" type="corner" type_id="6"/>
	<message comment="Marc Albrighton misses attempt (High to the right, Out of box, Right footed, Open play)" minute="16" period="1" second="12" time="16" type="attempt missed" type_id="13"/>
	<message comment="Thomas Sørensen makes a save (Collected)" minute="14" period="1" second="58" time="14" type="save made" type_id="10"/>
	<message comment="Stewart Downing has attempt saved (Low to the centre, Out of box, Left footed, Open play)" minute="14" period="1" second="58" time="14" type="attempt blocked" type_id="15"/>
	<message comment="Robert Huth has shot blocked (18-yard box, Head, Set piece)" minute="14" period="1" second="16" time="14" type="attempt blocked" type_id="15"/>
	<message comment="Luke Young blocks a shot" minute="14" period="1" second="16" time="14" type="save made" type_id="10"/>
	<message comment="Stephen Warnock recieves a yellow card" minute="13" period="1" second="50" time="13" type="card received" type_id="17"/>
	<message comment="Kenwyne Jones has attempt saved (Low to the centre, 18-yard box, Big Chance, Right footed, Open play)" minute="10" period="1" second="35" time="10" type="attempt blocked" type_id="15"/>
	<message comment="Brad Friedel makes a save (Diving, Parried into danger)" minute="10" period="1" second="35" time="10" type="save made" type_id="10"/>
	<message comment="Brad Friedel makes a save" minute="7" period="1" second="17" time="7" type="save made" type_id="10"/>
	<message comment="Robert Huth has attempt saved (Low to the centre, Out of box, Right footed, Open play)" minute="7" period="1" second="17" time="7" type="attempt blocked" type_id="15"/>
	<message comment="Formation Set" minute="0" period="14" second="0" time="6" type="end" type_id="30"/>
	<message comment="Rory Delap is caught offside" minute="2" period="1" time="2" type="offside" type_id="10000"/>
	<message comment="First half begins!" minute="0" period="1" second="0" time="0" type="start" type_id="32"/>
</Commentary>
