<?xml version="1.0" ?>
<Commentary away_team_name="Stoke" competition="English Premier League" game_date="2013-04-06" home_team_name="Aston Villa" lang_id="en" season="Season 2012/2013" season_id="2012" sport_id="1" sport_name="Football">
	<message comment="Second half ends" minute="94" period="2" second="5" time="96" type="end" type_id="30"/>
	<message comment="Charlie Adam recieves a yellow card" minute="91" period="2" second="17" time="93" type="card received" type_id="17"/>
	<message comment="GOAL! Christian Benteke scores , Assisted by Yacouba Sylla (Low to the right, 18-yard box, Big Chance, Right footed, Fast break)" minute="90" period="2" second="3" time="92" type="goal scored" type_id="16"/>
	<message comment="Robert Huth wins a corner (To the right)" minute="87" period="2" second="44" time="89" type="corner" type_id="6"/>
	<message comment="GOAL! Matthew Lowton scores  (High to the left, Out of box, Right footed, From corner)" minute="86" period="2" second="19" time="88" type="goal scored" type_id="16"/>
	<message comment="Charles N'Zogbia wins a corner (To the left)" minute="85" period="2" second="58" time="87" type="corner" type_id="6"/>
	<message comment="Robert Huth blocks a shot" minute="85" period="2" second="57" time="87" type="save made" type_id="10"/>
	<message comment="Charles N'Zogbia has shot blocked (Out of box, Left footed, Throw-in)" minute="85" period="2" second="57" time="87" type="attempt blocked" type_id="15"/>
	<message comment="Andreas Weimann is substituted off" minute="84" period="2" second="57" time="86" type="substitution off" type_id="18"/>
	<message comment="Darren Bent is substituted on" minute="84" period="2" second="57" time="86" type="substitution on" type_id="19"/>
	<message comment="Cameron Jerome misses attempt (High to the right, Out of box, Right footed, Free kick)" minute="83" period="2" second="37" time="85" type="attempt missed" type_id="13"/>
	<message comment="Jordan Bowery is substituted off" minute="81" period="2" second="42" time="83" type="substitution off" type_id="18"/>
	<message comment="Charles N'Zogbia is substituted on" minute="81" period="2" second="42" time="83" type="substitution on" type_id="19"/>
	<message comment="GOAL! Michael Kightly scores , Assisted by Charlie Adam (Low to the left, 18-yard box, Big Chance, Left footed, Open play)" minute="79" period="2" second="9" time="81" type="goal scored" type_id="16"/>
	<message comment="Michael Kightly has shot blocked (Out of box, Left footed, Open play)" minute="78" period="2" second="39" time="80" type="attempt blocked" type_id="15"/>
	<message comment="Joe Bennett blocks a shot" minute="78" period="2" second="39" time="80" type="save made" type_id="10"/>
	<message comment="Ryan Shotton is substituted off" minute="76" period="2" second="19" time="78" type="substitution off" type_id="18"/>
	<message comment="Charlie Adam is substituted on" minute="76" period="2" second="19" time="78" type="substitution on" type_id="19"/>
	<message comment="Gabriel Agbonlahor is substituted off" minute="74" period="2" second="16" time="76" type="substitution off" type_id="18"/>
	<message comment="Yacouba Sylla is substituted on" minute="74" period="2" second="16" time="76" type="substitution on" type_id="19"/>
	<message comment="Kenwyne Jones misses attempt (To the right, 18-yard box, Right footed, Open play)" minute="72" period="2" second="26" time="74" type="attempt missed" type_id="13"/>
	<message comment="Kenwyne Jones has shot blocked (Out of box, Right footed, Open play)" minute="70" period="2" second="30" time="72" type="attempt blocked" type_id="15"/>
	<message comment="Nathan Baker blocks a shot" minute="70" period="2" second="30" time="72" type="save made" type_id="10"/>
	<message comment="Ryan Shawcross recieves a yellow card" minute="64" period="2" second="58" time="66" type="card received" type_id="17"/>
	<message comment="Asmir Begovic makes a save (Standing)" minute="63" period="2" second="32" time="65" type="save made" type_id="10"/>
	<message comment="Jordan Bowery has attempt saved (Low to the right, 18-yard box, Head, Set piece)" minute="63" period="2" second="32" time="65" type="attempt blocked" type_id="15"/>
	<message comment="Ryan Shotton recieves a yellow card" minute="63" period="2" second="0" time="65" type="card received" type_id="17"/>
	<message comment="Robert Huth is caught offside" minute="62" period="2" time="64" type="offside" type_id="10000"/>
	<message comment="Marc Wilson is substituted off" minute="52" period="2" second="18" time="54" type="substitution off" type_id="18"/>
	<message comment="Cameron Jerome is substituted on" minute="52" period="2" second="18" time="54" type="substitution on" type_id="19"/>
	<message comment="Andreas Weimann is caught offside" minute="52" period="2" time="54" type="offside" type_id="10000"/>
	<message comment="Jordan Bowery has attempt saved (Low to the left, 18-yard box, Left footed, Open play)" minute="46" period="2" second="40" time="48" type="attempt blocked" type_id="15"/>
	<message comment="Asmir Begovic makes a save (Diving, Parried into danger)" minute="46" period="2" second="40" time="48" type="save made" type_id="10"/>
	<message comment="Matthew Etherington is substituted off" minute="45" period="2" second="0" time="47" type="substitution off" type_id="18"/>
	<message comment="Michael Kightly is substituted on" minute="45" period="2" second="0" time="47" type="substitution on" type_id="19"/>
	<message comment="Second half begins!" minute="45" period="2" second="0" time="47" type="start" type_id="32"/>
	<message comment="First half ends" minute="46" period="1" second="0" time="46" type="end" type_id="30"/>
	<message comment="Ashley Westwood blocks a shot" minute="43" period="1" second="10" time="43" type="save made" type_id="10"/>
	<message comment="Marc Wilson has shot blocked (Out of box, Right footed, Open play)" minute="43" period="1" second="10" time="43" type="attempt blocked" type_id="15"/>
	<message comment="Ron Vlaar blocks a shot" minute="43" period="1" second="6" time="43" type="save made" type_id="10"/>
	<message comment="Dean Whitehead has shot blocked (Out of box, Right footed, Open play)" minute="43" period="1" second="6" time="43" type="attempt blocked" type_id="15"/>
	<message comment="Kenwyne Jones is caught offside" minute="39" period="1" time="39" type="offside" type_id="10000"/>
	<message comment="Christian Benteke is caught offside" minute="38" period="1" time="38" type="offside" type_id="10000"/>
	<message comment="Ryan Shawcross misses attempt (High to the right, 18-yard box, Head, Set piece)" minute="37" period="1" second="19" time="37" type="attempt missed" type_id="13"/>
	<message comment="Gabriel Agbonlahor recieves a yellow card" minute="35" period="1" second="10" time="35" type="card received" type_id="17"/>
	<message comment="Jonathan Walters misses attempt (High, 18-yard box, Head, Throw-in)" minute="30" period="1" second="6" time="30" type="attempt missed" type_id="13"/>
	<message comment="Andreas Weimann hits the woodwork (To the right, Out of box, Right footed, Fast break)" minute="29" period="1" second="26" time="29" type="woodwork hit" type_id="14"/>
	<message comment="Robert Huth has attempt saved (High to the left, 18-yard box, Head, From corner)" minute="23" period="1" second="56" time="23" type="attempt blocked" type_id="15"/>
	<message comment="Brad Guzan makes a save (Standing)" minute="23" period="1" second="56" time="23" type="save made" type_id="10"/>
	<message comment="Ryan Shotton wins a corner (To the right)" minute="23" period="1" second="26" time="23" type="corner" type_id="6"/>
	<message comment="Gabriel Agbonlahor misses attempt (18-yard box, Left footed, Open play)" minute="22" period="1" second="30" time="22" type="attempt missed" type_id="13"/>
	<message comment="Christian Benteke is caught offside" minute="17" period="1" time="17" type="offside" type_id="10000"/>
	<message comment="Asmir Begovic makes a save (Parried safe, Standing)" minute="14" period="1" second="1" time="14" type="save made" type_id="10"/>
	<message comment="Christian Benteke has attempt saved (High to the right, 18-yard box, Right footed, From corner)" minute="14" period="1" second="1" time="14" type="attempt blocked" type_id="15"/>
	<message comment="Gabriel Agbonlahor wins a corner (To the left)" minute="13" period="1" second="24" time="13" type="corner" type_id="6"/>
	<message comment="Dean Whitehead blocks a shot" minute="13" period="1" second="20" time="13" type="save made" type_id="10"/>
	<message comment="Gabriel Agbonlahor has shot blocked (Out of box, Right footed, Open play)" minute="13" period="1" second="20" time="13" type="attempt blocked" type_id="15"/>
	<message comment="Jordan Bowery misses attempt (Out of box, Right footed, Open play)" minute="11" period="1" second="36" time="11" type="attempt missed" type_id="13"/>
	<message comment="GOAL! Gabriel Agbonlahor scores  (Low to the centre, 6-yard box, Big Chance, Left footed, Throw-in)" minute="8" period="1" second="28" time="8" type="goal scored" type_id="16"/>
	<message comment="Gabriel Agbonlahor has shot blocked (6-yard box, Right footed, Throw-in)" minute="8" period="1" second="26" time="8" type="attempt blocked" type_id="15"/>
	<message comment="Geoff Cameron blocks a shot" minute="8" period="1" second="26" time="8" type="save made" type_id="10"/>
	<message comment="Robert Huth misses attempt (18-yard box, Head, From corner)" minute="7" period="1" second="10" time="7" type="attempt missed" type_id="13"/>
	<message comment="Jonathan Walters wins a corner (To the right)" minute="6" period="1" second="37" time="6" type="corner" type_id="6"/>
	<message comment="Formation Set" minute="0" period="14" second="0" time="6" type="end" type_id="30"/>
	<message comment="Kenwyne Jones misses attempt (High to the right, 18-yard box, Right footed, Open play)" minute="5" period="1" second="37" time="5" type="attempt missed" type_id="13"/>
	<message comment="Brad Guzan makes a save" minute="4" period="1" second="20" time="4" type="save made" type_id="10"/>
	<message comment="Kenwyne Jones has attempt saved (Low to the centre, 18-yard box, Head, From corner)" minute="4" period="1" second="20" time="4" type="attempt blocked" type_id="15"/>
	<message comment="Matthew Etherington wins a corner (To the left)" minute="3" period="1" second="46" time="3" type="corner" type_id="6"/>
	<message comment="First half begins!" minute="0" period="1" second="0" time="0" type="start" type_id="32"/>
</Commentary>
