<?xml version="1.0" ?>
<Commentary away_team_name="Stoke" competition="English Premier League" game_date="2014-02-01" home_team_name="Manchester United" lang_id="en" season="Season 2013/2014" season_id="2013" sport_id="1" sport_name="Football">
	<message comment="Second half ends" minute="97" period="2" second="6" time="104" type="end" type_id="30"/>
	<message comment="Peter Crouch has attempt saved (Low to the left, Out of box, Right footed, Open play)" minute="96" period="2" second="8" time="103" type="attempt blocked" type_id="15"/>
	<message comment="David de Gea makes a save (Diving)" minute="96" period="2" second="8" time="103" type="save made" type_id="10"/>
	<message comment="Chris Smalling misses attempt (To the right, 18-yard box, Head, From corner)" minute="94" period="2" second="28" time="101" type="attempt missed" type_id="13"/>
	<message comment="Chicharito wins a corner (To the left)" minute="94" period="2" second="15" time="101" type="corner" type_id="6"/>
	<message comment="Tom Cleverley has shot blocked (18-yard box, Right footed, From corner)" minute="94" period="2" second="10" time="101" type="attempt blocked" type_id="15"/>
	<message comment="Rafael wins a corner (To the right)" minute="93" period="2" second="37" time="100" type="corner" type_id="6"/>
	<message comment="Juan Mata wins a corner (To the left)" minute="93" period="2" second="24" time="100" type="corner" type_id="6"/>
	<message comment="Tom Cleverley misses attempt (High, 18-yard box, Big Chance, Right footed, Set piece)" minute="90" period="2" second="31" time="97" type="attempt missed" type_id="13"/>
	<message comment="Charlie Adam blocks a shot" minute="90" period="2" second="28" time="97" type="save made" type_id="10"/>
	<message comment="Danny Welbeck has shot blocked (6-yard box, Head, Set piece)" minute="90" period="2" second="28" time="97" type="attempt blocked" type_id="15"/>
	<message comment="Asmir Begovic makes a save (Diving)" minute="90" period="2" second="26" time="97" type="save made" type_id="10"/>
	<message comment="Wayne Rooney has attempt saved (High to the left, Out of box, Right footed, Free kick)" minute="90" period="2" second="26" time="97" type="attempt blocked" type_id="15"/>
	<message comment="Geoff Cameron recieves a yellow card" minute="89" period="2" second="16" time="96" type="card received" type_id="17"/>
	<message comment="Charlie Adam has attempt saved (Low to the centre, Out of box, Left footed, Open play)" minute="88" period="2" second="27" time="95" type="attempt blocked" type_id="15"/>
	<message comment="David de Gea makes a save (Collected)" minute="88" period="2" second="27" time="95" type="save made" type_id="10"/>
	<message comment="Ashley Young misses attempt (To the right, 18-yard box, Head, Open play)" minute="87" period="2" second="24" time="94" type="attempt missed" type_id="13"/>
	<message comment="Erik Pieters blocks a shot" minute="85" period="2" second="19" time="92" type="save made" type_id="10"/>
	<message comment="Wayne Rooney has shot blocked (18-yard box, Left footed, Open play)" minute="85" period="2" second="19" time="92" type="attempt blocked" type_id="15"/>
	<message comment="Glenn Whelan is substituted off" minute="82" period="2" second="52" time="89" type="substitution off" type_id="18"/>
	<message comment="Wilson Palacios is substituted on" minute="82" period="2" second="52" time="89" type="substitution on" type_id="19"/>
	<message comment="Michael Carrick recieves a yellow card" minute="82" period="2" second="12" time="89" type="card received" type_id="17"/>
	<message comment="Juan Mata wins a corner (To the right)" minute="78" period="2" second="55" time="85" type="corner" type_id="6"/>
	<message comment="Marc Wilson blocks a shot" minute="78" period="2" second="51" time="85" type="save made" type_id="10"/>
	<message comment="Juan Mata has shot blocked (Out of box, Left footed, Open play)" minute="78" period="2" second="51" time="85" type="attempt blocked" type_id="15"/>
	<message comment="Robin van Persie is substituted off" minute="78" period="2" second="0" time="85" type="substitution off" type_id="18"/>
	<message comment="Chicharito is substituted on" minute="78" period="2" second="0" time="85" type="substitution on" type_id="19"/>
	<message comment="Charlie Adam wins a corner (To the right)" minute="77" period="2" second="14" time="84" type="corner" type_id="6"/>
	<message comment="Peter Crouch wins a corner (To the right)" minute="76" period="2" second="58" time="83" type="corner" type_id="6"/>
	<message comment="Oussama Assaidi wins a corner (To the right)" minute="76" period="2" second="23" time="83" type="corner" type_id="6"/>
	<message comment="David de Gea makes a save (From shot off target)" minute="76" period="2" second="22" time="83" type="save made" type_id="10"/>
	<message comment="Oussama Assaidi misses attempt (18-yard box, Right footed, Throw-in)" minute="76" period="2" second="22" time="83" type="attempt missed" type_id="13"/>
	<message comment="Patrice Evra is caught offside" minute="75" period="2" time="82" type="offside" type_id="10000"/>
	<message comment="Oussama Assaidi has shot blocked (18-yard box, Left footed, Fast break)" minute="73" period="2" second="47" time="80" type="attempt blocked" type_id="15"/>
	<message comment="Chris Smalling blocks a shot" minute="73" period="2" second="47" time="80" type="save made" type_id="10"/>
	<message comment="Patrice Evra is caught offside" minute="72" period="2" time="79" type="offside" type_id="10000"/>
	<message comment="Peter Crouch is caught offside" minute="72" period="2" time="79" type="offside" type_id="10000"/>
	<message comment="Marko Arnautovic is substituted off" minute="71" period="2" second="27" time="78" type="substitution off" type_id="18"/>
	<message comment="Oussama Assaidi is substituted on" minute="71" period="2" second="27" time="78" type="substitution on" type_id="19"/>
	<message comment="Charlie Adam wins a corner (To the left)" minute="68" period="2" second="57" time="75" type="corner" type_id="6"/>
	<message comment="Peter Odemwingie wins a corner (To the left)" minute="68" period="2" second="5" time="75" type="corner" type_id="6"/>
	<message comment="Charlie Adam has attempt saved (Low to the left, Out of box, Left footed, Open play)" minute="65" period="2" second="14" time="72" type="attempt blocked" type_id="15"/>
	<message comment="David de Gea makes a save (Collected)" minute="65" period="2" second="14" time="72" type="save made" type_id="10"/>
	<message comment="Marko Arnautovic misses attempt (18-yard box, Right footed, Open play)" minute="61" period="2" second="55" time="68" type="attempt missed" type_id="13"/>
	<message comment="Erik Pieters blocks a shot" minute="61" period="2" second="21" time="68" type="save made" type_id="10"/>
	<message comment="Danny Welbeck has shot blocked (18-yard box, Left footed, Open play)" minute="61" period="2" second="21" time="68" type="attempt blocked" type_id="15"/>
	<message comment="Glenn Whelan misses attempt (To the left, Out of box, Right footed, Open play)" minute="60" period="2" second="17" time="67" type="attempt missed" type_id="13"/>
	<message comment="Peter Crouch is caught offside" minute="60" period="2" time="67" type="offside" type_id="10000"/>
	<message comment="Jonathan Walters is substituted off" minute="59" period="2" second="37" time="66" type="substitution off" type_id="18"/>
	<message comment="Stephen Ireland is substituted on" minute="59" period="2" second="37" time="66" type="substitution on" type_id="19"/>
	<message comment="Jonathan Walters recieves a yellow card" minute="57" period="2" second="24" time="64" type="card received" type_id="17"/>
	<message comment="Wayne Rooney recieves a yellow card" minute="53" period="2" second="42" time="60" type="card received" type_id="17"/>
	<message comment="Rafael misses attempt (High, Out of box, Right footed, From corner)" minute="52" period="2" second="13" time="59" type="attempt missed" type_id="13"/>
	<message comment="Wayne Rooney wins a corner (To the left)" minute="51" period="2" second="48" time="58" type="corner" type_id="6"/>
	<message comment="GOAL! Charlie Adam scores , Assisted by Marko Arnautovic (High to the right, Out of box, Left footed, Open play)" minute="51" period="2" second="3" time="58" type="goal scored" type_id="16"/>
	<message comment="Ashley Young wins a corner (To the left)" minute="49" period="2" second="4" time="56" type="corner" type_id="6"/>
	<message comment="GOAL! Robin van Persie scores , Assisted by Juan Mata (Low to the left, 18-yard box, Big Chance, Left footed, Open play)" minute="46" period="2" second="27" time="53" type="goal scored" type_id="16"/>
	<message comment="Second half begins!" minute="45" period="2" second="0" time="52" type="start" type_id="32"/>
	<message comment="First half ends" minute="51" period="1" second="10" time="51" type="end" type_id="30"/>
	<message comment="Robin van Persie misses attempt (To the left, 18-yard box, Right footed, Open play)" minute="49" period="1" second="17" time="49" type="attempt missed" type_id="13"/>
	<message comment="Charlie Adam wins a corner (To the right)" minute="45" period="1" second="28" time="45" type="corner" type_id="6"/>
	<message comment="Phil Jones is substituted off" minute="44" period="1" second="33" time="44" type="substitution off" type_id="18"/>
	<message comment="Danny Welbeck is substituted on" minute="44" period="1" second="33" time="44" type="substitution on" type_id="19"/>
	<message comment="Michael Carrick misses attempt (To the right, Out of box, Left footed, Open play)" minute="38" period="1" second="12" time="38" type="attempt missed" type_id="13"/>
	<message comment="Asmir Begovic makes a save (Diving, Parried safe)" minute="38" period="1" second="1" time="38" type="save made" type_id="10"/>
	<message comment="Tom Cleverley has attempt saved (Low to the left, Out of box, Right footed, Open play)" minute="38" period="1" second="1" time="38" type="attempt blocked" type_id="15"/>
	<message comment="Michael Carrick scores an OWN GOAL!  (Low to the centre, 18-yard box, Right footed, Set piece)" minute="37" period="1" second="10" time="37" type="goal scored" type_id="16"/>
	<message comment="Charlie Adam misses attempt (Out of box, Left footed, Free kick)" minute="37" period="1" second="9" time="37" type="attempt missed" type_id="13"/>
	<message comment="Erik Pieters misses attempt (High to the left, Out of box, Left footed, Set piece)" minute="31" period="1" second="47" time="31" type="attempt missed" type_id="13"/>
	<message comment="Peter Odemwingie is caught offside" minute="28" period="1" time="28" type="offside" type_id="10000"/>
	<message comment="Robin van Persie wins a corner (To the left)" minute="27" period="1" second="51" time="27" type="corner" type_id="6"/>
	<message comment="Glenn Whelan blocks a shot" minute="27" period="1" second="49" time="27" type="save made" type_id="10"/>
	<message comment="Robin van Persie has shot blocked (6-yard box, Head, From corner)" minute="27" period="1" second="49" time="27" type="attempt blocked" type_id="15"/>
	<message comment="Wayne Rooney wins a corner (To the left)" minute="27" period="1" second="5" time="27" type="corner" type_id="6"/>
	<message comment="Robin van Persie wins a corner (To the left)" minute="18" period="1" second="18" time="18" type="corner" type_id="6"/>
	<message comment="Marc Wilson blocks a shot" minute="18" period="1" second="17" time="18" type="save made" type_id="10"/>
	<message comment="Robin van Persie has shot blocked (18-yard box, Left footed, Open play)" minute="18" period="1" second="17" time="18" type="attempt blocked" type_id="15"/>
	<message comment="Patrice Evra wins a corner (To the left)" minute="16" period="1" second="46" time="16" type="corner" type_id="6"/>
	<message comment="Marko Arnautovic misses attempt (High, Out of box, Right footed, Open play)" minute="15" period="1" second="8" time="15" type="attempt missed" type_id="13"/>
	<message comment="Formation Set" minute="0" period="14" second="0" time="14" type="end" type_id="30"/>
	<message comment="Wayne Rooney misses attempt (18-yard box, Big Chance, Left footed, Open play)" minute="13" period="1" second="31" time="13" type="attempt missed" type_id="13"/>
	<message comment="Peter Odemwingie misses attempt (To the left, 18-yard box, Head, From corner)" minute="11" period="1" second="18" time="11" type="attempt missed" type_id="13"/>
	<message comment="Erik Pieters wins a corner (To the left)" minute="10" period="1" second="57" time="10" type="corner" type_id="6"/>
	<message comment="Jonny Evans is substituted off" minute="10" period="1" second="9" time="10" type="substitution off" type_id="18"/>
	<message comment="Rafael is substituted on" minute="10" period="1" second="9" time="10" type="substitution on" type_id="19"/>
	<message comment="Peter Crouch misses attempt (To the left, 18-yard box, Right footed, Open play)" minute="9" period="1" second="24" time="9" type="attempt missed" type_id="13"/>
	<message comment="Juan Mata is caught offside" minute="7" period="1" time="7" type="offside" type_id="10000"/>
	<message comment="Juan Mata has shot blocked (Out of box, Left footed, Open play)" minute="5" period="1" second="40" time="5" type="attempt blocked" type_id="15"/>
	<message comment="Marc Wilson blocks a shot" minute="5" period="1" second="40" time="5" type="save made" type_id="10"/>
	<message comment="Wayne Rooney has attempt saved (Low to the left, Out of box, Right footed, Open play)" minute="4" period="1" second="8" time="4" type="attempt blocked" type_id="15"/>
	<message comment="Asmir Begovic makes a save" minute="4" period="1" second="8" time="4" type="save made" type_id="10"/>
	<message comment="First half begins!" minute="0" period="1" second="0" time="0" type="start" type_id="32"/>
</Commentary>
