<?xml version="1.0" ?>
<Commentary away_team_name="Stoke" competition="English Premier League" game_date="2010-10-24" home_team_name="Manchester United" lang_id="en" season="Season 2010/2011" season_id="2010" sport_id="1" sport_name="Football">
	<message comment="Second half ends" minute="95" period="2" second="35" time="98" type="end" type_id="30"/>
	<message comment="Nani wins a corner (To the left)" minute="94" period="2" second="16" time="97" type="corner" type_id="6"/>
	<message comment="Thomas Sørensen makes a save (Parried safe, Diving)" minute="94" period="2" second="14" time="97" type="save made" type_id="10"/>
	<message comment="Nani has attempt saved (High to the left, Out of box, Right footed, Open play)" minute="94" period="2" second="14" time="97" type="attempt blocked" type_id="15"/>
	<message comment="Marc Wilson misses attempt (High, 18-yard box, Head, From corner)" minute="91" period="2" second="16" time="94" type="attempt missed" type_id="13"/>
	<message comment="Danny Higginbotham wins a corner (To the left)" minute="90" period="2" second="53" time="93" type="corner" type_id="6"/>
	<message comment="Nani misses attempt (To the right, Out of box, Right footed, Open play)" minute="89" period="2" second="56" time="92" type="attempt missed" type_id="13"/>
	<message comment="Chicharito wins a corner (To the left)" minute="88" period="2" second="57" time="91" type="corner" type_id="6"/>
	<message comment="Paul Scholes is substituted off" minute="85" period="2" second="42" time="88" type="substitution off" type_id="18"/>
	<message comment="Gabriel Obertan is substituted on" minute="85" period="2" second="42" time="88" type="substitution on" type_id="19"/>
	<message comment="GOAL! Chicharito scores  (Low to the centre, 6-yard box, Right footed, Open play)" minute="85" period="2" second="31" time="88" type="goal scored" type_id="16"/>
	<message comment="Tuncay Sanli blocks a shot" minute="85" period="2" second="28" time="88" type="save made" type_id="10"/>
	<message comment="Patrice Evra has shot blocked (18-yard box, Left footed, Open play)" minute="85" period="2" second="28" time="88" type="attempt blocked" type_id="15"/>
	<message comment="Thomas Sørensen makes a save (From shot off target, Diving)" minute="82" period="2" second="43" time="85" type="save made" type_id="10"/>
	<message comment="Nani misses attempt (18-yard box, Right footed, Open play)" minute="82" period="2" second="43" time="85" type="attempt missed" type_id="13"/>
	<message comment="GOAL! Tuncay Sanli scores , Assisted by Marc Wilson (High to the left, 18-yard box, Left footed, Open play)" minute="80" period="2" second="56" time="83" type="goal scored" type_id="16"/>
	<message comment="Eidur Gudjohnsen wins a corner (To the right)" minute="78" period="2" second="58" time="81" type="corner" type_id="6"/>
	<message comment="Jermaine Pennant is substituted off" minute="78" period="2" second="30" time="81" type="substitution off" type_id="18"/>
	<message comment="Eidur Gudjohnsen is substituted on" minute="78" period="2" second="30" time="81" type="substitution on" type_id="19"/>
	<message comment="Dimitar Berbatov misses attempt (High to the right, Out of box, Right footed, Open play)" minute="74" period="2" second="39" time="77" type="attempt missed" type_id="13"/>
	<message comment="Tuncay Sanli is caught offside" minute="73" period="2" time="76" type="offside" type_id="10000"/>
	<message comment="Chicharito is caught offside" minute="72" period="2" time="75" type="offside" type_id="10000"/>
	<message comment="Chicharito misses attempt (6-yard box, Big Chance, Right footed, Fast break)" minute="71" period="2" second="39" time="74" type="attempt missed" type_id="13"/>
	<message comment="John O'Shea is substituted off" minute="69" period="2" second="52" time="72" type="substitution off" type_id="18"/>
	<message comment="Michael Carrick is substituted on" minute="69" period="2" second="52" time="72" type="substitution on" type_id="19"/>
	<message comment="Jonathan Walters is substituted off" minute="65" period="2" second="45" time="68" type="substitution off" type_id="18"/>
	<message comment="Tuncay Sanli is substituted on" minute="65" period="2" second="45" time="68" type="substitution on" type_id="19"/>
	<message comment="Marc Wilson recieves a yellow card" minute="65" period="2" second="10" time="68" type="card received" type_id="17"/>
	<message comment="Danny Collins is substituted off" minute="56" period="2" second="55" time="59" type="substitution off" type_id="18"/>
	<message comment="Danny Higginbotham is substituted on" minute="56" period="2" second="55" time="59" type="substitution on" type_id="19"/>
	<message comment="Marc Wilson misses attempt (To the left, Out of box, Right footed, Open play)" minute="55" period="2" second="18" time="58" type="attempt missed" type_id="13"/>
	<message comment="Danny Collins recieves a yellow card" minute="49" period="2" second="10" time="52" type="card received" type_id="17"/>
	<message comment="Ryan Shawcross misses attempt (To the left, 18-yard box, Right footed, Set piece)" minute="48" period="2" second="33" time="51" type="attempt missed" type_id="13"/>
	<message comment="Abdoulaye Diagne-Faye is caught offside" minute="48" period="2" time="51" type="offside" type_id="10000"/>
	<message comment="Jonathan Walters is caught offside" minute="46" period="2" time="49" type="offside" type_id="10000"/>
	<message comment="Gary Neville is substituted off" minute="45" period="2" second="0" time="48" type="substitution off" type_id="18"/>
	<message comment="Wes Brown is substituted on" minute="45" period="2" second="0" time="48" type="substitution on" type_id="19"/>
	<message comment="Second half begins!" minute="45" period="2" second="0" time="48" type="start" type_id="32"/>
	<message comment="First half ends" minute="47" period="1" second="42" time="47" type="end" type_id="30"/>
	<message comment="Nemanja Vidic misses attempt (High to the left, 18-yard box, Left footed, From corner)" minute="47" period="1" second="13" time="47" type="attempt missed" type_id="13"/>
	<message comment="Patrice Evra wins a corner (To the left)" minute="46" period="1" second="36" time="46" type="corner" type_id="6"/>
	<message comment="Patrice Evra misses attempt (18-yard box, Head, From corner)" minute="44" period="1" second="16" time="44" type="attempt missed" type_id="13"/>
	<message comment="Dimitar Berbatov wins a corner (To the right)" minute="43" period="1" second="51" time="43" type="corner" type_id="6"/>
	<message comment="Marc Wilson has shot blocked (Out of box, Right footed, Set piece)" minute="42" period="1" second="49" time="42" type="attempt blocked" type_id="15"/>
	<message comment="Paul Scholes blocks a shot" minute="42" period="1" second="49" time="42" type="save made" type_id="10"/>
	<message comment="Paul Scholes recieves a yellow card" minute="39" period="1" second="56" time="39" type="card received" type_id="17"/>
	<message comment="Gary Neville recieves a yellow card" minute="34" period="1" second="1" time="34" type="card received" type_id="17"/>
	<message comment="Kenwyne Jones misses attempt (To the right, 18-yard box, Head, Throw-in)" minute="29" period="1" second="2" time="29" type="attempt missed" type_id="13"/>
	<message comment="GOAL! Chicharito scores , Assisted by Nemanja Vidic (High to the right, 6-yard box, Big Chance, Head, From corner)" minute="26" period="1" second="26" time="26" type="goal scored" type_id="16"/>
	<message comment="Nani wins a corner (To the right)" minute="25" period="1" second="57" time="25" type="corner" type_id="6"/>
	<message comment="Marc Wilson blocks a shot" minute="24" period="1" second="4" time="24" type="save made" type_id="10"/>
	<message comment="Nani has shot blocked (Out of box, Right footed, Free kick)" minute="24" period="1" second="4" time="24" type="attempt blocked" type_id="15"/>
	<message comment="Gary Neville blocks a shot" minute="21" period="1" second="12" time="21" type="save made" type_id="10"/>
	<message comment="Marc Wilson has shot blocked (18-yard box, Head, From corner)" minute="21" period="1" second="12" time="21" type="attempt blocked" type_id="15"/>
	<message comment="Jermaine Pennant wins a corner (To the right)" minute="20" period="1" second="43" time="20" type="corner" type_id="6"/>
	<message comment="Matthew Etherington has shot blocked (Out of box, Left footed, Open play)" minute="18" period="1" second="37" time="18" type="attempt blocked" type_id="15"/>
	<message comment="Robert Huth misses attempt (To the left, 18-yard box, Head, Throw-in)" minute="16" period="1" second="44" time="16" type="attempt missed" type_id="13"/>
	<message comment="Rory Delap wins a corner (To the right)" minute="14" period="1" second="42" time="14" type="corner" type_id="6"/>
	<message comment="Patrice Evra wins a corner (To the right)" minute="13" period="1" second="13" time="13" type="corner" type_id="6"/>
	<message comment="Patrice Evra misses attempt (To the right, 18-yard box, Left footed, Open play)" minute="13" period="1" second="9" time="13" type="attempt missed" type_id="13"/>
	<message comment="Rory Delap misses attempt (To the left, Out of box, Left footed, Open play)" minute="12" period="1" second="14" time="12" type="attempt missed" type_id="13"/>
	<message comment="Abdoulaye Diagne-Faye blocks a shot" minute="9" period="1" second="26" time="9" type="save made" type_id="10"/>
	<message comment="Dimitar Berbatov has shot blocked (18-yard box, Left footed, Open play)" minute="9" period="1" second="26" time="9" type="attempt blocked" type_id="15"/>
	<message comment="Formation Set" minute="0" period="14" second="0" time="8" type="end" type_id="30"/>
	<message comment="Danny Collins wins a corner (To the left)" minute="6" period="1" second="38" time="6" type="corner" type_id="6"/>
	<message comment="Marc Wilson blocks a shot" minute="4" period="1" second="33" time="4" type="save made" type_id="10"/>
	<message comment="Darren Fletcher has shot blocked (Out of box, Right footed, Open play)" minute="4" period="1" second="33" time="4" type="attempt blocked" type_id="15"/>
	<message comment="Jonathan Walters misses attempt (To the left, Out of box, Right footed, Open play)" minute="3" period="1" second="46" time="3" type="attempt missed" type_id="13"/>
	<message comment="First half begins!" minute="0" period="1" second="0" time="0" type="start" type_id="32"/>
</Commentary>
