<?xml version="1.0" ?>
<Commentary away_team_name="Stoke" competition="English Premier League" game_date="2013-11-23" home_team_name="Sunderland" lang_id="en" season="Season 2013/2014" season_id="2013" sport_id="1" sport_name="Football">
	<message comment="Second half ends" minute="94" period="2" second="8" time="97" type="end" type_id="30"/>
	<message comment="Marko Arnautovic misses attempt (18-yard box, Left footed, Open play)" minute="93" period="2" second="13" time="96" type="attempt missed" type_id="13"/>
	<message comment="Asmir Begovic makes a save" minute="89" period="2" second="40" time="92" type="save made" type_id="10"/>
	<message comment="Sebastian Larsson has attempt saved (Low to the left, Out of box, Right footed, Open play)" minute="89" period="2" second="40" time="92" type="attempt blocked" type_id="15"/>
	<message comment="Ki Sung-Yueng misses attempt (High, Out of box, Left footed, Open play)" minute="88" period="2" second="14" time="91" type="attempt missed" type_id="13"/>
	<message comment="Andy Wilkinson has attempt saved (Low to the left, 18-yard box, Left footed, Open play)" minute="87" period="2" second="38" time="90" type="attempt blocked" type_id="15"/>
	<message comment="Vito Mannone makes a save (Collected, Diving)" minute="87" period="2" second="38" time="90" type="save made" type_id="10"/>
	<message comment="Steven Fletcher is substituted off" minute="84" period="2" second="13" time="87" type="substitution off" type_id="18"/>
	<message comment="Jozy Altidore is substituted on" minute="84" period="2" second="13" time="87" type="substitution on" type_id="19"/>
	<message comment="Charlie Adam is substituted off" minute="81" period="2" second="34" time="84" type="substitution off" type_id="18"/>
	<message comment="Wilson Palacios is substituted on" minute="81" period="2" second="34" time="84" type="substitution on" type_id="19"/>
	<message comment="GOAL! Steven Nzonzi scores , Assisted by Peter Crouch (Low to the left, 18-yard box, Big Chance, Right footed, Open play)" minute="80" period="2" second="34" time="83" type="goal scored" type_id="16"/>
	<message comment="Marko Arnautovic recieves a yellow card" minute="77" period="2" second="0" time="80" type="card received" type_id="17"/>
	<message comment="Robert Huth is substituted off" minute="76" period="2" second="16" time="79" type="substitution off" type_id="18"/>
	<message comment="Andy Wilkinson is substituted on" minute="76" period="2" second="16" time="79" type="substitution on" type_id="19"/>
	<message comment="Sebastian Larsson recieves a yellow card" minute="72" period="2" second="27" time="75" type="card received" type_id="17"/>
	<message comment="Steven Fletcher is caught offside" minute="72" period="2" time="75" type="offside" type_id="10000"/>
	<message comment="Adam Johnson misses attempt (To the right, Out of box, Left footed, Open play)" minute="70" period="2" second="29" time="73" type="attempt missed" type_id="13"/>
	<message comment="Ondrej Celustka is substituted off" minute="68" period="2" second="49" time="71" type="substitution off" type_id="18"/>
	<message comment="Fabio Borini is substituted on" minute="68" period="2" second="49" time="71" type="substitution on" type_id="19"/>
	<message comment="Erik Pieters recieves a yellow card" minute="68" period="2" second="25" time="71" type="card received" type_id="17"/>
	<message comment="Peter Crouch misses attempt (18-yard box, Head, Open play)" minute="65" period="2" second="41" time="68" type="attempt missed" type_id="13"/>
	<message comment="Charlie Adam misses attempt (Out of box, Left footed, Fast break)" minute="62" period="2" second="48" time="65" type="attempt missed" type_id="13"/>
	<message comment="Ondrej Celustka has shot blocked (Out of box, Right footed, Set piece)" minute="62" period="2" second="40" time="65" type="attempt blocked" type_id="15"/>
	<message comment="Jonathan Walters blocks a shot" minute="62" period="2" second="40" time="65" type="save made" type_id="10"/>
	<message comment="Adam Johnson has shot blocked (Out of box, Left footed, Free kick)" minute="62" period="2" second="37" time="65" type="attempt blocked" type_id="15"/>
	<message comment="Jonathan Walters blocks a shot" minute="62" period="2" second="37" time="65" type="save made" type_id="10"/>
	<message comment="Valentin Roberge blocks a shot" minute="58" period="2" second="44" time="61" type="save made" type_id="10"/>
	<message comment="Marko Arnautovic has shot blocked (18-yard box, Right footed, Open play)" minute="58" period="2" second="44" time="61" type="attempt blocked" type_id="15"/>
	<message comment="Valentin Roberge blocks a shot" minute="56" period="2" second="53" time="59" type="save made" type_id="10"/>
	<message comment="Peter Crouch has shot blocked (Out of box, Right footed, Open play)" minute="56" period="2" second="53" time="59" type="attempt blocked" type_id="15"/>
	<message comment="Charlie Adam wins a corner (To the left)" minute="56" period="2" second="8" time="59" type="corner" type_id="6"/>
	<message comment="Phil Bardsley has attempt saved (Low to the left, Out of box, Right footed, Open play)" minute="54" period="2" second="16" time="57" type="attempt blocked" type_id="15"/>
	<message comment="Asmir Begovic makes a save (Diving)" minute="54" period="2" second="16" time="57" type="save made" type_id="10"/>
	<message comment="Peter Crouch has attempt saved (Low to the centre, 6-yard box, Head, Open play)" minute="51" period="2" second="44" time="54" type="attempt blocked" type_id="15"/>
	<message comment="Vito Mannone makes a save (Collected, Standing)" minute="51" period="2" second="44" time="54" type="save made" type_id="10"/>
	<message comment="Jonathan Walters has attempt saved (High to the centre, Out of box, Left footed, Open play)" minute="50" period="2" second="25" time="53" type="attempt blocked" type_id="15"/>
	<message comment="Vito Mannone makes a save (Collected, Standing)" minute="50" period="2" second="25" time="53" type="save made" type_id="10"/>
	<message comment="Jonathan Walters misses attempt (To the left, 18-yard box, Head, Open play)" minute="49" period="2" second="55" time="52" type="attempt missed" type_id="13"/>
	<message comment="Jack Colback wins a corner (To the left)" minute="48" period="2" second="31" time="51" type="corner" type_id="6"/>
	<message comment="Second half begins!" minute="45" period="2" second="0" time="48" type="start" type_id="32"/>
	<message comment="First half ends" minute="47" period="1" second="4" time="47" type="end" type_id="30"/>
	<message comment="Ondrej Celustka wins a corner (To the right)" minute="46" period="1" second="19" time="46" type="corner" type_id="6"/>
	<message comment="Adam Johnson misses attempt (High, Out of box, Left footed, Open play)" minute="44" period="1" second="11" time="44" type="attempt missed" type_id="13"/>
	<message comment="Charlie Adam misses attempt (To the left, Out of box, Right footed, Open play)" minute="42" period="1" second="36" time="42" type="attempt missed" type_id="13"/>
	<message comment="Emanuele Giaccherini is substituted off" minute="39" period="1" second="12" time="39" type="substitution off" type_id="18"/>
	<message comment="Valentin Roberge is substituted on" minute="39" period="1" second="12" time="39" type="substitution on" type_id="19"/>
	<message comment="Steven Fletcher is caught offside" minute="39" period="1" time="39" type="offside" type_id="10000"/>
	<message comment="Emanuele Giaccherini wins a corner (To the right)" minute="38" period="1" second="37" time="38" type="corner" type_id="6"/>
	<message comment="Wes Brown recieves a red card" minute="35" period="1" second="44" time="35" type="card received" type_id="17"/>
	<message comment="Geoff Cameron wins a corner (To the right)" minute="33" period="1" second="39" time="33" type="corner" type_id="6"/>
	<message comment="GOAL! Charlie Adam scores , Assisted by Steven Nzonzi (Low to the left, 18-yard box, Left footed, Open play)" minute="29" period="1" second="7" time="29" type="goal scored" type_id="16"/>
	<message comment="Jonathan Walters is caught offside" minute="27" period="1" time="27" type="offside" type_id="10000"/>
	<message comment="Marko Arnautovic misses attempt (High to the right, Out of box, Right footed, Open play)" minute="25" period="1" second="2" time="25" type="attempt missed" type_id="13"/>
	<message comment="John O'Shea blocks a shot" minute="20" period="1" second="33" time="20" type="save made" type_id="10"/>
	<message comment="Marko Arnautovic has shot blocked (Out of box, Left footed, Open play)" minute="20" period="1" second="33" time="20" type="attempt blocked" type_id="15"/>
	<message comment="Wes Brown blocks a shot" minute="20" period="1" second="30" time="20" type="save made" type_id="10"/>
	<message comment="Steven Nzonzi has shot blocked (Out of box, Right footed, Open play)" minute="20" period="1" second="30" time="20" type="attempt blocked" type_id="15"/>
	<message comment="Peter Crouch is caught offside" minute="20" period="1" time="20" type="offside" type_id="10000"/>
	<message comment="Geoff Cameron wins a corner (To the left)" minute="18" period="1" second="15" time="18" type="corner" type_id="6"/>
	<message comment="Steven Fletcher has shot blocked (18-yard box, Head, Open play)" minute="13" period="1" second="39" time="13" type="attempt blocked" type_id="15"/>
	<message comment="Ryan Shawcross blocks a shot" minute="13" period="1" second="39" time="13" type="save made" type_id="10"/>
	<message comment="Steven Fletcher wins a corner (To the left)" minute="13" period="1" second="0" time="13" type="corner" type_id="6"/>
	<message comment="Steven Fletcher has attempt saved (Low to the left, 18-yard box, Big Chance, Right footed, Open play)" minute="12" period="1" second="57" time="12" type="attempt blocked" type_id="15"/>
	<message comment="Asmir Begovic makes a save (Parried safe, Diving)" minute="12" period="1" second="57" time="12" type="save made" type_id="10"/>
	<message comment="Charlie Adam misses attempt (To the right, Out of box, Left footed, Open play)" minute="12" period="1" second="13" time="12" type="attempt missed" type_id="13"/>
	<message comment="John O'Shea blocks a shot" minute="12" period="1" second="4" time="12" type="save made" type_id="10"/>
	<message comment="Marko Arnautovic has shot blocked (18-yard box, Left footed, Open play)" minute="12" period="1" second="4" time="12" type="attempt blocked" type_id="15"/>
	<message comment="Sebastian Larsson wins a corner (To the left)" minute="10" period="1" second="56" time="10" type="corner" type_id="6"/>
	<message comment="Formation Set" minute="0" period="14" second="0" time="7" type="end" type_id="30"/>
	<message comment="Adam Johnson wins a corner (To the right)" minute="6" period="1" second="34" time="6" type="corner" type_id="6"/>
	<message comment="Adam Johnson has shot blocked (Out of box, Left footed, Open play)" minute="6" period="1" second="33" time="6" type="attempt blocked" type_id="15"/>
	<message comment="Charlie Adam blocks a shot" minute="6" period="1" second="33" time="6" type="save made" type_id="10"/>
	<message comment="Jack Colback wins a corner (To the right)" minute="5" period="1" second="58" time="5" type="corner" type_id="6"/>
	<message comment="Jack Colback has shot blocked (18-yard box, Left footed, Open play)" minute="5" period="1" second="56" time="5" type="attempt blocked" type_id="15"/>
	<message comment="Robert Huth blocks a shot" minute="5" period="1" second="56" time="5" type="save made" type_id="10"/>
	<message comment="First half begins!" minute="0" period="1" second="0" time="0" type="start" type_id="32"/>
</Commentary>
