<?xml version="1.0" ?>
<Commentary away_team_name="Sunderland" competition="English Premier League" game_date="2013-01-12" home_team_name="West Ham" lang_id="en" season="Season 2012/2013" season_id="2012" sport_id="1" sport_name="Football">
	<message comment="Second half ends" minute="93" period="2" second="2" time="96" type="end" type_id="30"/>
	<message comment="Kevin Nolan misses attempt (18-yard box, Big Chance, Right footed, Open play)" minute="89" period="2" second="21" time="92" type="attempt missed" type_id="13"/>
	<message comment="James McFadden is substituted on" minute="88" period="2" second="3" time="91" type="substitution on" type_id="19"/>
	<message comment="Stéphane Sessegnon is substituted off" minute="88" period="2" second="3" time="91" type="substitution off" type_id="18"/>
	<message comment="Alfred N'Diaye misses attempt (18-yard box, Right footed, Open play)" minute="84" period="2" second="10" time="87" type="attempt missed" type_id="13"/>
	<message comment="Adam Johnson is substituted off" minute="83" period="2" second="27" time="86" type="substitution off" type_id="18"/>
	<message comment="Alfred N'Diaye is substituted on" minute="83" period="2" second="27" time="86" type="substitution on" type_id="19"/>
	<message comment="Simon Mignolet makes a save (Diving, Feet, Parried safe)" minute="82" period="2" second="4" time="85" type="save made" type_id="10"/>
	<message comment="James Tomkins has attempt saved (Low to the centre, 18-yard box, Big Chance, Left footed, Open play)" minute="82" period="2" second="4" time="85" type="attempt blocked" type_id="15"/>
	<message comment="Stéphane Sessegnon is caught offside" minute="81" period="2" time="84" type="offside" type_id="10000"/>
	<message comment="Ricardo Vaz Tê wins a corner (To the right)" minute="79" period="2" second="53" time="82" type="corner" type_id="6"/>
	<message comment="Simon Mignolet makes a save (Parried safe, Standing)" minute="79" period="2" second="51" time="82" type="save made" type_id="10"/>
	<message comment="Ricardo Vaz Tê has attempt saved (Low to the right, 6-yard box, Right footed, Open play)" minute="79" period="2" second="51" time="82" type="attempt blocked" type_id="15"/>
	<message comment="Steven Fletcher is substituted off" minute="78" period="2" second="32" time="81" type="substitution off" type_id="18"/>
	<message comment="Connor Wickham is substituted on" minute="78" period="2" second="32" time="81" type="substitution on" type_id="19"/>
	<message comment="Dan Potts wins a corner (To the left)" minute="77" period="2" second="48" time="80" type="corner" type_id="6"/>
	<message comment="GOAL! James McClean scores  (Low to the centre, 6-yard box, Big Chance, Left footed, Open play)" minute="73" period="2" second="34" time="76" type="goal scored" type_id="16"/>
	<message comment="Stéphane Sessegnon has shot blocked (18-yard box, Left footed, Open play)" minute="73" period="2" second="31" time="76" type="attempt blocked" type_id="15"/>
	<message comment="Winston Reid blocks a shot" minute="73" period="2" second="31" time="76" type="save made" type_id="10"/>
	<message comment="Matthew Jarvis wins a corner (To the left)" minute="71" period="2" second="24" time="74" type="corner" type_id="6"/>
	<message comment="Winston Reid recieves a yellow card" minute="68" period="2" second="19" time="71" type="card received" type_id="17"/>
	<message comment="Joe Cole misses attempt (High to the right, Out of box, Right footed, Set piece)" minute="65" period="2" second="56" time="68" type="attempt missed" type_id="13"/>
	<message comment="Alou Diarra has shot blocked (18-yard box, Right footed, From corner)" minute="64" period="2" second="26" time="67" type="attempt blocked" type_id="15"/>
	<message comment="Jack Colback blocks a shot" minute="64" period="2" second="26" time="67" type="save made" type_id="10"/>
	<message comment="James Tomkins wins a corner (To the right)" minute="63" period="2" second="50" time="66" type="corner" type_id="6"/>
	<message comment="James Tomkins has shot blocked (18-yard box, Right footed, From corner)" minute="63" period="2" second="43" time="66" type="attempt blocked" type_id="15"/>
	<message comment="Titus Bramble blocks a shot" minute="63" period="2" second="43" time="66" type="save made" type_id="10"/>
	<message comment="Matthew Jarvis misses attempt (To the right, 18-yard box, Key pass, Left footed, From corner)" minute="63" period="2" second="42" time="66" type="attempt missed" type_id="13"/>
	<message comment="Marouane Chamakh misses attempt (To the left, 18-yard box, Head, From corner)" minute="63" period="2" second="39" time="66" type="attempt missed" type_id="13"/>
	<message comment="Ricardo Vaz Tê wins a corner (To the right)" minute="63" period="2" second="8" time="66" type="corner" type_id="6"/>
	<message comment="Steven Fletcher is caught offside" minute="62" period="2" time="65" type="offside" type_id="10000"/>
	<message comment="Alou Diarra blocks a shot" minute="58" period="2" second="58" time="61" type="save made" type_id="10"/>
	<message comment="Craig Gardner has shot blocked (Out of box, Right footed, Set piece)" minute="58" period="2" second="58" time="61" type="attempt blocked" type_id="15"/>
	<message comment="Winston Reid blocks a shot" minute="58" period="2" second="53" time="61" type="save made" type_id="10"/>
	<message comment="Craig Gardner has shot blocked (Out of box, Right footed, Free kick)" minute="58" period="2" second="53" time="61" type="attempt blocked" type_id="15"/>
	<message comment="James Tomkins recieves a yellow card" minute="57" period="2" second="30" time="60" type="card received" type_id="17"/>
	<message comment="Jack Colback hits the woodwork (To the right, 18-yard box, Left footed, Open play)" minute="56" period="2" second="57" time="59" type="woodwork hit" type_id="14"/>
	<message comment="Jussi Jääskeläinen makes a save (Diving, Parried into danger)" minute="56" period="2" second="55" time="59" type="save made" type_id="10"/>
	<message comment="Jack Colback has attempt saved (Low to the centre, 18-yard box, Left footed, Open play)" minute="56" period="2" second="55" time="59" type="attempt blocked" type_id="15"/>
	<message comment="Carlton Cole is substituted off" minute="56" period="2" second="4" time="59" type="substitution off" type_id="18"/>
	<message comment="Marouane Chamakh is substituted on" minute="56" period="2" second="4" time="59" type="substitution on" type_id="19"/>
	<message comment="Steven Fletcher has shot blocked (18-yard box, Left footed, Open play)" minute="54" period="2" second="53" time="57" type="attempt blocked" type_id="15"/>
	<message comment="James Tomkins blocks a shot" minute="54" period="2" second="53" time="57" type="save made" type_id="10"/>
	<message comment="Jack Colback wins a corner (To the left)" minute="52" period="2" second="41" time="55" type="corner" type_id="6"/>
	<message comment="Alou Diarra recieves a yellow card" minute="51" period="2" second="22" time="54" type="card received" type_id="17"/>
	<message comment="Alou Diarra misses attempt (High, 18-yard box, Head, Set piece)" minute="48" period="2" second="47" time="51" type="attempt missed" type_id="13"/>
	<message comment="GOAL! Adam Johnson scores  (Low to the right, 6-yard box, Big Chance, Left footed, Open play)" minute="46" period="2" second="53" time="49" type="goal scored" type_id="16"/>
	<message comment="Jussi Jääskeläinen makes a save (Diving, Parried into danger, Other body part)" minute="46" period="2" second="51" time="49" type="save made" type_id="10"/>
	<message comment="Steven Fletcher has attempt saved (Low to the centre, 6-yard box, Big Chance, Left footed, Open play)" minute="46" period="2" second="51" time="49" type="attempt blocked" type_id="15"/>
	<message comment="James McClean has attempt saved (Low to the centre, 18-yard box, Big Chance, Left footed, Fast break)" minute="46" period="2" second="48" time="49" type="attempt blocked" type_id="15"/>
	<message comment="Jussi Jääskeläinen makes a save (Parried into danger, Diving)" minute="46" period="2" second="48" time="49" type="save made" type_id="10"/>
	<message comment="Jack Collison is substituted off" minute="45" period="2" second="0" time="48" type="substitution off" type_id="18"/>
	<message comment="Ricardo Vaz Tê is substituted on" minute="45" period="2" second="0" time="48" type="substitution on" type_id="19"/>
	<message comment="Second half begins!" minute="45" period="2" second="0" time="48" type="start" type_id="32"/>
	<message comment="First half ends" minute="47" period="1" second="14" time="47" type="end" type_id="30"/>
	<message comment="Steven Fletcher is caught offside" minute="46" period="1" time="46" type="offside" type_id="10000"/>
	<message comment="Alou Diarra blocks a shot" minute="44" period="1" second="22" time="44" type="save made" type_id="10"/>
	<message comment="Adam Johnson has shot blocked (Out of box, Left footed, Open play)" minute="44" period="1" second="22" time="44" type="attempt blocked" type_id="15"/>
	<message comment="Jussi Jääskeläinen makes a save (Diving, Collected)" minute="41" period="1" second="52" time="41" type="save made" type_id="10"/>
	<message comment="James McClean has attempt saved (Low to the right, 18-yard box, Left footed, Open play)" minute="41" period="1" second="52" time="41" type="attempt blocked" type_id="15"/>
	<message comment="Titus Bramble is caught offside" minute="40" period="1" time="40" type="offside" type_id="10000"/>
	<message comment="Carlton Cole is caught offside" minute="34" period="1" time="34" type="offside" type_id="10000"/>
	<message comment="James Collins is substituted off" minute="33" period="1" second="46" time="33" type="substitution off" type_id="18"/>
	<message comment="James Tomkins is substituted on" minute="33" period="1" second="46" time="33" type="substitution on" type_id="19"/>
	<message comment="Stéphane Sessegnon misses attempt (Out of box, Right footed, Fast break)" minute="25" period="1" second="13" time="25" type="attempt missed" type_id="13"/>
	<message comment="Matthew Jarvis has attempt saved (Low to the centre, 18-yard box, Left footed, Open play)" minute="19" period="1" second="1" time="19" type="attempt blocked" type_id="15"/>
	<message comment="Simon Mignolet makes a save (Diving, Parried into danger)" minute="19" period="1" second="1" time="19" type="save made" type_id="10"/>
	<message comment="Joe Cole is caught offside" minute="14" period="1" time="14" type="offside" type_id="10000"/>
	<message comment="Steven Fletcher is caught offside" minute="13" period="1" time="13" type="offside" type_id="10000"/>
	<message comment="Carlton Cole has shot blocked (Out of box, Left footed, Open play)" minute="12" period="1" second="46" time="12" type="attempt blocked" type_id="15"/>
	<message comment="John O'Shea blocks a shot" minute="12" period="1" second="46" time="12" type="save made" type_id="10"/>
	<message comment="GOAL! Sebastian Larsson scores  (High to the left, Out of box, Left footed, Open play)" minute="11" period="1" second="36" time="11" type="goal scored" type_id="16"/>
	<message comment="Steven Fletcher wins a corner (To the right)" minute="10" period="1" second="11" time="10" type="corner" type_id="6"/>
	<message comment="Sebastian Larsson wins a corner (To the right)" minute="9" period="1" second="19" time="9" type="corner" type_id="6"/>
	<message comment="Steven Fletcher wins a corner (To the left)" minute="8" period="1" second="45" time="8" type="corner" type_id="6"/>
	<message comment="Steven Fletcher has shot blocked (18-yard box, Left footed, Open play)" minute="8" period="1" second="44" time="8" type="attempt blocked" type_id="15"/>
	<message comment="Winston Reid blocks a shot" minute="8" period="1" second="44" time="8" type="save made" type_id="10"/>
	<message comment="Formation Set" minute="0" period="14" second="0" time="6" type="end" type_id="30"/>
	<message comment="David Vaughan misses attempt (Out of box, Left footed, Open play)" minute="2" period="1" second="53" time="2" type="attempt missed" type_id="13"/>
	<message comment="Adam Johnson has shot blocked (18-yard box, Left footed, Open play)" minute="2" period="1" second="51" time="2" type="attempt blocked" type_id="15"/>
	<message comment="Dan Potts blocks a shot" minute="2" period="1" second="51" time="2" type="save made" type_id="10"/>
	<message comment="First half begins!" minute="0" period="1" second="0" time="0" type="start" type_id="32"/>
</Commentary>
