<?xml version="1.0" ?>
<Commentary away_team_name="Sunderland" competition="English Premier League" game_date="2013-12-21" home_team_name="Norwich" lang_id="en" season="Season 2013/2014" season_id="2013" sport_id="1" sport_name="Football">
	<message comment="Second half ends" minute="95" period="2" second="55" time="97" type="end" type_id="30"/>
	<message comment="Phil Bardsley misses attempt (To the right, Out of box, Right footed, Fast break)" minute="95" period="2" second="51" time="97" type="attempt missed" type_id="13"/>
	<message comment="Robert Snodgrass wins a corner (To the left)" minute="95" period="2" second="10" time="97" type="corner" type_id="6"/>
	<message comment="Sebastian Larsson is substituted off" minute="94" period="2" second="50" time="96" type="substitution off" type_id="18"/>
	<message comment="Valentin Roberge is substituted on" minute="94" period="2" second="50" time="96" type="substitution on" type_id="19"/>
	<message comment="Wes Brown recieves a red card" minute="92" period="2" second="56" time="94" type="card received" type_id="17"/>
	<message comment="Fabio Borini recieves a yellow card" minute="92" period="2" second="10" time="94" type="card received" type_id="17"/>
	<message comment="Ricky van Wolfswinkel has shot blocked (Out of box, Right footed, Open play)" minute="89" period="2" second="48" time="91" type="attempt blocked" type_id="15"/>
	<message comment="John O'Shea blocks a shot" minute="89" period="2" second="48" time="91" type="save made" type_id="10"/>
	<message comment="Leroy Fer has shot blocked (18-yard box, Right footed, Open play)" minute="89" period="2" second="43" time="91" type="attempt blocked" type_id="15"/>
	<message comment="Wes Brown blocks a shot" minute="89" period="2" second="43" time="91" type="save made" type_id="10"/>
	<message comment="Phil Bardsley misses attempt (Out of box, Right footed, Open play)" minute="82" period="2" second="28" time="84" type="attempt missed" type_id="13"/>
	<message comment="Ki Sung-Yueng misses attempt (Out of box, Big Chance, Left footed, Open play)" minute="81" period="2" second="41" time="83" type="attempt missed" type_id="13"/>
	<message comment="Ricky van Wolfswinkel has attempt saved (Low to the right, 18-yard box, Left footed, Fast break)" minute="81" period="2" second="16" time="83" type="attempt blocked" type_id="15"/>
	<message comment="Vito Mannone makes a save (Parried into danger, Diving)" minute="81" period="2" second="16" time="83" type="save made" type_id="10"/>
	<message comment="John Ruddy makes a save (Standing)" minute="78" period="2" second="40" time="80" type="save made" type_id="10"/>
	<message comment="Phil Bardsley has attempt saved (Low to the centre, 18-yard box, Head, From corner)" minute="78" period="2" second="40" time="80" type="attempt blocked" type_id="15"/>
	<message comment="Steven Fletcher wins a corner (To the right)" minute="78" period="2" second="9" time="80" type="corner" type_id="6"/>
	<message comment="Leroy Fer blocks a shot" minute="77" period="2" second="52" time="79" type="save made" type_id="10"/>
	<message comment="Fabio Borini has shot blocked (Out of box, Right footed, Open play)" minute="77" period="2" second="52" time="79" type="attempt blocked" type_id="15"/>
	<message comment="Johan Elmander is substituted off" minute="76" period="2" second="35" time="78" type="substitution off" type_id="18"/>
	<message comment="Ricky van Wolfswinkel is substituted on" minute="76" period="2" second="35" time="78" type="substitution on" type_id="19"/>
	<message comment="Sebastian Larsson recieves a yellow card" minute="75" period="2" second="58" time="77" type="card received" type_id="17"/>
	<message comment="Bradley Johnson misses attempt (To the right, Out of box, Left footed, Open play)" minute="70" period="2" second="2" time="72" type="attempt missed" type_id="13"/>
	<message comment="Wes Brown hits the woodwork (To the right, 6-yard box, Head, From corner)" minute="69" period="2" second="20" time="71" type="woodwork hit" type_id="14"/>
	<message comment="Lee Cattermole wins a corner (To the left)" minute="68" period="2" second="47" time="70" type="corner" type_id="6"/>
	<message comment="Jozy Altidore is substituted off" minute="67" period="2" second="30" time="69" type="substitution off" type_id="18"/>
	<message comment="Steven Fletcher is substituted on" minute="67" period="2" second="30" time="69" type="substitution on" type_id="19"/>
	<message comment="Gary Hooper misses attempt (18-yard box, Head, Open play)" minute="67" period="2" second="12" time="69" type="attempt missed" type_id="13"/>
	<message comment="Martin Olsson wins a corner (To the right)" minute="64" period="2" second="17" time="66" type="corner" type_id="6"/>
	<message comment="John Ruddy makes a save (Collected, Diving)" minute="63" period="2" second="35" time="65" type="save made" type_id="10"/>
	<message comment="Fabio Borini has attempt saved (Low to the right, 18-yard box, Big Chance, Right footed, Open play)" minute="63" period="2" second="35" time="65" type="attempt blocked" type_id="15"/>
	<message comment="Emanuele Giaccherini is substituted off" minute="62" period="2" second="56" time="64" type="substitution off" type_id="18"/>
	<message comment="Adam Johnson is substituted on" minute="62" period="2" second="56" time="64" type="substitution on" type_id="19"/>
	<message comment="Robert Snodgrass wins a corner (To the right)" minute="60" period="2" second="34" time="62" type="corner" type_id="6"/>
	<message comment="Steven Whittaker misses attempt (18-yard box, Right footed, Fast break)" minute="57" period="2" second="41" time="59" type="attempt missed" type_id="13"/>
	<message comment="Ondrej Celustka wins a corner (To the right)" minute="56" period="2" second="36" time="58" type="corner" type_id="6"/>
	<message comment="Ondrej Celustka wins a corner (To the right)" minute="55" period="2" second="50" time="57" type="corner" type_id="6"/>
	<message comment="Sebastian Larsson wins a corner (To the left)" minute="50" period="2" second="3" time="52" type="corner" type_id="6"/>
	<message comment="Leroy Fer blocks a shot" minute="50" period="2" second="2" time="52" type="save made" type_id="10"/>
	<message comment="Sebastian Larsson has shot blocked (Out of box, Right footed, Free kick)" minute="50" period="2" second="2" time="52" type="attempt blocked" type_id="15"/>
	<message comment="Steven Whittaker recieves a yellow card" minute="48" period="2" second="50" time="50" type="card received" type_id="17"/>
	<message comment="Second half begins!" minute="45" period="2" second="0" time="47" type="start" type_id="32"/>
	<message comment="First half ends" minute="46" period="1" second="12" time="46" type="end" type_id="30"/>
	<message comment="Leroy Fer has attempt saved (Low to the right, 18-yard box, Big Chance, Right footed, Open play)" minute="44" period="1" second="54" time="44" type="attempt blocked" type_id="15"/>
	<message comment="Vito Mannone makes a save (Diving, Collected)" minute="44" period="1" second="54" time="44" type="save made" type_id="10"/>
	<message comment="Nathan Redmond has shot blocked (18-yard box, Right footed, Open play)" minute="44" period="1" second="52" time="44" type="attempt blocked" type_id="15"/>
	<message comment="Lee Cattermole blocks a shot" minute="44" period="1" second="52" time="44" type="save made" type_id="10"/>
	<message comment="John Ruddy makes a save" minute="42" period="1" second="32" time="42" type="save made" type_id="10"/>
	<message comment="Emanuele Giaccherini has attempt saved (Low to the centre, Out of box, Right footed, Open play)" minute="42" period="1" second="32" time="42" type="attempt blocked" type_id="15"/>
	<message comment="Sebastien Bassong misses attempt (High, 18-yard box, Head, From corner)" minute="40" period="1" second="41" time="40" type="attempt missed" type_id="13"/>
	<message comment="Robert Snodgrass wins a corner (To the left)" minute="40" period="1" second="17" time="40" type="corner" type_id="6"/>
	<message comment="Gary Hooper wins a corner (To the left)" minute="39" period="1" second="39" time="39" type="corner" type_id="6"/>
	<message comment="Vito Mannone makes a save (Parried safe, Diving)" minute="39" period="1" second="38" time="39" type="save made" type_id="10"/>
	<message comment="Gary Hooper has attempt saved (High to the left, Out of box, Right footed, Open play)" minute="39" period="1" second="38" time="39" type="attempt blocked" type_id="15"/>
	<message comment="John Ruddy makes a save (Diving)" minute="36" period="1" second="9" time="36" type="save made" type_id="10"/>
	<message comment="Phil Bardsley has attempt saved (Low to the left, Out of box, Right footed, Open play)" minute="36" period="1" second="9" time="36" type="attempt blocked" type_id="15"/>
	<message comment="Bradley Johnson blocks a shot" minute="35" period="1" second="6" time="35" type="save made" type_id="10"/>
	<message comment="Ki Sung-Yueng has shot blocked (Out of box, Left footed, From corner)" minute="35" period="1" second="6" time="35" type="attempt blocked" type_id="15"/>
	<message comment="Jozy Altidore wins a corner (To the left)" minute="34" period="1" second="51" time="34" type="corner" type_id="6"/>
	<message comment="Michael Turner blocks a shot" minute="34" period="1" second="50" time="34" type="save made" type_id="10"/>
	<message comment="Jozy Altidore has shot blocked (18-yard box, Right footed, Set piece)" minute="34" period="1" second="50" time="34" type="attempt blocked" type_id="15"/>
	<message comment="Fabio Borini misses attempt (Out of box, Right footed, Fast break)" minute="31" period="1" second="7" time="31" type="attempt missed" type_id="13"/>
	<message comment="Lee Cattermole misses attempt (High, Out of box, Right footed, Open play)" minute="29" period="1" second="28" time="29" type="attempt missed" type_id="13"/>
	<message comment="Sebastien Bassong misses attempt (High to the left, 18-yard box, Left footed, Set piece)" minute="26" period="1" second="3" time="26" type="attempt missed" type_id="13"/>
	<message comment="Sebastian Larsson misses attempt (To the left, Out of box, Right footed, Open play)" minute="24" period="1" second="51" time="24" type="attempt missed" type_id="13"/>
	<message comment="Sebastien Bassong is caught offside" minute="21" period="1" time="21" type="offside" type_id="10000"/>
	<message comment="Sebastian Larsson misses attempt (High to the right, Out of box, Right footed, Open play)" minute="20" period="1" second="29" time="20" type="attempt missed" type_id="13"/>
	<message comment="Fabio Borini is caught offside" minute="19" period="1" time="19" type="offside" type_id="10000"/>
	<message comment="Johan Elmander has attempt saved (High to the centre, 18-yard box, Head, Open play)" minute="17" period="1" second="52" time="17" type="attempt blocked" type_id="15"/>
	<message comment="Vito Mannone makes a save (Collected, Standing)" minute="17" period="1" second="52" time="17" type="save made" type_id="10"/>
	<message comment="Ki Sung-Yueng misses attempt (To the left, Out of box, Right footed, Open play)" minute="16" period="1" second="14" time="16" type="attempt missed" type_id="13"/>
	<message comment="Ondrej Celustka misses attempt (High to the right, Out of box, Right footed, Set piece)" minute="14" period="1" second="24" time="14" type="attempt missed" type_id="13"/>
	<message comment="Steven Whittaker has shot blocked (Out of box, Right footed, Open play)" minute="13" period="1" second="11" time="13" type="attempt blocked" type_id="15"/>
	<message comment="Lee Cattermole blocks a shot" minute="13" period="1" second="11" time="13" type="save made" type_id="10"/>
	<message comment="Nathan Redmond wins a corner (To the left)" minute="12" period="1" second="10" time="12" type="corner" type_id="6"/>
	<message comment="Nathan Redmond has attempt saved (Low to the left, Out of box, Right footed, Open play)" minute="12" period="1" second="7" time="12" type="attempt blocked" type_id="15"/>
	<message comment="Vito Mannone makes a save (Diving, Parried safe)" minute="12" period="1" second="7" time="12" type="save made" type_id="10"/>
	<message comment="Formation Set" minute="0" period="14" second="0" time="7" type="end" type_id="30"/>
	<message comment="Gary Hooper wins a corner (To the right)" minute="1" period="1" second="29" time="1" type="corner" type_id="6"/>
	<message comment="First half begins!" minute="0" period="1" second="0" time="0" type="start" type_id="32"/>
</Commentary>
