<?xml version="1.0" ?>
<Commentary away_team_name="Sunderland" competition="English Premier League" game_date="2014-01-29" home_team_name="Stoke" lang_id="en" season="Season 2013/2014" season_id="2013" sport_id="1" sport_name="Football">
	<message comment="Second half ends" minute="94" period="2" second="18" time="96" type="end" type_id="30"/>
	<message comment="Jack Colback wins a corner (To the left)" minute="93" period="2" second="54" time="95" type="corner" type_id="6"/>
	<message comment="Jack Colback has attempt saved (High to the left, 18-yard box, Left footed, Open play)" minute="93" period="2" second="51" time="95" type="attempt blocked" type_id="15"/>
	<message comment="Asmir Begovic makes a save (Parried safe)" minute="93" period="2" second="51" time="95" type="save made" type_id="10"/>
	<message comment="Marc Wilson misses attempt (High, 18-yard box, Head, From corner)" minute="90" period="2" second="15" time="92" type="attempt missed" type_id="13"/>
	<message comment="Peter Odemwingie is substituted off" minute="90" period="2" second="1" time="92" type="substitution off" type_id="18"/>
	<message comment="John Guidetti is substituted on" minute="90" period="2" second="1" time="92" type="substitution on" type_id="19"/>
	<message comment="Marko Arnautovic wins a corner (To the left)" minute="89" period="2" second="36" time="91" type="corner" type_id="6"/>
	<message comment="Adam Johnson is substituted off" minute="86" period="2" second="41" time="88" type="substitution off" type_id="18"/>
	<message comment="Craig Gardner is substituted on" minute="86" period="2" second="41" time="88" type="substitution on" type_id="19"/>
	<message comment="Wes Brown misses attempt (6-yard box, Head, From corner)" minute="85" period="2" second="51" time="87" type="attempt missed" type_id="13"/>
	<message comment="Fabio Borini wins a corner (To the right)" minute="85" period="2" second="14" time="87" type="corner" type_id="6"/>
	<message comment="Fabio Borini has shot blocked (18-yard box, Right footed, Open play)" minute="85" period="2" second="12" time="87" type="attempt blocked" type_id="15"/>
	<message comment="Marc Wilson blocks a shot" minute="85" period="2" second="12" time="87" type="save made" type_id="10"/>
	<message comment="Ryan Shawcross hits the woodwork (High, 18-yard box, Head, Open play)" minute="82" period="2" second="58" time="84" type="woodwork hit" type_id="14"/>
	<message comment="Fabio Borini recieves a yellow card" minute="78" period="2" second="19" time="80" type="card received" type_id="17"/>
	<message comment="Vito Mannone makes a save (Diving, Collected)" minute="77" period="2" second="23" time="79" type="save made" type_id="10"/>
	<message comment="Charlie Adam has attempt saved (Low to the right, 18-yard box, Left footed, Set piece)" minute="77" period="2" second="23" time="79" type="attempt blocked" type_id="15"/>
	<message comment="Sebastian Larsson blocks a shot" minute="77" period="2" second="21" time="79" type="save made" type_id="10"/>
	<message comment="Charlie Adam has shot blocked (Out of box, Left footed, Free kick)" minute="77" period="2" second="21" time="79" type="attempt blocked" type_id="15"/>
	<message comment="Vito Mannone makes a save (Collected, Diving)" minute="73" period="2" second="47" time="75" type="save made" type_id="10"/>
	<message comment="Peter Odemwingie has attempt saved (Low to the left, 18-yard box, Big Chance, Right footed, Open play)" minute="73" period="2" second="47" time="75" type="attempt blocked" type_id="15"/>
	<message comment="Oussama Assaidi is substituted off" minute="71" period="2" second="2" time="73" type="substitution off" type_id="18"/>
	<message comment="Marko Arnautovic is substituted on" minute="71" period="2" second="2" time="73" type="substitution on" type_id="19"/>
	<message comment="Sebastian Larsson wins a corner (To the left)" minute="70" period="2" second="18" time="72" type="corner" type_id="6"/>
	<message comment="Sebastian Larsson has attempt saved (Low to the left, Out of box, Right footed, Open play)" minute="70" period="2" second="17" time="72" type="attempt blocked" type_id="15"/>
	<message comment="Asmir Begovic makes a save (Diving, Parried safe)" minute="70" period="2" second="17" time="72" type="save made" type_id="10"/>
	<message comment="Jozy Altidore is substituted off" minute="66" period="2" second="20" time="68" type="substitution off" type_id="18"/>
	<message comment="Steven Fletcher is substituted on" minute="66" period="2" second="20" time="68" type="substitution on" type_id="19"/>
	<message comment="Peter Crouch is substituted off" minute="64" period="2" second="12" time="66" type="substitution off" type_id="18"/>
	<message comment="Jonathan Walters is substituted on" minute="64" period="2" second="12" time="66" type="substitution on" type_id="19"/>
	<message comment="Adam Johnson misses attempt (18-yard box, Left footed, Open play)" minute="57" period="2" second="48" time="59" type="attempt missed" type_id="13"/>
	<message comment="Fabio Borini has shot blocked (Out of box, Right footed, Open play)" minute="56" period="2" second="11" time="58" type="attempt blocked" type_id="15"/>
	<message comment="Ryan Shawcross blocks a shot" minute="56" period="2" second="11" time="58" type="save made" type_id="10"/>
	<message comment="Jozy Altidore is caught offside" minute="56" period="2" time="58" type="offside" type_id="10000"/>
	<message comment="Sebastian Larsson has shot blocked (18-yard box, Right footed, Open play)" minute="55" period="2" second="8" time="57" type="attempt blocked" type_id="15"/>
	<message comment="Marc Wilson blocks a shot" minute="55" period="2" second="8" time="57" type="save made" type_id="10"/>
	<message comment="Jozy Altidore has attempt saved (Low to the centre, 18-yard box, Big Chance, Right footed, Open play)" minute="55" period="2" second="7" time="57" type="attempt blocked" type_id="15"/>
	<message comment="Asmir Begovic makes a save (Parried into danger, Diving)" minute="55" period="2" second="7" time="57" type="save made" type_id="10"/>
	<message comment="Sebastian Larsson has shot blocked (Out of box, Right footed, Free kick)" minute="54" period="2" second="32" time="56" type="attempt blocked" type_id="15"/>
	<message comment="Marc Wilson blocks a shot" minute="54" period="2" second="32" time="56" type="save made" type_id="10"/>
	<message comment="Steven Nzonzi recieves a red card after receiving second yellow card" minute="52" period="2" second="48" time="54" type="card received" type_id="17"/>
	<message comment="Marc Wilson recieves a yellow card" minute="49" period="2" second="48" time="51" type="card received" type_id="17"/>
	<message comment="Ki Sung-Yueng blocks a shot" minute="49" period="2" second="11" time="51" type="save made" type_id="10"/>
	<message comment="Erik Pieters has shot blocked (18-yard box, Left footed, Open play)" minute="49" period="2" second="11" time="51" type="attempt blocked" type_id="15"/>
	<message comment="Ryan Shawcross misses attempt (To the left, 18-yard box, Head, From corner)" minute="47" period="2" second="2" time="49" type="attempt missed" type_id="13"/>
	<message comment="Oussama Assaidi wins a corner (To the right)" minute="46" period="2" second="41" time="48" type="corner" type_id="6"/>
	<message comment="Phil Bardsley is substituted off" minute="45" period="2" second="0" time="47" type="substitution off" type_id="18"/>
	<message comment="Ondrej Celustka is substituted on" minute="45" period="2" second="0" time="47" type="substitution on" type_id="19"/>
	<message comment="Second half begins!" minute="45" period="2" second="0" time="47" type="start" type_id="32"/>
	<message comment="First half ends" minute="46" period="1" second="7" time="46" type="end" type_id="30"/>
	<message comment="Peter Crouch misses attempt (To the left, 18-yard box, Left footed, Open play)" minute="45" period="1" second="35" time="45" type="attempt missed" type_id="13"/>
	<message comment="Phil Bardsley recieves a yellow card" minute="44" period="1" second="32" time="44" type="card received" type_id="17"/>
	<message comment="Charlie Adam recieves a yellow card" minute="39" period="1" second="59" time="39" type="card received" type_id="17"/>
	<message comment="Ryan Shawcross has attempt saved (Low to the centre, 18-yard box, Big Chance, Head, Open play)" minute="38" period="1" second="14" time="38" type="attempt blocked" type_id="15"/>
	<message comment="Vito Mannone makes a save (Parried into danger, Standing)" minute="38" period="1" second="14" time="38" type="save made" type_id="10"/>
	<message comment="Geoff Cameron misses attempt (High, 6-yard box, Head, From corner)" minute="36" period="1" second="0" time="36" type="attempt missed" type_id="13"/>
	<message comment="Glenn Whelan wins a corner (To the left)" minute="35" period="1" second="35" time="35" type="corner" type_id="6"/>
	<message comment="Steven Nzonzi recieves a yellow card" minute="33" period="1" second="29" time="33" type="card received" type_id="17"/>
	<message comment="Peter Crouch has attempt saved (Low to the right, 18-yard box, Right footed, Open play)" minute="30" period="1" second="57" time="30" type="attempt blocked" type_id="15"/>
	<message comment="Vito Mannone makes a save (Collected, Standing)" minute="30" period="1" second="57" time="30" type="save made" type_id="10"/>
	<message comment="Peter Crouch has attempt saved (Low to the left, 6-yard box, Big Chance, Left footed, Open play)" minute="30" period="1" second="55" time="30" type="attempt blocked" type_id="15"/>
	<message comment="Vito Mannone makes a save (Parried into danger, Diving)" minute="30" period="1" second="55" time="30" type="save made" type_id="10"/>
	<message comment="Marcos Alonso misses attempt (To the left, Out of box, Left footed, Open play)" minute="26" period="1" second="49" time="26" type="attempt missed" type_id="13"/>
	<message comment="Charlie Adam misses attempt (Out of box, Left footed, Open play)" minute="22" period="1" second="20" time="22" type="attempt missed" type_id="13"/>
	<message comment="GOAL! Adam Johnson scores  (Low to the right, 6-yard box, Big Chance, Right footed, Open play)" minute="16" period="1" second="37" time="16" type="goal scored" type_id="16"/>
	<message comment="Asmir Begovic makes a save (Diving, Parried into danger)" minute="16" period="1" second="34" time="16" type="save made" type_id="10"/>
	<message comment="Fabio Borini has attempt saved (Low to the right, Out of box, Right footed, Open play)" minute="16" period="1" second="34" time="16" type="attempt blocked" type_id="15"/>
	<message comment="Oussama Assaidi misses attempt (High to the right, 18-yard box, Right footed, Open play)" minute="15" period="1" second="38" time="15" type="attempt missed" type_id="13"/>
	<message comment="Phil Bardsley misses attempt (18-yard box, Right footed, Open play)" minute="14" period="1" second="17" time="14" type="attempt missed" type_id="13"/>
	<message comment="Sebastian Larsson misses attempt (High to the right, 18-yard box, Right footed, Open play)" minute="12" period="1" second="59" time="12" type="attempt missed" type_id="13"/>
	<message comment="Phil Bardsley misses attempt (High, Out of box, Right footed, Set piece)" minute="11" period="1" second="54" time="11" type="attempt missed" type_id="13"/>
	<message comment="Vito Mannone makes a save" minute="8" period="1" second="52" time="8" type="save made" type_id="10"/>
	<message comment="Asmir Begovic makes a save (Parried safe)" minute="6" period="1" second="21" time="6" type="save made" type_id="10"/>
	<message comment="Sebastian Larsson has attempt saved (Low to the centre, Out of box, Right footed, Open play)" minute="6" period="1" second="21" time="6" type="attempt blocked" type_id="15"/>
	<message comment="Formation Set" minute="0" period="14" second="0" time="6" type="end" type_id="30"/>
	<message comment="First half begins!" minute="0" period="1" second="0" time="0" type="start" type_id="32"/>
</Commentary>
