<?xml version="1.0" ?>
<Commentary away_team_name="Sunderland" competition="English Premier League" game_date="2011-02-01" home_team_name="Chelsea" lang_id="en" season="Season 2010/2011" season_id="2010" sport_id="1" sport_name="Football">
	<message comment="Second half ends" minute="96" period="2" second="20" time="98" type="end" type_id="30"/>
	<message comment="GOAL! Nicolas Anelka scores , Assisted by Florent Malouda (Low to the right, 6-yard box, Big Chance, Right footed, Open play)" minute="92" period="2" second="52" time="94" type="goal scored" type_id="16"/>
	<message comment="José Bosingwa is substituted off" minute="90" period="2" second="56" time="92" type="substitution off" type_id="18"/>
	<message comment="Paulo Ferreira is substituted on" minute="90" period="2" second="56" time="92" type="substitution on" type_id="19"/>
	<message comment="Nedum Onuoha is substituted off" minute="87" period="2" second="6" time="89" type="substitution off" type_id="18"/>
	<message comment="Jordan Cook is substituted on" minute="87" period="2" second="6" time="89" type="substitution on" type_id="19"/>
	<message comment="Craig Gordon makes a save (Collected)" minute="86" period="2" second="9" time="88" type="save made" type_id="10"/>
	<message comment="Florent Malouda has attempt saved (Low to the centre, Out of box, Left footed, Open play)" minute="86" period="2" second="9" time="88" type="attempt blocked" type_id="15"/>
	<message comment="Branislav Ivanovic recieves a yellow card" minute="83" period="2" second="2" time="85" type="card received" type_id="17"/>
	<message comment="Kieran Richardson recieves a yellow card" minute="82" period="2" second="56" time="84" type="card received" type_id="17"/>
	<message comment="Steed Malbranque is substituted off" minute="81" period="2" second="20" time="83" type="substitution off" type_id="18"/>
	<message comment="Jack Colback is substituted on" minute="81" period="2" second="20" time="83" type="substitution on" type_id="19"/>
	<message comment="Florent Malouda is substituted on" minute="81" period="2" second="2" time="83" type="substitution on" type_id="19"/>
	<message comment="Salomon Kalou is substituted off" minute="81" period="2" second="2" time="83" type="substitution off" type_id="18"/>
	<message comment="Anton Ferdinand blocks a shot" minute="79" period="2" second="48" time="81" type="save made" type_id="10"/>
	<message comment="Frank Lampard has shot blocked (Out of box, Right footed, Open play)" minute="79" period="2" second="48" time="81" type="attempt blocked" type_id="15"/>
	<message comment="John Obi Mikel is substituted off" minute="76" period="2" second="43" time="78" type="substitution off" type_id="18"/>
	<message comment="Ramires is substituted on" minute="76" period="2" second="43" time="78" type="substitution on" type_id="19"/>
	<message comment="Salomon Kalou is caught offside" minute="69" period="2" time="71" type="offside" type_id="10000"/>
	<message comment="Salomon Kalou hits the woodwork (To the right, 18-yard box, Big Chance, Right footed, Fast break)" minute="66" period="2" second="25" time="68" type="woodwork hit" type_id="14"/>
	<message comment="Craig Gordon makes a save (Parried into danger, Diving)" minute="63" period="2" second="52" time="65" type="save made" type_id="10"/>
	<message comment="Michael Essien has attempt saved (Low to the left, Out of box, Right footed, Open play)" minute="63" period="2" second="52" time="65" type="attempt blocked" type_id="15"/>
	<message comment="Craig Gordon makes a save (Parried into danger, Diving)" minute="63" period="2" second="23" time="65" type="save made" type_id="10"/>
	<message comment="Frank Lampard has attempt saved (Low to the centre, Out of box, Right footed, Open play)" minute="63" period="2" second="23" time="65" type="attempt blocked" type_id="15"/>
	<message comment="John Terry blocks a shot" minute="61" period="2" second="33" time="63" type="save made" type_id="10"/>
	<message comment="GOAL! John Terry scores  (High to the left, 18-yard box, Right footed, From corner)" minute="59" period="2" second="36" time="61" type="goal scored" type_id="16"/>
	<message comment="Craig Gordon makes a save (Parried into danger, Diving)" minute="59" period="2" second="33" time="61" type="save made" type_id="10"/>
	<message comment="Frank Lampard has attempt saved (Low to the right, Out of box, Right footed, From corner)" minute="59" period="2" second="33" time="61" type="attempt blocked" type_id="15"/>
	<message comment="John Terry wins a corner (To the left)" minute="59" period="2" second="8" time="61" type="corner" type_id="6"/>
	<message comment="John Terry misses attempt (To the left, 18-yard box, Right footed, Open play)" minute="59" period="2" second="6" time="61" type="attempt missed" type_id="13"/>
	<message comment="Craig Gordon makes a save (Collected, Diving)" minute="58" period="2" second="31" time="60" type="save made" type_id="10"/>
	<message comment="Frank Lampard has attempt saved (Low to the right, 18-yard box, Right footed, Open play)" minute="58" period="2" second="31" time="60" type="attempt blocked" type_id="15"/>
	<message comment="Ashley Cole misses attempt (High, Out of box, Left footed, Open play)" minute="57" period="2" second="17" time="59" type="attempt missed" type_id="13"/>
	<message comment="Didier Drogba recieves a yellow card" minute="54" period="2" second="2" time="56" type="card received" type_id="17"/>
	<message comment="Asamoah Gyan misses attempt (To the left, 18-yard box, Head, Open play)" minute="51" period="2" second="39" time="53" type="attempt missed" type_id="13"/>
	<message comment="Nedum Onuoha blocks a shot" minute="51" period="2" second="5" time="53" type="save made" type_id="10"/>
	<message comment="Nicolas Anelka has shot blocked (18-yard box, Left footed, Open play)" minute="51" period="2" second="5" time="53" type="attempt blocked" type_id="15"/>
	<message comment="Craig Gordon makes a save (Diving, Parried into danger)" minute="51" period="2" second="2" time="53" type="save made" type_id="10"/>
	<message comment="Frank Lampard has attempt saved (Low to the centre, 18-yard box, Big Chance, Right footed, Open play)" minute="51" period="2" second="2" time="53" type="attempt blocked" type_id="15"/>
	<message comment="Nicolas Anelka misses attempt (6-yard box, Big Chance, Left footed, From corner)" minute="48" period="2" second="32" time="50" type="attempt missed" type_id="13"/>
	<message comment="Salomon Kalou has shot blocked (6-yard box, Big Chance, Right footed, From corner)" minute="48" period="2" second="31" time="50" type="attempt blocked" type_id="15"/>
	<message comment="Steed Malbranque blocks a shot (Last line)" minute="48" period="2" second="31" time="50" type="save made" type_id="10"/>
	<message comment="Branislav Ivanovic misses attempt (18-yard box, Key pass, Head, From corner)" minute="48" period="2" second="29" time="50" type="attempt missed" type_id="13"/>
	<message comment="Frank Lampard wins a corner (To the left)" minute="48" period="2" second="9" time="50" type="corner" type_id="6"/>
	<message comment="Titus Bramble blocks a shot" minute="48" period="2" second="5" time="50" type="save made" type_id="10"/>
	<message comment="Frank Lampard has shot blocked (18-yard box, Big Chance, Left footed, Open play)" minute="48" period="2" second="5" time="50" type="attempt blocked" type_id="15"/>
	<message comment="Salomon Kalou is caught offside" minute="46" period="2" time="48" type="offside" type_id="10000"/>
	<message comment="Second half begins!" minute="45" period="2" second="0" time="47" type="start" type_id="32"/>
	<message comment="First half ends" minute="46" period="1" second="9" time="46" type="end" type_id="30"/>
	<message comment="Kieran Richardson blocks a shot" minute="45" period="1" second="49" time="45" type="save made" type_id="10"/>
	<message comment="Didier Drogba has shot blocked (Out of box, Right footed, Open play)" minute="45" period="1" second="49" time="45" type="attempt blocked" type_id="15"/>
	<message comment="Didier Drogba is caught offside" minute="43" period="1" time="43" type="offside" type_id="10000"/>
	<message comment="Steed Malbranque has attempt saved (Low to the right, Out of box, Right footed, Open play)" minute="41" period="1" second="56" time="41" type="attempt blocked" type_id="15"/>
	<message comment="Petr Cech makes a save (Standing)" minute="41" period="1" second="56" time="41" type="save made" type_id="10"/>
	<message comment="Kieran Richardson has attempt saved (Low to the centre, Out of box, Right footed, Open play)" minute="41" period="1" second="38" time="41" type="attempt blocked" type_id="15"/>
	<message comment="Petr Cech makes a save (Standing, Parried into danger)" minute="41" period="1" second="38" time="41" type="save made" type_id="10"/>
	<message comment="Craig Gordon makes a save (Standing)" minute="38" period="1" second="31" time="38" type="save made" type_id="10"/>
	<message comment="Didier Drogba has attempt saved (Low to the centre, 18-yard box, Head, From corner)" minute="38" period="1" second="31" time="38" type="attempt blocked" type_id="15"/>
	<message comment="Salomon Kalou wins a corner (To the right)" minute="38" period="1" second="8" time="38" type="corner" type_id="6"/>
	<message comment="Didier Drogba misses attempt (High, 18-yard box, Right footed, From corner)" minute="35" period="1" second="52" time="35" type="attempt missed" type_id="13"/>
	<message comment="Branislav Ivanovic hits the woodwork (High, 6-yard box, Big Chance, Left footed, From corner)" minute="35" period="1" second="50" time="35" type="woodwork hit" type_id="14"/>
	<message comment="Kieran Richardson blocks a shot" minute="35" period="1" second="46" time="35" type="save made" type_id="10"/>
	<message comment="Michael Essien has shot blocked (6-yard box, Right footed, From corner)" minute="35" period="1" second="46" time="35" type="attempt blocked" type_id="15"/>
	<message comment="Michael Essien wins a corner (To the right)" minute="35" period="1" second="19" time="35" type="corner" type_id="6"/>
	<message comment="Craig Gordon makes a save (Diving, Parried safe)" minute="35" period="1" second="17" time="35" type="save made" type_id="10"/>
	<message comment="Michael Essien has attempt saved (Low to the right, Out of box, Right footed, Open play)" minute="35" period="1" second="17" time="35" type="attempt blocked" type_id="15"/>
	<message comment="Asamoah Gyan is caught offside" minute="32" period="1" time="32" type="offside" type_id="10000"/>
	<message comment="Didier Drogba is caught offside" minute="30" period="1" time="30" type="offside" type_id="10000"/>
	<message comment="Craig Gordon makes a save (Diving)" minute="28" period="1" second="55" time="28" type="save made" type_id="10"/>
	<message comment="José Bosingwa has attempt saved (Low to the left, Out of box, Left footed, Open play)" minute="28" period="1" second="55" time="28" type="attempt blocked" type_id="15"/>
	<message comment="GOAL! Kieran Richardson scores  (Low to the right, Out of box, Left footed, Free kick)" minute="25" period="1" second="54" time="25" type="goal scored" type_id="16"/>
	<message comment="GOAL! Salomon Kalou scores , Assisted by Nicolas Anelka (Low to the right, Out of box, Big Chance, Right footed, Fast break)" minute="22" period="1" second="28" time="22" type="goal scored" type_id="16"/>
	<message comment="Ashley Cole is caught offside" minute="21" period="1" time="21" type="offside" type_id="10000"/>
	<message comment="Asamoah Gyan is caught offside" minute="20" period="1" time="20" type="offside" type_id="10000"/>
	<message comment="Salomon Kalou misses attempt (To the right, 18-yard box, Right footed, Open play)" minute="18" period="1" second="59" time="18" type="attempt missed" type_id="13"/>
	<message comment="Asamoah Gyan misses attempt (To the right, Out of box, Right footed, Open play)" minute="17" period="1" second="19" time="17" type="attempt missed" type_id="13"/>
	<message comment="GOAL! Frank Lampard scores  (Low to the left, 18-yard box, Penalty, Big Chance, Right footed)" minute="14" period="1" second="28" time="14" type="goal scored" type_id="16"/>
	<message comment="Frank Lampard misses attempt (To the left, 18-yard box, Right footed, Open play)" minute="11" period="1" second="25" time="11" type="attempt missed" type_id="13"/>
	<message comment="Nicolas Anelka wins a corner (To the left)" minute="9" period="1" second="41" time="9" type="corner" type_id="6"/>
	<message comment="Formation Set" minute="0" period="14" second="0" time="8" type="end" type_id="30"/>
	<message comment="Ashley Cole wins a corner (To the left)" minute="4" period="1" second="31" time="4" type="corner" type_id="6"/>
	<message comment="GOAL! Phil Bardsley scores , Assisted by Steed Malbranque (Low to the right, Out of box, Right footed, Open play)" minute="3" period="1" second="20" time="3" type="goal scored" type_id="16"/>
	<message comment="First half begins!" minute="0" period="1" second="0" time="0" type="start" type_id="32"/>
</Commentary>
