<?xml version="1.0" ?>
<Commentary away_team_name="Sunderland" competition="English Premier League" game_date="2012-04-07" home_team_name="Tottenham" lang_id="en" season="Season 2011/2012" season_id="2011" sport_id="1" sport_name="Football">
	<message comment="Second half ends" minute="95" period="2" second="7" time="97" type="end" type_id="30"/>
	<message comment="Jermain Defoe is caught offside" minute="94" period="2" time="96" type="offside" type_id="10000"/>
	<message comment="Younes Kaboul wins a corner (To the left)" minute="93" period="2" second="28" time="95" type="corner" type_id="6"/>
	<message comment="David Vaughan recieves a yellow card" minute="92" period="2" second="49" time="94" type="card received" type_id="17"/>
	<message comment="Benoit Assou-Ekotto recieves a yellow card" minute="88" period="2" second="4" time="90" type="card received" type_id="17"/>
	<message comment="Sebastian Larsson recieves a yellow card" minute="86" period="2" second="58" time="88" type="card received" type_id="17"/>
	<message comment="Nicklas Bendtner misses attempt (To the left, 6-yard box, Head, Set piece)" minute="84" period="2" second="59" time="86" type="attempt missed" type_id="13"/>
	<message comment="Sebastian Larsson wins a corner (To the left)" minute="84" period="2" second="28" time="86" type="corner" type_id="6"/>
	<message comment="Rafael van der Vaart is substituted off" minute="82" period="2" second="35" time="84" type="substitution off" type_id="18"/>
	<message comment="Jermain Defoe is substituted on" minute="82" period="2" second="35" time="84" type="substitution on" type_id="19"/>
	<message comment="Phil Bardsley is substituted off" minute="79" period="2" second="44" time="81" type="substitution off" type_id="18"/>
	<message comment="Kieran Richardson is substituted on" minute="79" period="2" second="44" time="81" type="substitution on" type_id="19"/>
	<message comment="Gareth Bale misses attempt (To the left, 18-yard box, Left footed, Open play)" minute="79" period="2" second="1" time="81" type="attempt missed" type_id="13"/>
	<message comment="Sebastian Larsson has attempt saved (Low to the centre, 18-yard box, Head, Throw-in)" minute="77" period="2" second="20" time="79" type="attempt blocked" type_id="15"/>
	<message comment="Brad Friedel makes a save (Standing)" minute="77" period="2" second="20" time="79" type="save made" type_id="10"/>
	<message comment="Emmanuel Adebayor is substituted off" minute="77" period="2" second="7" time="79" type="substitution off" type_id="18"/>
	<message comment="Louis Saha is substituted on" minute="77" period="2" second="7" time="79" type="substitution on" type_id="19"/>
	<message comment="Lee Cattermole is substituted off" minute="75" period="2" second="40" time="77" type="substitution off" type_id="18"/>
	<message comment="David Vaughan is substituted on" minute="75" period="2" second="40" time="77" type="substitution on" type_id="19"/>
	<message comment="James McClean wins a corner (To the left)" minute="75" period="2" second="9" time="77" type="corner" type_id="6"/>
	<message comment="Rafael van der Vaart misses attempt (To the left, 18-yard box, Big Chance, Left footed, Open play)" minute="72" period="2" second="48" time="74" type="attempt missed" type_id="13"/>
	<message comment="Lee Cattermole blocks a shot" minute="65" period="2" second="37" time="67" type="save made" type_id="10"/>
	<message comment="Luka Modric has shot blocked (Out of box, Right footed, Open play)" minute="65" period="2" second="37" time="67" type="attempt blocked" type_id="15"/>
	<message comment="Aaron Lennon is substituted on" minute="64" period="2" second="35" time="66" type="substitution on" type_id="19"/>
	<message comment="Sandro is substituted off" minute="64" period="2" second="35" time="66" type="substitution off" type_id="18"/>
	<message comment="Gareth Bale misses attempt (To the right, Out of box, Left footed, Open play)" minute="63" period="2" second="8" time="65" type="attempt missed" type_id="13"/>
	<message comment="Sandro recieves a yellow card" minute="61" period="2" second="29" time="63" type="card received" type_id="17"/>
	<message comment="Phil Bardsley has attempt saved (Low to the right, Out of box, Right footed, Open play)" minute="60" period="2" second="45" time="62" type="attempt blocked" type_id="15"/>
	<message comment="Brad Friedel makes a save (Collected, Standing)" minute="60" period="2" second="45" time="62" type="save made" type_id="10"/>
	<message comment="Sebastian Larsson wins a corner (To the left)" minute="59" period="2" second="25" time="61" type="corner" type_id="6"/>
	<message comment="Gareth Bale misses attempt (18-yard box, Head, Open play)" minute="58" period="2" second="41" time="60" type="attempt missed" type_id="13"/>
	<message comment="Emmanuel Adebayor is caught offside" minute="56" period="2" time="58" type="offside" type_id="10000"/>
	<message comment="Rafael van der Vaart misses attempt (High, 18-yard box, Right footed, Open play)" minute="54" period="2" second="29" time="56" type="attempt missed" type_id="13"/>
	<message comment="Craig Gardner blocks a shot" minute="51" period="2" second="34" time="53" type="save made" type_id="10"/>
	<message comment="Sandro has shot blocked (Out of box, Right footed, Open play)" minute="51" period="2" second="34" time="53" type="attempt blocked" type_id="15"/>
	<message comment="Phil Bardsley wins a corner (To the right)" minute="49" period="2" second="53" time="51" type="corner" type_id="6"/>
	<message comment="Stéphane Sessegnon has shot blocked (18-yard box, Right footed, Open play)" minute="45" period="2" second="41" time="47" type="attempt blocked" type_id="15"/>
	<message comment="Second half begins!" minute="45" period="2" second="0" time="47" type="start" type_id="32"/>
	<message comment="First half ends" minute="46" period="1" second="4" time="46" type="end" type_id="30"/>
	<message comment="Luka Modric misses attempt (To the right, Out of box, Right footed, Open play)" minute="45" period="1" second="54" time="45" type="attempt missed" type_id="13"/>
	<message comment="Craig Gardner blocks a shot" minute="45" period="1" second="1" time="45" type="save made" type_id="10"/>
	<message comment="Gareth Bale has shot blocked (Out of box, Left footed, Open play)" minute="45" period="1" second="1" time="45" type="attempt blocked" type_id="15"/>
	<message comment="Matthew Kilgallon blocks a shot" minute="43" period="1" second="9" time="43" type="save made" type_id="10"/>
	<message comment="Rafael van der Vaart has shot blocked (18-yard box, Right footed, Open play)" minute="43" period="1" second="9" time="43" type="attempt blocked" type_id="15"/>
	<message comment="Nicklas Bendtner is caught offside" minute="43" period="1" time="43" type="offside" type_id="10000"/>
	<message comment="Nicklas Bendtner misses attempt (High, 18-yard box, Head, From corner)" minute="41" period="1" second="8" time="41" type="attempt missed" type_id="13"/>
	<message comment="Michael Turner wins a corner (To the left)" minute="40" period="1" second="34" time="40" type="corner" type_id="6"/>
	<message comment="Michael Turner has shot blocked (18-yard box, Head, Set piece)" minute="40" period="1" second="31" time="40" type="attempt blocked" type_id="15"/>
	<message comment="Sandro blocks a shot" minute="40" period="1" second="31" time="40" type="save made" type_id="10"/>
	<message comment="Craig Gardner has attempt saved (Low to the centre, 18-yard box, Head, Open play)" minute="33" period="1" second="42" time="33" type="attempt blocked" type_id="15"/>
	<message comment="Brad Friedel makes a save (Standing, Collected)" minute="33" period="1" second="42" time="33" type="save made" type_id="10"/>
	<message comment="Nicklas Bendtner wins a corner (To the right)" minute="33" period="1" second="11" time="33" type="corner" type_id="6"/>
	<message comment="Nicklas Bendtner has shot blocked (6-yard box, Right footed, Open play)" minute="33" period="1" second="8" time="33" type="attempt blocked" type_id="15"/>
	<message comment="Younes Kaboul blocks a shot" minute="33" period="1" second="8" time="33" type="save made" type_id="10"/>
	<message comment="Matthew Kilgallon has shot blocked (18-yard box, Left footed, Open play)" minute="33" period="1" second="6" time="33" type="attempt blocked" type_id="15"/>
	<message comment="Scott Parker blocks a shot" minute="33" period="1" second="6" time="33" type="save made" type_id="10"/>
	<message comment="James McClean wins a corner (To the right)" minute="32" period="1" second="35" time="32" type="corner" type_id="6"/>
	<message comment="Nicklas Bendtner wins a corner (To the right)" minute="32" period="1" second="17" time="32" type="corner" type_id="6"/>
	<message comment="Rafael van der Vaart wins a corner (To the left)" minute="31" period="1" second="10" time="31" type="corner" type_id="6"/>
	<message comment="Scott Parker wins a corner (To the right)" minute="25" period="1" second="49" time="25" type="corner" type_id="6"/>
	<message comment="Michael Turner blocks a shot" minute="25" period="1" second="45" time="25" type="save made" type_id="10"/>
	<message comment="Scott Parker has shot blocked (Out of box, Right footed, Open play)" minute="25" period="1" second="45" time="25" type="attempt blocked" type_id="15"/>
	<message comment="Nicklas Bendtner wins a corner (To the left)" minute="24" period="1" second="48" time="24" type="corner" type_id="6"/>
	<message comment="Sebastian Larsson wins a corner (To the right)" minute="24" period="1" second="27" time="24" type="corner" type_id="6"/>
	<message comment="Michael Turner blocks a shot" minute="22" period="1" second="10" time="22" type="save made" type_id="10"/>
	<message comment="Emmanuel Adebayor has shot blocked (Out of box, Right footed, Open play)" minute="22" period="1" second="10" time="22" type="attempt blocked" type_id="15"/>
	<message comment="Stéphane Sessegnon misses attempt (To the right, 18-yard box, Right footed, Open play)" minute="18" period="1" second="59" time="18" type="attempt missed" type_id="13"/>
	<message comment="Sandro wins a corner (To the right)" minute="17" period="1" second="18" time="17" type="corner" type_id="6"/>
	<message comment="James McClean wins a corner (To the left)" minute="15" period="1" second="12" time="15" type="corner" type_id="6"/>
	<message comment="James McClean has shot blocked (18-yard box, Left footed, Open play)" minute="15" period="1" second="10" time="15" type="attempt blocked" type_id="15"/>
	<message comment="William Gallas blocks a shot" minute="15" period="1" second="10" time="15" type="save made" type_id="10"/>
	<message comment="Benoit Assou-Ekotto misses attempt (High, Out of box, Left footed, Set piece)" minute="12" period="1" second="51" time="12" type="attempt missed" type_id="13"/>
	<message comment="Phil Bardsley blocks a shot" minute="12" period="1" second="48" time="12" type="save made" type_id="10"/>
	<message comment="Emmanuel Adebayor has shot blocked (6-yard box, Big Chance, Head, Set piece)" minute="12" period="1" second="48" time="12" type="attempt blocked" type_id="15"/>
	<message comment="Simon Mignolet makes a save (Diving, Collected)" minute="10" period="1" second="12" time="10" type="save made" type_id="10"/>
	<message comment="Luka Modric has attempt saved (Low to the centre, Out of box, Right footed, Open play)" minute="10" period="1" second="12" time="10" type="attempt blocked" type_id="15"/>
	<message comment="Formation Set" minute="0" period="14" second="0" time="7" type="end" type_id="30"/>
	<message comment="Craig Gardner misses attempt (To the left, Out of box, Left footed, Open play)" minute="6" period="1" second="55" time="6" type="attempt missed" type_id="13"/>
	<message comment="Benoit Assou-Ekotto misses attempt (Out of box, Left footed, Open play)" minute="3" period="1" second="45" time="3" type="attempt missed" type_id="13"/>
	<message comment="First half begins!" minute="0" period="1" second="0" time="0" type="start" type_id="32"/>
</Commentary>
