<?xml version="1.0" ?>
<Commentary away_team_name="Sunderland" competition="English Premier League" game_date="2014-01-18" home_team_name="Southampton" lang_id="en" season="Season 2013/2014" season_id="2013" sport_id="1" sport_name="Football">
	<message comment="Second half ends" minute="97" period="2" second="3" time="100" type="end" type_id="30"/>
	<message comment="Ki Sung-Yueng has shot blocked (18-yard box, Left footed, From corner)" minute="96" period="2" second="30" time="99" type="attempt blocked" type_id="15"/>
	<message comment="Luke Shaw blocks a shot" minute="96" period="2" second="30" time="99" type="save made" type_id="10"/>
	<message comment="Steven Fletcher wins a corner (To the left)" minute="95" period="2" second="50" time="98" type="corner" type_id="6"/>
	<message comment="José Fonte blocks a shot" minute="90" period="2" second="45" time="93" type="save made" type_id="10"/>
	<message comment="Fabio Borini has shot blocked (Out of box, Right footed, Throw-in)" minute="90" period="2" second="45" time="93" type="attempt blocked" type_id="15"/>
	<message comment="Dejan Lovren is substituted off" minute="87" period="2" second="25" time="90" type="substitution off" type_id="18"/>
	<message comment="Maya Yoshida is substituted on" minute="87" period="2" second="25" time="90" type="substitution on" type_id="19"/>
	<message comment="Gastón Ramírez is substituted off" minute="86" period="2" second="25" time="89" type="substitution off" type_id="18"/>
	<message comment="James Ward-Prowse is substituted on" minute="86" period="2" second="25" time="89" type="substitution on" type_id="19"/>
	<message comment="Adam Johnson has attempt saved (Low to the left, Out of box, Left footed, Open play)" minute="82" period="2" second="0" time="85" type="attempt blocked" type_id="15"/>
	<message comment="Artur Boruc makes a save (Diving, Collected)" minute="82" period="2" second="0" time="85" type="save made" type_id="10"/>
	<message comment="Steven Fletcher is caught offside" minute="80" period="2" time="83" type="offside" type_id="10000"/>
	<message comment="Steven Fletcher is caught offside" minute="77" period="2" time="80" type="offside" type_id="10000"/>
	<message comment="Steven Fletcher has attempt saved (Low to the right, 6-yard box, Big Chance, Right footed, From corner)" minute="75" period="2" second="7" time="78" type="attempt blocked" type_id="15"/>
	<message comment="Artur Boruc makes a save (Parried safe, Diving)" minute="75" period="2" second="7" time="78" type="save made" type_id="10"/>
	<message comment="Rickie Lambert blocks a shot" minute="75" period="2" second="5" time="78" type="save made" type_id="10"/>
	<message comment="Craig Gardner has shot blocked (Out of box, Right footed, From corner)" minute="75" period="2" second="5" time="78" type="attempt blocked" type_id="15"/>
	<message comment="Adam Johnson wins a corner (To the right)" minute="74" period="2" second="38" time="77" type="corner" type_id="6"/>
	<message comment="Craig Gardner has attempt saved (Low to the right, Out of box, Left footed, Open play)" minute="74" period="2" second="32" time="77" type="attempt blocked" type_id="15"/>
	<message comment="Artur Boruc makes a save (Parried into danger, Diving)" minute="74" period="2" second="32" time="77" type="save made" type_id="10"/>
	<message comment="Adam Lallana is substituted off" minute="73" period="2" second="12" time="76" type="substitution off" type_id="18"/>
	<message comment="Gastón Ramírez is substituted on" minute="73" period="2" second="12" time="76" type="substitution on" type_id="19"/>
	<message comment="Jozy Altidore is substituted off" minute="71" period="2" second="30" time="74" type="substitution off" type_id="18"/>
	<message comment="Steven Fletcher is substituted on" minute="71" period="2" second="30" time="74" type="substitution on" type_id="19"/>
	<message comment="GOAL! Adam Johnson scores , Assisted by Craig Gardner (High to the right, 18-yard box, Right footed, Open play)" minute="70" period="2" second="42" time="73" type="goal scored" type_id="16"/>
	<message comment="Fabio Borini is caught offside" minute="63" period="2" time="66" type="offside" type_id="10000"/>
	<message comment="Sebastian Larsson is substituted off" minute="62" period="2" second="13" time="65" type="substitution off" type_id="18"/>
	<message comment="Jack Colback is substituted on" minute="62" period="2" second="13" time="65" type="substitution on" type_id="19"/>
	<message comment="Lee Cattermole is substituted off" minute="61" period="2" second="59" time="64" type="substitution off" type_id="18"/>
	<message comment="Craig Gardner is substituted on" minute="61" period="2" second="59" time="64" type="substitution on" type_id="19"/>
	<message comment="Jay Rodriguez misses attempt (18-yard box, Right footed, Open play)" minute="60" period="2" second="41" time="63" type="attempt missed" type_id="13"/>
	<message comment="Luke Shaw wins a corner (To the right)" minute="59" period="2" second="11" time="62" type="corner" type_id="6"/>
	<message comment="Vito Mannone makes a save (Parried safe, From shot off target, Diving)" minute="59" period="2" second="8" time="62" type="save made" type_id="10"/>
	<message comment="Luke Shaw misses attempt (Out of box, Left footed, Fast break)" minute="59" period="2" second="8" time="62" type="attempt missed" type_id="13"/>
	<message comment="Vito Mannone makes a save (Diving, Collected)" minute="58" period="2" second="4" time="61" type="save made" type_id="10"/>
	<message comment="José Fonte has attempt saved (Low to the right, 18-yard box, Head, Set piece)" minute="58" period="2" second="4" time="61" type="attempt blocked" type_id="15"/>
	<message comment="Vito Mannone makes a save (Diving, Parried into danger)" minute="55" period="2" second="55" time="58" type="save made" type_id="10"/>
	<message comment="Jay Rodriguez has attempt saved (Low to the left, Out of box, Right footed, Open play)" minute="55" period="2" second="55" time="58" type="attempt blocked" type_id="15"/>
	<message comment="Vito Mannone makes a save (Diving, Collected)" minute="54" period="2" second="8" time="57" type="save made" type_id="10"/>
	<message comment="Calum Chambers has attempt saved (Low to the right, Out of box, Right footed, Open play)" minute="54" period="2" second="8" time="57" type="attempt blocked" type_id="15"/>
	<message comment="Marcos Alonso is caught offside" minute="50" period="2" time="53" type="offside" type_id="10000"/>
	<message comment="Vito Mannone makes a save (Standing)" minute="48" period="2" second="30" time="51" type="save made" type_id="10"/>
	<message comment="Luke Shaw has attempt saved (Low to the centre, Out of box, Left footed, Open play)" minute="48" period="2" second="30" time="51" type="attempt blocked" type_id="15"/>
	<message comment="Jozy Altidore wins a corner (To the left)" minute="47" period="2" second="42" time="50" type="corner" type_id="6"/>
	<message comment="Steven Davis misses attempt (High to the right, Out of box, Right footed, Open play)" minute="45" period="2" second="13" time="48" type="attempt missed" type_id="13"/>
	<message comment="Second half begins!" minute="45" period="2" second="0" time="48" type="start" type_id="32"/>
	<message comment="First half ends" minute="47" period="1" second="5" time="47" type="end" type_id="30"/>
	<message comment="Rickie Lambert wins a corner (To the right)" minute="46" period="1" second="26" time="46" type="corner" type_id="6"/>
	<message comment="Vito Mannone makes a save (Diving, Parried safe)" minute="46" period="1" second="23" time="46" type="save made" type_id="10"/>
	<message comment="Rickie Lambert has attempt saved (High to the right, Out of box, Right footed, Free kick)" minute="46" period="1" second="23" time="46" type="attempt blocked" type_id="15"/>
	<message comment="Jay Rodriguez misses attempt (Out of box, Right footed, Open play)" minute="41" period="1" second="40" time="41" type="attempt missed" type_id="13"/>
	<message comment="Wes Brown blocks a shot" minute="41" period="1" second="38" time="41" type="save made" type_id="10"/>
	<message comment="Adam Lallana has shot blocked (Out of box, Right footed, Open play)" minute="41" period="1" second="38" time="41" type="attempt blocked" type_id="15"/>
	<message comment="Ki Sung-Yueng recieves a yellow card" minute="37" period="1" second="27" time="37" type="card received" type_id="17"/>
	<message comment="Jay Rodriguez wins a corner (To the right)" minute="36" period="1" second="57" time="36" type="corner" type_id="6"/>
	<message comment="Wes Brown misses attempt (To the left, 6-yard box, Head, From corner)" minute="33" period="1" second="37" time="33" type="attempt missed" type_id="13"/>
	<message comment="Sebastian Larsson wins a corner (To the left)" minute="33" period="1" second="12" time="33" type="corner" type_id="6"/>
	<message comment="Sebastian Larsson has shot blocked (18-yard box, Right footed, Open play)" minute="33" period="1" second="10" time="33" type="attempt blocked" type_id="15"/>
	<message comment="José Fonte blocks a shot" minute="33" period="1" second="10" time="33" type="save made" type_id="10"/>
	<message comment="GOAL! Fabio Borini scores , Assisted by Adam Johnson (Low to the left, 18-yard box, Big Chance, Right footed, Open play)" minute="31" period="1" second="34" time="31" type="goal scored" type_id="16"/>
	<message comment="GOAL! Dejan Lovren scores , Assisted by Steven Davis (Low to the left, 18-yard box, Right footed, From corner)" minute="30" period="1" second="8" time="30" type="goal scored" type_id="16"/>
	<message comment="Adam Lallana wins a corner (To the right)" minute="29" period="1" second="46" time="29" type="corner" type_id="6"/>
	<message comment="Vito Mannone makes a save (Diving)" minute="28" period="1" second="20" time="28" type="save made" type_id="10"/>
	<message comment="Jay Rodriguez has attempt saved (Low to the centre, 18-yard box, Right footed, Open play)" minute="28" period="1" second="20" time="28" type="attempt blocked" type_id="15"/>
	<message comment="Phil Bardsley is caught offside" minute="26" period="1" time="26" type="offside" type_id="10000"/>
	<message comment="Rickie Lambert is caught offside" minute="25" period="1" time="25" type="offside" type_id="10000"/>
	<message comment="Rickie Lambert misses attempt (18-yard box, Right footed, Open play)" minute="20" period="1" second="50" time="20" type="attempt missed" type_id="13"/>
	<message comment="Luke Shaw wins a corner (To the left)" minute="17" period="1" second="30" time="17" type="corner" type_id="6"/>
	<message comment="Steven Davis wins a corner (To the right)" minute="16" period="1" second="52" time="16" type="corner" type_id="6"/>
	<message comment="Jack Cork wins a corner (To the right)" minute="16" period="1" second="19" time="16" type="corner" type_id="6"/>
	<message comment="Phil Bardsley blocks a shot" minute="16" period="1" second="3" time="16" type="save made" type_id="10"/>
	<message comment="Jay Rodriguez has shot blocked (18-yard box, Right footed, Open play)" minute="16" period="1" second="3" time="16" type="attempt blocked" type_id="15"/>
	<message comment="Phil Bardsley blocks a shot" minute="14" period="1" second="57" time="14" type="save made" type_id="10"/>
	<message comment="Jay Rodriguez has shot blocked (18-yard box, Right footed, Open play)" minute="14" period="1" second="57" time="14" type="attempt blocked" type_id="15"/>
	<message comment="Jack Cork misses attempt (High, Out of box, Right footed, Open play)" minute="12" period="1" second="30" time="12" type="attempt missed" type_id="13"/>
	<message comment="Lee Cattermole recieves a yellow card" minute="10" period="1" second="6" time="10" type="card received" type_id="17"/>
	<message comment="Formation Set" minute="0" period="14" second="0" time="10" type="end" type_id="30"/>
	<message comment="GOAL! Jay Rodriguez scores , Assisted by Morgan Schneiderlin (Low to the left, Out of box, Right footed, Open play)" minute="3" period="1" second="49" time="3" type="goal scored" type_id="16"/>
	<message comment="First half begins!" minute="0" period="1" second="0" time="0" type="start" type_id="32"/>
</Commentary>
