<?xml version="1.0" ?>
<Commentary away_team_name="Sunderland" competition="English Premier League" game_date="2012-02-01" home_team_name="Norwich" lang_id="en" season="Season 2011/2012" season_id="2011" sport_id="1" sport_name="Football">
	<message comment="Second half ends" minute="93" period="2" second="2" time="95" type="end" type_id="30"/>
	<message comment="Dong-Won Ji is caught offside" minute="91" period="2" time="93" type="offside" type_id="10000"/>
	<message comment="Craig Gardner is caught offside" minute="90" period="2" time="92" type="offside" type_id="10000"/>
	<message comment="Kyle Naughton recieves a yellow card" minute="89" period="2" second="58" time="91" type="card received" type_id="17"/>
	<message comment="Dong-Won Ji blocks a shot" minute="89" period="2" second="24" time="91" type="save made" type_id="10"/>
	<message comment="Kyle Naughton has shot blocked (Out of box, Right footed, From corner)" minute="89" period="2" second="24" time="91" type="attempt blocked" type_id="15"/>
	<message comment="Andrew Surman wins a corner (To the right)" minute="89" period="2" second="1" time="91" type="corner" type_id="6"/>
	<message comment="Aaron Wilbraham wins a corner (To the right)" minute="88" period="2" second="37" time="90" type="corner" type_id="6"/>
	<message comment="Andrew Surman misses attempt (High to the left, Out of box, Left footed, Open play)" minute="86" period="2" second="40" time="88" type="attempt missed" type_id="13"/>
	<message comment="Simon Mignolet makes a save (Collected, Standing)" minute="85" period="2" second="9" time="87" type="save made" type_id="10"/>
	<message comment="Aaron Wilbraham has attempt saved (High to the centre, Out of box, Right footed, Open play)" minute="85" period="2" second="9" time="87" type="attempt blocked" type_id="15"/>
	<message comment="Kieran Richardson is substituted off" minute="81" period="2" second="54" time="83" type="substitution off" type_id="18"/>
	<message comment="Wayne Bridge is substituted on" minute="81" period="2" second="54" time="83" type="substitution on" type_id="19"/>
	<message comment="Stéphane Sessegnon is substituted off" minute="81" period="2" second="36" time="83" type="substitution off" type_id="18"/>
	<message comment="David Meyler is substituted on" minute="81" period="2" second="36" time="83" type="substitution on" type_id="19"/>
	<message comment="Aaron Wilbraham misses attempt (High to the right, Out of box, Right footed, Open play)" minute="81" period="2" second="5" time="83" type="attempt missed" type_id="13"/>
	<message comment="Steve Morison misses attempt (High, Out of box, Right footed, Open play)" minute="78" period="2" second="28" time="80" type="attempt missed" type_id="13"/>
	<message comment="Grant Holt is substituted off" minute="77" period="2" second="44" time="79" type="substitution off" type_id="18"/>
	<message comment="Aaron Wilbraham is substituted on" minute="77" period="2" second="44" time="79" type="substitution on" type_id="19"/>
	<message comment="Jack Colback has attempt saved (Low to the centre, Out of box, Left footed, Open play)" minute="76" period="2" second="35" time="78" type="attempt blocked" type_id="15"/>
	<message comment="John Ruddy makes a save (Collected, Diving)" minute="76" period="2" second="35" time="78" type="save made" type_id="10"/>
	<message comment="Fraizer Campbell is substituted off" minute="74" period="2" second="0" time="76" type="substitution off" type_id="18"/>
	<message comment="Dong-Won Ji is substituted on" minute="74" period="2" second="0" time="76" type="substitution on" type_id="19"/>
	<message comment="Elliott Bennett wins a corner (To the right)" minute="72" period="2" second="48" time="74" type="corner" type_id="6"/>
	<message comment="Craig Gardner misses attempt (To the left, Out of box, Left footed, Open play)" minute="64" period="2" second="2" time="66" type="attempt missed" type_id="13"/>
	<message comment="Steve Morison misses attempt (18-yard box, Head, Open play)" minute="63" period="2" second="1" time="65" type="attempt missed" type_id="13"/>
	<message comment="Wes Hoolahan is substituted off" minute="61" period="2" second="36" time="63" type="substitution off" type_id="18"/>
	<message comment="Anthony Pilkington is substituted on" minute="61" period="2" second="36" time="63" type="substitution on" type_id="19"/>
	<message comment="Bradley Johnson is substituted off" minute="61" period="2" second="20" time="63" type="substitution off" type_id="18"/>
	<message comment="Elliott Bennett is substituted on" minute="61" period="2" second="20" time="63" type="substitution on" type_id="19"/>
	<message comment="Andrew Crofts misses attempt (To the right, 18-yard box, Head, Open play)" minute="60" period="2" second="57" time="62" type="attempt missed" type_id="13"/>
	<message comment="Andrew Surman wins a corner (To the left)" minute="58" period="2" second="10" time="60" type="corner" type_id="6"/>
	<message comment="Daniel Ayala scores an OWN GOAL!  (High to the right, 6-yard box, Right footed, Open play)" minute="53" period="2" second="45" time="55" type="goal scored" type_id="16"/>
	<message comment="Craig Gardner wins a corner (To the left)" minute="49" period="2" second="47" time="51" type="corner" type_id="6"/>
	<message comment="John Ruddy makes a save (Diving, Parried safe)" minute="49" period="2" second="44" time="51" type="save made" type_id="10"/>
	<message comment="Craig Gardner has attempt saved (Low to the right, 18-yard box, Right footed, Fast break)" minute="49" period="2" second="44" time="51" type="attempt blocked" type_id="15"/>
	<message comment="Kyle Naughton wins a corner (To the right)" minute="48" period="2" second="57" time="50" type="corner" type_id="6"/>
	<message comment="Second half begins!" minute="45" period="2" second="0" time="47" type="start" type_id="32"/>
	<message comment="First half ends" minute="46" period="1" second="40" time="46" type="end" type_id="30"/>
	<message comment="Russell Martin misses attempt (To the left, Out of box, Right footed, Open play)" minute="40" period="1" second="49" time="40" type="attempt missed" type_id="13"/>
	<message comment="Russell Martin has shot blocked (Out of box, Right footed, Open play)" minute="40" period="1" second="44" time="40" type="attempt blocked" type_id="15"/>
	<message comment="Michael Turner blocks a shot" minute="40" period="1" second="44" time="40" type="save made" type_id="10"/>
	<message comment="Craig Gardner misses attempt (To the left, Out of box, Left footed, Throw-in)" minute="39" period="1" second="22" time="39" type="attempt missed" type_id="13"/>
	<message comment="Wes Hoolahan has shot blocked (Out of box, Left footed, Open play)" minute="38" period="1" second="13" time="38" type="attempt blocked" type_id="15"/>
	<message comment="Craig Gardner blocks a shot" minute="38" period="1" second="13" time="38" type="save made" type_id="10"/>
	<message comment="Steve Morison is caught offside" minute="36" period="1" time="36" type="offside" type_id="10000"/>
	<message comment="Fraizer Campbell is caught offside" minute="35" period="1" time="35" type="offside" type_id="10000"/>
	<message comment="James McClean wins a corner (To the right)" minute="33" period="1" second="0" time="33" type="corner" type_id="6"/>
	<message comment="Sebastian Larsson wins a corner (To the right)" minute="32" period="1" second="23" time="32" type="corner" type_id="6"/>
	<message comment="Bradley Johnson blocks a shot" minute="31" period="1" second="52" time="31" type="save made" type_id="10"/>
	<message comment="Kieran Richardson has shot blocked (Out of box, Left footed, Open play)" minute="31" period="1" second="52" time="31" type="attempt blocked" type_id="15"/>
	<message comment="Bradley Johnson blocks a shot" minute="30" period="1" second="37" time="30" type="save made" type_id="10"/>
	<message comment="Craig Gardner has shot blocked (Out of box, Right footed, Open play)" minute="30" period="1" second="37" time="30" type="attempt blocked" type_id="15"/>
	<message comment="Russell Martin wins a corner (To the right)" minute="28" period="1" second="49" time="28" type="corner" type_id="6"/>
	<message comment="GOAL! Stéphane Sessegnon scores , Assisted by Fraizer Campbell (Low to the right, 18-yard box, Big Chance, Head, Open play)" minute="27" period="1" second="41" time="27" type="goal scored" type_id="16"/>
	<message comment="Zak Whitbread misses attempt (To the left, 18-yard box, Head, Set piece)" minute="22" period="1" second="15" time="22" type="attempt missed" type_id="13"/>
	<message comment="GOAL! Fraizer Campbell scores  (High to the right, Out of box, Right footed, Open play)" minute="20" period="1" second="4" time="20" type="goal scored" type_id="16"/>
	<message comment="Craig Gardner recieves a yellow card" minute="18" period="1" second="10" time="18" type="card received" type_id="17"/>
	<message comment="Andrew Surman misses attempt (High to the right, 18-yard box, Left footed, Set piece)" minute="12" period="1" second="8" time="12" type="attempt missed" type_id="13"/>
	<message comment="Steve Morison has shot blocked (18-yard box, Left footed, Set piece)" minute="12" period="1" second="5" time="12" type="attempt blocked" type_id="15"/>
	<message comment="Michael Turner blocks a shot" minute="12" period="1" second="5" time="12" type="save made" type_id="10"/>
	<message comment="Grant Holt has attempt saved (Low to the centre, 18-yard box, Left footed, Set piece)" minute="12" period="1" second="3" time="12" type="attempt blocked" type_id="15"/>
	<message comment="Simon Mignolet makes a save (Diving, Parried into danger)" minute="12" period="1" second="3" time="12" type="save made" type_id="10"/>
	<message comment="Russell Martin blocks a shot" minute="11" period="1" second="11" time="11" type="save made" type_id="10"/>
	<message comment="James McClean has shot blocked (18-yard box, Left footed, Set piece)" minute="11" period="1" second="11" time="11" type="attempt blocked" type_id="15"/>
	<message comment="Sebastian Larsson misses attempt (To the left, 18-yard box, Right footed, Open play)" minute="6" period="1" second="24" time="6" type="attempt missed" type_id="13"/>
	<message comment="Formation Set" minute="0" period="14" second="0" time="5" type="end" type_id="30"/>
	<message comment="Fraizer Campbell has attempt saved (Low to the left, 6-yard box, Head, Open play)" minute="4" period="1" second="21" time="4" type="attempt blocked" type_id="15"/>
	<message comment="John Ruddy makes a save (Diving, Parried safe)" minute="4" period="1" second="21" time="4" type="save made" type_id="10"/>
	<message comment="Fraizer Campbell has shot blocked (Out of box, Right footed, Open play)" minute="0" period="1" second="36" time="0" type="attempt blocked" type_id="15"/>
	<message comment="Bradley Johnson blocks a shot" minute="0" period="1" second="36" time="0" type="save made" type_id="10"/>
	<message comment="First half begins!" minute="0" period="1" second="0" time="0" type="start" type_id="32"/>
</Commentary>
