<?xml version="1.0" ?>
<Commentary away_team_name="Sunderland" competition="English Premier League" game_date="2013-10-05" home_team_name="Manchester United" lang_id="en" season="Season 2013/2014" season_id="2013" sport_id="1" sport_name="Football">
	<message comment="Second half ends" minute="95" period="2" second="35" time="98" type="end" type_id="30"/>
	<message comment="Dong-Won Ji wins a corner (To the right)" minute="93" period="2" second="47" time="96" type="corner" type_id="6"/>
	<message comment="Dong-Won Ji has shot blocked (18-yard box, Left footed, Open play)" minute="93" period="2" second="25" time="96" type="attempt blocked" type_id="15"/>
	<message comment="Wayne Rooney blocks a shot" minute="93" period="2" second="25" time="96" type="save made" type_id="10"/>
	<message comment="Connor Wickham wins a corner (To the left)" minute="93" period="2" second="0" time="96" type="corner" type_id="6"/>
	<message comment="Robin van Persie misses attempt (18-yard box, Big Chance, Left footed, Open play)" minute="88" period="2" second="10" time="91" type="attempt missed" type_id="13"/>
	<message comment="Rafael is substituted off" minute="85" period="2" second="8" time="88" type="substitution off" type_id="18"/>
	<message comment="Chris Smalling is substituted on" minute="85" period="2" second="8" time="88" type="substitution on" type_id="19"/>
	<message comment="Emanuele Giaccherini wins a corner (To the left)" minute="82" period="2" second="9" time="85" type="corner" type_id="6"/>
	<message comment="Keiren Westwood makes a save (Collected, Diving)" minute="80" period="2" second="53" time="83" type="save made" type_id="10"/>
	<message comment="Rafael has attempt saved (Low to the centre, Out of box, Left footed, Open play)" minute="80" period="2" second="53" time="83" type="attempt blocked" type_id="15"/>
	<message comment="John O'Shea recieves a yellow card" minute="80" period="2" second="11" time="83" type="card received" type_id="17"/>
	<message comment="Rafael recieves a yellow card" minute="77" period="2" second="31" time="80" type="card received" type_id="17"/>
	<message comment="Adnan Januzaj is substituted off" minute="76" period="2" second="7" time="79" type="substitution off" type_id="18"/>
	<message comment="Luis Antonio Valencia is substituted on" minute="76" period="2" second="7" time="79" type="substitution on" type_id="19"/>
	<message comment="Nani is substituted off" minute="76" period="2" second="3" time="79" type="substitution off" type_id="18"/>
	<message comment="Danny Welbeck is substituted on" minute="76" period="2" second="3" time="79" type="substitution on" type_id="19"/>
	<message comment="Ki Sung-Yueng is substituted off" minute="73" period="2" second="32" time="76" type="substitution off" type_id="18"/>
	<message comment="Connor Wickham is substituted on" minute="73" period="2" second="32" time="76" type="substitution on" type_id="19"/>
	<message comment="Wayne Rooney misses attempt (High to the right, 18-yard box, Right footed, Open play)" minute="73" period="2" second="6" time="76" type="attempt missed" type_id="13"/>
	<message comment="Nemanja Vidic recieves a yellow card" minute="69" period="2" second="44" time="72" type="card received" type_id="17"/>
	<message comment="Nani is caught offside" minute="65" period="2" time="68" type="offside" type_id="10000"/>
	<message comment="Adam Johnson is substituted off" minute="63" period="2" second="7" time="66" type="substitution off" type_id="18"/>
	<message comment="Dong-Won Ji is substituted on" minute="63" period="2" second="7" time="66" type="substitution on" type_id="19"/>
	<message comment="GOAL! Adnan Januzaj scores  (Low to the right, 18-yard box, Left footed, Open play)" minute="60" period="2" second="48" time="63" type="goal scored" type_id="16"/>
	<message comment="Robin van Persie is caught offside" minute="59" period="2" time="62" type="offside" type_id="10000"/>
	<message comment="Keiren Westwood makes a save (Collected, Diving)" minute="57" period="2" second="40" time="60" type="save made" type_id="10"/>
	<message comment="Robin van Persie has attempt saved (Low to the centre, 18-yard box, Left footed, Open play)" minute="57" period="2" second="40" time="60" type="attempt blocked" type_id="15"/>
	<message comment="Craig Gardner is substituted off" minute="55" period="2" second="34" time="58" type="substitution off" type_id="18"/>
	<message comment="Sebastian Larsson is substituted on" minute="55" period="2" second="34" time="58" type="substitution on" type_id="19"/>
	<message comment="GOAL! Adnan Januzaj scores , Assisted by Patrice Evra (Low to the left, 18-yard box, Right footed, Open play)" minute="54" period="2" second="4" time="57" type="goal scored" type_id="16"/>
	<message comment="Craig Gardner recieves a yellow card" minute="52" period="2" second="40" time="55" type="card received" type_id="17"/>
	<message comment="Adnan Januzaj recieves a yellow card" minute="47" period="2" second="49" time="50" type="card received" type_id="17"/>
	<message comment="Second half begins!" minute="45" period="2" second="0" time="48" type="start" type_id="32"/>
	<message comment="First half ends" minute="47" period="1" second="10" time="47" type="end" type_id="30"/>
	<message comment="Patrice Evra wins a corner (To the left)" minute="44" period="1" second="18" time="44" type="corner" type_id="6"/>
	<message comment="Emanuele Giaccherini misses attempt (High, 18-yard box, Big Chance, Left footed, Open play)" minute="43" period="1" second="23" time="43" type="attempt missed" type_id="13"/>
	<message comment="Adam Johnson has shot blocked (18-yard box, Left footed, Open play)" minute="43" period="1" second="20" time="43" type="attempt blocked" type_id="15"/>
	<message comment="Phil Jones blocks a shot" minute="43" period="1" second="20" time="43" type="save made" type_id="10"/>
	<message comment="Wayne Rooney recieves a yellow card" minute="41" period="1" second="2" time="41" type="card received" type_id="17"/>
	<message comment="Nani wins a corner (To the right)" minute="40" period="1" second="8" time="40" type="corner" type_id="6"/>
	<message comment="Keiren Westwood makes a save (Standing, Parried safe)" minute="40" period="1" second="6" time="40" type="save made" type_id="10"/>
	<message comment="Nani has attempt saved (High to the right, 18-yard box, Right footed, Open play)" minute="40" period="1" second="6" time="40" type="attempt blocked" type_id="15"/>
	<message comment="Valentin Roberge blocks a shot" minute="38" period="1" second="38" time="38" type="save made" type_id="10"/>
	<message comment="Adnan Januzaj has shot blocked (18-yard box, Left footed, Open play)" minute="38" period="1" second="38" time="38" type="attempt blocked" type_id="15"/>
	<message comment="Emanuele Giaccherini wins a corner (To the left)" minute="33" period="1" second="24" time="33" type="corner" type_id="6"/>
	<message comment="Emanuele Giaccherini has attempt saved (Low to the left, 18-yard box, Head, Open play)" minute="33" period="1" second="21" time="33" type="attempt blocked" type_id="15"/>
	<message comment="David de Gea makes a save (Parried safe, Diving)" minute="33" period="1" second="21" time="33" type="save made" type_id="10"/>
	<message comment="Emanuele Giaccherini is caught offside" minute="33" period="1" time="33" type="offside" type_id="10000"/>
	<message comment="Robin van Persie wins a corner (To the right)" minute="28" period="1" second="18" time="28" type="corner" type_id="6"/>
	<message comment="Keiren Westwood makes a save (Collected)" minute="22" period="1" second="47" time="22" type="save made" type_id="10"/>
	<message comment="Adnan Januzaj has attempt saved (Low to the centre, Out of box, Left footed, Open play)" minute="22" period="1" second="47" time="22" type="attempt blocked" type_id="15"/>
	<message comment="Nani misses attempt (To the left, 18-yard box, Right footed, Open play)" minute="20" period="1" second="7" time="20" type="attempt missed" type_id="13"/>
	<message comment="Emanuele Giaccherini has shot blocked (Out of box, Right footed, Free kick)" minute="19" period="1" second="7" time="19" type="attempt blocked" type_id="15"/>
	<message comment="Michael Carrick blocks a shot" minute="19" period="1" second="7" time="19" type="save made" type_id="10"/>
	<message comment="Adnan Januzaj misses attempt (Out of box, Right footed, Open play)" minute="16" period="1" second="58" time="16" type="attempt missed" type_id="13"/>
	<message comment="Patrice Evra is caught offside" minute="13" period="1" time="13" type="offside" type_id="10000"/>
	<message comment="Lee Cattermole blocks a shot" minute="11" period="1" second="57" time="11" type="save made" type_id="10"/>
	<message comment="Adnan Januzaj has shot blocked (Out of box, Left footed, Open play)" minute="11" period="1" second="57" time="11" type="attempt blocked" type_id="15"/>
	<message comment="Nani wins a corner (To the right)" minute="11" period="1" second="22" time="11" type="corner" type_id="6"/>
	<message comment="Formation Set" minute="0" period="14" second="0" time="8" type="end" type_id="30"/>
	<message comment="Nani misses attempt (Out of box, Right footed, Open play)" minute="6" period="1" second="41" time="6" type="attempt missed" type_id="13"/>
	<message comment="GOAL! Craig Gardner scores  (Low to the left, 18-yard box, Big Chance, Right footed, Open play)" minute="4" period="1" second="18" time="4" type="goal scored" type_id="16"/>
	<message comment="First half begins!" minute="0" period="1" second="0" time="0" type="start" type_id="32"/>
</Commentary>
