<?xml version="1.0" ?>
<Commentary away_team_name="Sunderland" competition="English Premier League" game_date="2013-09-29" home_team_name="Liverpool" lang_id="en" season="Season 2013/2014" season_id="2013" sport_id="1" sport_name="Football">
	<message comment="Second half ends" minute="93" period="2" second="25" time="96" type="end" type_id="30"/>
	<message comment="Adam Johnson misses attempt (To the left, Out of box, Left footed, From corner)" minute="91" period="2" second="43" time="94" type="attempt missed" type_id="13"/>
	<message comment="Emanuele Giaccherini wins a corner (To the left)" minute="91" period="2" second="23" time="94" type="corner" type_id="6"/>
	<message comment="Emanuele Giaccherini misses attempt (High to the left, Out of box, Left footed, Open play)" minute="89" period="2" second="49" time="92" type="attempt missed" type_id="13"/>
	<message comment="GOAL! Luis Suárez scores , Assisted by Daniel Sturridge (Low to the right, 18-yard box, Big Chance, Left footed, Fast break)" minute="88" period="2" second="24" time="91" type="goal scored" type_id="16"/>
	<message comment="Emanuele Giaccherini wins a corner (To the right)" minute="87" period="2" second="46" time="90" type="corner" type_id="6"/>
	<message comment="Jozy Altidore is caught offside" minute="86" period="2" time="89" type="offside" type_id="10000"/>
	<message comment="Sebastian Larsson is substituted off" minute="84" period="2" second="13" time="87" type="substitution off" type_id="18"/>
	<message comment="Charalampos Mavrias is substituted on" minute="84" period="2" second="13" time="87" type="substitution on" type_id="19"/>
	<message comment="Ki Sung-Yueng has shot blocked (18-yard box, Right footed, Throw-in)" minute="83" period="2" second="13" time="86" type="attempt blocked" type_id="15"/>
	<message comment="José Enrique blocks a shot" minute="83" period="2" second="13" time="86" type="save made" type_id="10"/>
	<message comment="Ondrej Celustka wins a corner (To the right)" minute="82" period="2" second="34" time="85" type="corner" type_id="6"/>
	<message comment="Lucas Leiva recieves a yellow card" minute="81" period="2" second="59" time="84" type="card received" type_id="17"/>
	<message comment="Jack Colback recieves a yellow card" minute="79" period="2" second="25" time="82" type="card received" type_id="17"/>
	<message comment="Kolo Touré wins a corner (To the right)" minute="77" period="2" second="48" time="80" type="corner" type_id="6"/>
	<message comment="Kolo Touré has attempt saved (High to the right, Out of box, Right footed, Open play)" minute="77" period="2" second="47" time="80" type="attempt blocked" type_id="15"/>
	<message comment="Keiren Westwood makes a save (Diving, Parried safe)" minute="77" period="2" second="47" time="80" type="save made" type_id="10"/>
	<message comment="Victor Moses is substituted off" minute="74" period="2" second="23" time="77" type="substitution off" type_id="18"/>
	<message comment="Raheem Sterling is substituted on" minute="74" period="2" second="23" time="77" type="substitution on" type_id="19"/>
	<message comment="Lee Cattermole is substituted off" minute="73" period="2" second="48" time="76" type="substitution off" type_id="18"/>
	<message comment="Ondrej Celustka is substituted on" minute="73" period="2" second="48" time="76" type="substitution on" type_id="19"/>
	<message comment="Luis Suárez misses attempt (To the right, Out of box, Right footed, Open play)" minute="73" period="2" second="4" time="76" type="attempt missed" type_id="13"/>
	<message comment="Luis Suárez has shot blocked (Out of box, Left footed, Open play)" minute="73" period="2" second="2" time="76" type="attempt blocked" type_id="15"/>
	<message comment="Lee Cattermole blocks a shot" minute="73" period="2" second="2" time="76" type="save made" type_id="10"/>
	<message comment="Steven Gerrard misses attempt (To the left, 18-yard box, Key pass, Right footed, Open play)" minute="73" period="2" second="0" time="76" type="attempt missed" type_id="13"/>
	<message comment="Keiren Westwood makes a save (Diving)" minute="71" period="2" second="36" time="74" type="save made" type_id="10"/>
	<message comment="Craig Gardner wins a corner (To the right)" minute="68" period="2" second="41" time="71" type="corner" type_id="6"/>
	<message comment="Victor Moses wins a corner (To the left)" minute="66" period="2" second="1" time="69" type="corner" type_id="6"/>
	<message comment="Keiren Westwood makes a save (Parried safe)" minute="65" period="2" second="59" time="68" type="save made" type_id="10"/>
	<message comment="Victor Moses has attempt saved (High to the left, 18-yard box, Right footed, Open play)" minute="65" period="2" second="59" time="68" type="attempt blocked" type_id="15"/>
	<message comment="Jozy Altidore has attempt saved (High to the right, Out of box, Right footed, Fast break)" minute="61" period="2" second="41" time="64" type="attempt blocked" type_id="15"/>
	<message comment="Simon Mignolet makes a save (Parried safe, Standing)" minute="61" period="2" second="41" time="64" type="save made" type_id="10"/>
	<message comment="Emanuele Giaccherini recieves a yellow card" minute="58" period="2" second="53" time="61" type="card received" type_id="17"/>
	<message comment="John O'Shea blocks a shot" minute="57" period="2" second="56" time="60" type="save made" type_id="10"/>
	<message comment="Steven Gerrard has shot blocked (Out of box, Right footed, Open play)" minute="57" period="2" second="56" time="60" type="attempt blocked" type_id="15"/>
	<message comment="Victor Moses has shot blocked (Out of box, Right footed, Open play)" minute="56" period="2" second="20" time="59" type="attempt blocked" type_id="15"/>
	<message comment="Carlos Cuellar blocks a shot" minute="56" period="2" second="20" time="59" type="save made" type_id="10"/>
	<message comment="Emanuele Giaccherini is caught offside" minute="55" period="2" time="58" type="offside" type_id="10000"/>
	<message comment="Craig Gardner wins a corner (To the left)" minute="53" period="2" second="53" time="56" type="corner" type_id="6"/>
	<message comment="Craig Gardner has attempt saved (Low to the left, Out of box, Right footed, Open play)" minute="53" period="2" second="51" time="56" type="attempt blocked" type_id="15"/>
	<message comment="Simon Mignolet makes a save (Parried safe, Diving)" minute="53" period="2" second="51" time="56" type="save made" type_id="10"/>
	<message comment="GOAL! Emanuele Giaccherini scores  (Low to the right, 18-yard box, Big Chance, Left footed, Open play)" minute="51" period="2" second="30" time="54" type="goal scored" type_id="16"/>
	<message comment="Ki Sung-Yueng has attempt saved (Low to the centre, Out of box, Right footed, Open play)" minute="51" period="2" second="28" time="54" type="attempt blocked" type_id="15"/>
	<message comment="Simon Mignolet makes a save (Parried into danger, Diving)" minute="51" period="2" second="28" time="54" type="save made" type_id="10"/>
	<message comment="Adam Johnson misses attempt (To the right, Out of box, Left footed, Open play)" minute="51" period="2" second="4" time="54" type="attempt missed" type_id="13"/>
	<message comment="Luis Suárez misses attempt (To the left, 18-yard box, Right footed, From corner)" minute="48" period="2" second="15" time="51" type="attempt missed" type_id="13"/>
	<message comment="Luis Suárez wins a corner (To the left)" minute="47" period="2" second="40" time="50" type="corner" type_id="6"/>
	<message comment="John O'Shea blocks a shot" minute="47" period="2" second="39" time="50" type="save made" type_id="10"/>
	<message comment="Luis Suárez has shot blocked (Out of box, Right footed, Open play)" minute="47" period="2" second="39" time="50" type="attempt blocked" type_id="15"/>
	<message comment="Emanuele Giaccherini misses attempt (To the right, 18-yard box, Left footed, Open play)" minute="46" period="2" second="39" time="49" type="attempt missed" type_id="13"/>
	<message comment="Second half begins!" minute="45" period="2" second="0" time="48" type="start" type_id="32"/>
	<message comment="First half ends" minute="47" period="1" second="16" time="47" type="end" type_id="30"/>
	<message comment="Sebastian Larsson has shot blocked (Out of box, Right footed, Open play)" minute="46" period="1" second="35" time="46" type="attempt blocked" type_id="15"/>
	<message comment="Steven Gerrard blocks a shot" minute="46" period="1" second="35" time="46" type="save made" type_id="10"/>
	<message comment="Adam Johnson misses attempt (18-yard box, Left footed, Open play)" minute="44" period="1" second="22" time="44" type="attempt missed" type_id="13"/>
	<message comment="Emanuele Giaccherini wins a corner (To the left)" minute="43" period="1" second="53" time="43" type="corner" type_id="6"/>
	<message comment="Simon Mignolet makes a save (Diving, Parried into danger)" minute="43" period="1" second="43" time="43" type="save made" type_id="10"/>
	<message comment="Craig Gardner has attempt saved (Low to the centre, 18-yard box, Big Chance, Left footed, Open play)" minute="43" period="1" second="43" time="43" type="attempt blocked" type_id="15"/>
	<message comment="Craig Gardner wins a corner (To the left)" minute="38" period="1" second="29" time="38" type="corner" type_id="6"/>
	<message comment="Victor Moses blocks a shot" minute="38" period="1" second="28" time="38" type="save made" type_id="10"/>
	<message comment="Craig Gardner has shot blocked (Out of box, Right footed, Set piece)" minute="38" period="1" second="28" time="38" type="attempt blocked" type_id="15"/>
	<message comment="GOAL! Luis Suárez scores , Assisted by Daniel Sturridge (Low to the left, 6-yard box, Big Chance, Right footed, Open play)" minute="35" period="1" second="37" time="35" type="goal scored" type_id="16"/>
	<message comment="Ki Sung-Yueng misses attempt (To the left, Out of box, Right footed, Open play)" minute="34" period="1" second="51" time="34" type="attempt missed" type_id="13"/>
	<message comment="Craig Gardner wins a corner (To the right)" minute="33" period="1" second="58" time="33" type="corner" type_id="6"/>
	<message comment="Sebastian Larsson has shot blocked (Out of box, Right footed, Open play)" minute="33" period="1" second="10" time="33" type="attempt blocked" type_id="15"/>
	<message comment="Mamadou Sakho blocks a shot" minute="33" period="1" second="10" time="33" type="save made" type_id="10"/>
	<message comment="José Enrique wins a corner (To the left)" minute="31" period="1" second="43" time="31" type="corner" type_id="6"/>
	<message comment="Sebastian Larsson wins a corner (To the left)" minute="30" period="1" second="14" time="30" type="corner" type_id="6"/>
	<message comment="John O'Shea misses attempt (High to the right, 18-yard box, Head, From corner)" minute="29" period="1" second="19" time="29" type="attempt missed" type_id="13"/>
	<message comment="Jozy Altidore wins a corner (To the right)" minute="28" period="1" second="59" time="28" type="corner" type_id="6"/>
	<message comment="GOAL! Daniel Sturridge scores , Assisted by Steven Gerrard (Low to the right, 6-yard box, Other body part, From corner)" minute="27" period="1" second="20" time="27" type="goal scored" type_id="16"/>
	<message comment="José Enrique wins a corner (To the left)" minute="26" period="1" second="57" time="26" type="corner" type_id="6"/>
	<message comment="Victor Moses misses attempt (High, 18-yard box, Right footed, Open play)" minute="25" period="1" second="42" time="25" type="attempt missed" type_id="13"/>
	<message comment="Mamadou Sakho blocks a shot" minute="23" period="1" second="26" time="23" type="save made" type_id="10"/>
	<message comment="Jozy Altidore has shot blocked (Out of box, Left footed, Set piece)" minute="23" period="1" second="26" time="23" type="attempt blocked" type_id="15"/>
	<message comment="Sebastian Larsson hits the woodwork (High, Out of box, Right footed, Free kick)" minute="23" period="1" second="20" time="23" type="woodwork hit" type_id="14"/>
	<message comment="Ki Sung-Yueng misses attempt (To the left, Out of box, Right footed, Open play)" minute="19" period="1" second="41" time="19" type="attempt missed" type_id="13"/>
	<message comment="Jordan Henderson wins a corner (To the right)" minute="18" period="1" second="53" time="18" type="corner" type_id="6"/>
	<message comment="Jozy Altidore is caught offside" minute="18" period="1" time="18" type="offside" type_id="10000"/>
	<message comment="Luis Suárez wins a corner (To the left)" minute="13" period="1" second="54" time="13" type="corner" type_id="6"/>
	<message comment="Martin Skrtel blocks a shot" minute="12" period="1" second="47" time="12" type="save made" type_id="10"/>
	<message comment="Jozy Altidore has shot blocked (18-yard box, Right footed, Open play)" minute="12" period="1" second="47" time="12" type="attempt blocked" type_id="15"/>
	<message comment="Jozy Altidore is caught offside" minute="12" period="1" time="12" type="offside" type_id="10000"/>
	<message comment="Craig Gardner misses attempt (To the right, Out of box, Left footed, Open play)" minute="12" period="1" second="0" time="12" type="attempt missed" type_id="13"/>
	<message comment="Kolo Touré blocks a shot" minute="11" period="1" second="55" time="11" type="save made" type_id="10"/>
	<message comment="Emanuele Giaccherini has shot blocked (Out of box, Left footed, Open play)" minute="11" period="1" second="55" time="11" type="attempt blocked" type_id="15"/>
	<message comment="Adam Johnson misses attempt (To the right, 18-yard box, Left footed, Open play)" minute="9" period="1" second="58" time="9" type="attempt missed" type_id="13"/>
	<message comment="Keiren Westwood makes a save (Parried into danger, Diving)" minute="8" period="1" second="42" time="8" type="save made" type_id="10"/>
	<message comment="Steven Gerrard has attempt saved (Low to the right, Out of box, Right footed, Free kick)" minute="8" period="1" second="42" time="8" type="attempt blocked" type_id="15"/>
	<message comment="Martin Skrtel is caught offside" minute="8" period="1" time="8" type="offside" type_id="10000"/>
	<message comment="Formation Set" minute="0" period="14" second="0" time="6" type="end" type_id="30"/>
	<message comment="Luis Suárez misses attempt (To the right, Out of box, Right footed, Open play)" minute="3" period="1" second="50" time="3" type="attempt missed" type_id="13"/>
	<message comment="Steven Gerrard wins a corner (To the right)" minute="3" period="1" second="9" time="3" type="corner" type_id="6"/>
	<message comment="First half begins!" minute="0" period="1" second="0" time="0" type="start" type_id="32"/>
</Commentary>
