<?xml version="1.0" ?>
<Commentary away_team_name="Sunderland" competition="English Premier League" game_date="2013-03-30" home_team_name="Manchester United" lang_id="en" season="Season 2012/2013" season_id="2012" sport_id="1" sport_name="Football">
	<message comment="Second half ends" minute="96" period="2" second="12" time="98" type="end" type_id="30"/>
	<message comment="Simon Mignolet makes a save (Diving, Parried safe)" minute="96" period="2" second="7" time="98" type="save made" type_id="10"/>
	<message comment="Robin van Persie has attempt saved (Low to the right, 18-yard box, Big Chance, Left footed, Open play)" minute="96" period="2" second="7" time="98" type="attempt blocked" type_id="15"/>
	<message comment="Robin van Persie is caught offside" minute="91" period="2" time="93" type="offside" type_id="10000"/>
	<message comment="Connor Wickham has attempt saved (Low to the left, Out of box, Right footed, Open play)" minute="89" period="2" second="32" time="91" type="attempt blocked" type_id="15"/>
	<message comment="David de Gea makes a save (Collected)" minute="89" period="2" second="32" time="91" type="save made" type_id="10"/>
	<message comment="Stéphane Sessegnon has shot blocked (Out of box, Right footed, Set piece)" minute="87" period="2" second="13" time="89" type="attempt blocked" type_id="15"/>
	<message comment="Tom Cleverley blocks a shot" minute="87" period="2" second="13" time="89" type="save made" type_id="10"/>
	<message comment="Danny Rose is substituted off" minute="84" period="2" second="57" time="86" type="substitution off" type_id="18"/>
	<message comment="Jack Colback is substituted on" minute="84" period="2" second="57" time="86" type="substitution on" type_id="19"/>
	<message comment="Anderson is substituted off" minute="83" period="2" second="56" time="85" type="substitution off" type_id="18"/>
	<message comment="Tom Cleverley is substituted on" minute="83" period="2" second="56" time="85" type="substitution on" type_id="19"/>
	<message comment="Nemanja Vidic misses attempt (6-yard box, Head, From corner)" minute="80" period="2" second="29" time="82" type="attempt missed" type_id="13"/>
	<message comment="Alexander Büttner wins a corner (To the left)" minute="79" period="2" second="52" time="81" type="corner" type_id="6"/>
	<message comment="Simon Mignolet makes a save (Diving, Parried safe)" minute="79" period="2" second="49" time="81" type="save made" type_id="10"/>
	<message comment="Alexander Büttner has attempt saved (High to the left, Out of box, Right footed, Open play)" minute="79" period="2" second="49" time="81" type="attempt blocked" type_id="15"/>
	<message comment="Phil Bardsley is substituted off" minute="78" period="2" second="42" time="80" type="substitution off" type_id="18"/>
	<message comment="Sebastian Larsson is substituted on" minute="78" period="2" second="42" time="80" type="substitution on" type_id="19"/>
	<message comment="Shinji Kagawa is substituted off" minute="78" period="2" second="26" time="80" type="substitution off" type_id="18"/>
	<message comment="Danny Welbeck is substituted on" minute="78" period="2" second="26" time="80" type="substitution on" type_id="19"/>
	<message comment="Phil Bardsley misses attempt (High to the right, Out of box, Right footed, Open play)" minute="76" period="2" second="45" time="78" type="attempt missed" type_id="13"/>
	<message comment="Adam Johnson is substituted off" minute="75" period="2" second="47" time="77" type="substitution off" type_id="18"/>
	<message comment="Connor Wickham is substituted on" minute="75" period="2" second="47" time="77" type="substitution on" type_id="19"/>
	<message comment="Phil Bardsley recieves a yellow card" minute="75" period="2" second="1" time="77" type="card received" type_id="17"/>
	<message comment="Robin van Persie is caught offside" minute="74" period="2" time="76" type="offside" type_id="10000"/>
	<message comment="Adam Johnson misses attempt (Out of box, Left footed, Open play)" minute="72" period="2" second="46" time="74" type="attempt missed" type_id="13"/>
	<message comment="Stéphane Sessegnon misses attempt (To the left, 18-yard box, Right footed, From corner)" minute="64" period="2" second="29" time="66" type="attempt missed" type_id="13"/>
	<message comment="Phil Bardsley wins a corner (To the right)" minute="64" period="2" second="7" time="66" type="corner" type_id="6"/>
	<message comment="Danny Graham wins a corner (To the right)" minute="59" period="2" second="31" time="61" type="corner" type_id="6"/>
	<message comment="Phil Bardsley misses attempt (High, 18-yard box, Right footed, Open play)" minute="58" period="2" second="56" time="60" type="attempt missed" type_id="13"/>
	<message comment="Robin van Persie recieves a yellow card" minute="57" period="2" second="29" time="59" type="card received" type_id="17"/>
	<message comment="Danny Rose blocks a shot" minute="50" period="2" second="2" time="52" type="save made" type_id="10"/>
	<message comment="Robin van Persie has shot blocked (18-yard box, Left footed, Free kick)" minute="50" period="2" second="2" time="52" type="attempt blocked" type_id="15"/>
	<message comment="John O'Shea recieves a yellow card" minute="49" period="2" second="28" time="51" type="card received" type_id="17"/>
	<message comment="Second half begins!" minute="45" period="2" second="0" time="47" type="start" type_id="32"/>
	<message comment="First half ends" minute="46" period="1" second="0" time="46" type="end" type_id="30"/>
	<message comment="Robin van Persie misses attempt (High, 18-yard box, Left footed, From corner)" minute="45" period="1" second="49" time="45" type="attempt missed" type_id="13"/>
	<message comment="Luis Antonio Valencia wins a corner (To the right)" minute="45" period="1" second="1" time="45" type="corner" type_id="6"/>
	<message comment="Chris Smalling misses attempt (To the right, 6-yard box, Head, From corner)" minute="41" period="1" second="34" time="41" type="attempt missed" type_id="13"/>
	<message comment="Robin van Persie wins a corner (To the left)" minute="41" period="1" second="1" time="41" type="corner" type_id="6"/>
	<message comment="Simon Mignolet makes a save (Parried safe)" minute="40" period="1" second="58" time="40" type="save made" type_id="10"/>
	<message comment="Robin van Persie has attempt saved (High to the centre, Out of box, Left footed, Free kick)" minute="40" period="1" second="58" time="40" type="attempt blocked" type_id="15"/>
	<message comment="Simon Mignolet makes a save (Diving)" minute="37" period="1" second="45" time="37" type="save made" type_id="10"/>
	<message comment="Robin van Persie has attempt saved (Low to the left, 18-yard box, Left footed, Open play)" minute="37" period="1" second="45" time="37" type="attempt blocked" type_id="15"/>
	<message comment="Simon Mignolet makes a save (Diving)" minute="32" period="1" second="28" time="32" type="save made" type_id="10"/>
	<message comment="Ashley Young has attempt saved (Low to the right, Out of box, Right footed, Free kick)" minute="32" period="1" second="28" time="32" type="attempt blocked" type_id="15"/>
	<message comment="Rafael is substituted off" minute="32" period="1" second="1" time="32" type="substitution off" type_id="18"/>
	<message comment="Jonny Evans is substituted on" minute="32" period="1" second="1" time="32" type="substitution on" type_id="19"/>
	<message comment="Phil Bardsley misses attempt (High to the right, Out of box, Right footed, Open play)" minute="30" period="1" second="3" time="30" type="attempt missed" type_id="13"/>
	<message comment="Titus Bramble scores an OWN GOAL!  (High to the right, 6-yard box, Right footed, Open play)" minute="26" period="1" second="9" time="26" type="goal scored" type_id="16"/>
	<message comment="Phil Bardsley blocks a shot" minute="26" period="1" second="8" time="26" type="save made" type_id="10"/>
	<message comment="Robin van Persie has shot blocked (18-yard box, Left footed, Open play)" minute="26" period="1" second="8" time="26" type="attempt blocked" type_id="15"/>
	<message comment="Alfred N'Diaye recieves a yellow card" minute="25" period="1" second="38" time="25" type="card received" type_id="17"/>
	<message comment="Ashley Young wins a corner (To the right)" minute="17" period="1" second="52" time="17" type="corner" type_id="6"/>
	<message comment="Nemanja Vidic misses attempt (18-yard box, Head, From corner)" minute="17" period="1" second="8" time="17" type="attempt missed" type_id="13"/>
	<message comment="Shinji Kagawa wins a corner (To the left)" minute="16" period="1" second="36" time="16" type="corner" type_id="6"/>
	<message comment="Craig Gardner has shot blocked (Out of box, Left footed, Open play)" minute="14" period="1" second="41" time="14" type="attempt blocked" type_id="15"/>
	<message comment="Chris Smalling blocks a shot" minute="14" period="1" second="41" time="14" type="save made" type_id="10"/>
	<message comment="Robin van Persie is caught offside" minute="12" period="1" time="12" type="offside" type_id="10000"/>
	<message comment="Alexander Büttner wins a corner (To the left)" minute="11" period="1" second="32" time="11" type="corner" type_id="6"/>
	<message comment="Simon Mignolet makes a save (Parried safe, Diving, Feet)" minute="11" period="1" second="30" time="11" type="save made" type_id="10"/>
	<message comment="Alexander Büttner has attempt saved (Low to the centre, 18-yard box, Left footed, Open play)" minute="11" period="1" second="30" time="11" type="attempt blocked" type_id="15"/>
	<message comment="Formation Set" minute="0" period="14" second="0" time="8" type="end" type_id="30"/>
	<message comment="Craig Gardner has shot blocked (Out of box, Left footed, From corner)" minute="6" period="1" second="9" time="6" type="attempt blocked" type_id="15"/>
	<message comment="Nemanja Vidic blocks a shot" minute="6" period="1" second="9" time="6" type="save made" type_id="10"/>
	<message comment="James McClean wins a corner (To the left)" minute="5" period="1" second="37" time="5" type="corner" type_id="6"/>
	<message comment="Simon Mignolet makes a save (Collected)" minute="3" period="1" second="25" time="3" type="save made" type_id="10"/>
	<message comment="Shinji Kagawa has attempt saved (Low to the centre, 18-yard box, Right footed, Open play)" minute="3" period="1" second="25" time="3" type="attempt blocked" type_id="15"/>
	<message comment="Stéphane Sessegnon is caught offside" minute="3" period="1" time="3" type="offside" type_id="10000"/>
	<message comment="Simon Mignolet makes a save (Standing)" minute="2" period="1" second="56" time="2" type="save made" type_id="10"/>
	<message comment="Robin van Persie has attempt saved (Low to the right, 18-yard box, Head, Open play)" minute="2" period="1" second="56" time="2" type="attempt blocked" type_id="15"/>
	<message comment="First half begins!" minute="0" period="1" second="0" time="0" type="start" type_id="32"/>
</Commentary>
