<?xml version="1.0" ?>
<Commentary away_team_name="Sunderland" competition="English Premier League" game_date="2013-03-17" home_team_name="Norwich" lang_id="en" season="Season 2012/2013" season_id="2012" sport_id="1" sport_name="Football">
	<message comment="Second half ends" minute="94" period="2" second="27" time="98" type="end" type_id="30"/>
	<message comment="Lee Camp recieves a yellow card" minute="91" period="2" second="30" time="95" type="card received" type_id="17"/>
	<message comment="Sebastian Larsson recieves a yellow card" minute="88" period="2" second="55" time="92" type="card received" type_id="17"/>
	<message comment="Robert Snodgrass is substituted off" minute="88" period="2" second="5" time="92" type="substitution off" type_id="18"/>
	<message comment="Steven Whittaker is substituted on" minute="88" period="2" second="5" time="92" type="substitution on" type_id="19"/>
	<message comment="Stéphane Sessegnon misses attempt (To the left, 18-yard box, Big Chance, Right footed, Open play)" minute="86" period="2" second="23" time="90" type="attempt missed" type_id="13"/>
	<message comment="Adam Johnson is substituted off" minute="83" period="2" second="31" time="87" type="substitution off" type_id="18"/>
	<message comment="Connor Wickham is substituted on" minute="83" period="2" second="31" time="87" type="substitution on" type_id="19"/>
	<message comment="Adam Johnson is caught offside" minute="80" period="2" time="84" type="offside" type_id="10000"/>
	<message comment="Adam Johnson wins a corner (To the left)" minute="79" period="2" second="19" time="83" type="corner" type_id="6"/>
	<message comment="Robert Snodgrass blocks a shot" minute="79" period="2" second="18" time="83" type="save made" type_id="10"/>
	<message comment="Adam Johnson has shot blocked (Out of box, Left footed, From corner)" minute="79" period="2" second="18" time="83" type="attempt blocked" type_id="15"/>
	<message comment="David Vaughan wins a corner (To the left)" minute="78" period="2" second="56" time="82" type="corner" type_id="6"/>
	<message comment="Elliott Bennett misses attempt (High to the right, Out of box, Right footed, Free kick)" minute="77" period="2" second="35" time="81" type="attempt missed" type_id="13"/>
	<message comment="Danny Graham is substituted off" minute="74" period="2" second="40" time="78" type="substitution off" type_id="18"/>
	<message comment="James McClean is substituted on" minute="74" period="2" second="40" time="78" type="substitution on" type_id="19"/>
	<message comment="Grant Holt recieves a yellow card" minute="71" period="2" second="40" time="75" type="card received" type_id="17"/>
	<message comment="Jonny Howson misses attempt (To the left, Out of box, Right footed, Set piece)" minute="70" period="2" second="29" time="74" type="attempt missed" type_id="13"/>
	<message comment="Sebastien Bassong misses attempt (To the right, 18-yard box, Left footed, Set piece)" minute="70" period="2" second="24" time="74" type="attempt missed" type_id="13"/>
	<message comment="Carlos Cuellar is substituted off" minute="70" period="2" second="3" time="74" type="substitution off" type_id="18"/>
	<message comment="Titus Bramble is substituted on" minute="70" period="2" second="3" time="74" type="substitution on" type_id="19"/>
	<message comment="Elliott Bennett wins a corner (To the right)" minute="67" period="2" second="23" time="71" type="corner" type_id="6"/>
	<message comment="Kei Kamara is substituted off" minute="64" period="2" second="15" time="68" type="substitution off" type_id="18"/>
	<message comment="Grant Holt is substituted on" minute="64" period="2" second="15" time="68" type="substitution on" type_id="19"/>
	<message comment="Lee Camp makes a save (Parried into danger, Diving)" minute="60" period="2" second="51" time="64" type="save made" type_id="10"/>
	<message comment="Adam Johnson has attempt saved (Low to the right, Out of box, Left footed, Open play)" minute="60" period="2" second="51" time="64" type="attempt blocked" type_id="15"/>
	<message comment="Craig Gardner wins a corner (To the left)" minute="58" period="2" second="6" time="62" type="corner" type_id="6"/>
	<message comment="Lee Camp makes a save (Standing)" minute="58" period="2" second="2" time="62" type="save made" type_id="10"/>
	<message comment="Craig Gardner has attempt saved (High to the centre, 18-yard box, Right footed, Fast break)" minute="58" period="2" second="2" time="62" type="attempt blocked" type_id="15"/>
	<message comment="Russell Martin wins a corner (To the right)" minute="57" period="2" second="3" time="61" type="corner" type_id="6"/>
	<message comment="Elliott Bennett misses attempt (To the left, Out of box, Right footed, Open play)" minute="53" period="2" second="50" time="57" type="attempt missed" type_id="13"/>
	<message comment="Lee Camp makes a save (Standing)" minute="53" period="2" second="3" time="57" type="save made" type_id="10"/>
	<message comment="Craig Gardner has attempt saved (Low to the right, Out of box, Left footed, Open play)" minute="53" period="2" second="3" time="57" type="attempt blocked" type_id="15"/>
	<message comment="Bradley Johnson blocks a shot" minute="52" period="2" second="59" time="56" type="save made" type_id="10"/>
	<message comment="Craig Gardner has shot blocked (Out of box, Left footed, Open play)" minute="52" period="2" second="59" time="56" type="attempt blocked" type_id="15"/>
	<message comment="Second half begins!" minute="45" period="2" second="0" time="49" type="start" type_id="32"/>
	<message comment="First half ends" minute="48" period="1" second="6" time="48" type="end" type_id="30"/>
	<message comment="Danny Rose wins a corner (To the left)" minute="48" period="1" second="4" time="48" type="corner" type_id="6"/>
	<message comment="Danny Rose has shot blocked (Out of box, Left footed, Open play)" minute="48" period="1" second="3" time="48" type="attempt blocked" type_id="15"/>
	<message comment="Michael Turner blocks a shot" minute="48" period="1" second="3" time="48" type="save made" type_id="10"/>
	<message comment="Danny Graham misses attempt (To the right, 18-yard box, Big Chance, Left footed, Open play)" minute="41" period="1" second="16" time="41" type="attempt missed" type_id="13"/>
	<message comment="Lee Camp makes a save (Diving, Parried into danger)" minute="41" period="1" second="13" time="41" type="save made" type_id="10"/>
	<message comment="Sebastian Larsson has attempt saved (Low to the left, Out of box, Right footed, Open play)" minute="41" period="1" second="13" time="41" type="attempt blocked" type_id="15"/>
	<message comment="GOAL! Craig Gardner scores  (High to the left, 18-yard box, Penalty, Big Chance, Right footed)" minute="39" period="1" second="6" time="39" type="goal scored" type_id="16"/>
	<message comment="Robert Snodgrass recieves a yellow card" minute="38" period="1" second="20" time="38" type="card received" type_id="17"/>
	<message comment="Elliott Bennett misses attempt (High to the right, Out of box, Right footed, From corner)" minute="35" period="1" second="38" time="35" type="attempt missed" type_id="13"/>
	<message comment="Elliott Bennett wins a corner (To the right)" minute="34" period="1" second="59" time="34" type="corner" type_id="6"/>
	<message comment="Craig Gardner misses attempt (Out of box, Right footed, Free kick)" minute="32" period="1" second="3" time="32" type="attempt missed" type_id="13"/>
	<message comment="Wes Hoolahan is substituted off" minute="31" period="1" second="10" time="31" type="substitution off" type_id="18"/>
	<message comment="Lee Camp is substituted on" minute="31" period="1" second="10" time="31" type="substitution on" type_id="19"/>
	<message comment="Mark Bunn recieves a red card" minute="29" period="1" second="1" time="29" type="card received" type_id="17"/>
	<message comment="Danny Rose misses attempt (High, Out of box, Left footed, Open play)" minute="28" period="1" second="16" time="28" type="attempt missed" type_id="13"/>
	<message comment="GOAL! Wes Hoolahan scores , Assisted by Kei Kamara (High to the centre, 6-yard box, Big Chance, Head, From corner)" minute="25" period="1" second="7" time="25" type="goal scored" type_id="16"/>
	<message comment="Kei Kamara has shot blocked (6-yard box, Key pass, Head, From corner)" minute="25" period="1" second="6" time="25" type="attempt blocked" type_id="15"/>
	<message comment="Elliott Bennett wins a corner (To the right)" minute="24" period="1" second="34" time="24" type="corner" type_id="6"/>
	<message comment="Elliott Bennett wins a corner (To the left)" minute="23" period="1" second="54" time="23" type="corner" type_id="6"/>
	<message comment="Elliott Bennett wins a corner (To the right)" minute="23" period="1" second="3" time="23" type="corner" type_id="6"/>
	<message comment="Stéphane Sessegnon misses attempt (High to the left, 18-yard box, Left footed, Fast break)" minute="21" period="1" second="22" time="21" type="attempt missed" type_id="13"/>
	<message comment="Russell Martin wins a corner (To the right)" minute="18" period="1" second="11" time="18" type="corner" type_id="6"/>
	<message comment="Stéphane Sessegnon is caught offside" minute="16" period="1" time="16" type="offside" type_id="10000"/>
	<message comment="Adam Johnson wins a corner (To the right)" minute="14" period="1" second="35" time="14" type="corner" type_id="6"/>
	<message comment="Danny Graham is caught offside" minute="11" period="1" time="11" type="offside" type_id="10000"/>
	<message comment="Bradley Johnson blocks a shot" minute="9" period="1" second="44" time="9" type="save made" type_id="10"/>
	<message comment="Sebastian Larsson has shot blocked (Out of box, Right footed, Free kick)" minute="9" period="1" second="44" time="9" type="attempt blocked" type_id="15"/>
	<message comment="Formation Set" minute="0" period="14" second="0" time="8" type="end" type_id="30"/>
	<message comment="Mark Bunn makes a save (Collected, Diving)" minute="5" period="1" second="21" time="5" type="save made" type_id="10"/>
	<message comment="Danny Graham has attempt saved (Low to the centre, 18-yard box, Right footed, Set piece)" minute="5" period="1" second="21" time="5" type="attempt blocked" type_id="15"/>
	<message comment="Robert Snodgrass wins a corner (To the left)" minute="3" period="1" second="23" time="3" type="corner" type_id="6"/>
	<message comment="Sebastien Bassong has shot blocked (Out of box, Left footed, Open play)" minute="2" period="1" second="58" time="2" type="attempt blocked" type_id="15"/>
	<message comment="Sebastian Larsson blocks a shot" minute="2" period="1" second="58" time="2" type="save made" type_id="10"/>
	<message comment="Robert Snodgrass wins a corner (To the left)" minute="2" period="1" second="37" time="2" type="corner" type_id="6"/>
	<message comment="Craig Gardner wins a corner (To the right)" minute="0" period="1" second="53" time="0" type="corner" type_id="6"/>
	<message comment="Kei Kamara is caught offside" minute="0" period="1" time="0" type="offside" type_id="10000"/>
	<message comment="First half begins!" minute="0" period="1" second="0" time="0" type="start" type_id="32"/>
</Commentary>
