<?xml version="1.0" ?>
<Commentary away_team_name="Sunderland" competition="English Premier League" game_date="2013-10-27" home_team_name="Newcastle United" lang_id="en" season="Season 2013/2014" season_id="2013" sport_id="1" sport_name="Football">
	<message comment="Second half ends" minute="94" period="2" second="0" time="97" type="end" type_id="30"/>
	<message comment="Keiren Westwood makes a save (Collected)" minute="93" period="2" second="30" time="96" type="save made" type_id="10"/>
	<message comment="Yohan Cabaye has attempt saved (Low to the centre, Out of box, Right footed, Open play)" minute="93" period="2" second="30" time="96" type="attempt blocked" type_id="15"/>
	<message comment="Steven Fletcher wins a corner (To the right)" minute="92" period="2" second="9" time="95" type="corner" type_id="6"/>
	<message comment="Steven Fletcher wins a corner (To the right)" minute="91" period="2" second="41" time="94" type="corner" type_id="6"/>
	<message comment="Sebastian Larsson wins a corner (To the right)" minute="91" period="2" second="7" time="94" type="corner" type_id="6"/>
	<message comment="Keiren Westwood makes a save (Diving)" minute="88" period="2" second="0" time="91" type="save made" type_id="10"/>
	<message comment="Yoan Gouffran is substituted off" minute="85" period="2" second="55" time="88" type="substitution off" type_id="18"/>
	<message comment="Sammy Ameobi is substituted on" minute="85" period="2" second="55" time="88" type="substitution on" type_id="19"/>
	<message comment="GOAL! Fabio Borini scores , Assisted by Jozy Altidore (High to the right, Out of box, Right footed, Open play)" minute="83" period="2" second="55" time="86" type="goal scored" type_id="16"/>
	<message comment="Jack Colback blocks a shot" minute="83" period="2" second="30" time="86" type="save made" type_id="10"/>
	<message comment="Hatem Ben Arfa has shot blocked (Out of box, Left footed, Open play)" minute="83" period="2" second="30" time="86" type="attempt blocked" type_id="15"/>
	<message comment="Steven Fletcher has shot blocked (Out of box, Left footed, Free kick)" minute="80" period="2" second="27" time="83" type="attempt blocked" type_id="15"/>
	<message comment="Cheick Tioté blocks a shot" minute="80" period="2" second="27" time="83" type="save made" type_id="10"/>
	<message comment="Shola Ameobi misses attempt (Out of box, Right footed, Open play)" minute="77" period="2" second="12" time="80" type="attempt missed" type_id="13"/>
	<message comment="Phil Bardsley is substituted off" minute="76" period="2" second="13" time="79" type="substitution off" type_id="18"/>
	<message comment="Ondrej Celustka is substituted on" minute="76" period="2" second="13" time="79" type="substitution on" type_id="19"/>
	<message comment="Jozy Altidore is caught offside" minute="76" period="2" time="79" type="offside" type_id="10000"/>
	<message comment="Davide Santon misses attempt (Out of box, Right footed, Open play)" minute="75" period="2" second="35" time="78" type="attempt missed" type_id="13"/>
	<message comment="Steven Fletcher is caught offside" minute="74" period="2" time="77" type="offside" type_id="10000"/>
	<message comment="Keiren Westwood makes a save (Collected)" minute="72" period="2" second="34" time="75" type="save made" type_id="10"/>
	<message comment="Yohan Cabaye has attempt saved (Low to the left, Out of box, Right footed, Open play)" minute="72" period="2" second="34" time="75" type="attempt blocked" type_id="15"/>
	<message comment="Lee Cattermole is substituted off" minute="69" period="2" second="40" time="72" type="substitution off" type_id="18"/>
	<message comment="Ki Sung-Yueng is substituted on" minute="69" period="2" second="40" time="72" type="substitution on" type_id="19"/>
	<message comment="Loïc Rémy is substituted off" minute="69" period="2" second="25" time="72" type="substitution off" type_id="18"/>
	<message comment="Shola Ameobi is substituted on" minute="69" period="2" second="25" time="72" type="substitution on" type_id="19"/>
	<message comment="Fabio Borini has attempt saved (Low to the left, 18-yard box, Right footed, Open play)" minute="68" period="2" second="28" time="71" type="attempt blocked" type_id="15"/>
	<message comment="Tim Krul makes a save (Parried safe, Diving)" minute="68" period="2" second="28" time="71" type="save made" type_id="10"/>
	<message comment="Adam Johnson is substituted off" minute="68" period="2" second="3" time="71" type="substitution off" type_id="18"/>
	<message comment="Fabio Borini is substituted on" minute="68" period="2" second="3" time="71" type="substitution on" type_id="19"/>
	<message comment="Loïc Rémy is caught offside" minute="68" period="2" time="71" type="offside" type_id="10000"/>
	<message comment="Carlos Cuellar blocks a shot" minute="66" period="2" second="23" time="69" type="save made" type_id="10"/>
	<message comment="Davide Santon has shot blocked (Out of box, Right footed, Open play)" minute="66" period="2" second="23" time="69" type="attempt blocked" type_id="15"/>
	<message comment="Yohan Cabaye misses attempt (Out of box, Right footed, Open play)" minute="62" period="2" second="39" time="65" type="attempt missed" type_id="13"/>
	<message comment="Sebastian Larsson misses attempt (High, Out of box, Right footed, From corner)" minute="60" period="2" second="50" time="63" type="attempt missed" type_id="13"/>
	<message comment="Adam Johnson wins a corner (To the left)" minute="60" period="2" second="20" time="63" type="corner" type_id="6"/>
	<message comment="GOAL! Mathieu Debuchy scores , Assisted by Hatem Ben Arfa (Low to the right, 6-yard box, Big Chance, Right footed, Open play)" minute="56" period="2" second="58" time="59" type="goal scored" type_id="16"/>
	<message comment="Lee Cattermole blocks a shot" minute="56" period="2" second="38" time="59" type="save made" type_id="10"/>
	<message comment="Hatem Ben Arfa has shot blocked (Out of box, Left footed, Open play)" minute="56" period="2" second="38" time="59" type="attempt blocked" type_id="15"/>
	<message comment="Andrea Dossena misses attempt (To the left, Out of box, Right footed, Open play)" minute="47" period="2" second="56" time="50" type="attempt missed" type_id="13"/>
	<message comment="Moussa Sissoko is substituted off" minute="45" period="2" second="0" time="48" type="substitution off" type_id="18"/>
	<message comment="Papiss Demba Cissé is substituted on" minute="45" period="2" second="0" time="48" type="substitution on" type_id="19"/>
	<message comment="Second half begins!" minute="45" period="2" second="0" time="48" type="start" type_id="32"/>
	<message comment="First half ends" minute="47" period="1" second="0" time="47" type="end" type_id="30"/>
	<message comment="Sebastian Larsson is caught offside" minute="41" period="1" time="41" type="offside" type_id="10000"/>
	<message comment="Hatem Ben Arfa misses attempt (High to the right, Out of box, Left footed, Free kick)" minute="37" period="1" second="23" time="37" type="attempt missed" type_id="13"/>
	<message comment="Yoan Gouffran wins a corner (To the right)" minute="30" period="1" second="26" time="30" type="corner" type_id="6"/>
	<message comment="Mike Williamson misses attempt (18-yard box, Head, From corner)" minute="29" period="1" second="56" time="29" type="attempt missed" type_id="13"/>
	<message comment="Loïc Rémy wins a corner (To the left)" minute="29" period="1" second="23" time="29" type="corner" type_id="6"/>
	<message comment="Yohan Cabaye recieves a yellow card" minute="27" period="1" second="55" time="27" type="card received" type_id="17"/>
	<message comment="Loïc Rémy is caught offside" minute="27" period="1" time="27" type="offside" type_id="10000"/>
	<message comment="Yohan Cabaye misses attempt (To the left, Out of box, Right footed, Open play)" minute="22" period="1" second="20" time="22" type="attempt missed" type_id="13"/>
	<message comment="Mathieu Debuchy misses attempt (To the left, Out of box, Right footed, From corner)" minute="20" period="1" second="13" time="20" type="attempt missed" type_id="13"/>
	<message comment="Jack Colback is caught offside" minute="20" period="1" time="20" type="offside" type_id="10000"/>
	<message comment="Yohan Cabaye wins a corner (To the left)" minute="19" period="1" second="44" time="19" type="corner" type_id="6"/>
	<message comment="Steven Fletcher has attempt saved (Low to the left, Out of box, Left footed, Open play)" minute="15" period="1" second="59" time="15" type="attempt blocked" type_id="15"/>
	<message comment="Tim Krul makes a save (Parried into danger, Diving)" minute="15" period="1" second="59" time="15" type="save made" type_id="10"/>
	<message comment="Keiren Westwood makes a save (Parried safe)" minute="15" period="1" second="30" time="15" type="save made" type_id="10"/>
	<message comment="Yohan Cabaye has attempt saved (Low to the right, Out of box, Right footed, Free kick)" minute="15" period="1" second="30" time="15" type="attempt blocked" type_id="15"/>
	<message comment="Steven Fletcher misses attempt (To the right, 18-yard box, Head, Open play)" minute="13" period="1" second="42" time="13" type="attempt missed" type_id="13"/>
	<message comment="Hatem Ben Arfa misses attempt (High to the left, Out of box, Left footed, Open play)" minute="12" period="1" second="49" time="12" type="attempt missed" type_id="13"/>
	<message comment="Yohan Cabaye misses attempt (High, Out of box, Right footed, Open play)" minute="10" period="1" second="9" time="10" type="attempt missed" type_id="13"/>
	<message comment="Formation Set" minute="0" period="14" second="0" time="7" type="end" type_id="30"/>
	<message comment="Steven Fletcher recieves a yellow card" minute="4" period="1" second="59" time="4" type="card received" type_id="17"/>
	<message comment="GOAL! Steven Fletcher scores , Assisted by Adam Johnson (Low to the left, 6-yard box, Big Chance, Head, From corner)" minute="4" period="1" second="26" time="4" type="goal scored" type_id="16"/>
	<message comment="Jozy Altidore wins a corner (To the right)" minute="3" period="1" second="50" time="3" type="corner" type_id="6"/>
	<message comment="First half begins!" minute="0" period="1" second="0" time="0" type="start" type_id="32"/>
</Commentary>
