<?xml version="1.0" ?>
<Commentary away_team_name="Sunderland" competition="English Premier League" game_date="2011-12-26" home_team_name="Everton" lang_id="en" season="Season 2011/2012" season_id="2011" sport_id="1" sport_name="Football">
	<message comment="Second half ends" minute="93" period="2" second="7" time="95" type="end" type_id="30"/>
	<message comment="James McClean blocks a shot" minute="93" period="2" second="4" time="95" type="save made" type_id="10"/>
	<message comment="Sylvain Distin has shot blocked (18-yard box, Right footed, From corner)" minute="93" period="2" second="4" time="95" type="attempt blocked" type_id="15"/>
	<message comment="Leon Osman wins a corner (To the left)" minute="92" period="2" second="45" time="94" type="corner" type_id="6"/>
	<message comment="John O'Shea blocks a shot" minute="92" period="2" second="34" time="94" type="save made" type_id="10"/>
	<message comment="Leon Osman has shot blocked (18-yard box, Right footed, Open play)" minute="92" period="2" second="34" time="94" type="attempt blocked" type_id="15"/>
	<message comment="Sebastian Larsson wins a corner (To the right)" minute="89" period="2" second="45" time="91" type="corner" type_id="6"/>
	<message comment="Tim Cahill is substituted off" minute="86" period="2" second="38" time="88" type="substitution off" type_id="18"/>
	<message comment="James McFadden is substituted on" minute="86" period="2" second="38" time="88" type="substitution on" type_id="19"/>
	<message comment="Lee Cattermole has shot blocked (Out of box, Right footed, Open play)" minute="85" period="2" second="24" time="87" type="attempt blocked" type_id="15"/>
	<message comment="John Heitinga blocks a shot" minute="85" period="2" second="24" time="87" type="save made" type_id="10"/>
	<message comment="Louis Saha is substituted off" minute="83" period="2" second="34" time="85" type="substitution off" type_id="18"/>
	<message comment="Apostolos Vellios is substituted on" minute="83" period="2" second="34" time="85" type="substitution on" type_id="19"/>
	<message comment="James McClean misses attempt (To the right, Out of box, Left footed, Open play)" minute="81" period="2" second="26" time="83" type="attempt missed" type_id="13"/>
	<message comment="David Vaughan is substituted off" minute="80" period="2" second="36" time="82" type="substitution off" type_id="18"/>
	<message comment="James McClean is substituted on" minute="80" period="2" second="36" time="82" type="substitution on" type_id="19"/>
	<message comment="Stéphane Sessegnon wins a corner (To the right)" minute="77" period="2" second="37" time="79" type="corner" type_id="6"/>
	<message comment="Sylvain Distin blocks a shot" minute="77" period="2" second="29" time="79" type="save made" type_id="10"/>
	<message comment="Stéphane Sessegnon has shot blocked (18-yard box, Right footed, Open play)" minute="77" period="2" second="29" time="79" type="attempt blocked" type_id="15"/>
	<message comment="Royston Drenthe is substituted off" minute="75" period="2" second="19" time="77" type="substitution off" type_id="18"/>
	<message comment="Magaye Gueye is substituted on" minute="75" period="2" second="19" time="77" type="substitution on" type_id="19"/>
	<message comment="Nicklas Bendtner misses attempt (To the right, 18-yard box, Head, Open play)" minute="74" period="2" second="7" time="76" type="attempt missed" type_id="13"/>
	<message comment="Nicklas Bendtner is caught offside" minute="74" period="2" time="76" type="offside" type_id="10000"/>
	<message comment="John Heitinga recieves a yellow card" minute="71" period="2" second="26" time="73" type="card received" type_id="17"/>
	<message comment="Nicklas Bendtner is caught offside" minute="63" period="2" time="65" type="offside" type_id="10000"/>
	<message comment="Leon Osman misses attempt (To the right, 18-yard box, Head, Open play)" minute="62" period="2" second="34" time="64" type="attempt missed" type_id="13"/>
	<message comment="David Vaughan has shot blocked (Out of box, Left footed, Open play)" minute="59" period="2" second="22" time="61" type="attempt blocked" type_id="15"/>
	<message comment="John Heitinga blocks a shot" minute="59" period="2" second="22" time="61" type="save made" type_id="10"/>
	<message comment="Sebastian Larsson wins a corner (To the left)" minute="54" period="2" second="26" time="56" type="corner" type_id="6"/>
	<message comment="Kieran Richardson wins a corner (To the left)" minute="53" period="2" second="56" time="55" type="corner" type_id="6"/>
	<message comment="Craig Gardner wins a corner (To the right)" minute="53" period="2" second="29" time="55" type="corner" type_id="6"/>
	<message comment="Tim Cahill misses attempt (High to the left, Out of box, Left footed, Open play)" minute="52" period="2" second="28" time="54" type="attempt missed" type_id="13"/>
	<message comment="GOAL! Leighton Baines scores  (High to the right, 18-yard box, Big Chance, Penalty, Left footed)" minute="50" period="2" second="14" time="52" type="goal scored" type_id="16"/>
	<message comment="Phil Bardsley is substituted off" minute="45" period="2" second="0" time="47" type="substitution off" type_id="18"/>
	<message comment="Craig Gardner is substituted on" minute="45" period="2" second="0" time="47" type="substitution on" type_id="19"/>
	<message comment="Second half begins!" minute="45" period="2" second="0" time="47" type="start" type_id="32"/>
	<message comment="First half ends" minute="46" period="1" second="9" time="46" type="end" type_id="30"/>
	<message comment="Kieran Richardson has shot blocked (Out of box, Left footed, Free kick)" minute="44" period="1" second="6" time="44" type="attempt blocked" type_id="15"/>
	<message comment="Leon Osman blocks a shot" minute="44" period="1" second="6" time="44" type="save made" type_id="10"/>
	<message comment="Sebastian Larsson has shot blocked (Out of box, Right footed, Free kick)" minute="36" period="1" second="47" time="36" type="attempt blocked" type_id="15"/>
	<message comment="John Heitinga blocks a shot" minute="36" period="1" second="47" time="36" type="save made" type_id="10"/>
	<message comment="Sebastian Larsson has shot blocked (Out of box, Left footed, Fast break)" minute="35" period="1" second="33" time="35" type="attempt blocked" type_id="15"/>
	<message comment="Leon Osman blocks a shot" minute="35" period="1" second="33" time="35" type="save made" type_id="10"/>
	<message comment="Leon Osman wins a corner (To the left)" minute="34" period="1" second="41" time="34" type="corner" type_id="6"/>
	<message comment="Phil Neville wins a corner (To the left)" minute="33" period="1" second="1" time="33" type="corner" type_id="6"/>
	<message comment="Stéphane Sessegnon is caught offside" minute="33" period="1" time="33" type="offside" type_id="10000"/>
	<message comment="Royston Drenthe wins a corner (To the right)" minute="32" period="1" second="38" time="32" type="corner" type_id="6"/>
	<message comment="Keiren Westwood makes a save (Diving, From shot off target)" minute="32" period="1" second="32" time="32" type="save made" type_id="10"/>
	<message comment="Royston Drenthe misses attempt (Out of box, Left footed, Open play)" minute="32" period="1" second="31" time="32" type="attempt missed" type_id="13"/>
	<message comment="Leon Osman misses attempt (High, 18-yard box, Left footed, Set piece)" minute="29" period="1" second="13" time="29" type="attempt missed" type_id="13"/>
	<message comment="Louis Saha is caught offside" minute="26" period="1" time="26" type="offside" type_id="10000"/>
	<message comment="GOAL! Jack Colback scores , Assisted by Stéphane Sessegnon (High to the centre, 18-yard box, Left footed, Open play)" minute="25" period="1" second="27" time="25" type="goal scored" type_id="16"/>
	<message comment="Louis Saha is caught offside" minute="22" period="1" time="22" type="offside" type_id="10000"/>
	<message comment="Titus Bramble is substituted off" minute="20" period="1" second="15" time="20" type="substitution off" type_id="18"/>
	<message comment="Jack Colback is substituted on" minute="20" period="1" second="15" time="20" type="substitution on" type_id="19"/>
	<message comment="Stéphane Sessegnon is caught offside" minute="19" period="1" time="19" type="offside" type_id="10000"/>
	<message comment="Nicklas Bendtner misses attempt (18-yard box, Left footed, Open play)" minute="18" period="1" second="42" time="18" type="attempt missed" type_id="13"/>
	<message comment="Nicklas Bendtner has shot blocked (18-yard box, Right footed, Open play)" minute="18" period="1" second="33" time="18" type="attempt blocked" type_id="15"/>
	<message comment="Tony Hibbert blocks a shot" minute="18" period="1" second="33" time="18" type="save made" type_id="10"/>
	<message comment="Louis Saha misses attempt (To the left, 6-yard box, Head, From corner)" minute="15" period="1" second="15" time="15" type="attempt missed" type_id="13"/>
	<message comment="Tony Hibbert wins a corner (To the right)" minute="14" period="1" second="45" time="14" type="corner" type_id="6"/>
	<message comment="Tim Cahill misses attempt (To the left, 18-yard box, Head, From corner)" minute="13" period="1" second="29" time="13" type="attempt missed" type_id="13"/>
	<message comment="Leighton Baines wins a corner (To the left)" minute="13" period="1" second="3" time="13" type="corner" type_id="6"/>
	<message comment="Titus Bramble has attempt saved (High to the left, 18-yard box, Head, Set piece)" minute="12" period="1" second="22" time="12" type="attempt blocked" type_id="15"/>
	<message comment="Tim Howard makes a save (Parried safe)" minute="12" period="1" second="22" time="12" type="save made" type_id="10"/>
	<message comment="Kieran Richardson blocks a shot" minute="10" period="1" second="39" time="10" type="save made" type_id="10"/>
	<message comment="John Heitinga has shot blocked (Out of box, Right footed, Throw-in)" minute="10" period="1" second="39" time="10" type="attempt blocked" type_id="15"/>
	<message comment="Tim Cahill has attempt saved (Low to the centre, 18-yard box, Right footed, Open play)" minute="6" period="1" second="2" time="6" type="attempt blocked" type_id="15"/>
	<message comment="Keiren Westwood makes a save (Parried safe, Diving)" minute="6" period="1" second="2" time="6" type="save made" type_id="10"/>
	<message comment="Formation Set" minute="0" period="14" second="0" time="5" type="end" type_id="30"/>
	<message comment="Nicklas Bendtner is caught offside" minute="4" period="1" time="4" type="offside" type_id="10000"/>
	<message comment="Tim Cahill is caught offside" minute="1" period="1" time="1" type="offside" type_id="10000"/>
	<message comment="First half begins!" minute="0" period="1" second="0" time="0" type="start" type_id="32"/>
</Commentary>
