<?xml version="1.0" ?>
<Commentary away_team_name="Sunderland" competition="English Premier League" game_date="2011-08-20" home_team_name="Newcastle United" lang_id="en" season="Season 2011/2012" season_id="2011" sport_id="1" sport_name="Football">
	<message comment="Second half ends" minute="95" period="2" second="12" time="98" type="end" type_id="30"/>
	<message comment="Shola Ameobi wins a corner (To the left)" minute="94" period="2" second="21" time="97" type="corner" type_id="6"/>
	<message comment="Asamoah Gyan misses attempt (18-yard box, Head, Open play)" minute="90" period="2" second="46" time="93" type="attempt missed" type_id="13"/>
	<message comment="Lee Cattermole wins a corner (To the right)" minute="90" period="2" second="22" time="93" type="corner" type_id="6"/>
	<message comment="Lee Cattermole has shot blocked (Out of box, Right footed, Open play)" minute="90" period="2" second="21" time="93" type="attempt blocked" type_id="15"/>
	<message comment="Dan Gosling blocks a shot" minute="90" period="2" second="21" time="93" type="save made" type_id="10"/>
	<message comment="Simon Mignolet makes a save (Parried safe, Diving)" minute="89" period="2" second="24" time="92" type="save made" type_id="10"/>
	<message comment="Dan Gosling has attempt saved (Low to the centre, 18-yard box, Big Chance, Right footed, Open play)" minute="89" period="2" second="24" time="92" type="attempt blocked" type_id="15"/>
	<message comment="Phil Bardsley recieves a red card after receiving second yellow card" minute="88" period="2" second="15" time="91" type="card received" type_id="17"/>
	<message comment="Gabriel Obertan is substituted off" minute="85" period="2" second="17" time="88" type="substitution off" type_id="18"/>
	<message comment="Dan Gosling is substituted on" minute="85" period="2" second="17" time="88" type="substitution on" type_id="19"/>
	<message comment="Yohan Cabaye is substituted off" minute="84" period="2" second="54" time="87" type="substitution off" type_id="18"/>
	<message comment="Mike Williamson is substituted on" minute="84" period="2" second="54" time="87" type="substitution on" type_id="19"/>
	<message comment="Asamoah Gyan wins a corner (To the right)" minute="82" period="2" second="35" time="85" type="corner" type_id="6"/>
	<message comment="Asamoah Gyan has shot blocked (18-yard box, Right footed, Open play)" minute="82" period="2" second="34" time="85" type="attempt blocked" type_id="15"/>
	<message comment="Steven Taylor blocks a shot" minute="82" period="2" second="34" time="85" type="save made" type_id="10"/>
	<message comment="Sebastian Larsson is substituted off" minute="81" period="2" second="11" time="84" type="substitution off" type_id="18"/>
	<message comment="Connor Wickham is substituted on" minute="81" period="2" second="11" time="84" type="substitution on" type_id="19"/>
	<message comment="Craig Gardner has attempt saved (High to the centre, 18-yard box, Head, Fast break)" minute="79" period="2" second="33" time="82" type="attempt blocked" type_id="15"/>
	<message comment="Tim Krul makes a save" minute="79" period="2" second="33" time="82" type="save made" type_id="10"/>
	<message comment="Asamoah Gyan misses attempt (To the left, 18-yard box, Right footed, Open play)" minute="75" period="2" second="56" time="78" type="attempt missed" type_id="13"/>
	<message comment="Cheick Tioté misses attempt (To the left, Out of box, Right footed, Open play)" minute="75" period="2" second="29" time="78" type="attempt missed" type_id="13"/>
	<message comment="Jonás Gutiérrez misses attempt (To the right, 18-yard box, Right footed, Open play)" minute="75" period="2" second="25" time="78" type="attempt missed" type_id="13"/>
	<message comment="Joey Barton is caught offside" minute="75" period="2" time="78" type="offside" type_id="10000"/>
	<message comment="Asamoah Gyan misses attempt (High, Out of box, Right footed, Open play)" minute="73" period="2" second="44" time="76" type="attempt missed" type_id="13"/>
	<message comment="Simon Mignolet makes a save" minute="72" period="2" second="14" time="75" type="save made" type_id="10"/>
	<message comment="Shola Ameobi has attempt saved (Low to the left, 18-yard box, Head, Set piece)" minute="72" period="2" second="14" time="75" type="attempt blocked" type_id="15"/>
	<message comment="Kieran Richardson is substituted off" minute="71" period="2" second="2" time="74" type="substitution off" type_id="18"/>
	<message comment="Dong-Won Ji is substituted on" minute="71" period="2" second="2" time="74" type="substitution on" type_id="19"/>
	<message comment="Ahmed El Mohamady is substituted off" minute="70" period="2" second="44" time="73" type="substitution off" type_id="18"/>
	<message comment="Craig Gardner is substituted on" minute="70" period="2" second="44" time="73" type="substitution on" type_id="19"/>
	<message comment="Ryan Taylor misses attempt (Out of box, Right footed, Free kick)" minute="68" period="2" second="19" time="71" type="attempt missed" type_id="13"/>
	<message comment="Phil Bardsley recieves a yellow card" minute="67" period="2" second="36" time="70" type="card received" type_id="17"/>
	<message comment="Joey Barton recieves a yellow card" minute="67" period="2" second="35" time="70" type="card received" type_id="17"/>
	<message comment="Lee Cattermole recieves a yellow card" minute="67" period="2" second="5" time="70" type="card received" type_id="17"/>
	<message comment="Simon Mignolet makes a save (Diving, From shot off target, Parried safe)" minute="65" period="2" second="16" time="68" type="save made" type_id="10"/>
	<message comment="Shola Ameobi misses attempt (18-yard box, Head, From corner)" minute="65" period="2" second="15" time="68" type="attempt missed" type_id="13"/>
	<message comment="Gabriel Obertan wins a corner (To the left)" minute="64" period="2" second="37" time="67" type="corner" type_id="6"/>
	<message comment="Ahmed El Mohamady wins a corner (To the right)" minute="63" period="2" second="58" time="66" type="corner" type_id="6"/>
	<message comment="GOAL! Ryan Taylor scores  (High to the right, Out of box, Right footed, Free kick)" minute="61" period="2" second="35" time="64" type="goal scored" type_id="16"/>
	<message comment="Simon Mignolet makes a save (Diving, Parried into danger)" minute="60" period="2" second="35" time="63" type="save made" type_id="10"/>
	<message comment="Jonás Gutiérrez has attempt saved (Low to the centre, 18-yard box, Right footed, Fast break)" minute="60" period="2" second="35" time="63" type="attempt blocked" type_id="15"/>
	<message comment="Anton Ferdinand blocks a shot" minute="54" period="2" second="35" time="57" type="save made" type_id="10"/>
	<message comment="Joey Barton has shot blocked (Out of box, Right footed, Open play)" minute="54" period="2" second="35" time="57" type="attempt blocked" type_id="15"/>
	<message comment="Stéphane Sessegnon wins a corner (To the right)" minute="45" period="2" second="40" time="48" type="corner" type_id="6"/>
	<message comment="Second half begins!" minute="45" period="2" second="0" time="48" type="start" type_id="32"/>
	<message comment="First half ends" minute="47" period="1" second="0" time="47" type="end" type_id="30"/>
	<message comment="Asamoah Gyan hits the woodwork (High, Out of box, Left footed, Open play)" minute="46" period="1" second="51" time="46" type="woodwork hit" type_id="14"/>
	<message comment="Shola Ameobi is caught offside" minute="40" period="1" time="40" type="offside" type_id="10000"/>
	<message comment="Ryan Taylor recieves a yellow card" minute="36" period="1" second="50" time="36" type="card received" type_id="17"/>
	<message comment="Stéphane Sessegnon has attempt saved (Low to the centre, Out of box, Right footed, Open play)" minute="36" period="1" second="28" time="36" type="attempt blocked" type_id="15"/>
	<message comment="Tim Krul makes a save (Diving, Parried safe)" minute="36" period="1" second="28" time="36" type="save made" type_id="10"/>
	<message comment="Wes Brown recieves a yellow card" minute="36" period="1" second="9" time="36" type="card received" type_id="17"/>
	<message comment="Yohan Cabaye wins a corner (To the left)" minute="31" period="1" second="57" time="31" type="corner" type_id="6"/>
	<message comment="Simon Mignolet makes a save (Diving, Parried safe)" minute="31" period="1" second="49" time="31" type="save made" type_id="10"/>
	<message comment="Yohan Cabaye has attempt saved (High to the left, Out of box, Right footed, Set piece)" minute="31" period="1" second="49" time="31" type="attempt blocked" type_id="15"/>
	<message comment="Steven Taylor blocks a shot" minute="29" period="1" second="9" time="29" type="save made" type_id="10"/>
	<message comment="Stéphane Sessegnon has shot blocked (Out of box, Right footed, Open play)" minute="29" period="1" second="9" time="29" type="attempt blocked" type_id="15"/>
	<message comment="Asamoah Gyan misses attempt (18-yard box, Right footed, From corner)" minute="26" period="1" second="0" time="26" type="attempt missed" type_id="13"/>
	<message comment="Ahmed El Mohamady wins a corner (To the right)" minute="25" period="1" second="25" time="25" type="corner" type_id="6"/>
	<message comment="Yohan Cabaye recieves a yellow card" minute="24" period="1" second="14" time="24" type="card received" type_id="17"/>
	<message comment="Phil Bardsley misses attempt (To the left, Out of box, Right footed, Open play)" minute="20" period="1" second="50" time="20" type="attempt missed" type_id="13"/>
	<message comment="Fabricio Coloccini misses attempt (To the right, 18-yard box, Head, From corner)" minute="19" period="1" second="38" time="19" type="attempt missed" type_id="13"/>
	<message comment="Ryan Taylor wins a corner (To the left)" minute="19" period="1" second="14" time="19" type="corner" type_id="6"/>
	<message comment="Joey Barton wins a corner (To the right)" minute="13" period="1" second="50" time="13" type="corner" type_id="6"/>
	<message comment="Joey Barton has shot blocked (6-yard box, Big Chance, Head, From corner)" minute="13" period="1" second="45" time="13" type="attempt blocked" type_id="15"/>
	<message comment="Sebastian Larsson blocks a shot (Last line)" minute="13" period="1" second="45" time="13" type="save made" type_id="10"/>
	<message comment="Shola Ameobi has shot blocked (18-yard box, Big Chance, Key pass, Right footed, From corner)" minute="13" period="1" second="44" time="13" type="attempt blocked" type_id="15"/>
	<message comment="Shola Ameobi wins a corner (To the left)" minute="13" period="1" second="13" time="13" type="corner" type_id="6"/>
	<message comment="Stéphane Sessegnon misses attempt (To the left, 18-yard box, Right footed, Open play)" minute="9" period="1" second="52" time="9" type="attempt missed" type_id="13"/>
	<message comment="Ahmed El Mohamady misses attempt (To the right, 18-yard box, Head, From corner)" minute="9" period="1" second="3" time="9" type="attempt missed" type_id="13"/>
	<message comment="Stéphane Sessegnon wins a corner (To the right)" minute="8" period="1" second="43" time="8" type="corner" type_id="6"/>
	<message comment="Stéphane Sessegnon has attempt saved (High to the centre, Out of box, Right footed, Open play)" minute="8" period="1" second="22" time="8" type="attempt blocked" type_id="15"/>
	<message comment="Tim Krul makes a save (Parried safe)" minute="8" period="1" second="22" time="8" type="save made" type_id="10"/>
	<message comment="Formation Set" minute="0" period="14" second="0" time="8" type="end" type_id="30"/>
	<message comment="Asamoah Gyan wins a corner (To the left)" minute="3" period="1" second="51" time="3" type="corner" type_id="6"/>
	<message comment="Stéphane Sessegnon misses attempt (To the left, Out of box, Right footed, Open play)" minute="0" period="1" second="12" time="0" type="attempt missed" type_id="13"/>
	<message comment="First half begins!" minute="0" period="1" second="0" time="0" type="start" type_id="32"/>
</Commentary>
