<?xml version="1.0" ?>
<Commentary away_team_name="Swansea" competition="English Premier League" game_date="2011-10-29" home_team_name="Bolton" lang_id="en" season="Season 2011/2012" season_id="2011" sport_id="1" sport_name="Football">
	<message comment="Second half ends" minute="93" period="2" second="49" time="95" type="end" type_id="30"/>
	<message comment="Nathan Dyer is substituted off" minute="93" period="2" second="43" time="95" type="substitution off" type_id="18"/>
	<message comment="Luke Moore is substituted on" minute="93" period="2" second="43" time="95" type="substitution on" type_id="19"/>
	<message comment="GOAL! Danny Graham scores , Assisted by Angel Rangel (Low to the right, 18-yard box, Big Chance, Right footed, Open play)" minute="92" period="2" second="29" time="94" type="goal scored" type_id="16"/>
	<message comment="Paul Robinson blocks a shot (Last line)" minute="90" period="2" second="22" time="92" type="save made" type_id="10"/>
	<message comment="Danny Graham has shot blocked (18-yard box, Big Chance, Right footed, Open play)" minute="90" period="2" second="21" time="92" type="attempt blocked" type_id="15"/>
	<message comment="Mark Gower recieves a yellow card" minute="89" period="2" second="30" time="91" type="card received" type_id="17"/>
	<message comment="Danny Graham is caught offside" minute="88" period="2" time="90" type="offside" type_id="10000"/>
	<message comment="Scott Sinclair is caught offside" minute="87" period="2" time="89" type="offside" type_id="10000"/>
	<message comment="Scott Sinclair wins a corner (To the right)" minute="85" period="2" second="56" time="87" type="corner" type_id="6"/>
	<message comment="Gary Cahill blocks a shot" minute="85" period="2" second="56" time="87" type="save made" type_id="10"/>
	<message comment="Scott Sinclair has shot blocked (18-yard box, Right footed, Open play)" minute="85" period="2" second="55" time="87" type="attempt blocked" type_id="15"/>
	<message comment="Jussi Jääskeläinen makes a save (Standing)" minute="84" period="2" second="55" time="86" type="save made" type_id="10"/>
	<message comment="Nathan Dyer has attempt saved (Low to the centre, Out of box, Left footed, Open play)" minute="84" period="2" second="55" time="86" type="attempt blocked" type_id="15"/>
	<message comment="Scott Sinclair hits the woodwork (High, 18-yard box, Big Chance, Right footed, Open play)" minute="82" period="2" second="31" time="84" type="woodwork hit" type_id="14"/>
	<message comment="Angel Rangel recieves a yellow card" minute="81" period="2" second="26" time="83" type="card received" type_id="17"/>
	<message comment="Angel Rangel wins a corner (To the left)" minute="76" period="2" second="47" time="78" type="corner" type_id="6"/>
	<message comment="Angel Rangel has shot blocked (18-yard box, Right footed, Open play)" minute="76" period="2" second="46" time="78" type="attempt blocked" type_id="15"/>
	<message comment="David Wheater blocks a shot" minute="76" period="2" second="44" time="78" type="save made" type_id="10"/>
	<message comment="David N'Gog is substituted off" minute="75" period="2" second="6" time="77" type="substitution off" type_id="18"/>
	<message comment="Ivan Klasnic is substituted on" minute="75" period="2" second="6" time="77" type="substitution on" type_id="19"/>
	<message comment="Darren Pratley is substituted off" minute="75" period="2" second="1" time="77" type="substitution off" type_id="18"/>
	<message comment="Gaël Kakuta is substituted on" minute="75" period="2" second="1" time="77" type="substitution on" type_id="19"/>
	<message comment="Scott Sinclair is caught offside" minute="74" period="2" time="76" type="offside" type_id="10000"/>
	<message comment="Danny Graham scores an OWN GOAL!  (High to the centre, 18-yard box, Right footed, Open play)" minute="72" period="2" second="59" time="74" type="goal scored" type_id="16"/>
	<message comment="Joe Allen misses attempt (18-yard box, Big Chance, Right footed, Open play)" minute="70" period="2" second="17" time="72" type="attempt missed" type_id="13"/>
	<message comment="Mark Davies recieves a yellow card" minute="69" period="2" second="23" time="71" type="card received" type_id="17"/>
	<message comment="Danny Graham hits the woodwork (High, 18-yard box, Head, Open play)" minute="59" period="2" second="29" time="61" type="woodwork hit" type_id="14"/>
	<message comment="Nathan Dyer wins a corner (To the right)" minute="58" period="2" second="40" time="60" type="corner" type_id="6"/>
	<message comment="Paul Robinson recieves a yellow card" minute="58" period="2" second="9" time="60" type="card received" type_id="17"/>
	<message comment="Scott Sinclair misses attempt (18-yard box, Right footed, Open play)" minute="57" period="2" second="44" time="59" type="attempt missed" type_id="13"/>
	<message comment="GOAL! Scott Sinclair scores  (Low to the right, 18-yard box, Penalty, Big Chance, Right footed)" minute="56" period="2" second="11" time="58" type="goal scored" type_id="16"/>
	<message comment="Nathan Dyer has shot blocked (18-yard box, Right footed, From corner)" minute="55" period="2" second="25" time="57" type="attempt blocked" type_id="15"/>
	<message comment="Scott Sinclair wins a corner (To the left)" minute="55" period="2" second="3" time="57" type="corner" type_id="6"/>
	<message comment="Jussi Jääskeläinen makes a save (Diving, Parried safe)" minute="55" period="2" second="1" time="57" type="save made" type_id="10"/>
	<message comment="Scott Sinclair has attempt saved (Low to the left, Out of box, Right footed, Open play)" minute="55" period="2" second="1" time="57" type="attempt blocked" type_id="15"/>
	<message comment="Angel Rangel has shot blocked (Out of box, Right footed, From corner)" minute="51" period="2" second="54" time="53" type="attempt blocked" type_id="15"/>
	<message comment="David Wheater blocks a shot" minute="51" period="2" second="53" time="53" type="save made" type_id="10"/>
	<message comment="Ashley Williams has shot blocked (18-yard box, Right footed, From corner)" minute="51" period="2" second="49" time="53" type="attempt blocked" type_id="15"/>
	<message comment="Gary Cahill blocks a shot" minute="51" period="2" second="48" time="53" type="save made" type_id="10"/>
	<message comment="Paul Robinson is substituted on" minute="51" period="2" second="33" time="53" type="substitution on" type_id="19"/>
	<message comment="Martin Petrov is substituted off" minute="51" period="2" second="32" time="53" type="substitution off" type_id="18"/>
	<message comment="Danny Graham is caught offside" minute="51" period="2" time="53" type="offside" type_id="10000"/>
	<message comment="Nathan Dyer wins a corner (To the right)" minute="50" period="2" second="57" time="52" type="corner" type_id="6"/>
	<message comment="Jussi Jääskeläinen makes a save (Feet, Diving, Parried safe)" minute="50" period="2" second="55" time="52" type="save made" type_id="10"/>
	<message comment="Nathan Dyer has attempt saved (Low to the centre, 18-yard box, Right footed, Open play)" minute="50" period="2" second="55" time="52" type="attempt blocked" type_id="15"/>
	<message comment="Leon Britton recieves a yellow card" minute="49" period="2" second="30" time="51" type="card received" type_id="17"/>
	<message comment="GOAL! Joe Allen scores , Assisted by Mark Gower (Low to the left, 18-yard box, Right footed, Set piece)" minute="48" period="2" second="22" time="50" type="goal scored" type_id="16"/>
	<message comment="Ricardo Gardner recieves a red card after receiving second yellow card" minute="47" period="2" second="22" time="49" type="card received" type_id="17"/>
	<message comment="Danny Graham misses attempt (Out of box, Big Chance, Right footed, Open play)" minute="45" period="2" second="50" time="47" type="attempt missed" type_id="13"/>
	<message comment="Second half begins!" minute="45" period="2" second="0" time="47" type="start" type_id="32"/>
	<message comment="First half ends" minute="46" period="1" second="1" time="46" type="end" type_id="30"/>
	<message comment="Neil Taylor is caught offside" minute="45" period="1" time="45" type="offside" type_id="10000"/>
	<message comment="Ricardo Gardner recieves a yellow card" minute="44" period="1" second="41" time="44" type="card received" type_id="17"/>
	<message comment="David N'Gog misses attempt (High to the right, 18-yard box, Head, Throw-in)" minute="44" period="1" second="6" time="44" type="attempt missed" type_id="13"/>
	<message comment="Darren Pratley recieves a yellow card" minute="41" period="1" second="40" time="41" type="card received" type_id="17"/>
	<message comment="Martin Petrov misses attempt (Out of box, Left footed, Free kick)" minute="38" period="1" second="48" time="38" type="attempt missed" type_id="13"/>
	<message comment="Darren Pratley misses attempt (High, 18-yard box, Right footed, Open play)" minute="36" period="1" second="12" time="36" type="attempt missed" type_id="13"/>
	<message comment="David Wheater blocks a shot" minute="35" period="1" second="36" time="35" type="save made" type_id="10"/>
	<message comment="Scott Sinclair has shot blocked (Out of box, Right footed, Open play)" minute="35" period="1" second="36" time="35" type="attempt blocked" type_id="15"/>
	<message comment="David N'Gog wins a corner (To the left)" minute="33" period="1" second="15" time="33" type="corner" type_id="6"/>
	<message comment="David N'Gog is caught offside" minute="33" period="1" time="33" type="offside" type_id="10000"/>
	<message comment="Nathan Dyer wins a corner (To the left)" minute="31" period="1" second="55" time="31" type="corner" type_id="6"/>
	<message comment="David Wheater blocks a shot" minute="31" period="1" second="54" time="31" type="save made" type_id="10"/>
	<message comment="Nathan Dyer has shot blocked (Out of box, Right footed, Open play)" minute="31" period="1" second="54" time="31" type="attempt blocked" type_id="15"/>
	<message comment="Scott Sinclair wins a corner (To the left)" minute="30" period="1" second="37" time="30" type="corner" type_id="6"/>
	<message comment="Danny Graham is caught offside" minute="29" period="1" time="29" type="offside" type_id="10000"/>
	<message comment="Jussi Jääskeläinen makes a save (Collected)" minute="28" period="1" second="15" time="28" type="save made" type_id="10"/>
	<message comment="Mark Gower has attempt saved (Low to the left, Out of box, Right footed, Open play)" minute="28" period="1" second="15" time="28" type="attempt blocked" type_id="15"/>
	<message comment="Darren Pratley has attempt saved (Low to the left, Out of box, Right footed, Open play)" minute="24" period="1" second="57" time="24" type="attempt blocked" type_id="15"/>
	<message comment="Michel Vorm makes a save (Collected)" minute="24" period="1" second="57" time="24" type="save made" type_id="10"/>
	<message comment="Neil Taylor wins a corner (To the left)" minute="22" period="1" second="56" time="22" type="corner" type_id="6"/>
	<message comment="Ricardo Gardner blocks a shot" minute="22" period="1" second="54" time="22" type="save made" type_id="10"/>
	<message comment="Neil Taylor has shot blocked (Out of box, Right footed, Open play)" minute="22" period="1" second="54" time="22" type="attempt blocked" type_id="15"/>
	<message comment="David N'Gog wins a corner (To the right)" minute="19" period="1" second="12" time="19" type="corner" type_id="6"/>
	<message comment="David N'Gog has attempt saved (High to the centre, 18-yard box, Left footed, Open play)" minute="19" period="1" second="8" time="19" type="attempt blocked" type_id="15"/>
	<message comment="Michel Vorm makes a save (Diving, Parried safe)" minute="19" period="1" second="8" time="19" type="save made" type_id="10"/>
	<message comment="Chris Eagles has shot blocked (Out of box, Left footed, Open play)" minute="19" period="1" second="6" time="19" type="attempt blocked" type_id="15"/>
	<message comment="Ashley Williams blocks a shot" minute="19" period="1" second="6" time="19" type="save made" type_id="10"/>
	<message comment="Gary Cahill has attempt saved (High to the centre, 18-yard box, Head, Set piece)" minute="14" period="1" second="42" time="14" type="attempt blocked" type_id="15"/>
	<message comment="Michel Vorm makes a save (Standing)" minute="14" period="1" second="42" time="14" type="save made" type_id="10"/>
	<message comment="Mark Gower misses attempt (To the left, Out of box, Left footed, Open play)" minute="13" period="1" second="44" time="13" type="attempt missed" type_id="13"/>
	<message comment="Angel Rangel wins a corner (To the right)" minute="12" period="1" second="51" time="12" type="corner" type_id="6"/>
	<message comment="Danny Graham wins a corner (To the right)" minute="9" period="1" second="34" time="9" type="corner" type_id="6"/>
	<message comment="Gary Cahill blocks a shot" minute="7" period="1" second="24" time="7" type="save made" type_id="10"/>
	<message comment="Nathan Dyer has shot blocked (Out of box, Left footed, Open play)" minute="7" period="1" second="24" time="7" type="attempt blocked" type_id="15"/>
	<message comment="Ricardo Gardner misses attempt (To the right, 18-yard box, Left footed, Open play)" minute="5" period="1" second="12" time="5" type="attempt missed" type_id="13"/>
	<message comment="Formation Set" minute="0" period="14" second="0" time="5" type="end" type_id="30"/>
	<message comment="First half begins!" minute="0" period="1" second="0" time="0" type="start" type_id="32"/>
</Commentary>
