<?xml version="1.0" ?>
<Commentary away_team_name="Swansea" competition="English Premier League" game_date="2013-10-27" home_team_name="West Ham" lang_id="en" season="Season 2013/2014" season_id="2013" sport_id="1" sport_name="Football">
	<message comment="Second half ends" minute="94" period="2" second="25" time="97" type="end" type_id="30"/>
	<message comment="Nathan Dyer wins a corner (To the right)" minute="92" period="2" second="48" time="95" type="corner" type_id="6"/>
	<message comment="Wilfried Bony blocks a shot" minute="92" period="2" second="18" time="95" type="save made" type_id="10"/>
	<message comment="Razvan Rat has shot blocked (Out of box, Left footed, Set piece)" minute="92" period="2" second="17" time="95" type="attempt blocked" type_id="15"/>
	<message comment="Carlton Cole has attempt saved (Low to the left, 18-yard box, Head, Set piece)" minute="91" period="2" second="21" time="94" type="attempt blocked" type_id="15"/>
	<message comment="Michel Vorm makes a save (Diving, Collected)" minute="91" period="2" second="21" time="94" type="save made" type_id="10"/>
	<message comment="Wilfried Bony is caught offside" minute="90" period="2" time="93" type="offside" type_id="10000"/>
	<message comment="Nathan Dyer wins a corner (To the right)" minute="87" period="2" second="20" time="90" type="corner" type_id="6"/>
	<message comment="Joe Cole recieves a yellow card" minute="86" period="2" second="57" time="89" type="card received" type_id="17"/>
	<message comment="Angel Rangel blocks a shot" minute="86" period="2" second="22" time="89" type="save made" type_id="10"/>
	<message comment="Matthew Jarvis has shot blocked (18-yard box, Right footed, Open play)" minute="86" period="2" second="21" time="89" type="attempt blocked" type_id="15"/>
	<message comment="Michu is caught offside" minute="84" period="2" time="87" type="offside" type_id="10000"/>
	<message comment="Jonathan de Guzmán misses attempt (High to the right, Out of box, Right footed, Open play)" minute="81" period="2" second="19" time="84" type="attempt missed" type_id="13"/>
	<message comment="Chico Flores wins a corner (To the right)" minute="79" period="2" second="33" time="82" type="corner" type_id="6"/>
	<message comment="Winston Reid blocks a shot" minute="79" period="2" second="31" time="82" type="save made" type_id="10"/>
	<message comment="Chico Flores has shot blocked (18-yard box, Right footed, From corner)" minute="79" period="2" second="31" time="82" type="attempt blocked" type_id="15"/>
	<message comment="Michu wins a corner (To the left)" minute="78" period="2" second="58" time="81" type="corner" type_id="6"/>
	<message comment="Ravel Morrison is substituted off" minute="77" period="2" second="17" time="80" type="substitution off" type_id="18"/>
	<message comment="Joe Cole is substituted on" minute="77" period="2" second="17" time="80" type="substitution on" type_id="19"/>
	<message comment="Carlton Cole is caught offside" minute="76" period="2" time="79" type="offside" type_id="10000"/>
	<message comment="Matthew Jarvis misses attempt (High, 6-yard box, Head, Open play)" minute="74" period="2" second="17" time="77" type="attempt missed" type_id="13"/>
	<message comment="Mark Noble blocks a shot (Last line)" minute="70" period="2" second="3" time="73" type="save made" type_id="10"/>
	<message comment="Chico Flores has shot blocked (18-yard box, Head, From corner)" minute="70" period="2" second="2" time="73" type="attempt blocked" type_id="15"/>
	<message comment="Jussi Jääskeläinen makes a save (Diving, Parried into danger)" minute="70" period="2" second="1" time="73" type="save made" type_id="10"/>
	<message comment="Wilfried Bony has attempt saved (Low to the centre, 18-yard box, Big Chance, Right footed, From corner)" minute="70" period="2" second="0" time="73" type="attempt blocked" type_id="15"/>
	<message comment="Michu wins a corner (To the left)" minute="69" period="2" second="33" time="72" type="corner" type_id="6"/>
	<message comment="Winston Reid blocks a shot" minute="69" period="2" second="31" time="72" type="save made" type_id="10"/>
	<message comment="Michu has shot blocked (18-yard box, Left footed, Open play)" minute="69" period="2" second="31" time="72" type="attempt blocked" type_id="15"/>
	<message comment="Michu wins a corner (To the left)" minute="68" period="2" second="12" time="71" type="corner" type_id="6"/>
	<message comment="Razvan Rat blocks a shot" minute="68" period="2" second="9" time="71" type="save made" type_id="10"/>
	<message comment="Michu has shot blocked (Out of box, Left footed, Open play)" minute="68" period="2" second="9" time="71" type="attempt blocked" type_id="15"/>
	<message comment="Carlton Cole wins a corner (To the right)" minute="66" period="2" second="48" time="69" type="corner" type_id="6"/>
	<message comment="Álvaro Vázquez is substituted off" minute="65" period="2" second="57" time="68" type="substitution off" type_id="18"/>
	<message comment="Wilfried Bony is substituted on" minute="65" period="2" second="57" time="68" type="substitution on" type_id="19"/>
	<message comment="Angel Rangel recieves a yellow card" minute="64" period="2" second="22" time="67" type="card received" type_id="17"/>
	<message comment="Mohamed Diamé is substituted off" minute="63" period="2" second="44" time="66" type="substitution off" type_id="18"/>
	<message comment="Carlton Cole is substituted on" minute="63" period="2" second="44" time="66" type="substitution on" type_id="19"/>
	<message comment="Álvaro Vázquez misses attempt (Out of box, Right footed, Open play)" minute="61" period="2" second="21" time="64" type="attempt missed" type_id="13"/>
	<message comment="Wayne Routledge is substituted off" minute="60" period="2" second="29" time="63" type="substitution off" type_id="18"/>
	<message comment="Pablo Hernández is substituted on" minute="60" period="2" second="29" time="63" type="substitution on" type_id="19"/>
	<message comment="Michu has attempt saved (Low to the left, Out of box, Left footed, Open play)" minute="54" period="2" second="28" time="57" type="attempt blocked" type_id="15"/>
	<message comment="Jussi Jääskeläinen makes a save (Parried safe)" minute="54" period="2" second="28" time="57" type="save made" type_id="10"/>
	<message comment="Second half begins!" minute="45" period="2" second="0" time="48" type="start" type_id="32"/>
	<message comment="First half ends" minute="47" period="1" second="3" time="47" type="end" type_id="30"/>
	<message comment="Kevin Nolan misses attempt (High, 18-yard box, Left footed, Open play)" minute="45" period="1" second="36" time="45" type="attempt missed" type_id="13"/>
	<message comment="Mohamed Diamé misses attempt (High to the left, 6-yard box, Big Chance, Head, Set piece)" minute="43" period="1" second="28" time="43" type="attempt missed" type_id="13"/>
	<message comment="Ravel Morrison recieves a yellow card" minute="42" period="1" second="6" time="42" type="card received" type_id="17"/>
	<message comment="Ricardo Vaz Tê is substituted off" minute="33" period="1" second="57" time="33" type="substitution off" type_id="18"/>
	<message comment="Matthew Jarvis is substituted on" minute="33" period="1" second="57" time="33" type="substitution on" type_id="19"/>
	<message comment="Angel Rangel wins a corner (To the right)" minute="30" period="1" second="37" time="30" type="corner" type_id="6"/>
	<message comment="Mohamed Diamé misses attempt (High, Out of box, Right footed, Open play)" minute="27" period="1" second="4" time="27" type="attempt missed" type_id="13"/>
	<message comment="Guy Demel misses attempt (6-yard box, Big Chance, Head, From corner)" minute="26" period="1" second="18" time="26" type="attempt missed" type_id="13"/>
	<message comment="Ravel Morrison wins a corner (To the left)" minute="25" period="1" second="59" time="25" type="corner" type_id="6"/>
	<message comment="Ravel Morrison has shot blocked (18-yard box, Right footed, From corner)" minute="25" period="1" second="56" time="25" type="attempt blocked" type_id="15"/>
	<message comment="Stewart Downing wins a corner (To the right)" minute="25" period="1" second="26" time="25" type="corner" type_id="6"/>
	<message comment="Angel Rangel blocks a shot" minute="25" period="1" second="25" time="25" type="save made" type_id="10"/>
	<message comment="Stewart Downing has shot blocked (18-yard box, Right footed, From corner)" minute="25" period="1" second="24" time="25" type="attempt blocked" type_id="15"/>
	<message comment="Stewart Downing wins a corner (To the left)" minute="24" period="1" second="53" time="24" type="corner" type_id="6"/>
	<message comment="Guy Demel recieves a yellow card" minute="23" period="1" second="35" time="23" type="card received" type_id="17"/>
	<message comment="Kevin Nolan wins a corner (To the left)" minute="22" period="1" second="19" time="22" type="corner" type_id="6"/>
	<message comment="Angel Rangel blocks a shot (Last line)" minute="22" period="1" second="18" time="22" type="save made" type_id="10"/>
	<message comment="Kevin Nolan has shot blocked (18-yard box, Head, Set piece)" minute="22" period="1" second="17" time="22" type="attempt blocked" type_id="15"/>
	<message comment="Ravel Morrison misses attempt (18-yard box, Left footed, Fast break)" minute="16" period="1" second="47" time="16" type="attempt missed" type_id="13"/>
	<message comment="Jussi Jääskeläinen makes a save (Parried safe, Standing, Other body part)" minute="16" period="1" second="33" time="16" type="save made" type_id="10"/>
	<message comment="Chico Flores has attempt saved (Low to the centre, 6-yard box, Big Chance, Head, From corner)" minute="16" period="1" second="33" time="16" type="attempt blocked" type_id="15"/>
	<message comment="Chico Flores wins a corner (To the right)" minute="16" period="1" second="7" time="16" type="corner" type_id="6"/>
	<message comment="Wayne Routledge wins a corner (To the left)" minute="15" period="1" second="32" time="15" type="corner" type_id="6"/>
	<message comment="Jussi Jääskeläinen makes a save (Diving, Collected)" minute="13" period="1" second="34" time="13" type="save made" type_id="10"/>
	<message comment="Álvaro Vázquez has attempt saved (Low to the right, 18-yard box, Head, Open play)" minute="13" period="1" second="34" time="13" type="attempt blocked" type_id="15"/>
	<message comment="Stewart Downing is caught offside" minute="12" period="1" time="12" type="offside" type_id="10000"/>
	<message comment="Michel Vorm makes a save (Collected)" minute="8" period="1" second="35" time="8" type="save made" type_id="10"/>
	<message comment="Stewart Downing has attempt saved (Low to the centre, Out of box, Left footed, Open play)" minute="8" period="1" second="34" time="8" type="attempt blocked" type_id="15"/>
	<message comment="Guy Demel misses attempt (High, 6-yard box, Right footed, From corner)" minute="7" period="1" second="14" time="7" type="attempt missed" type_id="13"/>
	<message comment="Formation Set" minute="0" period="14" second="0" time="7" type="end" type_id="30"/>
	<message comment="Stewart Downing wins a corner (To the right)" minute="6" period="1" second="40" time="6" type="corner" type_id="6"/>
	<message comment="Stewart Downing has attempt saved (Low to the right, 18-yard box, Left footed, Open play)" minute="6" period="1" second="38" time="6" type="attempt blocked" type_id="15"/>
	<message comment="Michel Vorm makes a save (Diving, Parried safe)" minute="6" period="1" second="38" time="6" type="save made" type_id="10"/>
	<message comment="First half begins!" minute="0" period="1" second="0" time="0" type="start" type_id="32"/>
</Commentary>
