<?xml version="1.0" ?>
<Commentary away_team_name="Swansea" competition="English Premier League" game_date="2013-10-19" home_team_name="Sunderland" lang_id="en" season="Season 2013/2014" season_id="2013" sport_id="1" sport_name="Football">
	<message comment="Second half ends" minute="93" period="2" second="7" time="96" type="end" type_id="30"/>
	<message comment="Álvaro Vázquez is caught offside" minute="89" period="2" time="92" type="offside" type_id="10000"/>
	<message comment="Jozy Altidore misses attempt (To the right, 18-yard box, Left footed, Open play)" minute="83" period="2" second="20" time="86" type="attempt missed" type_id="13"/>
	<message comment="Jozy Altidore is caught offside" minute="83" period="2" time="86" type="offside" type_id="10000"/>
	<message comment="Steven Fletcher is substituted off" minute="81" period="2" second="10" time="84" type="substitution off" type_id="18"/>
	<message comment="Jozy Altidore is substituted on" minute="81" period="2" second="10" time="84" type="substitution on" type_id="19"/>
	<message comment="Wayne Routledge is substituted off" minute="80" period="2" second="53" time="83" type="substitution off" type_id="18"/>
	<message comment="Alejandro Pozuelo is substituted on" minute="80" period="2" second="53" time="83" type="substitution on" type_id="19"/>
	<message comment="Steven Fletcher scores an OWN GOAL!  (Low to the right, 6-yard box, Other body part, From corner)" minute="79" period="2" second="51" time="82" type="goal scored" type_id="16"/>
	<message comment="Chico Flores misses attempt (18-yard box, Head, From corner)" minute="79" period="2" second="50" time="82" type="attempt missed" type_id="13"/>
	<message comment="Michu wins a corner (To the right)" minute="79" period="2" second="22" time="82" type="corner" type_id="6"/>
	<message comment="Keiren Westwood makes a save (Diving)" minute="79" period="2" second="20" time="82" type="save made" type_id="10"/>
	<message comment="Michu has attempt saved (Low to the right, 18-yard box, Head, Open play)" minute="79" period="2" second="20" time="82" type="attempt blocked" type_id="15"/>
	<message comment="Fabio Borini has attempt saved (Low to the centre, Out of box, Right footed, Open play)" minute="78" period="2" second="42" time="81" type="attempt blocked" type_id="15"/>
	<message comment="Michel Vorm makes a save (Standing)" minute="78" period="2" second="42" time="81" type="save made" type_id="10"/>
	<message comment="Wilfried Bony is substituted off" minute="74" period="2" second="58" time="77" type="substitution off" type_id="18"/>
	<message comment="Álvaro Vázquez is substituted on" minute="74" period="2" second="58" time="77" type="substitution on" type_id="19"/>
	<message comment="Wayne Routledge wins a corner (To the left)" minute="72" period="2" second="59" time="75" type="corner" type_id="6"/>
	<message comment="Michu is caught offside" minute="71" period="2" time="74" type="offside" type_id="10000"/>
	<message comment="GOAL! Wilfried Bony scores  (High to the left, 18-yard box, Penalty, Big Chance, Right footed)" minute="63" period="2" second="58" time="66" type="goal scored" type_id="16"/>
	<message comment="Jonathan de Guzmán wins a corner (To the left)" minute="62" period="2" second="28" time="65" type="corner" type_id="6"/>
	<message comment="Keiren Westwood makes a save (Diving, Parried safe)" minute="62" period="2" second="25" time="65" type="save made" type_id="10"/>
	<message comment="Jonathan de Guzmán has attempt saved (Low to the centre, 18-yard box, Right footed, Open play)" minute="62" period="2" second="25" time="65" type="attempt blocked" type_id="15"/>
	<message comment="Nathan Dyer wins a corner (To the right)" minute="61" period="2" second="54" time="64" type="corner" type_id="6"/>
	<message comment="Fabio Borini misses attempt (High, 18-yard box, Big Chance, Right footed, Open play)" minute="61" period="2" second="10" time="64" type="attempt missed" type_id="13"/>
	<message comment="Emanuele Giaccherini is substituted off" minute="60" period="2" second="48" time="63" type="substitution off" type_id="18"/>
	<message comment="Jack Colback is substituted on" minute="60" period="2" second="48" time="63" type="substitution on" type_id="19"/>
	<message comment="Adam Johnson is substituted off" minute="60" period="2" second="39" time="63" type="substitution off" type_id="18"/>
	<message comment="Fabio Borini is substituted on" minute="60" period="2" second="39" time="63" type="substitution on" type_id="19"/>
	<message comment="Craig Gardner misses attempt (High, 18-yard box, Head, Set piece)" minute="60" period="2" second="11" time="63" type="attempt missed" type_id="13"/>
	<message comment="GOAL! Jonathan de Guzmán scores , Assisted by Wayne Routledge (High to the right, Out of box, Right footed, Open play)" minute="57" period="2" second="53" time="60" type="goal scored" type_id="16"/>
	<message comment="Phil Bardsley scores an OWN GOAL!  (Low to the right, 6-yard box, Other body part, From corner)" minute="56" period="2" second="23" time="59" type="goal scored" type_id="16"/>
	<message comment="Angel Rangel misses attempt (To the left, 6-yard box, Head, From corner)" minute="56" period="2" second="22" time="59" type="attempt missed" type_id="13"/>
	<message comment="Nathan Dyer wins a corner (To the right)" minute="55" period="2" second="52" time="58" type="corner" type_id="6"/>
	<message comment="Keiren Westwood makes a save (Parried safe, Diving)" minute="55" period="2" second="51" time="58" type="save made" type_id="10"/>
	<message comment="Nathan Dyer has attempt saved (Low to the right, Out of box, Right footed, Open play)" minute="55" period="2" second="51" time="58" type="attempt blocked" type_id="15"/>
	<message comment="Wilfried Bony misses attempt (High, 18-yard box, Big Chance, Right footed, Open play)" minute="54" period="2" second="3" time="57" type="attempt missed" type_id="13"/>
	<message comment="Michu misses attempt (18-yard box, Left footed, Open play)" minute="51" period="2" second="33" time="54" type="attempt missed" type_id="13"/>
	<message comment="Ben Davies is substituted off" minute="50" period="2" second="31" time="53" type="substitution off" type_id="18"/>
	<message comment="Neil Taylor is substituted on" minute="50" period="2" second="31" time="53" type="substitution on" type_id="19"/>
	<message comment="Michu wins a corner (To the left)" minute="49" period="2" second="18" time="52" type="corner" type_id="6"/>
	<message comment="Emanuele Giaccherini is caught offside" minute="48" period="2" time="51" type="offside" type_id="10000"/>
	<message comment="Phil Bardsley misses attempt (High, 6-yard box, Big Chance, Right footed, Open play)" minute="46" period="2" second="21" time="49" type="attempt missed" type_id="13"/>
	<message comment="Emanuele Giaccherini wins a corner (To the right)" minute="45" period="2" second="44" time="48" type="corner" type_id="6"/>
	<message comment="Second half begins!" minute="45" period="2" second="0" time="48" type="start" type_id="32"/>
	<message comment="First half ends" minute="47" period="1" second="31" time="47" type="end" type_id="30"/>
	<message comment="Chico Flores recieves a yellow card" minute="46" period="1" second="38" time="46" type="card received" type_id="17"/>
	<message comment="Chico Flores has shot blocked (6-yard box, Right footed, Set piece)" minute="43" period="1" second="15" time="43" type="attempt blocked" type_id="15"/>
	<message comment="John O'Shea blocks a shot" minute="43" period="1" second="14" time="43" type="save made" type_id="10"/>
	<message comment="Wilfried Bony has shot blocked (6-yard box, Head, Set piece)" minute="43" period="1" second="14" time="43" type="attempt blocked" type_id="15"/>
	<message comment="Valentin Roberge recieves a yellow card" minute="42" period="1" second="14" time="42" type="card received" type_id="17"/>
	<message comment="Keiren Westwood makes a save (Diving, Collected)" minute="34" period="1" second="57" time="34" type="save made" type_id="10"/>
	<message comment="Angel Rangel has attempt saved (Low to the left, Out of box, Right footed, Open play)" minute="34" period="1" second="57" time="34" type="attempt blocked" type_id="15"/>
	<message comment="Jonathan de Guzmán misses attempt (Out of box, Right footed, Free kick)" minute="31" period="1" second="46" time="31" type="attempt missed" type_id="13"/>
	<message comment="Valentin Roberge blocks a shot" minute="29" period="1" second="57" time="29" type="save made" type_id="10"/>
	<message comment="Wayne Routledge has shot blocked (Out of box, Right footed, Open play)" minute="29" period="1" second="57" time="29" type="attempt blocked" type_id="15"/>
	<message comment="Nathan Dyer wins a corner (To the right)" minute="27" period="1" second="26" time="27" type="corner" type_id="6"/>
	<message comment="Steven Fletcher is caught offside" minute="26" period="1" time="26" type="offside" type_id="10000"/>
	<message comment="Steven Fletcher is caught offside" minute="12" period="1" time="12" type="offside" type_id="10000"/>
	<message comment="Steven Fletcher misses attempt (18-yard box, Left footed, From corner)" minute="12" period="1" second="0" time="12" type="attempt missed" type_id="13"/>
	<message comment="Sebastian Larsson wins a corner (To the left)" minute="11" period="1" second="28" time="11" type="corner" type_id="6"/>
	<message comment="Phil Bardsley recieves a yellow card" minute="9" period="1" second="17" time="9" type="card received" type_id="17"/>
	<message comment="Formation Set" minute="0" period="14" second="0" time="6" type="end" type_id="30"/>
	<message comment="Steven Fletcher is caught offside" minute="3" period="1" time="3" type="offside" type_id="10000"/>
	<message comment="First half begins!" minute="0" period="1" second="0" time="0" type="start" type_id="32"/>
</Commentary>
