<?xml version="1.0" ?>
<Commentary away_team_name="Swansea" competition="English Premier League" game_date="2011-10-02" home_team_name="Stoke" lang_id="en" season="Season 2011/2012" season_id="2011" sport_id="1" sport_name="Football">
	<message comment="Second half ends" minute="95" period="2" second="29" time="100" type="end" type_id="30"/>
	<message comment="Cameron Jerome has attempt saved (Low to the right, 6-yard box, Head, Open play)" minute="93" period="2" second="35" time="98" type="attempt blocked" type_id="15"/>
	<message comment="Michel Vorm makes a save (Diving, Parried into danger)" minute="93" period="2" second="35" time="98" type="save made" type_id="10"/>
	<message comment="Leroy Lita is caught offside" minute="93" period="2" time="98" type="offside" type_id="10000"/>
	<message comment="Scott Sinclair wins a corner (To the right)" minute="92" period="2" second="13" time="97" type="corner" type_id="6"/>
	<message comment="Danny Graham is substituted off" minute="90" period="2" second="45" time="95" type="substitution off" type_id="18"/>
	<message comment="Leroy Lita is substituted on" minute="90" period="2" second="45" time="95" type="substitution on" type_id="19"/>
	<message comment="Glenn Whelan misses attempt (Out of box, Right footed, Throw-in)" minute="90" period="2" second="2" time="95" type="attempt missed" type_id="13"/>
	<message comment="Ryan Shotton recieves a yellow card" minute="87" period="2" second="40" time="92" type="card received" type_id="17"/>
	<message comment="GOAL! Danny Graham scores  (Low to the left, Out of box, Big Chance, Right footed, Open play)" minute="84" period="2" second="16" time="89" type="goal scored" type_id="16"/>
	<message comment="Danny Graham is caught offside" minute="82" period="2" time="87" type="offside" type_id="10000"/>
	<message comment="Jermaine Pennant is substituted off" minute="79" period="2" second="50" time="84" type="substitution off" type_id="18"/>
	<message comment="Ryan Shotton is substituted on" minute="79" period="2" second="50" time="84" type="substitution on" type_id="19"/>
	<message comment="Robert Huth blocks a shot" minute="76" period="2" second="52" time="81" type="save made" type_id="10"/>
	<message comment="Scott Sinclair has shot blocked (Out of box, Right footed, Free kick)" minute="76" period="2" second="52" time="81" type="attempt blocked" type_id="15"/>
	<message comment="Jermaine Pennant recieves a yellow card" minute="75" period="2" second="47" time="80" type="card received" type_id="17"/>
	<message comment="Jonathan Walters has shot blocked (18-yard box, Left footed, Open play)" minute="73" period="2" second="46" time="78" type="attempt blocked" type_id="15"/>
	<message comment="Ashley Williams blocks a shot" minute="73" period="2" second="46" time="78" type="save made" type_id="10"/>
	<message comment="Nathan Dyer misses attempt (To the right, Out of box, Right footed, From corner)" minute="69" period="2" second="28" time="74" type="attempt missed" type_id="13"/>
	<message comment="Scott Sinclair wins a corner (To the right)" minute="68" period="2" second="15" time="73" type="corner" type_id="6"/>
	<message comment="Asmir Begovic makes a save (Diving, Parried safe)" minute="68" period="2" second="12" time="73" type="save made" type_id="10"/>
	<message comment="Scott Sinclair has attempt saved (Low to the right, Out of box, Right footed, Open play)" minute="68" period="2" second="12" time="73" type="attempt blocked" type_id="15"/>
	<message comment="Cameron Jerome misses attempt (High, Out of box, Left footed, Open play)" minute="66" period="2" second="20" time="71" type="attempt missed" type_id="13"/>
	<message comment="Dean Whitehead blocks a shot" minute="65" period="2" second="43" time="70" type="save made" type_id="10"/>
	<message comment="Nathan Dyer has shot blocked (Out of box, Right footed, Open play)" minute="65" period="2" second="43" time="70" type="attempt blocked" type_id="15"/>
	<message comment="Wayne Routledge is substituted off" minute="65" period="2" second="23" time="70" type="substitution off" type_id="18"/>
	<message comment="Luke Moore is substituted on" minute="65" period="2" second="23" time="70" type="substitution on" type_id="19"/>
	<message comment="Jermaine Pennant wins a corner (To the right)" minute="64" period="2" second="2" time="69" type="corner" type_id="6"/>
	<message comment="Cameron Jerome is caught offside" minute="62" period="2" time="67" type="offside" type_id="10000"/>
	<message comment="Wayne Routledge recieves a yellow card" minute="59" period="2" second="50" time="64" type="card received" type_id="17"/>
	<message comment="Glenn Whelan hits the woodwork (To the right, Out of box, Right footed, Free kick)" minute="59" period="2" second="35" time="64" type="woodwork hit" type_id="14"/>
	<message comment="Neil Taylor recieves a yellow card" minute="58" period="2" second="34" time="63" type="card received" type_id="17"/>
	<message comment="Michel Vorm makes a save (Collected, From shot off target, Diving)" minute="54" period="2" second="38" time="59" type="save made" type_id="10"/>
	<message comment="Cameron Jerome misses attempt (18-yard box, Right footed, Set piece)" minute="54" period="2" second="36" time="59" type="attempt missed" type_id="13"/>
	<message comment="Rory Delap is substituted off" minute="54" period="2" second="13" time="59" type="substitution off" type_id="18"/>
	<message comment="Cameron Jerome is substituted on" minute="54" period="2" second="13" time="59" type="substitution on" type_id="19"/>
	<message comment="Mark Gower recieves a yellow card" minute="53" period="2" second="44" time="58" type="card received" type_id="17"/>
	<message comment="Robert Huth blocks a shot" minute="52" period="2" second="55" time="57" type="save made" type_id="10"/>
	<message comment="Mark Gower has shot blocked (Out of box, Right footed, Free kick)" minute="52" period="2" second="55" time="57" type="attempt blocked" type_id="15"/>
	<message comment="Nathan Dyer wins a corner (To the right)" minute="51" period="2" second="31" time="56" type="corner" type_id="6"/>
	<message comment="Scott Sinclair misses attempt (High, Out of box, Right footed, Open play)" minute="50" period="2" second="38" time="55" type="attempt missed" type_id="13"/>
	<message comment="Danny Graham misses attempt (High, 18-yard box, Head, From corner)" minute="47" period="2" second="37" time="52" type="attempt missed" type_id="13"/>
	<message comment="Nathan Dyer wins a corner (To the right)" minute="46" period="2" second="58" time="51" type="corner" type_id="6"/>
	<message comment="Second half begins!" minute="45" period="2" second="0" time="50" type="start" type_id="32"/>
	<message comment="First half ends" minute="49" period="1" second="27" time="49" type="end" type_id="30"/>
	<message comment="Glenn Whelan wins a corner (To the left)" minute="48" period="1" second="14" time="48" type="corner" type_id="6"/>
	<message comment="Glenn Whelan has shot blocked (Out of box, Right footed, Throw-in)" minute="48" period="1" second="12" time="48" type="attempt blocked" type_id="15"/>
	<message comment="Ashley Williams blocks a shot" minute="48" period="1" second="12" time="48" type="save made" type_id="10"/>
	<message comment="Peter Crouch recieves a yellow card" minute="44" period="1" second="34" time="44" type="card received" type_id="17"/>
	<message comment="Rory Delap misses attempt (High to the right, Out of box, Right footed, Open play)" minute="42" period="1" second="56" time="42" type="attempt missed" type_id="13"/>
	<message comment="Andy Wilkinson recieves a yellow card" minute="39" period="1" second="27" time="39" type="card received" type_id="17"/>
	<message comment="Angel Rangel misses attempt (High, 18-yard box, Head, From corner)" minute="37" period="1" second="15" time="37" type="attempt missed" type_id="13"/>
	<message comment="Wayne Routledge wins a corner (To the right)" minute="36" period="1" second="52" time="36" type="corner" type_id="6"/>
	<message comment="Marc Wilson is substituted off" minute="32" period="1" second="30" time="32" type="substitution off" type_id="18"/>
	<message comment="Robert Huth is substituted on" minute="32" period="1" second="30" time="32" type="substitution on" type_id="19"/>
	<message comment="Jonathan Walters is caught offside" minute="27" period="1" time="27" type="offside" type_id="10000"/>
	<message comment="Marc Wilson wins a corner (To the right)" minute="26" period="1" second="20" time="26" type="corner" type_id="6"/>
	<message comment="Scott Sinclair wins a corner (To the left)" minute="25" period="1" second="7" time="25" type="corner" type_id="6"/>
	<message comment="Marc Wilson misses attempt (To the left, 18-yard box, Head, From corner)" minute="20" period="1" second="54" time="20" type="attempt missed" type_id="13"/>
	<message comment="Jonathan Walters wins a corner (To the right)" minute="20" period="1" second="21" time="20" type="corner" type_id="6"/>
	<message comment="Jonathan Walters has attempt saved (High to the centre, Out of box, Right footed, Open play)" minute="20" period="1" second="19" time="20" type="attempt blocked" type_id="15"/>
	<message comment="Michel Vorm makes a save (Parried safe, Diving)" minute="20" period="1" second="19" time="20" type="save made" type_id="10"/>
	<message comment="Glenn Whelan recieves a yellow card" minute="18" period="1" second="48" time="18" type="card received" type_id="17"/>
	<message comment="Jermaine Pennant has shot blocked (Out of box, Right footed, Free kick)" minute="16" period="1" second="9" time="16" type="attempt blocked" type_id="15"/>
	<message comment="Ashley Williams blocks a shot" minute="16" period="1" second="9" time="16" type="save made" type_id="10"/>
	<message comment="Jermaine Pennant wins a corner (To the right)" minute="14" period="1" second="23" time="14" type="corner" type_id="6"/>
	<message comment="Jonathan Woodgate blocks a shot" minute="10" period="1" second="58" time="10" type="save made" type_id="10"/>
	<message comment="Scott Sinclair has shot blocked (Out of box, Right footed, Open play)" minute="10" period="1" second="58" time="10" type="attempt blocked" type_id="15"/>
	<message comment="Formation Set" minute="0" period="14" second="0" time="10" type="end" type_id="30"/>
	<message comment="GOAL! Scott Sinclair scores  (Low to the right, 18-yard box, Penalty, Big Chance, Right footed)" minute="8" period="1" second="33" time="8" type="goal scored" type_id="16"/>
	<message comment="First half begins!" minute="0" period="1" second="0" time="0" type="start" type_id="32"/>
</Commentary>
