<?xml version="1.0" ?>
<Commentary away_team_name="Swansea" competition="English Premier League" game_date="2014-01-19" home_team_name="Tottenham" lang_id="en" season="Season 2013/2014" season_id="2013" sport_id="1" sport_name="Football">
	<message comment="Second half ends" minute="95" period="2" second="0" time="99" type="end" type_id="30"/>
	<message comment="Emmanuel Adebayor is caught offside" minute="85" period="2" time="89" type="offside" type_id="10000"/>
	<message comment="Christian Eriksen has shot blocked (Out of box, Left footed, Open play)" minute="84" period="2" second="27" time="88" type="attempt blocked" type_id="15"/>
	<message comment="Chico Flores blocks a shot" minute="84" period="2" second="27" time="88" type="save made" type_id="10"/>
	<message comment="Gylfi Sigurdsson has shot blocked (Out of box, Left footed, Open play)" minute="84" period="2" second="4" time="88" type="attempt blocked" type_id="15"/>
	<message comment="Ashley Williams blocks a shot" minute="84" period="2" second="4" time="88" type="save made" type_id="10"/>
	<message comment="Gylfi Sigurdsson has attempt saved (Low to the centre, 18-yard box, Right footed, Open play)" minute="81" period="2" second="41" time="85" type="attempt blocked" type_id="15"/>
	<message comment="Gerhard Tremmel makes a save (Standing, Collected)" minute="81" period="2" second="41" time="85" type="save made" type_id="10"/>
	<message comment="Danny Rose recieves a yellow card" minute="79" period="2" second="38" time="83" type="card received" type_id="17"/>
	<message comment="Aaron Lennon is substituted off" minute="78" period="2" second="33" time="82" type="substitution off" type_id="18"/>
	<message comment="Kyle Naughton is substituted on" minute="78" period="2" second="33" time="82" type="substitution on" type_id="19"/>
	<message comment="GOAL! Wilfried Bony scores , Assisted by Roland Lamah (Low to the right, 18-yard box, Right footed, Open play)" minute="77" period="2" second="35" time="81" type="goal scored" type_id="16"/>
	<message comment="Wilfried Bony misses attempt (To the left, 18-yard box, Head, Open play)" minute="73" period="2" second="12" time="77" type="attempt missed" type_id="13"/>
	<message comment="Emmanuel Adebayor is caught offside" minute="72" period="2" time="76" type="offside" type_id="10000"/>
	<message comment="GOAL! Emmanuel Adebayor scores , Assisted by Danny Rose (Low to the right, 18-yard box, Big Chance, Right footed, Fast break)" minute="70" period="2" second="21" time="74" type="goal scored" type_id="16"/>
	<message comment="Mousa Dembélé misses attempt (18-yard box, Big Chance, Left footed, Open play)" minute="69" period="2" second="14" time="73" type="attempt missed" type_id="13"/>
	<message comment="Wilfried Bony recieves a yellow card" minute="67" period="2" second="22" time="71" type="card received" type_id="17"/>
	<message comment="Nacer Chadli is substituted off" minute="66" period="2" second="29" time="70" type="substitution off" type_id="18"/>
	<message comment="Gylfi Sigurdsson is substituted on" minute="66" period="2" second="29" time="70" type="substitution on" type_id="19"/>
	<message comment="Chico Flores misses attempt (18-yard box, Head, From corner)" minute="65" period="2" second="55" time="69" type="attempt missed" type_id="13"/>
	<message comment="Roland Lamah wins a corner (To the left)" minute="65" period="2" second="31" time="69" type="corner" type_id="6"/>
	<message comment="Wayne Routledge wins a corner (To the right)" minute="64" period="2" second="23" time="68" type="corner" type_id="6"/>
	<message comment="Ben Davies wins a corner (To the left)" minute="63" period="2" second="21" time="67" type="corner" type_id="6"/>
	<message comment="Aaron Lennon has shot blocked (Out of box, Left footed, Open play)" minute="61" period="2" second="20" time="65" type="attempt blocked" type_id="15"/>
	<message comment="Ashley Williams blocks a shot" minute="61" period="2" second="20" time="65" type="save made" type_id="10"/>
	<message comment="Wayne Routledge is caught offside" minute="61" period="2" time="65" type="offside" type_id="10000"/>
	<message comment="Hugo Lloris makes a save (Standing, Parried into danger)" minute="59" period="2" second="40" time="63" type="save made" type_id="10"/>
	<message comment="Wilfried Bony has attempt saved (Low to the centre, Out of box, Right footed, Open play)" minute="59" period="2" second="40" time="63" type="attempt blocked" type_id="15"/>
	<message comment="Chico Flores scores an OWN GOAL!  (Low to the centre, 6-yard box, Left footed, Open play)" minute="52" period="2" second="56" time="56" type="goal scored" type_id="16"/>
	<message comment="Jonjo Shelvey is substituted off" minute="50" period="2" second="15" time="54" type="substitution off" type_id="18"/>
	<message comment="Roland Lamah is substituted on" minute="50" period="2" second="15" time="54" type="substitution on" type_id="19"/>
	<message comment="Jordi Amat recieves a yellow card" minute="48" period="2" second="31" time="52" type="card received" type_id="17"/>
	<message comment="Emmanuel Adebayor wins a corner (To the right)" minute="46" period="2" second="31" time="50" type="corner" type_id="6"/>
	<message comment="Second half begins!" minute="45" period="2" second="0" time="49" type="start" type_id="32"/>
	<message comment="First half ends" minute="48" period="1" second="2" time="48" type="end" type_id="30"/>
	<message comment="Angel Rangel wins a corner (To the left)" minute="46" period="1" second="31" time="46" type="corner" type_id="6"/>
	<message comment="Christian Eriksen has attempt saved (Low to the centre, 18-yard box, Left footed, Open play)" minute="45" period="1" second="39" time="45" type="attempt blocked" type_id="15"/>
	<message comment="Gerhard Tremmel makes a save (Collected)" minute="45" period="1" second="39" time="45" type="save made" type_id="10"/>
	<message comment="Jordi Amat misses attempt (To the right, 18-yard box, Right footed, From corner)" minute="42" period="1" second="53" time="42" type="attempt missed" type_id="13"/>
	<message comment="Wayne Routledge wins a corner (To the right)" minute="42" period="1" second="34" time="42" type="corner" type_id="6"/>
	<message comment="Danny Rose misses attempt (High, Out of box, Left footed, Open play)" minute="39" period="1" second="31" time="39" type="attempt missed" type_id="13"/>
	<message comment="Emmanuel Adebayor has attempt saved (High to the centre, 18-yard box, Right footed, Open play)" minute="38" period="1" second="57" time="38" type="attempt blocked" type_id="15"/>
	<message comment="Gerhard Tremmel makes a save (Diving, Parried into danger)" minute="38" period="1" second="57" time="38" type="save made" type_id="10"/>
	<message comment="Danny Rose wins a corner (To the left)" minute="38" period="1" second="7" time="38" type="corner" type_id="6"/>
	<message comment="Nacer Chadli misses attempt (High, 18-yard box, Big Chance, Right footed, Open play)" minute="35" period="1" second="54" time="35" type="attempt missed" type_id="13"/>
	<message comment="GOAL! Emmanuel Adebayor scores , Assisted by Christian Eriksen (Low to the left, 6-yard box, Big Chance, Head, Open play)" minute="34" period="1" second="24" time="34" type="goal scored" type_id="16"/>
	<message comment="Wilfried Bony is caught offside" minute="32" period="1" time="32" type="offside" type_id="10000"/>
	<message comment="Wilfried Bony misses attempt (To the right, 18-yard box, Head, Open play)" minute="31" period="1" second="50" time="31" type="attempt missed" type_id="13"/>
	<message comment="Alejandro Pozuelo wins a corner (To the right)" minute="24" period="1" second="40" time="24" type="corner" type_id="6"/>
	<message comment="Kyle Walker blocks a shot" minute="24" period="1" second="36" time="24" type="save made" type_id="10"/>
	<message comment="Alejandro Pozuelo has shot blocked (18-yard box, Right footed, From corner)" minute="24" period="1" second="36" time="24" type="attempt blocked" type_id="15"/>
	<message comment="Wilfried Bony wins a corner (To the right)" minute="24" period="1" second="20" time="24" type="corner" type_id="6"/>
	<message comment="Wilfried Bony hits the woodwork (High, Out of box, Right footed, Open play)" minute="24" period="1" second="12" time="24" type="woodwork hit" type_id="14"/>
	<message comment="Wilfried Bony misses attempt (To the left, Out of box, Right footed, Open play)" minute="19" period="1" second="35" time="19" type="attempt missed" type_id="13"/>
	<message comment="Leon Britton misses attempt (To the left, Out of box, Right footed, Open play)" minute="13" period="1" second="13" time="13" type="attempt missed" type_id="13"/>
	<message comment="Hugo Lloris makes a save (Parried into danger, Diving)" minute="12" period="1" second="54" time="12" type="save made" type_id="10"/>
	<message comment="Jonjo Shelvey has attempt saved (High to the right, Out of box, Right footed, Open play)" minute="12" period="1" second="54" time="12" type="attempt blocked" type_id="15"/>
	<message comment="Formation Set" minute="0" period="14" second="0" time="9" type="end" type_id="30"/>
	<message comment="Jonjo Shelvey misses attempt (High to the left, Out of box, Left footed, Open play)" minute="5" period="1" second="50" time="5" type="attempt missed" type_id="13"/>
	<message comment="Jonjo Shelvey misses attempt (To the right, Out of box, Right footed, From corner)" minute="4" period="1" second="26" time="4" type="attempt missed" type_id="13"/>
	<message comment="Wayne Routledge wins a corner (To the left)" minute="3" period="1" second="59" time="3" type="corner" type_id="6"/>
	<message comment="First half begins!" minute="0" period="1" second="0" time="0" type="start" type_id="32"/>
</Commentary>
