<?xml version="1.0" ?>
<Commentary away_team_name="Swansea" competition="English Premier League" game_date="2013-09-28" home_team_name="Arsenal" lang_id="en" season="Season 2013/2014" season_id="2013" sport_id="1" sport_name="Football">
	<message comment="Second half ends" minute="94" period="2" second="40" time="98" type="end" type_id="30"/>
	<message comment="Mikel Arteta recieves a yellow card" minute="92" period="2" second="31" time="96" type="card received" type_id="17"/>
	<message comment="Jack Wilshere is substituted off" minute="91" period="2" second="45" time="95" type="substitution off" type_id="18"/>
	<message comment="Carl Jenkinson is substituted on" minute="91" period="2" second="45" time="95" type="substitution on" type_id="19"/>
	<message comment="Mesut Özil is substituted off" minute="87" period="2" second="32" time="91" type="substitution off" type_id="18"/>
	<message comment="Nacho Monreal is substituted on" minute="87" period="2" second="32" time="91" type="substitution on" type_id="19"/>
	<message comment="Chico Flores misses attempt (High to the right, Out of box, Right footed, Open play)" minute="86" period="2" second="32" time="90" type="attempt missed" type_id="13"/>
	<message comment="José Cañas recieves a yellow card" minute="83" period="2" second="33" time="87" type="card received" type_id="17"/>
	<message comment="Chico Flores recieves a yellow card" minute="83" period="2" second="2" time="87" type="card received" type_id="17"/>
	<message comment="GOAL! Ben Davies scores , Assisted by Wilfried Bony (Low to the centre, 18-yard box, Big Chance, Left footed, Open play)" minute="80" period="2" second="59" time="84" type="goal scored" type_id="16"/>
	<message comment="Jonathan de Guzmán recieves a yellow card" minute="79" period="2" second="26" time="83" type="card received" type_id="17"/>
	<message comment="Per Mertesacker misses attempt (To the right, 18-yard box, Head, Set piece)" minute="78" period="2" second="22" time="82" type="attempt missed" type_id="13"/>
	<message comment="Serge Gnabry is substituted off" minute="77" period="2" second="7" time="81" type="substitution off" type_id="18"/>
	<message comment="Mikel Arteta is substituted on" minute="77" period="2" second="7" time="81" type="substitution on" type_id="19"/>
	<message comment="Wilfried Bony wins a corner (To the right)" minute="75" period="2" second="23" time="79" type="corner" type_id="6"/>
	<message comment="Wojciech Szczesny makes a save (Diving, Parried safe)" minute="75" period="2" second="22" time="79" type="save made" type_id="10"/>
	<message comment="Wilfried Bony has attempt saved (Low to the right, 18-yard box, Big Chance, Right footed, Open play)" minute="75" period="2" second="22" time="79" type="attempt blocked" type_id="15"/>
	<message comment="Olivier Giroud is caught offside" minute="74" period="2" time="78" type="offside" type_id="10000"/>
	<message comment="Nathan Dyer wins a corner (To the left)" minute="68" period="2" second="17" time="72" type="corner" type_id="6"/>
	<message comment="Wojciech Szczesny makes a save (Parried safe, Diving)" minute="68" period="2" second="15" time="72" type="save made" type_id="10"/>
	<message comment="Nathan Dyer has attempt saved (Low to the left, Out of box, Right footed, Open play)" minute="68" period="2" second="15" time="72" type="attempt blocked" type_id="15"/>
	<message comment="Wilfried Bony misses attempt (To the right, Out of box, Right footed, Open play)" minute="66" period="2" second="38" time="70" type="attempt missed" type_id="13"/>
	<message comment="Laurent Koscielny blocks a shot" minute="65" period="2" second="24" time="69" type="save made" type_id="10"/>
	<message comment="Wilfried Bony has shot blocked (Out of box, Right footed, Open play)" minute="65" period="2" second="24" time="69" type="attempt blocked" type_id="15"/>
	<message comment="Mesut Özil is caught offside" minute="64" period="2" time="68" type="offside" type_id="10000"/>
	<message comment="Wayne Routledge is substituted off" minute="63" period="2" second="55" time="67" type="substitution off" type_id="18"/>
	<message comment="Alejandro Pozuelo is substituted on" minute="63" period="2" second="55" time="67" type="substitution on" type_id="19"/>
	<message comment="GOAL! Aaron Ramsey scores , Assisted by Olivier Giroud (High to the right, 18-yard box, Right footed, Open play)" minute="61" period="2" second="33" time="65" type="goal scored" type_id="16"/>
	<message comment="Laurent Koscielny blocks a shot" minute="61" period="2" second="9" time="65" type="save made" type_id="10"/>
	<message comment="Nathan Dyer has shot blocked (18-yard box, Right footed, Open play)" minute="61" period="2" second="9" time="65" type="attempt blocked" type_id="15"/>
	<message comment="Jonjo Shelvey is substituted off" minute="60" period="2" second="5" time="64" type="substitution off" type_id="18"/>
	<message comment="Wilfried Bony is substituted on" minute="60" period="2" second="5" time="64" type="substitution on" type_id="19"/>
	<message comment="Mathieu Flamini recieves a yellow card" minute="59" period="2" second="36" time="63" type="card received" type_id="17"/>
	<message comment="Mesut Özil wins a corner (To the left)" minute="58" period="2" second="40" time="62" type="corner" type_id="6"/>
	<message comment="Michel Vorm makes a save (Diving, Parried safe)" minute="58" period="2" second="37" time="62" type="save made" type_id="10"/>
	<message comment="Mesut Özil has attempt saved (Low to the left, 18-yard box, Big Chance, Left footed, Open play)" minute="58" period="2" second="37" time="62" type="attempt blocked" type_id="15"/>
	<message comment="GOAL! Serge Gnabry scores , Assisted by Aaron Ramsey (Low to the left, 18-yard box, Right footed, Open play)" minute="57" period="2" second="6" time="61" type="goal scored" type_id="16"/>
	<message comment="José Cañas blocks a shot" minute="55" period="2" second="37" time="59" type="save made" type_id="10"/>
	<message comment="Bacary Sagna has shot blocked (Out of box, Left footed, Open play)" minute="55" period="2" second="37" time="59" type="attempt blocked" type_id="15"/>
	<message comment="Serge Gnabry has attempt saved (Low to the centre, 18-yard box, Left footed, Open play)" minute="50" period="2" second="34" time="54" type="attempt blocked" type_id="15"/>
	<message comment="Michel Vorm makes a save" minute="50" period="2" second="34" time="54" type="save made" type_id="10"/>
	<message comment="Wayne Routledge is caught offside" minute="48" period="2" time="52" type="offside" type_id="10000"/>
	<message comment="Serge Gnabry wins a corner (To the left)" minute="46" period="2" second="3" time="50" type="corner" type_id="6"/>
	<message comment="Second half begins!" minute="45" period="2" second="0" time="49" type="start" type_id="32"/>
	<message comment="First half ends" minute="48" period="1" second="25" time="48" type="end" type_id="30"/>
	<message comment="Olivier Giroud misses attempt (18-yard box, Left footed, Open play)" minute="47" period="1" second="44" time="47" type="attempt missed" type_id="13"/>
	<message comment="Jonathan de Guzmán misses attempt (High to the right, Out of box, Right footed, Free kick)" minute="44" period="1" second="3" time="44" type="attempt missed" type_id="13"/>
	<message comment="Jack Wilshere is caught offside" minute="39" period="1" time="39" type="offside" type_id="10000"/>
	<message comment="Chico Flores blocks a shot" minute="38" period="1" second="50" time="38" type="save made" type_id="10"/>
	<message comment="Mathieu Flamini has shot blocked (Out of box, Right footed, Open play)" minute="38" period="1" second="50" time="38" type="attempt blocked" type_id="15"/>
	<message comment="Olivier Giroud is caught offside" minute="37" period="1" time="37" type="offside" type_id="10000"/>
	<message comment="Dwight Tiendalli is caught offside" minute="24" period="1" time="24" type="offside" type_id="10000"/>
	<message comment="Michu is caught offside" minute="17" period="1" time="17" type="offside" type_id="10000"/>
	<message comment="Aaron Ramsey misses attempt (Out of box, Right footed, Open play)" minute="14" period="1" second="46" time="14" type="attempt missed" type_id="13"/>
	<message comment="Per Mertesacker misses attempt (18-yard box, Head, Open play)" minute="10" period="1" second="5" time="10" type="attempt missed" type_id="13"/>
	<message comment="Jack Wilshere wins a corner (To the left)" minute="9" period="1" second="26" time="9" type="corner" type_id="6"/>
	<message comment="Formation Set" minute="0" period="14" second="0" time="8" type="end" type_id="30"/>
	<message comment="Jonjo Shelvey wins a corner (To the left)" minute="7" period="1" second="39" time="7" type="corner" type_id="6"/>
	<message comment="Jonjo Shelvey misses attempt (High, Out of box, Right footed, Open play)" minute="4" period="1" second="59" time="4" type="attempt missed" type_id="13"/>
	<message comment="José Cañas misses attempt (High to the right, Out of box, Right footed, From corner)" minute="1" period="1" second="23" time="1" type="attempt missed" type_id="13"/>
	<message comment="Chico Flores wins a corner (To the right)" minute="0" period="1" second="59" time="0" type="corner" type_id="6"/>
	<message comment="First half begins!" minute="0" period="1" second="0" time="0" type="start" type_id="32"/>
</Commentary>
