<?xml version="1.0" ?>
<Commentary away_team_name="Swansea" competition="English Premier League" game_date="2011-09-17" home_team_name="West Bromwich Albion" lang_id="en" season="Season 2011/2012" season_id="2011" sport_id="1" sport_name="Football">
	<message comment="Second half ends" minute="98" period="2" second="57" time="101" type="end" type_id="30"/>
	<message comment="Graham Dorrans has attempt saved (Low to the centre, Out of box, Right footed, Open play)" minute="97" period="2" second="40" time="100" type="attempt blocked" type_id="15"/>
	<message comment="Michel Vorm makes a save (Collected)" minute="97" period="2" second="40" time="100" type="save made" type_id="10"/>
	<message comment="Peter Odemwingie blocks a shot" minute="92" period="2" second="59" time="95" type="save made" type_id="10"/>
	<message comment="Scott Sinclair has shot blocked (Out of box, Right footed, From corner)" minute="92" period="2" second="59" time="95" type="attempt blocked" type_id="15"/>
	<message comment="Mark Gower wins a corner (To the right)" minute="92" period="2" second="29" time="95" type="corner" type_id="6"/>
	<message comment="Craig Dawson blocks a shot" minute="92" period="2" second="27" time="95" type="save made" type_id="10"/>
	<message comment="Mark Gower has shot blocked (Out of box, Right footed, Open play)" minute="92" period="2" second="27" time="95" type="attempt blocked" type_id="15"/>
	<message comment="Shane Long wins a corner (To the right)" minute="91" period="2" second="3" time="94" type="corner" type_id="6"/>
	<message comment="Shane Long has attempt saved (Low to the right, 18-yard box, Head, Open play)" minute="91" period="2" second="1" time="94" type="attempt blocked" type_id="15"/>
	<message comment="Michel Vorm makes a save (Diving, Parried safe)" minute="91" period="2" second="1" time="94" type="save made" type_id="10"/>
	<message comment="Simon Cox wins a corner (To the left)" minute="87" period="2" second="6" time="90" type="corner" type_id="6"/>
	<message comment="Neil Taylor is substituted off" minute="85" period="2" second="7" time="88" type="substitution off" type_id="18"/>
	<message comment="Federico Bessone is substituted on" minute="85" period="2" second="7" time="88" type="substitution on" type_id="19"/>
	<message comment="Peter Odemwingie recieves a yellow card" minute="77" period="2" second="48" time="80" type="card received" type_id="17"/>
	<message comment="Graham Dorrans misses attempt (To the right, Out of box, Left footed, Open play)" minute="73" period="2" second="24" time="76" type="attempt missed" type_id="13"/>
	<message comment="Leroy Lita is substituted off" minute="70" period="2" second="28" time="73" type="substitution off" type_id="18"/>
	<message comment="Luke Moore is substituted on" minute="70" period="2" second="28" time="73" type="substitution on" type_id="19"/>
	<message comment="Nathan Dyer is substituted off" minute="70" period="2" second="16" time="73" type="substitution off" type_id="18"/>
	<message comment="Wayne Routledge is substituted on" minute="70" period="2" second="16" time="73" type="substitution on" type_id="19"/>
	<message comment="Paul Scharner is substituted off" minute="67" period="2" second="3" time="70" type="substitution off" type_id="18"/>
	<message comment="Simon Cox is substituted on" minute="67" period="2" second="3" time="70" type="substitution on" type_id="19"/>
	<message comment="Chris Brunt wins a corner (To the left)" minute="65" period="2" second="40" time="68" type="corner" type_id="6"/>
	<message comment="Chris Brunt wins a corner (To the right)" minute="65" period="2" second="13" time="68" type="corner" type_id="6"/>
	<message comment="Chris Brunt has shot blocked (Out of box, Left footed, Open play)" minute="65" period="2" second="11" time="68" type="attempt blocked" type_id="15"/>
	<message comment="Garry Monk blocks a shot" minute="65" period="2" second="11" time="68" type="save made" type_id="10"/>
	<message comment="Jonas Olsson misses attempt (High to the left, 6-yard box, Head, From corner)" minute="64" period="2" second="25" time="67" type="attempt missed" type_id="13"/>
	<message comment="Graham Dorrans wins a corner (To the left)" minute="64" period="2" second="3" time="67" type="corner" type_id="6"/>
	<message comment="Graham Dorrans has attempt saved (High to the left, Out of box, Right footed, Free kick)" minute="64" period="2" second="1" time="67" type="attempt blocked" type_id="15"/>
	<message comment="Michel Vorm makes a save (Parried safe, Diving)" minute="64" period="2" second="1" time="67" type="save made" type_id="10"/>
	<message comment="Chris Brunt is caught offside" minute="59" period="2" time="62" type="offside" type_id="10000"/>
	<message comment="Scott Sinclair misses attempt (High, Out of box, Right footed, Free kick)" minute="58" period="2" second="18" time="61" type="attempt missed" type_id="13"/>
	<message comment="Chris Brunt recieves a yellow card" minute="57" period="2" second="22" time="60" type="card received" type_id="17"/>
	<message comment="Peter Odemwingie misses attempt (High, Out of box, Left footed, Open play)" minute="55" period="2" second="6" time="58" type="attempt missed" type_id="13"/>
	<message comment="James Morrison has shot blocked (Out of box, Right footed, Open play)" minute="52" period="2" second="22" time="55" type="attempt blocked" type_id="15"/>
	<message comment="James Morrison misses attempt (To the left, Out of box, Right footed, Open play)" minute="50" period="2" second="4" time="53" type="attempt missed" type_id="13"/>
	<message comment="GOAL! Nathan Dyer scores , Assisted by Leroy Lita (Low to the right, 18-yard box, Big Chance, Right footed, Fast break)" minute="48" period="2" second="17" time="51" type="goal scored" type_id="16"/>
	<message comment="Jonas Olsson has shot blocked (18-yard box, Head, From corner)" minute="46" period="2" second="27" time="49" type="attempt blocked" type_id="15"/>
	<message comment="Mark Gower blocks a shot" minute="46" period="2" second="27" time="49" type="save made" type_id="10"/>
	<message comment="Graham Dorrans wins a corner (To the right)" minute="46" period="2" second="1" time="49" type="corner" type_id="6"/>
	<message comment="Second half begins!" minute="45" period="2" second="0" time="48" type="start" type_id="32"/>
	<message comment="Jerome Thomas is substituted off" minute="45" period="2" second="0" time="48" type="substitution off" type_id="18"/>
	<message comment="Chris Brunt is substituted on" minute="45" period="2" second="0" time="48" type="substitution on" type_id="19"/>
	<message comment="Youssouf Mulumbu is substituted off" minute="45" period="2" second="0" time="48" type="substitution off" type_id="18"/>
	<message comment="Graham Dorrans is substituted on" minute="45" period="2" second="0" time="48" type="substitution on" type_id="19"/>
	<message comment="First half ends" minute="47" period="1" second="8" time="47" type="end" type_id="30"/>
	<message comment="Nicky Shorey blocks a shot" minute="42" period="1" second="53" time="42" type="save made" type_id="10"/>
	<message comment="Joe Allen has shot blocked (18-yard box, Right footed, Open play)" minute="42" period="1" second="53" time="42" type="attempt blocked" type_id="15"/>
	<message comment="Michel Vorm makes a save (Standing)" minute="37" period="1" second="21" time="37" type="save made" type_id="10"/>
	<message comment="Craig Dawson has attempt saved (High to the centre, 18-yard box, Head, From corner)" minute="37" period="1" second="21" time="37" type="attempt blocked" type_id="15"/>
	<message comment="James Morrison wins a corner (To the right)" minute="36" period="1" second="51" time="36" type="corner" type_id="6"/>
	<message comment="James Morrison has shot blocked (Out of box, Right footed, Open play)" minute="36" period="1" second="49" time="36" type="attempt blocked" type_id="15"/>
	<message comment="Ashley Williams blocks a shot" minute="36" period="1" second="49" time="36" type="save made" type_id="10"/>
	<message comment="Youssouf Mulumbu has shot blocked (Out of box, Right footed, Open play)" minute="33" period="1" second="2" time="33" type="attempt blocked" type_id="15"/>
	<message comment="Mark Gower blocks a shot" minute="33" period="1" second="2" time="33" type="save made" type_id="10"/>
	<message comment="Shane Long wins a corner (To the left)" minute="31" period="1" second="6" time="31" type="corner" type_id="6"/>
	<message comment="Shane Long has attempt saved (High to the centre, Out of box, Left footed, Open play)" minute="31" period="1" second="5" time="31" type="attempt blocked" type_id="15"/>
	<message comment="Michel Vorm makes a save (Diving)" minute="31" period="1" second="5" time="31" type="save made" type_id="10"/>
	<message comment="Leroy Lita recieves a yellow card" minute="23" period="1" second="19" time="23" type="card received" type_id="17"/>
	<message comment="GOAL! Leroy Lita scores , Assisted by Scott Sinclair (High to the centre, 6-yard box, Big Chance, Head, From corner)" minute="23" period="1" second="18" time="23" type="goal scored" type_id="16"/>
	<message comment="Scott Sinclair misses attempt (To the left, 18-yard box, Big Chance, Key pass, Head, From corner)" minute="23" period="1" second="15" time="23" type="attempt missed" type_id="13"/>
	<message comment="Nathan Dyer wins a corner (To the right)" minute="22" period="1" second="47" time="22" type="corner" type_id="6"/>
	<message comment="Shane Long misses attempt (High to the right, 18-yard box, Big Chance, Right footed, Open play)" minute="21" period="1" second="43" time="21" type="attempt missed" type_id="13"/>
	<message comment="Shane Long is caught offside" minute="17" period="1" time="17" type="offside" type_id="10000"/>
	<message comment="GOAL! Scott Sinclair scores  (Low to the right, 18-yard box, Big Chance, Penalty, Right footed)" minute="13" period="1" second="43" time="13" type="goal scored" type_id="16"/>
	<message comment="Formation Set" minute="0" period="14" second="0" time="11" type="end" type_id="30"/>
	<message comment="Ben Foster makes a save (Collected)" minute="8" period="1" second="21" time="8" type="save made" type_id="10"/>
	<message comment="Joe Allen has attempt saved (Low to the centre, 18-yard box, Right footed, Open play)" minute="8" period="1" second="21" time="8" type="attempt blocked" type_id="15"/>
	<message comment="Scott Sinclair misses attempt (18-yard box, Right footed, Open play)" minute="6" period="1" second="23" time="6" type="attempt missed" type_id="13"/>
	<message comment="First half begins!" minute="0" period="1" second="0" time="0" type="start" type_id="32"/>
</Commentary>
