<?xml version="1.0" ?>
<Commentary away_team_name="Tottenham" competition="English Premier League" game_date="2014-04-07" home_team_name="Sunderland" lang_id="en" season="Season 2013/2014" season_id="2013" sport_id="1" sport_name="Football">
	<message comment="Second half ends" minute="95" period="2" second="3" time="98" type="end" type_id="30"/>
	<message comment="Emmanuel Adebayor misses attempt (High to the right, Out of box, Right footed, From corner)" minute="94" period="2" second="3" time="97" type="attempt missed" type_id="13"/>
	<message comment="Andros Townsend wins a corner (To the left)" minute="93" period="2" second="47" time="96" type="corner" type_id="6"/>
	<message comment="Craig Gardner blocks a shot" minute="93" period="2" second="45" time="96" type="save made" type_id="10"/>
	<message comment="Andros Townsend has shot blocked (Out of box, Left footed, Open play)" minute="93" period="2" second="45" time="96" type="attempt blocked" type_id="15"/>
	<message comment="GOAL! Gylfi Sigurdsson scores , Assisted by Younes Kaboul (High to the left, 6-yard box, Big Chance, Right footed, Set piece)" minute="91" period="2" second="32" time="94" type="goal scored" type_id="16"/>
	<message comment="Paulinho is substituted off" minute="87" period="2" second="47" time="90" type="substitution off" type_id="18"/>
	<message comment="Milos Veljkovic is substituted on" minute="87" period="2" second="47" time="90" type="substitution on" type_id="19"/>
	<message comment="Craig Gardner has attempt saved (High to the centre, Out of box, Left footed, Open play)" minute="86" period="2" second="50" time="89" type="attempt blocked" type_id="15"/>
	<message comment="Hugo Lloris makes a save (Standing)" minute="86" period="2" second="50" time="89" type="save made" type_id="10"/>
	<message comment="GOAL! Emmanuel Adebayor scores  (Low to the left, 6-yard box, Big Chance, Right footed, Open play)" minute="85" period="2" second="32" time="88" type="goal scored" type_id="16"/>
	<message comment="Vito Mannone makes a save (Parried into danger, Diving, Other body part)" minute="85" period="2" second="30" time="88" type="save made" type_id="10"/>
	<message comment="Harry Kane has attempt saved (Low to the centre, 18-yard box, Big Chance, Right footed, Open play)" minute="85" period="2" second="30" time="88" type="attempt blocked" type_id="15"/>
	<message comment="Aaron Lennon is substituted off" minute="83" period="2" second="32" time="86" type="substitution off" type_id="18"/>
	<message comment="Andros Townsend is substituted on" minute="83" period="2" second="32" time="86" type="substitution on" type_id="19"/>
	<message comment="Wes Brown blocks a shot" minute="82" period="2" second="58" time="85" type="save made" type_id="10"/>
	<message comment="Harry Kane has shot blocked (Out of box, Right footed, Open play)" minute="82" period="2" second="58" time="85" type="attempt blocked" type_id="15"/>
	<message comment="Nacer Chadli is substituted off" minute="81" period="2" second="49" time="84" type="substitution off" type_id="18"/>
	<message comment="Gylfi Sigurdsson is substituted on" minute="81" period="2" second="49" time="84" type="substitution on" type_id="19"/>
	<message comment="Vito Mannone makes a save (Diving)" minute="80" period="2" second="47" time="83" type="save made" type_id="10"/>
	<message comment="Emmanuel Adebayor has attempt saved (Low to the right, 18-yard box, Right footed, Open play)" minute="80" period="2" second="47" time="83" type="attempt blocked" type_id="15"/>
	<message comment="Vito Mannone makes a save (Diving)" minute="79" period="2" second="29" time="82" type="save made" type_id="10"/>
	<message comment="Harry Kane has attempt saved (Low to the centre, 18-yard box, Right footed, Open play)" minute="79" period="2" second="29" time="82" type="attempt blocked" type_id="15"/>
	<message comment="GOAL! Christian Eriksen scores , Assisted by Nacer Chadli (Low to the right, Out of box, Left footed, Open play)" minute="77" period="2" second="21" time="80" type="goal scored" type_id="16"/>
	<message comment="Wes Brown blocks a shot" minute="73" period="2" second="55" time="76" type="save made" type_id="10"/>
	<message comment="Aaron Lennon has shot blocked (Out of box, Right footed, Open play)" minute="73" period="2" second="55" time="76" type="attempt blocked" type_id="15"/>
	<message comment="Ignacio Scocco misses attempt (Out of box, Right footed, Open play)" minute="73" period="2" second="17" time="76" type="attempt missed" type_id="13"/>
	<message comment="Carlos Cuellar is substituted off" minute="71" period="2" second="47" time="74" type="substitution off" type_id="18"/>
	<message comment="Craig Gardner is substituted on" minute="71" period="2" second="47" time="74" type="substitution on" type_id="19"/>
	<message comment="Lee Cattermole is substituted off" minute="71" period="2" second="35" time="74" type="substitution off" type_id="18"/>
	<message comment="Ignacio Scocco is substituted on" minute="71" period="2" second="35" time="74" type="substitution on" type_id="19"/>
	<message comment="Carlos Cuellar blocks a shot" minute="68" period="2" second="25" time="71" type="save made" type_id="10"/>
	<message comment="Aaron Lennon has shot blocked (18-yard box, Right footed, Open play)" minute="68" period="2" second="25" time="71" type="attempt blocked" type_id="15"/>
	<message comment="Paulinho wins a corner (To the left)" minute="67" period="2" second="18" time="70" type="corner" type_id="6"/>
	<message comment="Lee Cattermole blocks a shot" minute="67" period="2" second="16" time="70" type="save made" type_id="10"/>
	<message comment="Paulinho has shot blocked (Out of box, Right footed, Open play)" minute="67" period="2" second="16" time="70" type="attempt blocked" type_id="15"/>
	<message comment="Fabio Borini has attempt saved (Low to the right, Out of box, Right footed, Open play)" minute="65" period="2" second="13" time="68" type="attempt blocked" type_id="15"/>
	<message comment="Hugo Lloris makes a save (Collected)" minute="65" period="2" second="13" time="68" type="save made" type_id="10"/>
	<message comment="Kyle Naughton wins a corner (To the left)" minute="64" period="2" second="10" time="67" type="corner" type_id="6"/>
	<message comment="Liam Bridcutt blocks a shot" minute="64" period="2" second="7" time="67" type="save made" type_id="10"/>
	<message comment="Kyle Naughton has shot blocked (Out of box, Right footed, Open play)" minute="64" period="2" second="7" time="67" type="attempt blocked" type_id="15"/>
	<message comment="GOAL! Harry Kane scores , Assisted by Christian Eriksen (Low to the right, 6-yard box, Big Chance, Right footed, Open play)" minute="58" period="2" second="6" time="61" type="goal scored" type_id="16"/>
	<message comment="Lee Cattermole blocks a shot" minute="52" period="2" second="26" time="55" type="save made" type_id="10"/>
	<message comment="Nacer Chadli has shot blocked (Out of box, Right footed, From corner)" minute="52" period="2" second="26" time="55" type="attempt blocked" type_id="15"/>
	<message comment="Harry Kane wins a corner (To the left)" minute="51" period="2" second="39" time="54" type="corner" type_id="6"/>
	<message comment="Fabio Borini is caught offside" minute="50" period="2" time="53" type="offside" type_id="10000"/>
	<message comment="Adam Johnson misses attempt (Out of box, Right footed, Open play)" minute="47" period="2" second="26" time="50" type="attempt missed" type_id="13"/>
	<message comment="Adam Johnson is caught offside" minute="46" period="2" time="49" type="offside" type_id="10000"/>
	<message comment="Second half begins!" minute="45" period="2" second="0" time="48" type="start" type_id="32"/>
	<message comment="First half ends" minute="47" period="1" second="4" time="47" type="end" type_id="30"/>
	<message comment="Fabio Borini wins a corner (To the right)" minute="45" period="1" second="13" time="45" type="corner" type_id="6"/>
	<message comment="Kyle Naughton blocks a shot" minute="45" period="1" second="9" time="45" type="save made" type_id="10"/>
	<message comment="Fabio Borini has shot blocked (Out of box, Right footed, Free kick)" minute="45" period="1" second="9" time="45" type="attempt blocked" type_id="15"/>
	<message comment="Christian Eriksen misses attempt (Out of box, Right footed, Free kick)" minute="43" period="1" second="3" time="43" type="attempt missed" type_id="13"/>
	<message comment="Lee Cattermole recieves a yellow card" minute="41" period="1" second="58" time="41" type="card received" type_id="17"/>
	<message comment="Carlos Cuellar blocks a shot" minute="40" period="1" second="2" time="40" type="save made" type_id="10"/>
	<message comment="Christian Eriksen has shot blocked (Out of box, Right footed, Free kick)" minute="40" period="1" second="2" time="40" type="attempt blocked" type_id="15"/>
	<message comment="Adam Johnson is caught offside" minute="40" period="1" time="40" type="offside" type_id="10000"/>
	<message comment="Vito Mannone makes a save (Collected)" minute="36" period="1" second="59" time="36" type="save made" type_id="10"/>
	<message comment="Emmanuel Adebayor has attempt saved (Low to the right, Out of box, Right footed, Open play)" minute="36" period="1" second="59" time="36" type="attempt blocked" type_id="15"/>
	<message comment="Harry Kane is caught offside" minute="35" period="1" time="35" type="offside" type_id="10000"/>
	<message comment="Paulinho misses attempt (To the left, 6-yard box, Left footed, Open play)" minute="34" period="1" second="45" time="34" type="attempt missed" type_id="13"/>
	<message comment="Danny Rose wins a corner (To the left)" minute="32" period="1" second="23" time="32" type="corner" type_id="6"/>
	<message comment="Danny Rose misses attempt (Out of box, Left footed, Open play)" minute="31" period="1" second="3" time="31" type="attempt missed" type_id="13"/>
	<message comment="Wes Brown blocks a shot" minute="30" period="1" second="55" time="30" type="save made" type_id="10"/>
	<message comment="Paulinho has shot blocked (Out of box, Left footed, Open play)" minute="30" period="1" second="55" time="30" type="attempt blocked" type_id="15"/>
	<message comment="Vito Mannone makes a save (Collected, Standing)" minute="30" period="1" second="16" time="30" type="save made" type_id="10"/>
	<message comment="Harry Kane has attempt saved (Low to the left, 18-yard box, Right footed, Open play)" minute="30" period="1" second="16" time="30" type="attempt blocked" type_id="15"/>
	<message comment="GOAL! Emmanuel Adebayor scores , Assisted by Christian Eriksen (Low to the right, 18-yard box, Big Chance, Other body part, Open play)" minute="27" period="1" second="29" time="27" type="goal scored" type_id="16"/>
	<message comment="Fabio Borini wins a corner (To the left)" minute="25" period="1" second="3" time="25" type="corner" type_id="6"/>
	<message comment="Fabio Borini has attempt saved (Low to the left, Out of box, Right footed, Open play)" minute="25" period="1" second="2" time="25" type="attempt blocked" type_id="15"/>
	<message comment="Hugo Lloris makes a save (Diving, Parried safe)" minute="25" period="1" second="2" time="25" type="save made" type_id="10"/>
	<message comment="Emmanuel Adebayor misses attempt (18-yard box, Right footed, Open play)" minute="23" period="1" second="45" time="23" type="attempt missed" type_id="13"/>
	<message comment="Santiago Vergini blocks a shot" minute="23" period="1" second="41" time="23" type="save made" type_id="10"/>
	<message comment="Harry Kane has shot blocked (18-yard box, Big Chance, Right footed, Open play)" minute="23" period="1" second="41" time="23" type="attempt blocked" type_id="15"/>
	<message comment="Carlos Cuellar blocks a shot" minute="23" period="1" second="16" time="23" type="save made" type_id="10"/>
	<message comment="Harry Kane has shot blocked (Out of box, Right footed, Open play)" minute="23" period="1" second="16" time="23" type="attempt blocked" type_id="15"/>
	<message comment="Adam Johnson is caught offside" minute="22" period="1" time="22" type="offside" type_id="10000"/>
	<message comment="Kyle Naughton misses attempt (Out of box, Right footed, Set piece)" minute="21" period="1" second="24" time="21" type="attempt missed" type_id="13"/>
	<message comment="Marcos Alonso recieves a yellow card" minute="20" period="1" second="46" time="20" type="card received" type_id="17"/>
	<message comment="Vito Mannone makes a save (Diving)" minute="18" period="1" second="15" time="18" type="save made" type_id="10"/>
	<message comment="Harry Kane has attempt saved (Low to the centre, 18-yard box, Big Chance, Left footed, Open play)" minute="18" period="1" second="15" time="18" type="attempt blocked" type_id="15"/>
	<message comment="Nacer Chadli misses attempt (To the left, Out of box, Key pass, Right footed, Open play)" minute="18" period="1" second="13" time="18" type="attempt missed" type_id="13"/>
	<message comment="GOAL! Lee Cattermole scores  (Low to the right, Out of box, Right footed, Open play)" minute="16" period="1" second="51" time="16" type="goal scored" type_id="16"/>
	<message comment="Emmanuel Adebayor is caught offside" minute="14" period="1" time="14" type="offside" type_id="10000"/>
	<message comment="Wes Brown misses attempt (To the right, 18-yard box, Head, Set piece)" minute="13" period="1" second="27" time="13" type="attempt missed" type_id="13"/>
	<message comment="Paulinho wins a corner (To the left)" minute="11" period="1" second="26" time="11" type="corner" type_id="6"/>
	<message comment="Formation Set" minute="0" period="14" second="0" time="8" type="end" type_id="30"/>
	<message comment="Christian Eriksen wins a corner (To the left)" minute="5" period="1" second="46" time="5" type="corner" type_id="6"/>
	<message comment="Aaron Lennon wins a corner (To the right)" minute="4" period="1" second="53" time="4" type="corner" type_id="6"/>
	<message comment="First half begins!" minute="0" period="1" second="0" time="0" type="start" type_id="32"/>
</Commentary>
