<?xml version="1.0" ?>
<Commentary away_team_name="Tottenham" competition="English Premier League" game_date="2013-03-03" home_team_name="Arsenal" lang_id="en" season="Season 2012/2013" season_id="2012" sport_id="1" sport_name="Football">
	<message comment="Second half ends" minute="97" period="2" second="0" time="100" type="end" type_id="30"/>
	<message comment="Aaron Lennon is substituted off" minute="96" period="2" second="42" time="99" type="substitution off" type_id="18"/>
	<message comment="William Gallas is substituted on" minute="96" period="2" second="42" time="99" type="substitution on" type_id="19"/>
	<message comment="Kyle Walker recieves a yellow card" minute="96" period="2" second="10" time="99" type="card received" type_id="17"/>
	<message comment="Lukas Podolski wins a corner (To the left)" minute="93" period="2" second="48" time="96" type="corner" type_id="6"/>
	<message comment="Kyle Walker blocks a shot" minute="93" period="2" second="47" time="96" type="save made" type_id="10"/>
	<message comment="Lukas Podolski has shot blocked (18-yard box, Left footed, Open play)" minute="93" period="2" second="47" time="96" type="attempt blocked" type_id="15"/>
	<message comment="Theo Walcott misses attempt (Out of box, Right footed, Free kick)" minute="88" period="2" second="8" time="91" type="attempt missed" type_id="13"/>
	<message comment="Mousa Dembélé is substituted off" minute="87" period="2" second="7" time="90" type="substitution off" type_id="18"/>
	<message comment="Jake Livermore is substituted on" minute="87" period="2" second="7" time="90" type="substitution on" type_id="19"/>
	<message comment="Gylfi Sigurdsson misses attempt (To the right, Out of box, Right footed, Open play)" minute="85" period="2" second="16" time="88" type="attempt missed" type_id="13"/>
	<message comment="Olivier Giroud misses attempt (High to the left, Out of box, Left footed, Open play)" minute="84" period="2" second="33" time="87" type="attempt missed" type_id="13"/>
	<message comment="Gareth Bale has attempt saved (Low to the centre, Out of box, Left footed, Free kick)" minute="82" period="2" second="57" time="85" type="attempt blocked" type_id="15"/>
	<message comment="Wojciech Szczesny makes a save (Standing)" minute="82" period="2" second="57" time="85" type="save made" type_id="10"/>
	<message comment="Aaron Ramsey wins a corner (To the left)" minute="79" period="2" second="49" time="82" type="corner" type_id="6"/>
	<message comment="Benoit Assou-Ekotto blocks a shot" minute="79" period="2" second="44" time="82" type="save made" type_id="10"/>
	<message comment="Aaron Ramsey has shot blocked (18-yard box, Right footed, Open play)" minute="79" period="2" second="44" time="82" type="attempt blocked" type_id="15"/>
	<message comment="Mikel Arteta is substituted off" minute="76" period="2" second="55" time="79" type="substitution off" type_id="18"/>
	<message comment="Lukas Podolski is substituted on" minute="76" period="2" second="55" time="79" type="substitution on" type_id="19"/>
	<message comment="Theo Walcott is caught offside" minute="75" period="2" time="78" type="offside" type_id="10000"/>
	<message comment="Gareth Bale has attempt saved (Low to the centre, Out of box, Left footed, Open play)" minute="73" period="2" second="5" time="76" type="attempt blocked" type_id="15"/>
	<message comment="Wojciech Szczesny makes a save (Standing)" minute="73" period="2" second="5" time="76" type="save made" type_id="10"/>
	<message comment="Aaron Lennon wins a corner (To the right)" minute="72" period="2" second="12" time="75" type="corner" type_id="6"/>
	<message comment="Aaron Lennon has shot blocked (18-yard box, Left footed, Open play)" minute="72" period="2" second="10" time="75" type="attempt blocked" type_id="15"/>
	<message comment="Thomas Vermaelen blocks a shot" minute="72" period="2" second="10" time="75" type="save made" type_id="10"/>
	<message comment="Jermain Defoe misses attempt (18-yard box, Right footed, Open play)" minute="70" period="2" second="21" time="73" type="attempt missed" type_id="13"/>
	<message comment="Benoit Assou-Ekotto misses attempt (High, Out of box, Left footed, Open play)" minute="69" period="2" second="45" time="72" type="attempt missed" type_id="13"/>
	<message comment="Gylfi Sigurdsson wins a corner (To the left)" minute="69" period="2" second="9" time="72" type="corner" type_id="6"/>
	<message comment="Emmanuel Adebayor is substituted off" minute="66" period="2" second="14" time="69" type="substitution off" type_id="18"/>
	<message comment="Jermain Defoe is substituted on" minute="66" period="2" second="14" time="69" type="substitution on" type_id="19"/>
	<message comment="Theo Walcott misses attempt (High, 18-yard box, Head, Open play)" minute="62" period="2" second="40" time="65" type="attempt missed" type_id="13"/>
	<message comment="Kyle Walker blocks a shot" minute="62" period="2" second="10" time="65" type="save made" type_id="10"/>
	<message comment="Olivier Giroud has shot blocked (18-yard box, Left footed, Open play)" minute="62" period="2" second="10" time="65" type="attempt blocked" type_id="15"/>
	<message comment="Emmanuel Adebayor is caught offside" minute="60" period="2" time="63" type="offside" type_id="10000"/>
	<message comment="Carl Jenkinson is substituted off" minute="59" period="2" second="32" time="62" type="substitution off" type_id="18"/>
	<message comment="Tomas Rosicky is substituted on" minute="59" period="2" second="32" time="62" type="substitution on" type_id="19"/>
	<message comment="Gareth Bale misses attempt (High, 18-yard box, Big Chance, Left footed, Open play)" minute="59" period="2" second="9" time="62" type="attempt missed" type_id="13"/>
	<message comment="Gareth Bale is caught offside" minute="56" period="2" time="59" type="offside" type_id="10000"/>
	<message comment="Aaron Lennon wins a corner (To the right)" minute="53" period="2" second="24" time="56" type="corner" type_id="6"/>
	<message comment="Nacho Monreal misses attempt (Out of box, Left footed, Open play)" minute="52" period="2" second="11" time="55" type="attempt missed" type_id="13"/>
	<message comment="GOAL! Per Mertesacker scores , Assisted by Theo Walcott (Low to the right, 18-yard box, Head, Set piece)" minute="50" period="2" second="25" time="53" type="goal scored" type_id="16"/>
	<message comment="Gylfi Sigurdsson misses attempt (To the right, 18-yard box, Right footed, Open play)" minute="47" period="2" second="18" time="50" type="attempt missed" type_id="13"/>
	<message comment="Second half begins!" minute="45" period="2" second="0" time="48" type="start" type_id="32"/>
	<message comment="First half ends" minute="47" period="1" second="2" time="47" type="end" type_id="30"/>
	<message comment="Carl Jenkinson wins a corner (To the right)" minute="40" period="1" second="43" time="40" type="corner" type_id="6"/>
	<message comment="GOAL! Aaron Lennon scores , Assisted by Scott Parker (Low to the centre, 18-yard box, Big Chance, Left footed, Open play)" minute="38" period="1" second="32" time="38" type="goal scored" type_id="16"/>
	<message comment="GOAL! Gareth Bale scores , Assisted by Gylfi Sigurdsson (Low to the right, 18-yard box, Big Chance, Left footed, Open play)" minute="36" period="1" second="13" time="36" type="goal scored" type_id="16"/>
	<message comment="Aaron Ramsey recieves a yellow card" minute="29" period="1" second="18" time="29" type="card received" type_id="17"/>
	<message comment="Jan Vertonghen recieves a yellow card" minute="28" period="1" second="40" time="28" type="card received" type_id="17"/>
	<message comment="Benoit Assou-Ekotto has shot blocked (Out of box, Left footed, From corner)" minute="26" period="1" second="57" time="26" type="attempt blocked" type_id="15"/>
	<message comment="Per Mertesacker blocks a shot" minute="26" period="1" second="57" time="26" type="save made" type_id="10"/>
	<message comment="Aaron Lennon wins a corner (To the right)" minute="26" period="1" second="13" time="26" type="corner" type_id="6"/>
	<message comment="Theo Walcott wins a corner (To the left)" minute="22" period="1" second="50" time="22" type="corner" type_id="6"/>
	<message comment="Emmanuel Adebayor recieves a yellow card" minute="18" period="1" second="57" time="18" type="card received" type_id="17"/>
	<message comment="Emmanuel Adebayor is caught offside" minute="16" period="1" time="16" type="offside" type_id="10000"/>
	<message comment="Formation Set" minute="0" period="14" second="0" time="10" type="end" type_id="30"/>
	<message comment="Jan Vertonghen blocks a shot" minute="9" period="1" second="31" time="9" type="save made" type_id="10"/>
	<message comment="Olivier Giroud has shot blocked (18-yard box, Right footed, Open play)" minute="9" period="1" second="31" time="9" type="attempt blocked" type_id="15"/>
	<message comment="Kyle Walker blocks a shot" minute="8" period="1" second="51" time="8" type="save made" type_id="10"/>
	<message comment="Theo Walcott has shot blocked (Out of box, Right footed, From corner)" minute="8" period="1" second="51" time="8" type="attempt blocked" type_id="15"/>
	<message comment="Olivier Giroud wins a corner (To the left)" minute="8" period="1" second="17" time="8" type="corner" type_id="6"/>
	<message comment="Olivier Giroud is caught offside" minute="7" period="1" time="7" type="offside" type_id="10000"/>
	<message comment="Hugo Lloris makes a save (Diving)" minute="6" period="1" second="17" time="6" type="save made" type_id="10"/>
	<message comment="Olivier Giroud has attempt saved (High to the right, 18-yard box, Head, From corner)" minute="6" period="1" second="17" time="6" type="attempt blocked" type_id="15"/>
	<message comment="Carl Jenkinson wins a corner (To the right)" minute="5" period="1" second="50" time="5" type="corner" type_id="6"/>
	<message comment="Emmanuel Adebayor is caught offside" minute="3" period="1" time="3" type="offside" type_id="10000"/>
	<message comment="Michael Dawson is caught offside" minute="1" period="1" time="1" type="offside" type_id="10000"/>
	<message comment="First half begins!" minute="0" period="1" second="0" time="0" type="start" type_id="32"/>
</Commentary>
