<?xml version="1.0" ?>
<Commentary away_team_name="Tottenham" competition="English Premier League" game_date="2013-11-10" home_team_name="Newcastle United" lang_id="en" season="Season 2013/2014" season_id="2013" sport_id="1" sport_name="Football">
	<message comment="Second half ends" minute="95" period="2" second="3" time="100" type="end" type_id="30"/>
	<message comment="Jermain Defoe is caught offside" minute="93" period="2" time="98" type="offside" type_id="10000"/>
	<message comment="Tim Krul makes a save (Standing)" minute="91" period="2" second="34" time="96" type="save made" type_id="10"/>
	<message comment="Paulinho has attempt saved (Low to the right, 18-yard box, Head, Open play)" minute="91" period="2" second="34" time="96" type="attempt blocked" type_id="15"/>
	<message comment="Cheick Tioté blocks a shot" minute="91" period="2" second="29" time="96" type="save made" type_id="10"/>
	<message comment="Younes Kaboul has shot blocked (Out of box, Right footed, Open play)" minute="91" period="2" second="29" time="96" type="attempt blocked" type_id="15"/>
	<message comment="Michael Dawson recieves a yellow card" minute="88" period="2" second="50" time="93" type="card received" type_id="17"/>
	<message comment="Tim Krul makes a save (Standing, Parried safe)" minute="88" period="2" second="30" time="93" type="save made" type_id="10"/>
	<message comment="Christian Eriksen has attempt saved (High to the centre, Out of box, Right footed, Free kick)" minute="88" period="2" second="30" time="93" type="attempt blocked" type_id="15"/>
	<message comment="Vurnon Anita blocks a shot" minute="87" period="2" second="44" time="92" type="save made" type_id="10"/>
	<message comment="Jan Vertonghen has shot blocked (Out of box, Left footed, Open play)" minute="87" period="2" second="44" time="92" type="attempt blocked" type_id="15"/>
	<message comment="Kyle Walker wins a corner (To the right)" minute="86" period="2" second="56" time="91" type="corner" type_id="6"/>
	<message comment="Yoan Gouffran is substituted off" minute="84" period="2" second="30" time="89" type="substitution off" type_id="18"/>
	<message comment="Gabriel Obertan is substituted on" minute="84" period="2" second="30" time="89" type="substitution on" type_id="19"/>
	<message comment="Paulinho has shot blocked (18-yard box, Right footed, From corner)" minute="83" period="2" second="48" time="88" type="attempt blocked" type_id="15"/>
	<message comment="Mathieu Debuchy blocks a shot" minute="83" period="2" second="48" time="88" type="save made" type_id="10"/>
	<message comment="Jan Vertonghen hits the woodwork (High, 6-yard box, Head, From corner)" minute="83" period="2" second="44" time="88" type="woodwork hit" type_id="14"/>
	<message comment="Sandro wins a corner (To the left)" minute="83" period="2" second="24" time="88" type="corner" type_id="6"/>
	<message comment="Moussa Sissoko blocks a shot" minute="83" period="2" second="22" time="88" type="save made" type_id="10"/>
	<message comment="Sandro has shot blocked (Out of box, Right footed, Throw-in)" minute="83" period="2" second="22" time="88" type="attempt blocked" type_id="15"/>
	<message comment="Tim Krul makes a save" minute="81" period="2" second="15" time="86" type="save made" type_id="10"/>
	<message comment="Jan Vertonghen has attempt saved (Low to the right, Out of box, Right footed, Open play)" minute="81" period="2" second="15" time="86" type="attempt blocked" type_id="15"/>
	<message comment="Tim Krul makes a save (Diving, Parried into danger)" minute="81" period="2" second="12" time="86" type="save made" type_id="10"/>
	<message comment="Paulinho has attempt saved (Low to the right, 18-yard box, Right footed, Open play)" minute="81" period="2" second="12" time="86" type="attempt blocked" type_id="15"/>
	<message comment="Papiss Demba Cissé is caught offside" minute="78" period="2" time="83" type="offside" type_id="10000"/>
	<message comment="Papiss Demba Cissé misses attempt (High to the left, 18-yard box, Right footed, Open play)" minute="77" period="2" second="9" time="82" type="attempt missed" type_id="13"/>
	<message comment="Davide Santon blocks a shot" minute="75" period="2" second="48" time="80" type="save made" type_id="10"/>
	<message comment="Andros Townsend has shot blocked (Out of box, Right footed, Open play)" minute="75" period="2" second="48" time="80" type="attempt blocked" type_id="15"/>
	<message comment="Roberto Soldado is caught offside" minute="75" period="2" time="80" type="offside" type_id="10000"/>
	<message comment="Roberto Soldado wins a corner (To the right)" minute="74" period="2" second="56" time="79" type="corner" type_id="6"/>
	<message comment="Loïc Rémy is substituted off" minute="74" period="2" second="20" time="79" type="substitution off" type_id="18"/>
	<message comment="Papiss Demba Cissé is substituted on" minute="74" period="2" second="20" time="79" type="substitution on" type_id="19"/>
	<message comment="Tim Krul makes a save (Parried safe, Diving)" minute="70" period="2" second="25" time="75" type="save made" type_id="10"/>
	<message comment="Andros Townsend has attempt saved (Low to the right, Out of box, Left footed, Open play)" minute="70" period="2" second="25" time="75" type="attempt blocked" type_id="15"/>
	<message comment="Andros Townsend misses attempt (To the left, Out of box, Right footed, Open play)" minute="69" period="2" second="29" time="74" type="attempt missed" type_id="13"/>
	<message comment="Gylfi Sigurdsson is substituted off" minute="68" period="2" second="50" time="73" type="substitution off" type_id="18"/>
	<message comment="Jermain Defoe is substituted on" minute="68" period="2" second="50" time="73" type="substitution on" type_id="19"/>
	<message comment="Jan Vertonghen wins a corner (To the left)" minute="64" period="2" second="54" time="69" type="corner" type_id="6"/>
	<message comment="Roberto Soldado misses attempt (To the left, 18-yard box, Right footed, Open play)" minute="64" period="2" second="41" time="69" type="attempt missed" type_id="13"/>
	<message comment="Tim Krul makes a save (Standing)" minute="63" period="2" second="52" time="68" type="save made" type_id="10"/>
	<message comment="Roberto Soldado has attempt saved (High to the centre, 6-yard box, Big Chance, Head, Open play)" minute="63" period="2" second="52" time="68" type="attempt blocked" type_id="15"/>
	<message comment="Tim Krul makes a save (Standing, Parried into danger)" minute="63" period="2" second="50" time="68" type="save made" type_id="10"/>
	<message comment="Andros Townsend has attempt saved (High to the right, 18-yard box, Right footed, Open play)" minute="63" period="2" second="50" time="68" type="attempt blocked" type_id="15"/>
	<message comment="Gylfi Sigurdsson misses attempt (High, Out of box, Right footed, Open play)" minute="63" period="2" second="8" time="68" type="attempt missed" type_id="13"/>
	<message comment="Moussa Sissoko recieves a yellow card" minute="60" period="2" second="20" time="65" type="card received" type_id="17"/>
	<message comment="Moussa Sissoko wins a corner (To the right)" minute="59" period="2" second="38" time="64" type="corner" type_id="6"/>
	<message comment="Shola Ameobi is substituted off" minute="59" period="2" second="20" time="64" type="substitution off" type_id="18"/>
	<message comment="Vurnon Anita is substituted on" minute="59" period="2" second="20" time="64" type="substitution on" type_id="19"/>
	<message comment="Cheick Tioté misses attempt (To the right, Out of box, Right footed, Set piece)" minute="58" period="2" second="39" time="63" type="attempt missed" type_id="13"/>
	<message comment="Moussa Sissoko wins a corner (To the right)" minute="56" period="2" second="20" time="61" type="corner" type_id="6"/>
	<message comment="Moussa Sissoko has attempt saved (Low to the right, 18-yard box, Right footed, Open play)" minute="56" period="2" second="19" time="61" type="attempt blocked" type_id="15"/>
	<message comment="Brad Friedel makes a save (Parried safe, Diving)" minute="56" period="2" second="19" time="61" type="save made" type_id="10"/>
	<message comment="Roberto Soldado misses attempt (To the right, 18-yard box, Right footed, Open play)" minute="54" period="2" second="51" time="59" type="attempt missed" type_id="13"/>
	<message comment="Younes Kaboul wins a corner (To the left)" minute="53" period="2" second="0" time="58" type="corner" type_id="6"/>
	<message comment="Tim Krul makes a save (Parried into danger, Diving)" minute="52" period="2" second="58" time="57" type="save made" type_id="10"/>
	<message comment="Younes Kaboul has attempt saved (Low to the centre, 6-yard box, Big Chance, Right footed, Set piece)" minute="52" period="2" second="58" time="57" type="attempt blocked" type_id="15"/>
	<message comment="Tim Krul makes a save (Parried into danger, Diving)" minute="52" period="2" second="52" time="57" type="save made" type_id="10"/>
	<message comment="Gylfi Sigurdsson has attempt saved (Low to the centre, Out of box, Right footed, Free kick)" minute="52" period="2" second="52" time="57" type="attempt blocked" type_id="15"/>
	<message comment="Mathieu Debuchy recieves a yellow card" minute="52" period="2" second="5" time="57" type="card received" type_id="17"/>
	<message comment="Sandro misses attempt (Out of box, Right footed, Open play)" minute="49" period="2" second="58" time="54" type="attempt missed" type_id="13"/>
	<message comment="Christian Eriksen wins a corner (To the right)" minute="49" period="2" second="19" time="54" type="corner" type_id="6"/>
	<message comment="Tim Krul makes a save (Diving, Parried into danger)" minute="49" period="2" second="16" time="54" type="save made" type_id="10"/>
	<message comment="Christian Eriksen has attempt saved (Low to the right, 18-yard box, Big Chance, Right footed, Open play)" minute="49" period="2" second="16" time="54" type="attempt blocked" type_id="15"/>
	<message comment="Christian Eriksen wins a corner (To the left)" minute="47" period="2" second="21" time="52" type="corner" type_id="6"/>
	<message comment="Loïc Rémy is caught offside" minute="46" period="2" time="51" type="offside" type_id="10000"/>
	<message comment="Mousa Dembélé is substituted off" minute="45" period="2" second="0" time="50" type="substitution off" type_id="18"/>
	<message comment="Sandro is substituted on" minute="45" period="2" second="0" time="50" type="substitution on" type_id="19"/>
	<message comment="Younes Kaboul is substituted on" minute="45" period="2" second="0" time="50" type="substitution on" type_id="19"/>
	<message comment="Vlad Chiriches is substituted off" minute="45" period="2" second="0" time="50" type="substitution off" type_id="18"/>
	<message comment="Second half begins!" minute="45" period="2" second="0" time="50" type="start" type_id="32"/>
	<message comment="First half ends" minute="49" period="1" second="0" time="49" type="end" type_id="30"/>
	<message comment="Loïc Rémy is caught offside" minute="47" period="1" time="47" type="offside" type_id="10000"/>
	<message comment="Vlad Chiriches misses attempt (To the left, 18-yard box, Head, From corner)" minute="45" period="1" second="16" time="45" type="attempt missed" type_id="13"/>
	<message comment="Paulinho wins a corner (To the right)" minute="44" period="1" second="53" time="44" type="corner" type_id="6"/>
	<message comment="Paulinho wins a corner (To the right)" minute="42" period="1" second="2" time="42" type="corner" type_id="6"/>
	<message comment="Tim Krul makes a save (Parried safe, Diving)" minute="41" period="1" second="57" time="41" type="save made" type_id="10"/>
	<message comment="Paulinho has attempt saved (High to the right, 18-yard box, Right footed, Open play)" minute="41" period="1" second="57" time="41" type="attempt blocked" type_id="15"/>
	<message comment="Shola Ameobi is caught offside" minute="38" period="1" time="38" type="offside" type_id="10000"/>
	<message comment="Tim Krul makes a save (Standing, Parried into danger)" minute="37" period="1" second="6" time="37" type="save made" type_id="10"/>
	<message comment="Christian Eriksen has attempt saved (High to the centre, Out of box, Right footed, Open play)" minute="37" period="1" second="6" time="37" type="attempt blocked" type_id="15"/>
	<message comment="Loïc Rémy is caught offside" minute="33" period="1" time="33" type="offside" type_id="10000"/>
	<message comment="Roberto Soldado wins a corner (To the left)" minute="29" period="1" second="18" time="29" type="corner" type_id="6"/>
	<message comment="Tim Krul makes a save (Parried safe, Diving)" minute="29" period="1" second="17" time="29" type="save made" type_id="10"/>
	<message comment="Roberto Soldado has attempt saved (High to the left, 18-yard box, Head, Set piece)" minute="29" period="1" second="17" time="29" type="attempt blocked" type_id="15"/>
	<message comment="Mathieu Debuchy is caught offside" minute="28" period="1" time="28" type="offside" type_id="10000"/>
	<message comment="Jan Vertonghen misses attempt (Out of box, Left footed, Free kick)" minute="27" period="1" second="12" time="27" type="attempt missed" type_id="13"/>
	<message comment="Cheick Tioté blocks a shot" minute="25" period="1" second="32" time="25" type="save made" type_id="10"/>
	<message comment="Andros Townsend has shot blocked (Out of box, Left footed, Open play)" minute="25" period="1" second="32" time="25" type="attempt blocked" type_id="15"/>
	<message comment="Tim Krul makes a save (Collected)" minute="24" period="1" second="54" time="24" type="save made" type_id="10"/>
	<message comment="Jan Vertonghen has attempt saved (Low to the left, Out of box, Right footed, Open play)" minute="24" period="1" second="54" time="24" type="attempt blocked" type_id="15"/>
	<message comment="Shola Ameobi blocks a shot" minute="22" period="1" second="56" time="22" type="save made" type_id="10"/>
	<message comment="Gylfi Sigurdsson has shot blocked (Out of box, Right footed, Free kick)" minute="22" period="1" second="56" time="22" type="attempt blocked" type_id="15"/>
	<message comment="Loïc Rémy is caught offside" minute="21" period="1" time="21" type="offside" type_id="10000"/>
	<message comment="Paulinho misses attempt (To the left, Out of box, Right footed, Open play)" minute="18" period="1" second="24" time="18" type="attempt missed" type_id="13"/>
	<message comment="GOAL! Loïc Rémy scores , Assisted by Yoan Gouffran (Low to the centre, 18-yard box, Big Chance, Left footed, Open play)" minute="12" period="1" second="32" time="12" type="goal scored" type_id="16"/>
	<message comment="Moussa Sissoko misses attempt (High, 6-yard box, Head, From corner)" minute="11" period="1" second="25" time="11" type="attempt missed" type_id="13"/>
	<message comment="Yohan Cabaye wins a corner (To the left)" minute="10" period="1" second="56" time="10" type="corner" type_id="6"/>
	<message comment="Yohan Cabaye has attempt saved (Low to the right, 18-yard box, Right footed, From corner)" minute="10" period="1" second="54" time="10" type="attempt blocked" type_id="15"/>
	<message comment="Brad Friedel makes a save (Parried safe, Diving)" minute="10" period="1" second="54" time="10" type="save made" type_id="10"/>
	<message comment="Mathieu Debuchy has attempt saved (Low to the left, Out of box, Right footed, From corner)" minute="10" period="1" second="49" time="10" type="attempt blocked" type_id="15"/>
	<message comment="Brad Friedel makes a save (Parried into danger, Diving)" minute="10" period="1" second="49" time="10" type="save made" type_id="10"/>
	<message comment="Loïc Rémy wins a corner (To the left)" minute="10" period="1" second="12" time="10" type="corner" type_id="6"/>
	<message comment="Loïc Rémy has shot blocked (18-yard box, Right footed, Open play)" minute="10" period="1" second="7" time="10" type="attempt blocked" type_id="15"/>
	<message comment="Vlad Chiriches blocks a shot" minute="10" period="1" second="7" time="10" type="save made" type_id="10"/>
	<message comment="Formation Set" minute="0" period="14" second="0" time="10" type="end" type_id="30"/>
	<message comment="Roberto Soldado misses attempt (High, 18-yard box, Big Chance, Head, From corner)" minute="8" period="1" second="56" time="8" type="attempt missed" type_id="13"/>
	<message comment="Christian Eriksen wins a corner (To the right)" minute="8" period="1" second="27" time="8" type="corner" type_id="6"/>
	<message comment="Loïc Rémy is caught offside" minute="6" period="1" time="6" type="offside" type_id="10000"/>
	<message comment="First half begins!" minute="0" period="1" second="0" time="0" type="start" type_id="32"/>
</Commentary>
