<?xml version="1.0" ?>
<Commentary away_team_name="Tottenham" competition="English Premier League" game_date="2012-12-22" home_team_name="Stoke" lang_id="en" season="Season 2012/2013" season_id="2012" sport_id="1" sport_name="Football">
	<message comment="Second half ends" minute="94" period="2" second="20" time="97" type="end" type_id="30"/>
	<message comment="Gylfi Sigurdsson wins a corner (To the left)" minute="93" period="2" second="14" time="96" type="corner" type_id="6"/>
	<message comment="Jonathan Walters recieves a yellow card" minute="92" period="2" second="55" time="95" type="card received" type_id="17"/>
	<message comment="Asmir Begovic makes a save (Parried safe, Diving)" minute="90" period="2" second="10" time="93" type="save made" type_id="10"/>
	<message comment="Gylfi Sigurdsson has attempt saved (Low to the left, 18-yard box, Head, Open play)" minute="90" period="2" second="10" time="93" type="attempt blocked" type_id="15"/>
	<message comment="Sandro has shot blocked (Out of box, Right footed, Open play)" minute="89" period="2" second="48" time="92" type="attempt blocked" type_id="15"/>
	<message comment="Asmir Begovic makes a save (From shot off target, Collected)" minute="88" period="2" second="43" time="91" type="save made" type_id="10"/>
	<message comment="Gareth Bale misses attempt (18-yard box, Left footed, Open play)" minute="88" period="2" second="40" time="91" type="attempt missed" type_id="13"/>
	<message comment="Gareth Bale wins a corner (To the left)" minute="86" period="2" second="56" time="89" type="corner" type_id="6"/>
	<message comment="Glenn Whelan blocks a shot" minute="86" period="2" second="54" time="89" type="save made" type_id="10"/>
	<message comment="Gareth Bale has shot blocked (Out of box, Left footed, Free kick)" minute="86" period="2" second="54" time="89" type="attempt blocked" type_id="15"/>
	<message comment="Mousa Dembélé is substituted off" minute="84" period="2" second="26" time="87" type="substitution off" type_id="18"/>
	<message comment="Scott Parker is substituted on" minute="84" period="2" second="26" time="87" type="substitution on" type_id="19"/>
	<message comment="Kyle Walker misses attempt (High, Out of box, Right footed, Open play)" minute="83" period="2" second="54" time="86" type="attempt missed" type_id="13"/>
	<message comment="Jonathan Walters is caught offside" minute="82" period="2" time="85" type="offside" type_id="10000"/>
	<message comment="Asmir Begovic makes a save (Collected)" minute="80" period="2" second="38" time="83" type="save made" type_id="10"/>
	<message comment="Mousa Dembélé has attempt saved (High to the left, Out of box, Right footed, From corner)" minute="80" period="2" second="38" time="83" type="attempt blocked" type_id="15"/>
	<message comment="Hugo Lloris wins a corner (To the left)" minute="80" period="2" second="2" time="83" type="corner" type_id="6"/>
	<message comment="Asmir Begovic makes a save (Collected)" minute="78" period="2" second="59" time="81" type="save made" type_id="10"/>
	<message comment="Gylfi Sigurdsson has attempt saved (Low to the centre, Out of box, Right footed, Open play)" minute="78" period="2" second="59" time="81" type="attempt blocked" type_id="15"/>
	<message comment="Aaron Lennon is substituted off" minute="77" period="2" second="55" time="80" type="substitution off" type_id="18"/>
	<message comment="Gylfi Sigurdsson is substituted on" minute="77" period="2" second="55" time="80" type="substitution on" type_id="19"/>
	<message comment="Steven Nzonzi recieves a yellow card" minute="77" period="2" second="21" time="80" type="card received" type_id="17"/>
	<message comment="Geoff Cameron recieves a yellow card" minute="76" period="2" second="41" time="79" type="card received" type_id="17"/>
	<message comment="Asmir Begovic makes a save (Collected)" minute="75" period="2" second="41" time="78" type="save made" type_id="10"/>
	<message comment="Gareth Bale has attempt saved (Low to the right, Out of box, Left footed, Open play)" minute="75" period="2" second="41" time="78" type="attempt blocked" type_id="15"/>
	<message comment="Sandro wins a corner (To the right)" minute="70" period="2" second="16" time="73" type="corner" type_id="6"/>
	<message comment="Matthew Etherington is substituted off" minute="68" period="2" second="23" time="71" type="substitution off" type_id="18"/>
	<message comment="Peter Crouch is substituted on" minute="68" period="2" second="23" time="71" type="substitution on" type_id="19"/>
	<message comment="Sandro wins a corner (To the right)" minute="66" period="2" second="11" time="69" type="corner" type_id="6"/>
	<message comment="Kenwyne Jones is substituted off" minute="65" period="2" second="37" time="68" type="substitution off" type_id="18"/>
	<message comment="Cameron Jerome is substituted on" minute="65" period="2" second="37" time="68" type="substitution on" type_id="19"/>
	<message comment="Dean Whitehead recieves a yellow card" minute="64" period="2" second="56" time="67" type="card received" type_id="17"/>
	<message comment="Ryan Shotton is substituted off" minute="63" period="2" second="46" time="66" type="substitution off" type_id="18"/>
	<message comment="Dean Whitehead is substituted on" minute="63" period="2" second="46" time="66" type="substitution on" type_id="19"/>
	<message comment="Gareth Bale wins a corner (To the left)" minute="62" period="2" second="24" time="65" type="corner" type_id="6"/>
	<message comment="Robert Huth blocks a shot" minute="61" period="2" second="44" time="64" type="save made" type_id="10"/>
	<message comment="Emmanuel Adebayor has shot blocked (18-yard box, Right footed, Open play)" minute="61" period="2" second="44" time="64" type="attempt blocked" type_id="15"/>
	<message comment="Jermain Defoe wins a corner (To the right)" minute="60" period="2" second="59" time="63" type="corner" type_id="6"/>
	<message comment="Ryan Shawcross blocks a shot" minute="60" period="2" second="56" time="63" type="save made" type_id="10"/>
	<message comment="Jermain Defoe has shot blocked (Out of box, Right footed, Open play)" minute="60" period="2" second="56" time="63" type="attempt blocked" type_id="15"/>
	<message comment="Kenwyne Jones is caught offside" minute="60" period="2" time="63" type="offside" type_id="10000"/>
	<message comment="Ryan Shotton has attempt saved (Low to the right, 18-yard box, Right footed, Open play)" minute="58" period="2" second="9" time="61" type="attempt blocked" type_id="15"/>
	<message comment="Hugo Lloris makes a save (Collected)" minute="58" period="2" second="9" time="61" type="save made" type_id="10"/>
	<message comment="Gareth Bale misses attempt (6-yard box, Big Chance, Head, Open play)" minute="56" period="2" second="57" time="59" type="attempt missed" type_id="13"/>
	<message comment="Gareth Bale wins a corner (To the right)" minute="55" period="2" second="27" time="58" type="corner" type_id="6"/>
	<message comment="Robert Huth blocks a shot" minute="55" period="2" second="25" time="58" type="save made" type_id="10"/>
	<message comment="Gareth Bale has shot blocked (Out of box, Left footed, Open play)" minute="55" period="2" second="25" time="58" type="attempt blocked" type_id="15"/>
	<message comment="Matthew Etherington blocks a shot" minute="54" period="2" second="42" time="57" type="save made" type_id="10"/>
	<message comment="Aaron Lennon has shot blocked (Out of box, Left footed, Open play)" minute="54" period="2" second="42" time="57" type="attempt blocked" type_id="15"/>
	<message comment="Ryan Shawcross misses attempt (High, 18-yard box, Head, Set piece)" minute="53" period="2" second="16" time="56" type="attempt missed" type_id="13"/>
	<message comment="Ryan Shawcross blocks a shot" minute="51" period="2" second="54" time="54" type="save made" type_id="10"/>
	<message comment="Jan Vertonghen has shot blocked (Out of box, Right footed, Open play)" minute="51" period="2" second="54" time="54" type="attempt blocked" type_id="15"/>
	<message comment="Glenn Whelan blocks a shot" minute="51" period="2" second="52" time="54" type="save made" type_id="10"/>
	<message comment="Jan Vertonghen has shot blocked (Out of box, Right footed, Open play)" minute="51" period="2" second="52" time="54" type="attempt blocked" type_id="15"/>
	<message comment="Jermain Defoe misses attempt (High, Out of box, Right footed, Open play)" minute="47" period="2" second="24" time="50" type="attempt missed" type_id="13"/>
	<message comment="Andy Wilkinson recieves a yellow card" minute="45" period="2" second="35" time="48" type="card received" type_id="17"/>
	<message comment="Second half begins!" minute="45" period="2" second="0" time="48" type="start" type_id="32"/>
	<message comment="First half ends" minute="47" period="1" second="0" time="47" type="end" type_id="30"/>
	<message comment="Jermain Defoe misses attempt (Out of box, Right footed, Open play)" minute="46" period="1" second="55" time="46" type="attempt missed" type_id="13"/>
	<message comment="Mousa Dembélé misses attempt (Out of box, Left footed, Open play)" minute="44" period="1" second="5" time="44" type="attempt missed" type_id="13"/>
	<message comment="Gareth Bale wins a corner (To the left)" minute="39" period="1" second="18" time="39" type="corner" type_id="6"/>
	<message comment="Ryan Shawcross blocks a shot" minute="39" period="1" second="17" time="39" type="save made" type_id="10"/>
	<message comment="Gareth Bale has shot blocked (Out of box, Left footed, Open play)" minute="39" period="1" second="17" time="39" type="attempt blocked" type_id="15"/>
	<message comment="Jermain Defoe misses attempt (High to the left, 18-yard box, Left footed, Open play)" minute="37" period="1" second="45" time="37" type="attempt missed" type_id="13"/>
	<message comment="Ryan Shotton wins a corner (To the right)" minute="36" period="1" second="10" time="36" type="corner" type_id="6"/>
	<message comment="Kenwyne Jones wins a corner (To the left)" minute="35" period="1" second="12" time="35" type="corner" type_id="6"/>
	<message comment="Emmanuel Adebayor is caught offside" minute="34" period="1" time="34" type="offside" type_id="10000"/>
	<message comment="Emmanuel Adebayor misses attempt (6-yard box, Big Chance, Head, Fast break)" minute="33" period="1" second="48" time="33" type="attempt missed" type_id="13"/>
	<message comment="Gareth Bale wins a corner (To the left)" minute="32" period="1" second="27" time="32" type="corner" type_id="6"/>
	<message comment="Asmir Begovic makes a save (Collected)" minute="30" period="1" second="53" time="30" type="save made" type_id="10"/>
	<message comment="Jan Vertonghen has attempt saved (Low to the right, Out of box, Left footed, Open play)" minute="30" period="1" second="53" time="30" type="attempt blocked" type_id="15"/>
	<message comment="Jan Vertonghen recieves a yellow card" minute="27" period="1" second="35" time="27" type="card received" type_id="17"/>
	<message comment="Emmanuel Adebayor wins a corner (To the right)" minute="23" period="1" second="56" time="23" type="corner" type_id="6"/>
	<message comment="Robert Huth has shot blocked (Out of box, Right footed, Free kick)" minute="18" period="1" second="51" time="18" type="attempt blocked" type_id="15"/>
	<message comment="Jermain Defoe blocks a shot" minute="18" period="1" second="51" time="18" type="save made" type_id="10"/>
	<message comment="Asmir Begovic wins a corner (To the right)" minute="9" period="1" second="15" time="9" type="corner" type_id="6"/>
	<message comment="Sandro recieves a yellow card" minute="7" period="1" second="3" time="7" type="card received" type_id="17"/>
	<message comment="Formation Set" minute="0" period="14" second="0" time="7" type="end" type_id="30"/>
	<message comment="Andy Wilkinson wins a corner (To the left)" minute="5" period="1" second="20" time="5" type="corner" type_id="6"/>
	<message comment="Kenwyne Jones misses attempt (High to the right, 18-yard box, Big Chance, Right footed, Open play)" minute="0" period="1" second="33" time="0" type="attempt missed" type_id="13"/>
	<message comment="First half begins!" minute="0" period="1" second="0" time="0" type="start" type_id="32"/>
</Commentary>
