<?xml version="1.0" ?>
<Commentary away_team_name="Tottenham" competition="English Premier League" game_date="2013-12-15" home_team_name="Liverpool" lang_id="en" season="Season 2013/2014" season_id="2013" sport_id="1" sport_name="Football">
	<message comment="Second half ends" minute="92" period="2" second="59" time="95" type="end" type_id="30"/>
	<message comment="Philippe Coutinho is substituted off" minute="89" period="2" second="39" time="92" type="substitution off" type_id="18"/>
	<message comment="Victor Moses is substituted on" minute="89" period="2" second="39" time="92" type="substitution on" type_id="19"/>
	<message comment="GOAL! Raheem Sterling scores , Assisted by Luis Suárez (Low to the right, 18-yard box, Big Chance, Right footed, Open play)" minute="88" period="2" second="32" time="91" type="goal scored" type_id="16"/>
	<message comment="GOAL! Luis Suárez scores , Assisted by Luis Alberto (High to the right, Out of box, Big Chance, Right footed, Open play)" minute="83" period="2" second="30" time="86" type="goal scored" type_id="16"/>
	<message comment="Lucas Leiva is substituted off" minute="78" period="2" second="6" time="81" type="substitution off" type_id="18"/>
	<message comment="Luis Alberto is substituted on" minute="78" period="2" second="6" time="81" type="substitution on" type_id="19"/>
	<message comment="GOAL! Jon Flanagan scores , Assisted by Luis Suárez (High to the right, 18-yard box, Right footed, Open play)" minute="74" period="2" second="23" time="77" type="goal scored" type_id="16"/>
	<message comment="Philippe Coutinho misses attempt (18-yard box, Right footed, Open play)" minute="73" period="2" second="24" time="76" type="attempt missed" type_id="13"/>
	<message comment="Martin Skrtel wins a corner (To the right)" minute="70" period="2" second="42" time="73" type="corner" type_id="6"/>
	<message comment="Luis Suárez wins a corner (To the left)" minute="70" period="2" second="16" time="73" type="corner" type_id="6"/>
	<message comment="Hugo Lloris makes a save (Parried safe)" minute="70" period="2" second="13" time="73" type="save made" type_id="10"/>
	<message comment="Luis Suárez has attempt saved (Low to the left, 18-yard box, Left footed, Open play)" minute="70" period="2" second="13" time="73" type="attempt blocked" type_id="15"/>
	<message comment="Raheem Sterling is caught offside" minute="69" period="2" time="72" type="offside" type_id="10000"/>
	<message comment="Lewis Holtby recieves a yellow card" minute="65" period="2" second="45" time="68" type="card received" type_id="17"/>
	<message comment="Paulinho recieves a red card" minute="62" period="2" second="42" time="65" type="card received" type_id="17"/>
	<message comment="Mousa Dembélé is substituted off" minute="60" period="2" second="6" time="63" type="substitution off" type_id="18"/>
	<message comment="Andros Townsend is substituted on" minute="60" period="2" second="6" time="63" type="substitution on" type_id="19"/>
	<message comment="Luis Suárez is caught offside" minute="60" period="2" time="63" type="offside" type_id="10000"/>
	<message comment="Ezekiel Fryers has shot blocked (18-yard box, Left footed, Open play)" minute="58" period="2" second="43" time="61" type="attempt blocked" type_id="15"/>
	<message comment="Jordan Henderson blocks a shot" minute="58" period="2" second="43" time="61" type="save made" type_id="10"/>
	<message comment="Aaron Lennon has shot blocked (18-yard box, Right footed, Open play)" minute="58" period="2" second="39" time="61" type="attempt blocked" type_id="15"/>
	<message comment="Lucas Leiva blocks a shot" minute="58" period="2" second="39" time="61" type="save made" type_id="10"/>
	<message comment="Lewis Holtby wins a corner (To the left)" minute="56" period="2" second="37" time="59" type="corner" type_id="6"/>
	<message comment="Raheem Sterling wins a corner (To the right)" minute="53" period="2" second="4" time="56" type="corner" type_id="6"/>
	<message comment="Roberto Soldado misses attempt (High, 18-yard box, Left footed, Open play)" minute="50" period="2" second="28" time="53" type="attempt missed" type_id="13"/>
	<message comment="Luis Suárez is caught offside" minute="49" period="2" time="52" type="offside" type_id="10000"/>
	<message comment="Martin Skrtel misses attempt (High to the right, 18-yard box, Right footed, Open play)" minute="48" period="2" second="59" time="51" type="attempt missed" type_id="13"/>
	<message comment="Mamadou Sakho hits the woodwork (To the left, 6-yard box, Big Chance, Head, Open play)" minute="48" period="2" second="57" time="51" type="woodwork hit" type_id="14"/>
	<message comment="Philippe Coutinho wins a corner (To the left)" minute="48" period="2" second="13" time="51" type="corner" type_id="6"/>
	<message comment="Etienne Capoue blocks a shot" minute="48" period="2" second="12" time="51" type="save made" type_id="10"/>
	<message comment="Philippe Coutinho has shot blocked (Out of box, Right footed, Open play)" minute="48" period="2" second="12" time="51" type="attempt blocked" type_id="15"/>
	<message comment="Roberto Soldado misses attempt (18-yard box, Right footed, Open play)" minute="46" period="2" second="28" time="49" type="attempt missed" type_id="13"/>
	<message comment="Kyle Naughton is substituted off" minute="45" period="2" second="0" time="48" type="substitution off" type_id="18"/>
	<message comment="Ezekiel Fryers is substituted on" minute="45" period="2" second="0" time="48" type="substitution on" type_id="19"/>
	<message comment="Second half begins!" minute="45" period="2" second="0" time="48" type="start" type_id="32"/>
	<message comment="First half ends" minute="47" period="1" second="0" time="47" type="end" type_id="30"/>
	<message comment="Kyle Walker recieves a yellow card" minute="42" period="1" second="20" time="42" type="card received" type_id="17"/>
	<message comment="GOAL! Jordan Henderson scores  (Low to the right, 18-yard box, Big Chance, Right footed, Open play)" minute="39" period="1" second="26" time="39" type="goal scored" type_id="16"/>
	<message comment="Hugo Lloris makes a save (Parried into danger)" minute="39" period="1" second="24" time="39" type="save made" type_id="10"/>
	<message comment="Luis Suárez has attempt saved (High to the right, Out of box, Left footed, Open play)" minute="39" period="1" second="24" time="39" type="attempt blocked" type_id="15"/>
	<message comment="Hugo Lloris makes a save (Parried into danger, Diving)" minute="39" period="1" second="22" time="39" type="save made" type_id="10"/>
	<message comment="Jordan Henderson has attempt saved (High to the left, Out of box, Big Chance, Right footed, Open play)" minute="39" period="1" second="22" time="39" type="attempt blocked" type_id="15"/>
	<message comment="Lewis Holtby misses attempt (To the right, 18-yard box, Left footed, Open play)" minute="37" period="1" second="49" time="37" type="attempt missed" type_id="13"/>
	<message comment="Michael Dawson blocks a shot" minute="37" period="1" second="13" time="37" type="save made" type_id="10"/>
	<message comment="Raheem Sterling has shot blocked (Out of box, Left footed, Open play)" minute="37" period="1" second="13" time="37" type="attempt blocked" type_id="15"/>
	<message comment="Simon Mignolet makes a save (Collected)" minute="36" period="1" second="28" time="36" type="save made" type_id="10"/>
	<message comment="Hugo Lloris makes a save (Diving, Parried into danger)" minute="32" period="1" second="20" time="32" type="save made" type_id="10"/>
	<message comment="Luis Suárez has attempt saved (Low to the right, 18-yard box, Big Chance, Right footed, Open play)" minute="32" period="1" second="20" time="32" type="attempt blocked" type_id="15"/>
	<message comment="Nacer Chadli misses attempt (18-yard box, Big Chance, Head, From corner)" minute="30" period="1" second="36" time="30" type="attempt missed" type_id="13"/>
	<message comment="Nacer Chadli wins a corner (To the left)" minute="30" period="1" second="7" time="30" type="corner" type_id="6"/>
	<message comment="Lewis Holtby is substituted on" minute="29" period="1" second="21" time="29" type="substitution on" type_id="19"/>
	<message comment="Sandro is substituted off" minute="29" period="1" second="21" time="29" type="substitution off" type_id="18"/>
	<message comment="Glen Johnson misses attempt (Out of box, Left footed, Open play)" minute="27" period="1" second="21" time="27" type="attempt missed" type_id="13"/>
	<message comment="Philippe Coutinho hits the woodwork (High, Out of box, Right footed, Open play)" minute="27" period="1" second="17" time="27" type="woodwork hit" type_id="14"/>
	<message comment="Michael Dawson recieves a yellow card" minute="26" period="1" second="47" time="26" type="card received" type_id="17"/>
	<message comment="Roberto Soldado misses attempt (High, 18-yard box, Head, Open play)" minute="24" period="1" second="33" time="24" type="attempt missed" type_id="13"/>
	<message comment="Luis Suárez wins a corner (To the right)" minute="21" period="1" second="15" time="21" type="corner" type_id="6"/>
	<message comment="Hugo Lloris makes a save (Diving, Parried safe)" minute="21" period="1" second="13" time="21" type="save made" type_id="10"/>
	<message comment="Luis Suárez has attempt saved (Low to the left, 18-yard box, Big Chance, Right footed, Open play)" minute="21" period="1" second="13" time="21" type="attempt blocked" type_id="15"/>
	<message comment="GOAL! Luis Suárez scores , Assisted by Jordan Henderson (Low to the left, 18-yard box, Big Chance, Left footed, Open play)" minute="17" period="1" second="56" time="17" type="goal scored" type_id="16"/>
	<message comment="Philippe Coutinho wins a corner (To the right)" minute="16" period="1" second="37" time="16" type="corner" type_id="6"/>
	<message comment="Raheem Sterling wins a corner (To the right)" minute="16" period="1" second="5" time="16" type="corner" type_id="6"/>
	<message comment="Glen Johnson wins a corner (To the left)" minute="15" period="1" second="33" time="15" type="corner" type_id="6"/>
	<message comment="Luis Suárez wins a corner (To the left)" minute="14" period="1" second="50" time="14" type="corner" type_id="6"/>
	<message comment="Michael Dawson blocks a shot" minute="14" period="1" second="48" time="14" type="save made" type_id="10"/>
	<message comment="Luis Suárez has shot blocked (18-yard box, Right footed, Open play)" minute="14" period="1" second="48" time="14" type="attempt blocked" type_id="15"/>
	<message comment="Raheem Sterling misses attempt (To the left, 18-yard box, Left footed, Open play)" minute="11" period="1" second="52" time="11" type="attempt missed" type_id="13"/>
	<message comment="Paulinho blocks a shot" minute="11" period="1" second="27" time="11" type="save made" type_id="10"/>
	<message comment="Joe Allen has shot blocked (18-yard box, Right footed, Set piece)" minute="11" period="1" second="27" time="11" type="attempt blocked" type_id="15"/>
	<message comment="Luis Suárez is caught offside" minute="7" period="1" time="7" type="offside" type_id="10000"/>
	<message comment="Paulinho misses attempt (High to the right, Out of box, Right footed, Open play)" minute="5" period="1" second="40" time="5" type="attempt missed" type_id="13"/>
	<message comment="Formation Set" minute="0" period="14" second="0" time="5" type="end" type_id="30"/>
	<message comment="Paulinho has shot blocked (Out of box, Right footed, Open play)" minute="1" period="1" second="30" time="1" type="attempt blocked" type_id="15"/>
	<message comment="Mamadou Sakho blocks a shot" minute="1" period="1" second="30" time="1" type="save made" type_id="10"/>
	<message comment="Philippe Coutinho misses attempt (18-yard box, Right footed, Open play)" minute="1" period="1" second="8" time="1" type="attempt missed" type_id="13"/>
	<message comment="First half begins!" minute="0" period="1" second="0" time="0" type="start" type_id="32"/>
</Commentary>
