<?xml version="1.0" ?>
<Commentary away_team_name="Tottenham" competition="English Premier League" game_date="2013-02-09" home_team_name="Newcastle United" lang_id="en" season="Season 2012/2013" season_id="2012" sport_id="1" sport_name="Football">
	<message comment="Second half ends" minute="98" period="2" second="35" time="100" type="end" type_id="30"/>
	<message comment="Gareth Bale wins a corner (To the right)" minute="98" period="2" second="18" time="100" type="corner" type_id="6"/>
	<message comment="Tim Krul makes a save (Parried safe, Diving)" minute="97" period="2" second="38" time="99" type="save made" type_id="10"/>
	<message comment="Gareth Bale wins a corner (To the right)" minute="97" period="2" second="37" time="99" type="corner" type_id="6"/>
	<message comment="Gareth Bale has attempt saved (Low to the right, Out of box, Left footed, Fast break)" minute="97" period="2" second="35" time="99" type="attempt blocked" type_id="15"/>
	<message comment="Michael Dawson blocks a shot" minute="97" period="2" second="20" time="99" type="save made" type_id="10"/>
	<message comment="Yohan Cabaye has shot blocked (Out of box, Right footed, Open play)" minute="97" period="2" second="19" time="99" type="attempt blocked" type_id="15"/>
	<message comment="Gareth Bale misses attempt (High, 6-yard box, Big Chance, Right footed, Open play)" minute="96" period="2" second="37" time="98" type="attempt missed" type_id="13"/>
	<message comment="Shola Ameobi recieves a yellow card" minute="96" period="2" second="13" time="98" type="card received" type_id="17"/>
	<message comment="Davide Santon blocks a shot" minute="94" period="2" second="18" time="96" type="save made" type_id="10"/>
	<message comment="Jake Livermore has shot blocked (18-yard box, Left footed, Fast break)" minute="94" period="2" second="17" time="96" type="attempt blocked" type_id="15"/>
	<message comment="Cheick Tioté misses attempt (To the right, Out of box, Right footed, From corner)" minute="94" period="2" second="5" time="96" type="attempt missed" type_id="13"/>
	<message comment="Kyle Walker is caught offside" minute="94" period="2" time="96" type="offside" type_id="10000"/>
	<message comment="Hugo Lloris makes a save (Parried safe, Diving)" minute="93" period="2" second="38" time="95" type="save made" type_id="10"/>
	<message comment="Shola Ameobi wins a corner (To the left)" minute="93" period="2" second="38" time="95" type="corner" type_id="6"/>
	<message comment="Shola Ameobi has attempt saved (Low to the left, 18-yard box, Right footed, Open play)" minute="93" period="2" second="37" time="95" type="attempt blocked" type_id="15"/>
	<message comment="Clint Dempsey misses attempt (18-yard box, Head, Set piece)" minute="93" period="2" second="13" time="95" type="attempt missed" type_id="13"/>
	<message comment="Mousa Dembélé is substituted off" minute="92" period="2" second="43" time="94" type="substitution off" type_id="18"/>
	<message comment="Jake Livermore is substituted on" minute="92" period="2" second="43" time="94" type="substitution on" type_id="19"/>
	<message comment="Yohan Cabaye recieves a yellow card" minute="89" period="2" second="53" time="91" type="card received" type_id="17"/>
	<message comment="Gareth Bale wins a corner (To the left)" minute="86" period="2" second="35" time="88" type="corner" type_id="6"/>
	<message comment="Tim Krul makes a save (Parried safe)" minute="86" period="2" second="34" time="88" type="save made" type_id="10"/>
	<message comment="Gareth Bale has attempt saved (High to the centre, Out of box, Left footed, Fast break)" minute="86" period="2" second="34" time="88" type="attempt blocked" type_id="15"/>
	<message comment="Jonás Gutiérrez is substituted off" minute="85" period="2" second="26" time="87" type="substitution off" type_id="18"/>
	<message comment="Shola Ameobi is substituted on" minute="85" period="2" second="26" time="87" type="substitution on" type_id="19"/>
	<message comment="Cheick Tioté is substituted on" minute="81" period="2" second="17" time="83" type="substitution on" type_id="19"/>
	<message comment="James Perch is substituted off" minute="81" period="2" second="16" time="83" type="substitution off" type_id="18"/>
	<message comment="Steven Caulker misses attempt (6-yard box, Big Chance, Other body part, From corner)" minute="80" period="2" second="48" time="82" type="attempt missed" type_id="13"/>
	<message comment="Aaron Lennon wins a corner (To the right)" minute="80" period="2" second="20" time="82" type="corner" type_id="6"/>
	<message comment="GOAL! Gareth Bale scores  (Low to the centre, 18-yard box, Big Chance, Left footed, Open play)" minute="77" period="2" second="43" time="79" type="goal scored" type_id="16"/>
	<message comment="Yohan Cabaye misses attempt (Out of box, Right footed, Open play)" minute="75" period="2" second="35" time="77" type="attempt missed" type_id="13"/>
	<message comment="Gareth Bale misses attempt (18-yard box, Right footed, Open play)" minute="74" period="2" second="51" time="76" type="attempt missed" type_id="13"/>
	<message comment="Kyle Naughton is substituted off" minute="73" period="2" second="52" time="75" type="substitution off" type_id="18"/>
	<message comment="Benoit Assou-Ekotto is substituted on" minute="73" period="2" second="52" time="75" type="substitution on" type_id="19"/>
	<message comment="James Perch has shot blocked (Out of box, Left footed, Open play)" minute="69" period="2" second="55" time="71" type="attempt blocked" type_id="15"/>
	<message comment="Steven Caulker blocks a shot" minute="69" period="2" second="55" time="71" type="save made" type_id="10"/>
	<message comment="Lewis Holtby is substituted off" minute="68" period="2" second="24" time="70" type="substitution off" type_id="18"/>
	<message comment="Emmanuel Adebayor is substituted on" minute="68" period="2" second="24" time="70" type="substitution on" type_id="19"/>
	<message comment="Gareth Bale wins a corner (To the left)" minute="64" period="2" second="11" time="66" type="corner" type_id="6"/>
	<message comment="Clint Dempsey wins a corner (To the right)" minute="63" period="2" second="46" time="65" type="corner" type_id="6"/>
	<message comment="Lewis Holtby wins a corner (To the left)" minute="63" period="2" second="12" time="65" type="corner" type_id="6"/>
	<message comment="Yoan Gouffran is substituted off" minute="58" period="2" second="22" time="60" type="substitution off" type_id="18"/>
	<message comment="Sylvain Marveaux is substituted on" minute="58" period="2" second="22" time="60" type="substitution on" type_id="19"/>
	<message comment="Tim Krul makes a save (Parried safe)" minute="52" period="2" second="35" time="54" type="save made" type_id="10"/>
	<message comment="Clint Dempsey has attempt saved (Low to the centre, Out of box, Right footed, Open play)" minute="52" period="2" second="35" time="54" type="attempt blocked" type_id="15"/>
	<message comment="Steven Taylor has attempt saved (High to the centre, Out of box, Right footed, From corner)" minute="51" period="2" second="12" time="53" type="attempt blocked" type_id="15"/>
	<message comment="Hugo Lloris makes a save (Standing)" minute="51" period="2" second="12" time="53" type="save made" type_id="10"/>
	<message comment="Jonás Gutiérrez wins a corner (To the right)" minute="50" period="2" second="25" time="52" type="corner" type_id="6"/>
	<message comment="Fabricio Coloccini blocks a shot" minute="49" period="2" second="53" time="51" type="save made" type_id="10"/>
	<message comment="Lewis Holtby has shot blocked (18-yard box, Left footed, Open play)" minute="49" period="2" second="53" time="51" type="attempt blocked" type_id="15"/>
	<message comment="Second half begins!" minute="45" period="2" second="0" time="47" type="start" type_id="32"/>
	<message comment="First half ends" minute="46" period="1" second="1" time="46" type="end" type_id="30"/>
	<message comment="Clint Dempsey misses attempt (Out of box, Left footed, Open play)" minute="43" period="1" second="55" time="43" type="attempt missed" type_id="13"/>
	<message comment="Aaron Lennon wins a corner (To the right)" minute="42" period="1" second="0" time="42" type="corner" type_id="6"/>
	<message comment="Clint Dempsey wins a corner (To the left)" minute="40" period="1" second="24" time="40" type="corner" type_id="6"/>
	<message comment="Steven Taylor blocks a shot" minute="40" period="1" second="23" time="40" type="save made" type_id="10"/>
	<message comment="Clint Dempsey has shot blocked (Out of box, Right footed, Open play)" minute="40" period="1" second="23" time="40" type="attempt blocked" type_id="15"/>
	<message comment="Clint Dempsey is caught offside" minute="37" period="1" time="37" type="offside" type_id="10000"/>
	<message comment="Yohan Cabaye wins a corner (To the left)" minute="35" period="1" second="15" time="35" type="corner" type_id="6"/>
	<message comment="Yohan Cabaye has shot blocked (Out of box, Right footed, Open play)" minute="35" period="1" second="13" time="35" type="attempt blocked" type_id="15"/>
	<message comment="Michael Dawson blocks a shot" minute="35" period="1" second="13" time="35" type="save made" type_id="10"/>
	<message comment="Gareth Bale wins a corner (To the left)" minute="30" period="1" second="8" time="30" type="corner" type_id="6"/>
	<message comment="Mathieu Debuchy is caught offside" minute="28" period="1" time="28" type="offside" type_id="10000"/>
	<message comment="Steven Taylor blocks a shot" minute="26" period="1" second="13" time="26" type="save made" type_id="10"/>
	<message comment="Gareth Bale has shot blocked (18-yard box, Left footed, Open play)" minute="26" period="1" second="13" time="26" type="attempt blocked" type_id="15"/>
	<message comment="Aaron Lennon wins a corner (To the right)" minute="24" period="1" second="57" time="24" type="corner" type_id="6"/>
	<message comment="GOAL! Yoan Gouffran scores , Assisted by Moussa Sissoko (High to the right, 18-yard box, Right footed, Open play)" minute="23" period="1" second="44" time="23" type="goal scored" type_id="16"/>
	<message comment="Yohan Cabaye has shot blocked (Out of box, Right footed, Open play)" minute="21" period="1" second="52" time="21" type="attempt blocked" type_id="15"/>
	<message comment="Scott Parker blocks a shot" minute="21" period="1" second="52" time="21" type="save made" type_id="10"/>
	<message comment="Papiss Demba Cissé is caught offside" minute="21" period="1" time="21" type="offside" type_id="10000"/>
	<message comment="Lewis Holtby misses attempt (18-yard box, Right footed, Open play)" minute="19" period="1" second="44" time="19" type="attempt missed" type_id="13"/>
	<message comment="Papiss Demba Cissé misses attempt (18-yard box, Head, Open play)" minute="18" period="1" second="58" time="18" type="attempt missed" type_id="13"/>
	<message comment="Lewis Holtby misses attempt (18-yard box, Left footed, Fast break)" minute="16" period="1" second="28" time="16" type="attempt missed" type_id="13"/>
	<message comment="Yoan Gouffran wins a corner (To the right)" minute="15" period="1" second="9" time="15" type="corner" type_id="6"/>
	<message comment="Gareth Bale is caught offside" minute="14" period="1" time="14" type="offside" type_id="10000"/>
	<message comment="Gareth Bale misses attempt (To the right, Out of box, Left footed, Open play)" minute="11" period="1" second="48" time="11" type="attempt missed" type_id="13"/>
	<message comment="Yoan Gouffran wins a corner (To the left)" minute="10" period="1" second="29" time="10" type="corner" type_id="6"/>
	<message comment="Formation Set" minute="0" period="14" second="0" time="10" type="end" type_id="30"/>
	<message comment="Lewis Holtby misses attempt (High, 18-yard box, Left footed, Open play)" minute="9" period="1" second="19" time="9" type="attempt missed" type_id="13"/>
	<message comment="Gareth Bale is caught offside" minute="6" period="1" time="6" type="offside" type_id="10000"/>
	<message comment="GOAL! Gareth Bale scores  (Low to the right, Out of box, Left footed, Free kick)" minute="4" period="1" second="32" time="4" type="goal scored" type_id="16"/>
	<message comment="First half begins!" minute="0" period="1" second="0" time="0" type="start" type_id="32"/>
</Commentary>
