<?xml version="1.0" ?>
<Commentary away_team_name="Tottenham" competition="English Premier League" game_date="2011-04-20" home_team_name="Arsenal" lang_id="en" season="Season 2010/2011" season_id="2010" sport_id="1" sport_name="Football">
	<message comment="Second half ends" minute="93" period="2" second="34" time="98" type="end" type_id="30"/>
	<message comment="Cesc Fàbregas misses attempt (To the left, Out of box, Right footed, Open play)" minute="93" period="2" second="3" time="98" type="attempt missed" type_id="13"/>
	<message comment="Michael Dawson blocks a shot" minute="87" period="2" second="43" time="92" type="save made" type_id="10"/>
	<message comment="Cesc Fàbregas has shot blocked (18-yard box, Right footed, Open play)" minute="87" period="2" second="43" time="92" type="attempt blocked" type_id="15"/>
	<message comment="Robin van Persie misses attempt (To the right, 18-yard box, Left footed, Open play)" minute="87" period="2" second="29" time="92" type="attempt missed" type_id="13"/>
	<message comment="Sandro has attempt saved (Low to the left, 18-yard box, Right footed, Open play)" minute="82" period="2" second="55" time="87" type="attempt blocked" type_id="15"/>
	<message comment="Wojciech Szczesny makes a save (Diving)" minute="82" period="2" second="55" time="87" type="save made" type_id="10"/>
	<message comment="Samir Nasri is substituted off" minute="81" period="2" second="10" time="86" type="substitution off" type_id="18"/>
	<message comment="Nicklas Bendtner is substituted on" minute="81" period="2" second="10" time="86" type="substitution on" type_id="19"/>
	<message comment="Theo Walcott is substituted off" minute="81" period="2" second="5" time="86" type="substitution off" type_id="18"/>
	<message comment="Andrey Arshavin is substituted on" minute="81" period="2" second="5" time="86" type="substitution on" type_id="19"/>
	<message comment="Rafael van der Vaart has attempt saved (Low to the left, 18-yard box, Left footed, Open play)" minute="80" period="2" second="12" time="85" type="attempt blocked" type_id="15"/>
	<message comment="Wojciech Szczesny makes a save (Diving)" minute="80" period="2" second="12" time="85" type="save made" type_id="10"/>
	<message comment="Tom Huddlestone misses attempt (To the right, Out of box, Left footed, From corner)" minute="79" period="2" second="34" time="84" type="attempt missed" type_id="13"/>
	<message comment="Luka Modric wins a corner (To the left)" minute="79" period="2" second="18" time="84" type="corner" type_id="6"/>
	<message comment="Peter Crouch wins a corner (To the right)" minute="78" period="2" second="29" time="83" type="corner" type_id="6"/>
	<message comment="Peter Crouch has attempt saved (High to the centre, 6-yard box, Head, Open play)" minute="78" period="2" second="28" time="83" type="attempt blocked" type_id="15"/>
	<message comment="Wojciech Szczesny makes a save (Diving)" minute="78" period="2" second="28" time="83" type="save made" type_id="10"/>
	<message comment="Roman Pavlyuchenko is substituted off" minute="77" period="2" second="30" time="82" type="substitution off" type_id="18"/>
	<message comment="Sandro is substituted on" minute="77" period="2" second="30" time="82" type="substitution on" type_id="19"/>
	<message comment="Alexandre Song wins a corner (To the right)" minute="75" period="2" second="13" time="80" type="corner" type_id="6"/>
	<message comment="Cesc Fàbregas wins a corner (To the left)" minute="74" period="2" second="28" time="79" type="corner" type_id="6"/>
	<message comment="Heurelho Gomes makes a save (Diving)" minute="74" period="2" second="24" time="79" type="save made" type_id="10"/>
	<message comment="Cesc Fàbregas has attempt saved (Low to the left, Out of box, Right footed, Open play)" minute="74" period="2" second="24" time="79" type="attempt blocked" type_id="15"/>
	<message comment="Heurelho Gomes makes a save (Parried into danger)" minute="72" period="2" second="38" time="77" type="save made" type_id="10"/>
	<message comment="Cesc Fàbregas has attempt saved (Low to the centre, Out of box, Right footed, Open play)" minute="72" period="2" second="38" time="77" type="attempt blocked" type_id="15"/>
	<message comment="Luka Modric has attempt saved (Low to the centre, 18-yard box, Big Chance, Right footed, Open play)" minute="71" period="2" second="47" time="76" type="attempt blocked" type_id="15"/>
	<message comment="Wojciech Szczesny makes a save (Diving, Parried safe, Feet)" minute="71" period="2" second="47" time="76" type="save made" type_id="10"/>
	<message comment="GOAL! Rafael van der Vaart scores  (Low to the right, 18-yard box, Penalty, Big Chance, Left footed)" minute="69" period="2" second="58" time="74" type="goal scored" type_id="16"/>
	<message comment="Robin van Persie misses attempt (To the right, 18-yard box, Left footed, Open play)" minute="67" period="2" second="20" time="72" type="attempt missed" type_id="13"/>
	<message comment="Younes Kaboul is caught offside" minute="59" period="2" time="64" type="offside" type_id="10000"/>
	<message comment="Robin van Persie is caught offside" minute="56" period="2" time="61" type="offside" type_id="10000"/>
	<message comment="Rafael van der Vaart wins a corner (To the right)" minute="53" period="2" second="27" time="58" type="corner" type_id="6"/>
	<message comment="Rafael van der Vaart has attempt saved (High to the right, 18-yard box, Left footed, Open play)" minute="53" period="2" second="24" time="58" type="attempt blocked" type_id="15"/>
	<message comment="Wojciech Szczesny makes a save (Diving, Parried safe)" minute="53" period="2" second="24" time="58" type="save made" type_id="10"/>
	<message comment="Abou Diaby is substituted off" minute="51" period="2" second="50" time="56" type="substitution off" type_id="18"/>
	<message comment="Jack Wilshere is substituted on" minute="51" period="2" second="50" time="56" type="substitution on" type_id="19"/>
	<message comment="Tom Huddlestone blocks a shot" minute="51" period="2" second="37" time="56" type="save made" type_id="10"/>
	<message comment="Samir Nasri has shot blocked (Out of box, Right footed, Free kick)" minute="51" period="2" second="37" time="56" type="attempt blocked" type_id="15"/>
	<message comment="Theo Walcott wins a corner (To the right)" minute="48" period="2" second="14" time="53" type="corner" type_id="6"/>
	<message comment="Rafael van der Vaart misses attempt (Out of box, Left footed, Free kick)" minute="47" period="2" second="23" time="52" type="attempt missed" type_id="13"/>
	<message comment="Johan Djourou recieves a yellow card" minute="46" period="2" second="22" time="51" type="card received" type_id="17"/>
	<message comment="Alexandre Song recieves a yellow card" minute="45" period="2" second="26" time="50" type="card received" type_id="17"/>
	<message comment="Vedran Corluka is substituted off" minute="45" period="2" second="0" time="50" type="substitution off" type_id="18"/>
	<message comment="Younes Kaboul is substituted on" minute="45" period="2" second="0" time="50" type="substitution on" type_id="19"/>
	<message comment="Gareth Bale is substituted off" minute="45" period="2" second="0" time="50" type="substitution off" type_id="18"/>
	<message comment="Aaron Lennon is substituted on" minute="45" period="2" second="0" time="50" type="substitution on" type_id="19"/>
	<message comment="Second half begins!" minute="45" period="2" second="0" time="50" type="start" type_id="32"/>
	<message comment="First half ends" minute="49" period="1" second="42" time="49" type="end" type_id="30"/>
	<message comment="Gaël Clichy recieves a yellow card" minute="48" period="1" second="40" time="48" type="card received" type_id="17"/>
	<message comment="Peter Crouch wins a corner (To the right)" minute="44" period="1" second="38" time="44" type="corner" type_id="6"/>
	<message comment="GOAL! Tom Huddlestone scores  (Low to the right, Out of box, Left footed, Throw-in)" minute="43" period="1" second="28" time="43" type="goal scored" type_id="16"/>
	<message comment="GOAL! Robin van Persie scores  (High to the left, 6-yard box, Big Chance, Left footed, Open play)" minute="39" period="1" second="57" time="39" type="goal scored" type_id="16"/>
	<message comment="Heurelho Gomes makes a save (Parried safe, Standing)" minute="39" period="1" second="56" time="39" type="save made" type_id="10"/>
	<message comment="Robin van Persie has attempt saved (High to the left, 6-yard box, Big Chance, Head, Open play)" minute="39" period="1" second="56" time="39" type="attempt blocked" type_id="15"/>
	<message comment="William Gallas misses attempt (High to the right, 18-yard box, Head, From corner)" minute="34" period="1" second="28" time="34" type="attempt missed" type_id="13"/>
	<message comment="Roman Pavlyuchenko wins a corner (To the left)" minute="33" period="1" second="56" time="33" type="corner" type_id="6"/>
	<message comment="Roman Pavlyuchenko has shot blocked (Out of box, Right footed, Open play)" minute="33" period="1" second="54" time="33" type="attempt blocked" type_id="15"/>
	<message comment="Johan Djourou blocks a shot" minute="33" period="1" second="54" time="33" type="save made" type_id="10"/>
	<message comment="Gareth Bale wins a corner (To the left)" minute="31" period="1" second="17" time="31" type="corner" type_id="6"/>
	<message comment="William Gallas is caught offside" minute="31" period="1" time="31" type="offside" type_id="10000"/>
	<message comment="Luka Modric has attempt saved (Low to the centre, 18-yard box, Right footed, Open play)" minute="30" period="1" second="31" time="30" type="attempt blocked" type_id="15"/>
	<message comment="Wojciech Szczesny makes a save (Diving, Parried into danger)" minute="30" period="1" second="31" time="30" type="save made" type_id="10"/>
	<message comment="Vedran Corluka wins a corner (To the right)" minute="30" period="1" second="3" time="30" type="corner" type_id="6"/>
	<message comment="Theo Walcott misses attempt (18-yard box, Big Chance, Right footed, Open play)" minute="28" period="1" second="5" time="28" type="attempt missed" type_id="13"/>
	<message comment="Vedran Corluka misses attempt (Out of box, Right footed, Open play)" minute="21" period="1" second="50" time="21" type="attempt missed" type_id="13"/>
	<message comment="Rafael van der Vaart misses attempt (High, Out of box, Left footed, Open play)" minute="19" period="1" second="31" time="19" type="attempt missed" type_id="13"/>
	<message comment="Robin van Persie misses attempt (High to the left, Out of box, Left footed, Open play)" minute="15" period="1" second="29" time="15" type="attempt missed" type_id="13"/>
	<message comment="Michael Dawson blocks a shot" minute="15" period="1" second="16" time="15" type="save made" type_id="10"/>
	<message comment="Gaël Clichy has shot blocked (Out of box, Left footed, From corner)" minute="15" period="1" second="16" time="15" type="attempt blocked" type_id="15"/>
	<message comment="Theo Walcott wins a corner (To the left)" minute="14" period="1" second="54" time="14" type="corner" type_id="6"/>
	<message comment="Bacary Sagna wins a corner (To the left)" minute="13" period="1" second="42" time="13" type="corner" type_id="6"/>
	<message comment="GOAL! Samir Nasri scores , Assisted by Abou Diaby (Low to the centre, Out of box, Right footed, Open play)" minute="11" period="1" second="49" time="11" type="goal scored" type_id="16"/>
	<message comment="Robin van Persie wins a corner (To the left)" minute="10" period="1" second="25" time="10" type="corner" type_id="6"/>
	<message comment="Heurelho Gomes makes a save (Parried safe, Diving)" minute="10" period="1" second="21" time="10" type="save made" type_id="10"/>
	<message comment="Robin van Persie has attempt saved (High to the right, 18-yard box, Left footed, Open play)" minute="10" period="1" second="21" time="10" type="attempt blocked" type_id="15"/>
	<message comment="Formation Set" minute="0" period="14" second="0" time="8" type="end" type_id="30"/>
	<message comment="Peter Crouch misses attempt (To the left, Out of box, Right footed, Open play)" minute="7" period="1" second="12" time="7" type="attempt missed" type_id="13"/>
	<message comment="GOAL! Rafael van der Vaart scores , Assisted by Vedran Corluka (Low to the right, 18-yard box, Right footed, Open play)" minute="6" period="1" second="22" time="6" type="goal scored" type_id="16"/>
	<message comment="GOAL! Theo Walcott scores , Assisted by Cesc Fàbregas (Low to the right, 18-yard box, Big Chance, Right footed, Open play)" minute="4" period="1" second="10" time="4" type="goal scored" type_id="16"/>
	<message comment="Luka Modric misses attempt (To the left, Out of box, Right footed, Open play)" minute="1" period="1" second="16" time="1" type="attempt missed" type_id="13"/>
	<message comment="First half begins!" minute="0" period="1" second="0" time="0" type="start" type_id="32"/>
</Commentary>
