<?xml version="1.0" ?>
<Commentary away_team_name="West Ham" competition="English Premier League" game_date="2013-11-23" home_team_name="Chelsea" lang_id="en" season="Season 2013/2014" season_id="2013" sport_id="1" sport_name="Football">
	<message comment="Second half ends" minute="93" period="2" second="2" time="96" type="end" type_id="30"/>
	<message comment="Petr Cech makes a save (Parried safe, Diving)" minute="92" period="2" second="59" time="95" type="save made" type_id="10"/>
	<message comment="Joey O'Brien has attempt saved (Low to the right, 18-yard box, Head, Open play)" minute="92" period="2" second="59" time="95" type="attempt blocked" type_id="15"/>
	<message comment="Demba Ba is caught offside" minute="92" period="2" time="95" type="offside" type_id="10000"/>
	<message comment="André Schürrle is caught offside" minute="91" period="2" time="94" type="offside" type_id="10000"/>
	<message comment="Stewart Downing wins a corner (To the right)" minute="88" period="2" second="56" time="91" type="corner" type_id="6"/>
	<message comment="Modibo Maiga misses attempt (To the right, 18-yard box, Head, Open play)" minute="85" period="2" second="46" time="88" type="attempt missed" type_id="13"/>
	<message comment="Jussi Jääskeläinen makes a save (Parried safe, Diving)" minute="84" period="2" second="59" time="87" type="save made" type_id="10"/>
	<message comment="Michael Essien has attempt saved (Low to the centre, 18-yard box, Right footed, Fast break)" minute="84" period="2" second="59" time="87" type="attempt blocked" type_id="15"/>
	<message comment="Matthew Jarvis wins a corner (To the left)" minute="84" period="2" second="19" time="87" type="corner" type_id="6"/>
	<message comment="Eden Hazard is substituted off" minute="83" period="2" second="59" time="86" type="substitution off" type_id="18"/>
	<message comment="Michael Essien is substituted on" minute="83" period="2" second="59" time="86" type="substitution on" type_id="19"/>
	<message comment="Oscar is substituted off" minute="82" period="2" second="17" time="85" type="substitution off" type_id="18"/>
	<message comment="André Schürrle is substituted on" minute="82" period="2" second="17" time="85" type="substitution on" type_id="19"/>
	<message comment="GOAL! Frank Lampard scores  (Low to the left, 18-yard box, Right footed, Open play)" minute="81" period="2" second="2" time="84" type="goal scored" type_id="16"/>
	<message comment="Joey O'Brien blocks a shot" minute="81" period="2" second="1" time="84" type="save made" type_id="10"/>
	<message comment="Eden Hazard has shot blocked (18-yard box, Right footed, Open play)" minute="81" period="2" second="1" time="84" type="attempt blocked" type_id="15"/>
	<message comment="Stewart Downing wins a corner (To the left)" minute="79" period="2" second="39" time="82" type="corner" type_id="6"/>
	<message comment="Samuel Eto'o is substituted off" minute="78" period="2" second="31" time="81" type="substitution off" type_id="18"/>
	<message comment="Demba Ba is substituted on" minute="78" period="2" second="31" time="81" type="substitution on" type_id="19"/>
	<message comment="Kevin Nolan is substituted off" minute="75" period="2" second="32" time="78" type="substitution off" type_id="18"/>
	<message comment="Matthew Jarvis is substituted on" minute="75" period="2" second="32" time="78" type="substitution on" type_id="19"/>
	<message comment="Modibo Maiga wins a corner (To the right)" minute="71" period="2" second="26" time="74" type="corner" type_id="6"/>
	<message comment="Mark Noble blocks a shot" minute="69" period="2" second="53" time="72" type="save made" type_id="10"/>
	<message comment="Frank Lampard has shot blocked (Out of box, Right footed, Free kick)" minute="69" period="2" second="53" time="72" type="attempt blocked" type_id="15"/>
	<message comment="Mohamed Diamé wins a corner (To the right)" minute="68" period="2" second="22" time="71" type="corner" type_id="6"/>
	<message comment="James Collins blocks a shot" minute="67" period="2" second="6" time="70" type="save made" type_id="10"/>
	<message comment="Ramires has shot blocked (18-yard box, Right footed, Open play)" minute="67" period="2" second="6" time="70" type="attempt blocked" type_id="15"/>
	<message comment="Modibo Maiga misses attempt (18-yard box, Big Chance, Left footed, Open play)" minute="63" period="2" second="59" time="66" type="attempt missed" type_id="13"/>
	<message comment="Samuel Eto'o misses attempt (Out of box, Right footed, Open play)" minute="62" period="2" second="0" time="65" type="attempt missed" type_id="13"/>
	<message comment="Modibo Maiga misses attempt (To the right, 18-yard box, Left footed, Open play)" minute="60" period="2" second="27" time="63" type="attempt missed" type_id="13"/>
	<message comment="Mohamed Diamé has shot blocked (Out of box, Right footed, Open play)" minute="60" period="2" second="25" time="63" type="attempt blocked" type_id="15"/>
	<message comment="Gary Cahill blocks a shot" minute="60" period="2" second="25" time="63" type="save made" type_id="10"/>
	<message comment="Mark Noble wins a corner (To the left)" minute="58" period="2" second="52" time="61" type="corner" type_id="6"/>
	<message comment="Oscar misses attempt (18-yard box, Big Chance, Right footed, Open play)" minute="56" period="2" second="1" time="59" type="attempt missed" type_id="13"/>
	<message comment="Jussi Jääskeläinen makes a save (Collected, Diving)" minute="55" period="2" second="4" time="58" type="save made" type_id="10"/>
	<message comment="Frank Lampard has attempt saved (Low to the right, Out of box, Right footed, Open play)" minute="55" period="2" second="4" time="58" type="attempt blocked" type_id="15"/>
	<message comment="Mark Noble blocks a shot (Last line)" minute="52" period="2" second="9" time="55" type="save made" type_id="10"/>
	<message comment="Gary Cahill has shot blocked (18-yard box, Head, From corner)" minute="52" period="2" second="9" time="55" type="attempt blocked" type_id="15"/>
	<message comment="Samuel Eto'o wins a corner (To the right)" minute="51" period="2" second="38" time="54" type="corner" type_id="6"/>
	<message comment="James Collins blocks a shot" minute="51" period="2" second="36" time="54" type="save made" type_id="10"/>
	<message comment="Samuel Eto'o has shot blocked (18-yard box, Right footed, Open play)" minute="51" period="2" second="36" time="54" type="attempt blocked" type_id="15"/>
	<message comment="Mohamed Diamé misses attempt (To the right, Out of box, Left footed, Open play)" minute="49" period="2" second="18" time="52" type="attempt missed" type_id="13"/>
	<message comment="James Tomkins blocks a shot" minute="45" period="2" second="38" time="48" type="save made" type_id="10"/>
	<message comment="Ramires has shot blocked (Out of box, Left footed, Open play)" minute="45" period="2" second="38" time="48" type="attempt blocked" type_id="15"/>
	<message comment="Second half begins!" minute="45" period="2" second="0" time="48" type="start" type_id="32"/>
	<message comment="First half ends" minute="47" period="1" second="7" time="47" type="end" type_id="30"/>
	<message comment="Samuel Eto'o wins a corner (To the right)" minute="41" period="1" second="53" time="41" type="corner" type_id="6"/>
	<message comment="Jussi Jääskeläinen makes a save (Parried safe, Diving)" minute="41" period="1" second="46" time="41" type="save made" type_id="10"/>
	<message comment="Samuel Eto'o has attempt saved (High to the right, Out of box, Right footed, Open play)" minute="41" period="1" second="46" time="41" type="attempt blocked" type_id="15"/>
	<message comment="Jack Collison is substituted off" minute="39" period="1" second="25" time="39" type="substitution off" type_id="18"/>
	<message comment="Modibo Maiga is substituted on" minute="39" period="1" second="25" time="39" type="substitution on" type_id="19"/>
	<message comment="Joe Cole is substituted off" minute="39" period="1" second="17" time="39" type="substitution off" type_id="18"/>
	<message comment="Mohamed Diamé is substituted on" minute="39" period="1" second="17" time="39" type="substitution on" type_id="19"/>
	<message comment="Frank Lampard misses attempt (High to the right, Out of box, Right footed, Open play)" minute="38" period="1" second="52" time="38" type="attempt missed" type_id="13"/>
	<message comment="Mark Noble wins a corner (To the right)" minute="37" period="1" second="32" time="37" type="corner" type_id="6"/>
	<message comment="GOAL! Oscar scores , Assisted by Eden Hazard (Low to the left, Out of box, Right footed, Open play)" minute="33" period="1" second="21" time="33" type="goal scored" type_id="16"/>
	<message comment="Guy Demel wins a corner (To the right)" minute="30" period="1" second="15" time="30" type="corner" type_id="6"/>
	<message comment="Frank Lampard misses attempt (18-yard box, Head, Open play)" minute="29" period="1" second="38" time="29" type="attempt missed" type_id="13"/>
	<message comment="Jussi Jääskeläinen makes a save (Diving, Collected)" minute="22" period="1" second="50" time="22" type="save made" type_id="10"/>
	<message comment="Frank Lampard has attempt saved (Low to the left, 18-yard box, Right footed, Open play)" minute="22" period="1" second="50" time="22" type="attempt blocked" type_id="15"/>
	<message comment="Kevin Nolan is caught offside" minute="21" period="1" time="21" type="offside" type_id="10000"/>
	<message comment="GOAL! Frank Lampard scores  (High to the centre, 18-yard box, Penalty, Big Chance, Right footed)" minute="20" period="1" second="32" time="20" type="goal scored" type_id="16"/>
	<message comment="James Collins blocks a shot" minute="18" period="1" second="49" time="18" type="save made" type_id="10"/>
	<message comment="Eden Hazard has shot blocked (Out of box, Right footed, Open play)" minute="18" period="1" second="49" time="18" type="attempt blocked" type_id="15"/>
	<message comment="Joe Cole has shot blocked (18-yard box, Right footed, Open play)" minute="18" period="1" second="11" time="18" type="attempt blocked" type_id="15"/>
	<message comment="John Terry blocks a shot" minute="18" period="1" second="11" time="18" type="save made" type_id="10"/>
	<message comment="Kevin Nolan has shot blocked (18-yard box, Head, Open play)" minute="18" period="1" second="9" time="18" type="attempt blocked" type_id="15"/>
	<message comment="César Azpilicueta blocks a shot" minute="18" period="1" second="9" time="18" type="save made" type_id="10"/>
	<message comment="Kevin Nolan is caught offside" minute="16" period="1" time="16" type="offside" type_id="10000"/>
	<message comment="Oscar misses attempt (High, 18-yard box, Right footed, Open play)" minute="15" period="1" second="32" time="15" type="attempt missed" type_id="13"/>
	<message comment="Eden Hazard wins a corner (To the left)" minute="12" period="1" second="30" time="12" type="corner" type_id="6"/>
	<message comment="James Collins is caught offside" minute="10" period="1" time="10" type="offside" type_id="10000"/>
	<message comment="Formation Set" minute="0" period="14" second="0" time="6" type="end" type_id="30"/>
	<message comment="Eden Hazard wins a corner (To the left)" minute="4" period="1" second="20" time="4" type="corner" type_id="6"/>
	<message comment="James Collins blocks a shot" minute="2" period="1" second="53" time="2" type="save made" type_id="10"/>
	<message comment="Samuel Eto'o has shot blocked (Out of box, Right footed, Open play)" minute="2" period="1" second="53" time="2" type="attempt blocked" type_id="15"/>
	<message comment="First half begins!" minute="0" period="1" second="0" time="0" type="start" type_id="32"/>
</Commentary>
