<?xml version="1.0" ?>
<Commentary away_team_name="West Ham" competition="English Premier League" game_date="2013-12-28" home_team_name="West Bromwich Albion" lang_id="en" season="Season 2013/2014" season_id="2013" sport_id="1" sport_name="Football">
	<message comment="Second half ends" minute="94" period="2" second="2" time="97" type="end" type_id="30"/>
	<message comment="Morgan Amalfitano misses attempt (High, Out of box, Right footed, Open play)" minute="93" period="2" second="25" time="96" type="attempt missed" type_id="13"/>
	<message comment="Joey O'Brien blocks a shot" minute="91" period="2" second="42" time="94" type="save made" type_id="10"/>
	<message comment="Stéphane Sessegnon has shot blocked (18-yard box, Right footed, Open play)" minute="91" period="2" second="42" time="94" type="attempt blocked" type_id="15"/>
	<message comment="Nicolas Anelka is caught offside" minute="91" period="2" time="94" type="offside" type_id="10000"/>
	<message comment="Liam Ridgewell recieves a yellow card" minute="89" period="2" second="58" time="92" type="card received" type_id="17"/>
	<message comment="Youssouf Mulumbu has shot blocked (18-yard box, Right footed, Open play)" minute="88" period="2" second="42" time="91" type="attempt blocked" type_id="15"/>
	<message comment="Razvan Rat blocks a shot" minute="88" period="2" second="42" time="91" type="save made" type_id="10"/>
	<message comment="Kevin Nolan misses attempt (18-yard box, Head, Open play)" minute="87" period="2" second="13" time="90" type="attempt missed" type_id="13"/>
	<message comment="Nicolas Anelka misses attempt (To the right, Out of box, Right footed, Open play)" minute="86" period="2" second="27" time="89" type="attempt missed" type_id="13"/>
	<message comment="Stéphane Sessegnon is substituted on" minute="84" period="2" second="41" time="87" type="substitution on" type_id="19"/>
	<message comment="Saido Berahino is substituted off" minute="84" period="2" second="40" time="87" type="substitution off" type_id="18"/>
	<message comment="Joe Cole is substituted off" minute="82" period="2" second="12" time="85" type="substitution off" type_id="18"/>
	<message comment="Jack Collison is substituted on" minute="82" period="2" second="12" time="85" type="substitution on" type_id="19"/>
	<message comment="Saido Berahino hits the woodwork (To the right, Out of box, Right footed, Free kick)" minute="81" period="2" second="5" time="84" type="woodwork hit" type_id="14"/>
	<message comment="Mohamed Diamé recieves a yellow card" minute="80" period="2" second="20" time="83" type="card received" type_id="17"/>
	<message comment="Billy Jones wins a corner (To the right)" minute="79" period="2" second="42" time="82" type="corner" type_id="6"/>
	<message comment="James Morrison is substituted off" minute="77" period="2" second="1" time="80" type="substitution off" type_id="18"/>
	<message comment="Claudio Yacob is substituted on" minute="77" period="2" second="1" time="80" type="substitution on" type_id="19"/>
	<message comment="Jussi Jääskeläinen makes a save (Standing)" minute="76" period="2" second="12" time="79" type="save made" type_id="10"/>
	<message comment="Chris Brunt has attempt saved (Low to the left, 18-yard box, Left footed, Open play)" minute="76" period="2" second="12" time="79" type="attempt blocked" type_id="15"/>
	<message comment="Saido Berahino is caught offside" minute="74" period="2" time="77" type="offside" type_id="10000"/>
	<message comment="Jussi Jääskeläinen makes a save (Collected, Diving)" minute="72" period="2" second="56" time="75" type="save made" type_id="10"/>
	<message comment="Billy Jones has attempt saved (Low to the right, Out of box, Left footed, Open play)" minute="72" period="2" second="56" time="75" type="attempt blocked" type_id="15"/>
	<message comment="James Morrison has shot blocked (Out of box, Right footed, Free kick)" minute="71" period="2" second="48" time="74" type="attempt blocked" type_id="15"/>
	<message comment="GOAL! Saido Berahino scores , Assisted by Chris Brunt (Low to the left, 18-yard box, Left footed, Open play)" minute="68" period="2" second="15" time="71" type="goal scored" type_id="16"/>
	<message comment="Diego Lugano is substituted off" minute="67" period="2" second="30" time="70" type="substitution off" type_id="18"/>
	<message comment="Morgan Amalfitano is substituted on" minute="67" period="2" second="30" time="70" type="substitution on" type_id="19"/>
	<message comment="GOAL! Kevin Nolan scores , Assisted by Modibo Maiga (High to the right, 6-yard box, Big Chance, Right footed, Open play)" minute="66" period="2" second="15" time="69" type="goal scored" type_id="16"/>
	<message comment="GOAL! Modibo Maiga scores , Assisted by Kevin Nolan (Low to the left, Out of box, Left footed, Open play)" minute="64" period="2" second="19" time="67" type="goal scored" type_id="16"/>
	<message comment="Modibo Maiga wins a corner (To the left)" minute="63" period="2" second="3" time="66" type="corner" type_id="6"/>
	<message comment="Modibo Maiga has attempt saved (High to the left, Out of box, Left footed, Open play)" minute="62" period="2" second="58" time="65" type="attempt blocked" type_id="15"/>
	<message comment="Ben Foster makes a save (Parried safe, Diving)" minute="62" period="2" second="58" time="65" type="save made" type_id="10"/>
	<message comment="Modibo Maiga is caught offside" minute="61" period="2" time="64" type="offside" type_id="10000"/>
	<message comment="George McCartney blocks a shot" minute="60" period="2" second="40" time="63" type="save made" type_id="10"/>
	<message comment="Nicolas Anelka has shot blocked (Out of box, Right footed, Open play)" minute="60" period="2" second="40" time="63" type="attempt blocked" type_id="15"/>
	<message comment="Kevin Nolan recieves a yellow card" minute="56" period="2" second="43" time="59" type="card received" type_id="17"/>
	<message comment="Mohamed Diamé misses attempt (To the left, Out of box, Left footed, Open play)" minute="55" period="2" second="56" time="58" type="attempt missed" type_id="13"/>
	<message comment="Joe Cole misses attempt (Out of box, Right footed, Free kick)" minute="54" period="2" second="19" time="57" type="attempt missed" type_id="13"/>
	<message comment="Saido Berahino misses attempt (18-yard box, Left footed, Open play)" minute="51" period="2" second="57" time="54" type="attempt missed" type_id="13"/>
	<message comment="Mark Noble misses attempt (To the left, Out of box, Right footed, Open play)" minute="50" period="2" second="59" time="53" type="attempt missed" type_id="13"/>
	<message comment="Razvan Rat has attempt saved (Low to the left, Out of box, Left footed, From corner)" minute="50" period="2" second="32" time="53" type="attempt blocked" type_id="15"/>
	<message comment="Ben Foster makes a save" minute="50" period="2" second="32" time="53" type="save made" type_id="10"/>
	<message comment="Guy Demel wins a corner (To the right)" minute="50" period="2" second="16" time="53" type="corner" type_id="6"/>
	<message comment="Mark Noble misses attempt (To the right, Out of box, Left footed, Set piece)" minute="48" period="2" second="14" time="51" type="attempt missed" type_id="13"/>
	<message comment="Youssouf Mulumbu recieves a yellow card" minute="47" period="2" second="36" time="50" type="card received" type_id="17"/>
	<message comment="Jussi Jääskeläinen makes a save (Diving, Collected)" minute="46" period="2" second="56" time="49" type="save made" type_id="10"/>
	<message comment="Nicolas Anelka has attempt saved (Low to the right, 18-yard box, Right footed, Open play)" minute="46" period="2" second="56" time="49" type="attempt blocked" type_id="15"/>
	<message comment="George McCartney blocks a shot" minute="46" period="2" second="36" time="49" type="save made" type_id="10"/>
	<message comment="James Morrison has shot blocked (Out of box, Right footed, Open play)" minute="46" period="2" second="36" time="49" type="attempt blocked" type_id="15"/>
	<message comment="Carlton Cole is substituted off" minute="45" period="2" second="0" time="48" type="substitution off" type_id="18"/>
	<message comment="Modibo Maiga is substituted on" minute="45" period="2" second="0" time="48" type="substitution on" type_id="19"/>
	<message comment="Second half begins!" minute="45" period="2" second="0" time="48" type="start" type_id="32"/>
	<message comment="First half ends" minute="47" period="1" second="22" time="47" type="end" type_id="30"/>
	<message comment="GOAL! Nicolas Anelka scores  (Low to the centre, 6-yard box, Big Chance, Right footed, From corner)" minute="45" period="1" second="17" time="45" type="goal scored" type_id="16"/>
	<message comment="Carlton Cole blocks a shot (Last line)" minute="45" period="1" second="15" time="45" type="save made" type_id="10"/>
	<message comment="Jonas Olsson has shot blocked (18-yard box, Head, From corner)" minute="45" period="1" second="15" time="45" type="attempt blocked" type_id="15"/>
	<message comment="James Morrison wins a corner (To the left)" minute="44" period="1" second="46" time="44" type="corner" type_id="6"/>
	<message comment="Matthew Jarvis wins a corner (To the left)" minute="43" period="1" second="57" time="43" type="corner" type_id="6"/>
	<message comment="Carlton Cole recieves a yellow card" minute="42" period="1" second="58" time="42" type="card received" type_id="17"/>
	<message comment="Razvan Rat blocks a shot" minute="41" period="1" second="32" time="41" type="save made" type_id="10"/>
	<message comment="Saido Berahino has shot blocked (18-yard box, Right footed, Open play)" minute="41" period="1" second="32" time="41" type="attempt blocked" type_id="15"/>
	<message comment="GOAL! Nicolas Anelka scores , Assisted by Chris Brunt (Low to the left, 18-yard box, Big Chance, Right footed, Open play)" minute="39" period="1" second="18" time="39" type="goal scored" type_id="16"/>
	<message comment="Carlton Cole is caught offside" minute="35" period="1" time="35" type="offside" type_id="10000"/>
	<message comment="Mark Noble misses attempt (Out of box, Right footed, Free kick)" minute="34" period="1" second="19" time="34" type="attempt missed" type_id="13"/>
	<message comment="Mohamed Diamé wins a corner (To the left)" minute="31" period="1" second="10" time="31" type="corner" type_id="6"/>
	<message comment="Guy Demel hits the woodwork (To the right, 6-yard box, Right footed, Open play)" minute="30" period="1" second="11" time="30" type="woodwork hit" type_id="14"/>
	<message comment="Kevin Nolan blocks a shot" minute="29" period="1" second="16" time="29" type="save made" type_id="10"/>
	<message comment="Nicolas Anelka has shot blocked (Out of box, Left footed, Open play)" minute="29" period="1" second="16" time="29" type="attempt blocked" type_id="15"/>
	<message comment="Matthew Jarvis is caught offside" minute="25" period="1" time="25" type="offside" type_id="10000"/>
	<message comment="Carlton Cole misses attempt (High, 6-yard box, Head, From corner)" minute="23" period="1" second="47" time="23" type="attempt missed" type_id="13"/>
	<message comment="Mark Noble wins a corner (To the left)" minute="23" period="1" second="22" time="23" type="corner" type_id="6"/>
	<message comment="Mark Noble blocks a shot" minute="21" period="1" second="46" time="21" type="save made" type_id="10"/>
	<message comment="Jonas Olsson has shot blocked (Out of box, Left footed, Open play)" minute="21" period="1" second="46" time="21" type="attempt blocked" type_id="15"/>
	<message comment="Carlton Cole is caught offside" minute="21" period="1" time="21" type="offside" type_id="10000"/>
	<message comment="Guy Demel has attempt saved (High to the right, 18-yard box, Head, From corner)" minute="16" period="1" second="14" time="16" type="attempt blocked" type_id="15"/>
	<message comment="Ben Foster makes a save (Standing)" minute="16" period="1" second="14" time="16" type="save made" type_id="10"/>
	<message comment="Matthew Jarvis wins a corner (To the left)" minute="15" period="1" second="47" time="15" type="corner" type_id="6"/>
	<message comment="Matthew Jarvis blocks a shot" minute="12" period="1" second="22" time="12" type="save made" type_id="10"/>
	<message comment="James Morrison has shot blocked (Out of box, Right footed, From corner)" minute="12" period="1" second="22" time="12" type="attempt blocked" type_id="15"/>
	<message comment="Chris Brunt wins a corner (To the left)" minute="11" period="1" second="50" time="11" type="corner" type_id="6"/>
	<message comment="Saido Berahino wins a corner (To the left)" minute="11" period="1" second="10" time="11" type="corner" type_id="6"/>
	<message comment="Joey O'Brien blocks a shot" minute="11" period="1" second="8" time="11" type="save made" type_id="10"/>
	<message comment="Saido Berahino has shot blocked (18-yard box, Left footed, Open play)" minute="11" period="1" second="8" time="11" type="attempt blocked" type_id="15"/>
	<message comment="Kevin Nolan has shot blocked (Out of box, Right footed, Open play)" minute="10" period="1" second="47" time="10" type="attempt blocked" type_id="15"/>
	<message comment="Liam Ridgewell blocks a shot" minute="10" period="1" second="47" time="10" type="save made" type_id="10"/>
	<message comment="Carlton Cole misses attempt (To the right, Out of box, Left footed, Open play)" minute="10" period="1" second="45" time="10" type="attempt missed" type_id="13"/>
	<message comment="James Tomkins is substituted off" minute="9" period="1" second="59" time="9" type="substitution off" type_id="18"/>
	<message comment="Guy Demel is substituted on" minute="9" period="1" second="59" time="9" type="substitution on" type_id="19"/>
	<message comment="Billy Jones wins a corner (To the right)" minute="9" period="1" second="52" time="9" type="corner" type_id="6"/>
	<message comment="Formation Set" minute="0" period="14" second="0" time="7" type="end" type_id="30"/>
	<message comment="GOAL! Joe Cole scores , Assisted by Kevin Nolan (Low to the right, 18-yard box, Right footed, Open play)" minute="3" period="1" second="38" time="3" type="goal scored" type_id="16"/>
	<message comment="Chris Brunt misses attempt (18-yard box, Left footed, Open play)" minute="3" period="1" second="3" time="3" type="attempt missed" type_id="13"/>
	<message comment="Liam Ridgewell is caught offside" minute="2" period="1" time="2" type="offside" type_id="10000"/>
	<message comment="First half begins!" minute="0" period="1" second="0" time="0" type="start" type_id="32"/>
</Commentary>
