<?xml version="1.0" ?>
<Commentary away_team_name="West Ham" competition="English Premier League" game_date="2010-11-27" home_team_name="Wigan" lang_id="en" season="Season 2010/2011" season_id="2010" sport_id="1" sport_name="Football">
	<message comment="Second half ends" minute="94" period="2" second="57" time="96" type="end" type_id="30"/>
	<message comment="Mohamed Diamé has shot blocked (18-yard box, Left footed, From corner)" minute="94" period="2" second="23" time="96" type="attempt blocked" type_id="15"/>
	<message comment="Steve Gohouri is caught offside" minute="94" period="2" time="96" type="offside" type_id="10000"/>
	<message comment="Victor Moses wins a corner (To the left)" minute="94" period="2" second="0" time="96" type="corner" type_id="6"/>
	<message comment="Pablo Barrera wins a corner (To the right)" minute="90" period="2" second="3" time="92" type="corner" type_id="6"/>
	<message comment="Carlton Cole wins a corner (To the right)" minute="89" period="2" second="11" time="91" type="corner" type_id="6"/>
	<message comment="Carlton Cole has shot blocked (Out of box, Right footed, Open play)" minute="89" period="2" second="10" time="91" type="attempt blocked" type_id="15"/>
	<message comment="Steven Caldwell blocks a shot" minute="89" period="2" second="10" time="91" type="save made" type_id="10"/>
	<message comment="Robert Green makes a save (From shot off target, Diving)" minute="87" period="2" second="13" time="89" type="save made" type_id="10"/>
	<message comment="Mohamed Diamé misses attempt (18-yard box, Head, Open play)" minute="87" period="2" second="11" time="89" type="attempt missed" type_id="13"/>
	<message comment="GOAL! Tom Cleverley scores , Assisted by Charles N'Zogbia (High to the left, 18-yard box, Right footed, Open play)" minute="85" period="2" second="12" time="87" type="goal scored" type_id="16"/>
	<message comment="Scott Parker is substituted off" minute="83" period="2" second="1" time="85" type="substitution off" type_id="18"/>
	<message comment="Radoslav Kovac is substituted on" minute="83" period="2" second="1" time="85" type="substitution on" type_id="19"/>
	<message comment="Carlton Cole misses attempt (To the right, 18-yard box, Left footed, Open play)" minute="80" period="2" second="7" time="82" type="attempt missed" type_id="13"/>
	<message comment="Frédéric Piquionne is substituted off" minute="76" period="2" second="39" time="78" type="substitution off" type_id="18"/>
	<message comment="Carlton Cole is substituted on" minute="76" period="2" second="39" time="78" type="substitution on" type_id="19"/>
	<message comment="GOAL! Scott Parker scores , Assisted by Victor Obinna (Low to the left, 18-yard box, Right footed, Fast break)" minute="74" period="2" second="46" time="76" type="goal scored" type_id="16"/>
	<message comment="Pablo Barrera has shot blocked (Out of box, Left footed, Open play)" minute="73" period="2" second="44" time="75" type="attempt blocked" type_id="15"/>
	<message comment="Maynor Figueroa blocks a shot" minute="73" period="2" second="44" time="75" type="save made" type_id="10"/>
	<message comment="Matt Upson blocks a shot" minute="73" period="2" second="19" time="75" type="save made" type_id="10"/>
	<message comment="Tom Cleverley has shot blocked (Out of box, Right footed, Open play)" minute="73" period="2" second="19" time="75" type="attempt blocked" type_id="15"/>
	<message comment="Winston Reid blocks a shot" minute="71" period="2" second="25" time="73" type="save made" type_id="10"/>
	<message comment="Charles N'Zogbia has shot blocked (Out of box, Left footed, Free kick)" minute="71" period="2" second="25" time="73" type="attempt blocked" type_id="15"/>
	<message comment="Robert Green makes a save (Diving)" minute="68" period="2" second="58" time="70" type="save made" type_id="10"/>
	<message comment="Victor Moses has attempt saved (Low to the centre, Out of box, Left footed, Open play)" minute="68" period="2" second="58" time="70" type="attempt blocked" type_id="15"/>
	<message comment="Hendry Thomas is substituted off" minute="67" period="2" second="58" time="69" type="substitution off" type_id="18"/>
	<message comment="Ben Watson is substituted on" minute="67" period="2" second="58" time="69" type="substitution on" type_id="19"/>
	<message comment="Robert Green makes a save (Diving, Feet, Parried safe, Penalty)" minute="63" period="2" second="24" time="65" type="save made" type_id="10"/>
	<message comment="Mauro Boselli has attempt saved (Low to the right, 18-yard box, Penalty, Big Chance, Right footed)" minute="63" period="2" second="24" time="65" type="attempt blocked" type_id="15"/>
	<message comment="Jordi Gómez is substituted off" minute="61" period="2" second="20" time="63" type="substitution off" type_id="18"/>
	<message comment="Victor Moses is substituted on" minute="61" period="2" second="20" time="63" type="substitution on" type_id="19"/>
	<message comment="Franco Di Santo is substituted off" minute="60" period="2" second="54" time="62" type="substitution off" type_id="18"/>
	<message comment="Mauro Boselli is substituted on" minute="60" period="2" second="54" time="62" type="substitution on" type_id="19"/>
	<message comment="GOAL! Victor Obinna scores , Assisted by Frédéric Piquionne (Low to the right, 18-yard box, Left footed, Open play)" minute="55" period="2" second="33" time="57" type="goal scored" type_id="16"/>
	<message comment="Victor Obinna misses attempt (Out of box, Left footed, Throw-in)" minute="54" period="2" second="47" time="56" type="attempt missed" type_id="13"/>
	<message comment="Pablo Barrera misses attempt (To the left, 18-yard box, Right footed, Open play)" minute="51" period="2" second="30" time="53" type="attempt missed" type_id="13"/>
	<message comment="Lars Jacobsen is substituted off" minute="50" period="2" second="16" time="52" type="substitution off" type_id="18"/>
	<message comment="Winston Reid is substituted on" minute="50" period="2" second="16" time="52" type="substitution on" type_id="19"/>
	<message comment="Frédéric Piquionne misses attempt (To the right, 18-yard box, Big Chance, Left footed, Open play)" minute="48" period="2" second="49" time="50" type="attempt missed" type_id="13"/>
	<message comment="Frédéric Piquionne wins a corner (To the right)" minute="48" period="2" second="0" time="50" type="corner" type_id="6"/>
	<message comment="James Tomkins blocks a shot" minute="46" period="2" second="16" time="48" type="save made" type_id="10"/>
	<message comment="Mohamed Diamé has shot blocked (18-yard box, Left footed, Open play)" minute="46" period="2" second="16" time="48" type="attempt blocked" type_id="15"/>
	<message comment="Second half begins!" minute="45" period="2" second="0" time="47" type="start" type_id="32"/>
	<message comment="First half ends" minute="46" period="1" second="2" time="46" type="end" type_id="30"/>
	<message comment="Matt Upson misses attempt (To the left, 18-yard box, Big Chance, Left footed, Set piece)" minute="38" period="1" second="33" time="38" type="attempt missed" type_id="13"/>
	<message comment="Pablo Barrera has shot blocked (18-yard box, Right footed, From corner)" minute="37" period="1" second="39" time="37" type="attempt blocked" type_id="15"/>
	<message comment="Franco Di Santo blocks a shot" minute="37" period="1" second="39" time="37" type="save made" type_id="10"/>
	<message comment="Frédéric Piquionne has attempt saved (High to the right, 6-yard box, Big Chance, Head, From corner)" minute="37" period="1" second="34" time="37" type="attempt blocked" type_id="15"/>
	<message comment="Ali Al Habsi makes a save (Diving, Parried safe)" minute="37" period="1" second="34" time="37" type="save made" type_id="10"/>
	<message comment="Junior Stanislas wins a corner (To the left)" minute="37" period="1" second="3" time="37" type="corner" type_id="6"/>
	<message comment="Junior Stanislas has attempt saved (High to the left, Out of box, Right footed, Open play)" minute="37" period="1" second="0" time="37" type="attempt blocked" type_id="15"/>
	<message comment="Ali Al Habsi makes a save (Parried safe)" minute="37" period="1" second="0" time="37" type="save made" type_id="10"/>
	<message comment="Junior Stanislas has shot blocked (Out of box, Right footed, Open play)" minute="35" period="1" second="22" time="35" type="attempt blocked" type_id="15"/>
	<message comment="Hendry Thomas blocks a shot" minute="35" period="1" second="22" time="35" type="save made" type_id="10"/>
	<message comment="Franco Di Santo is caught offside" minute="34" period="1" time="34" type="offside" type_id="10000"/>
	<message comment="GOAL! Valon Behrami scores  (Low to the left, 6-yard box, Right footed, Open play)" minute="33" period="1" second="40" time="33" type="goal scored" type_id="16"/>
	<message comment="Frédéric Piquionne wins a corner (To the left)" minute="29" period="1" second="59" time="29" type="corner" type_id="6"/>
	<message comment="Frédéric Piquionne is caught offside" minute="28" period="1" time="28" type="offside" type_id="10000"/>
	<message comment="Lars Jacobsen wins a corner (To the right)" minute="27" period="1" second="7" time="27" type="corner" type_id="6"/>
	<message comment="Charles N'Zogbia wins a corner (To the right)" minute="25" period="1" second="23" time="25" type="corner" type_id="6"/>
	<message comment="Scott Parker blocks a shot" minute="25" period="1" second="22" time="25" type="save made" type_id="10"/>
	<message comment="Charles N'Zogbia has shot blocked (18-yard box, Left footed, Open play)" minute="25" period="1" second="22" time="25" type="attempt blocked" type_id="15"/>
	<message comment="Charles N'Zogbia wins a corner (To the right)" minute="17" period="1" second="46" time="17" type="corner" type_id="6"/>
	<message comment="Ronnie Stam blocks a shot" minute="13" period="1" second="15" time="13" type="save made" type_id="10"/>
	<message comment="Junior Stanislas has shot blocked (18-yard box, Right footed, From corner)" minute="13" period="1" second="15" time="13" type="attempt blocked" type_id="15"/>
	<message comment="Victor Obinna wins a corner (To the left)" minute="12" period="1" second="36" time="12" type="corner" type_id="6"/>
	<message comment="Robert Green makes a save (Diving)" minute="11" period="1" second="4" time="11" type="save made" type_id="10"/>
	<message comment="Tom Cleverley has attempt saved (Low to the centre, 18-yard box, Right footed, Open play)" minute="11" period="1" second="4" time="11" type="attempt blocked" type_id="15"/>
	<message comment="Mohamed Diamé has shot blocked (Out of box, Right footed, Open play)" minute="9" period="1" second="38" time="9" type="attempt blocked" type_id="15"/>
	<message comment="James Tomkins blocks a shot" minute="9" period="1" second="38" time="9" type="save made" type_id="10"/>
	<message comment="Frédéric Piquionne is caught offside" minute="9" period="1" time="9" type="offside" type_id="10000"/>
	<message comment="Pablo Barrera is caught offside" minute="7" period="1" time="7" type="offside" type_id="10000"/>
	<message comment="Formation Set" minute="0" period="14" second="0" time="6" type="end" type_id="30"/>
	<message comment="Scott Parker misses attempt (To the left, Out of box, Right footed, Open play)" minute="4" period="1" second="33" time="4" type="attempt missed" type_id="13"/>
	<message comment="Victor Obinna is caught offside" minute="2" period="1" time="2" type="offside" type_id="10000"/>
	<message comment="Frédéric Piquionne is caught offside" minute="0" period="1" time="0" type="offside" type_id="10000"/>
	<message comment="First half begins!" minute="0" period="1" second="0" time="0" type="start" type_id="32"/>
</Commentary>
