<?xml version="1.0" ?>
<Commentary away_team_name="West Ham" competition="English Premier League" game_date="2012-11-03" home_team_name="Manchester City" lang_id="en" season="Season 2012/2013" season_id="2012" sport_id="1" sport_name="Football">
	<message comment="Second half ends" minute="93" period="2" second="0" time="95" type="end" type_id="30"/>
	<message comment="Samir Nasri is substituted off" minute="89" period="2" second="12" time="91" type="substitution off" type_id="18"/>
	<message comment="Scott Sinclair is substituted on" minute="89" period="2" second="12" time="91" type="substitution on" type_id="19"/>
	<message comment="Yaya Touré misses attempt (High, Out of box, Right footed, From corner)" minute="88" period="2" second="41" time="90" type="attempt missed" type_id="13"/>
	<message comment="Yaya Touré wins a corner (To the right)" minute="87" period="2" second="59" time="89" type="corner" type_id="6"/>
	<message comment="Carlos Tevez is substituted off" minute="83" period="2" second="27" time="85" type="substitution off" type_id="18"/>
	<message comment="Javi García is substituted on" minute="83" period="2" second="27" time="85" type="substitution on" type_id="19"/>
	<message comment="James Collins is substituted off" minute="83" period="2" second="10" time="85" type="substitution off" type_id="18"/>
	<message comment="Jordan Spence is substituted on" minute="83" period="2" second="10" time="85" type="substitution on" type_id="19"/>
	<message comment="Jussi Jääskeläinen makes a save (Standing, Parried safe)" minute="82" period="2" second="44" time="84" type="save made" type_id="10"/>
	<message comment="Gareth Barry has attempt saved (Low to the right, 18-yard box, Head, Open play)" minute="82" period="2" second="44" time="84" type="attempt blocked" type_id="15"/>
	<message comment="George McCartney recieves a yellow card" minute="81" period="2" second="2" time="83" type="card received" type_id="17"/>
	<message comment="James Collins blocks a shot" minute="80" period="2" second="44" time="82" type="save made" type_id="10"/>
	<message comment="Sergio Agüero has shot blocked (Out of box, Right footed, Open play)" minute="80" period="2" second="44" time="82" type="attempt blocked" type_id="15"/>
	<message comment="Jussi Jääskeläinen makes a save (Parried safe, Diving)" minute="79" period="2" second="18" time="81" type="save made" type_id="10"/>
	<message comment="Sergio Agüero has attempt saved (Low to the right, 18-yard box, Right footed, Set piece)" minute="79" period="2" second="18" time="81" type="attempt blocked" type_id="15"/>
	<message comment="Andy Carroll is substituted off" minute="77" period="2" second="20" time="79" type="substitution off" type_id="18"/>
	<message comment="Carlton Cole is substituted on" minute="77" period="2" second="20" time="79" type="substitution on" type_id="19"/>
	<message comment="Andy Carroll misses attempt (High to the left, 18-yard box, Right footed, Open play)" minute="75" period="2" second="58" time="77" type="attempt missed" type_id="13"/>
	<message comment="James Collins blocks a shot" minute="75" period="2" second="1" time="77" type="save made" type_id="10"/>
	<message comment="Edin Dzeko has shot blocked (18-yard box, Left footed, Open play)" minute="75" period="2" second="1" time="77" type="attempt blocked" type_id="15"/>
	<message comment="Gaël Clichy misses attempt (To the right, Out of box, Left footed, Open play)" minute="74" period="2" second="59" time="76" type="attempt missed" type_id="13"/>
	<message comment="Gary O'Neil is substituted on" minute="71" period="2" second="17" time="73" type="substitution on" type_id="19"/>
	<message comment="Mohamed Diamé is substituted off" minute="71" period="2" second="17" time="73" type="substitution off" type_id="18"/>
	<message comment="Sergio Agüero is caught offside" minute="70" period="2" time="72" type="offside" type_id="10000"/>
	<message comment="Sergio Agüero is substituted on" minute="68" period="2" second="34" time="70" type="substitution on" type_id="19"/>
	<message comment="Mario Balotelli is substituted off" minute="68" period="2" second="34" time="70" type="substitution off" type_id="18"/>
	<message comment="Gareth Barry misses attempt (6-yard box, Big Chance, Left footed, Fast break)" minute="67" period="2" second="40" time="69" type="attempt missed" type_id="13"/>
	<message comment="Mark Noble wins a corner (To the left)" minute="66" period="2" second="45" time="68" type="corner" type_id="6"/>
	<message comment="George McCartney wins a corner (To the left)" minute="66" period="2" second="18" time="68" type="corner" type_id="6"/>
	<message comment="Edin Dzeko is caught offside" minute="65" period="2" time="67" type="offside" type_id="10000"/>
	<message comment="Carlos Tevez misses attempt (High to the left, 18-yard box, Left footed, Open play)" minute="64" period="2" second="35" time="66" type="attempt missed" type_id="13"/>
	<message comment="Edin Dzeko misses attempt (To the right, 18-yard box, Right footed, Open play)" minute="61" period="2" second="39" time="63" type="attempt missed" type_id="13"/>
	<message comment="Yossi Benayoun recieves a yellow card" minute="60" period="2" second="7" time="62" type="card received" type_id="17"/>
	<message comment="Andy Carroll wins a corner (To the right)" minute="59" period="2" second="12" time="61" type="corner" type_id="6"/>
	<message comment="Andy Carroll has shot blocked (18-yard box, Left footed, Open play)" minute="59" period="2" second="6" time="61" type="attempt blocked" type_id="15"/>
	<message comment="Gaël Clichy blocks a shot" minute="59" period="2" second="6" time="61" type="save made" type_id="10"/>
	<message comment="Kevin Nolan misses attempt (18-yard box, Head, Open play)" minute="57" period="2" second="36" time="59" type="attempt missed" type_id="13"/>
	<message comment="James Collins recieves a yellow card" minute="55" period="2" second="47" time="57" type="card received" type_id="17"/>
	<message comment="Edin Dzeko wins a corner (To the left)" minute="54" period="2" second="45" time="56" type="corner" type_id="6"/>
	<message comment="Kevin Nolan is caught offside" minute="54" period="2" time="56" type="offside" type_id="10000"/>
	<message comment="Edin Dzeko wins a corner (To the right)" minute="52" period="2" second="10" time="54" type="corner" type_id="6"/>
	<message comment="Edin Dzeko wins a corner (To the left)" minute="51" period="2" second="36" time="53" type="corner" type_id="6"/>
	<message comment="Gareth Barry wins a corner (To the right)" minute="50" period="2" second="41" time="52" type="corner" type_id="6"/>
	<message comment="Jussi Jääskeläinen makes a save (Collected)" minute="49" period="2" second="26" time="51" type="save made" type_id="10"/>
	<message comment="Carlos Tevez has attempt saved (Low to the right, 18-yard box, Left footed, Open play)" minute="49" period="2" second="26" time="51" type="attempt blocked" type_id="15"/>
	<message comment="Second half begins!" minute="45" period="2" second="0" time="47" type="start" type_id="32"/>
	<message comment="First half ends" minute="46" period="1" second="5" time="46" type="end" type_id="30"/>
	<message comment="Mario Balotelli misses attempt (18-yard box, Right footed, Open play)" minute="44" period="1" second="37" time="44" type="attempt missed" type_id="13"/>
	<message comment="Yaya Touré misses attempt (18-yard box, Right footed, From corner)" minute="43" period="1" second="19" time="43" type="attempt missed" type_id="13"/>
	<message comment="Mario Balotelli wins a corner (To the left)" minute="42" period="1" second="46" time="42" type="corner" type_id="6"/>
	<message comment="Mario Balotelli misses attempt (To the right, 18-yard box, Right footed, Open play)" minute="37" period="1" second="14" time="37" type="attempt missed" type_id="13"/>
	<message comment="Mario Balotelli misses attempt (High, 6-yard box, Big Chance, Right footed, Set piece)" minute="32" period="1" second="35" time="32" type="attempt missed" type_id="13"/>
	<message comment="Edin Dzeko misses attempt (To the right, 18-yard box, Right footed, From corner)" minute="31" period="1" second="30" time="31" type="attempt missed" type_id="13"/>
	<message comment="Mario Balotelli wins a corner (To the right)" minute="31" period="1" second="3" time="31" type="corner" type_id="6"/>
	<message comment="Yossi Benayoun blocks a shot" minute="30" period="1" second="55" time="30" type="save made" type_id="10"/>
	<message comment="Mario Balotelli has shot blocked (18-yard box, Right footed, Open play)" minute="30" period="1" second="55" time="30" type="attempt blocked" type_id="15"/>
	<message comment="Jussi Jääskeläinen makes a save (Diving)" minute="23" period="1" second="12" time="23" type="save made" type_id="10"/>
	<message comment="Edin Dzeko has attempt saved (High to the right, 18-yard box, Right footed, Open play)" minute="23" period="1" second="12" time="23" type="attempt blocked" type_id="15"/>
	<message comment="Andy Carroll misses attempt (Out of box, Left footed, Open play)" minute="21" period="1" second="17" time="21" type="attempt missed" type_id="13"/>
	<message comment="Yaya Touré misses attempt (High to the right, Out of box, Right footed, Open play)" minute="20" period="1" second="5" time="20" type="attempt missed" type_id="13"/>
	<message comment="Carlos Tevez misses attempt (High, Out of box, Right footed, Free kick)" minute="18" period="1" second="35" time="18" type="attempt missed" type_id="13"/>
	<message comment="Yossi Benayoun hits the woodwork (High, 18-yard box, Right footed, Open play)" minute="17" period="1" second="6" time="17" type="woodwork hit" type_id="14"/>
	<message comment="Mohamed Diamé misses attempt (Out of box, Right footed, Open play)" minute="12" period="1" second="11" time="12" type="attempt missed" type_id="13"/>
	<message comment="Yossi Benayoun blocks a shot" minute="10" period="1" second="53" time="10" type="save made" type_id="10"/>
	<message comment="Mario Balotelli has shot blocked (Out of box, Right footed, Free kick)" minute="10" period="1" second="53" time="10" type="attempt blocked" type_id="15"/>
	<message comment="Samir Nasri has attempt saved (Low to the left, Out of box, Right footed, Open play)" minute="8" period="1" second="52" time="8" type="attempt blocked" type_id="15"/>
	<message comment="Jussi Jääskeläinen makes a save (Diving, Parried into danger)" minute="8" period="1" second="52" time="8" type="save made" type_id="10"/>
	<message comment="Edin Dzeko is caught offside" minute="8" period="1" time="8" type="offside" type_id="10000"/>
	<message comment="Edin Dzeko has shot blocked (Out of box, Left footed, Open play)" minute="7" period="1" second="13" time="7" type="attempt blocked" type_id="15"/>
	<message comment="Mark Noble blocks a shot" minute="7" period="1" second="13" time="7" type="save made" type_id="10"/>
	<message comment="Formation Set" minute="0" period="14" second="0" time="5" type="end" type_id="30"/>
	<message comment="Kevin Nolan is caught offside" minute="3" period="1" time="3" type="offside" type_id="10000"/>
	<message comment="First half begins!" minute="0" period="1" second="0" time="0" type="start" type_id="32"/>
</Commentary>
