<?xml version="1.0" ?>
<Commentary away_team_name="West Bromwich Albion" competition="English Premier League" game_date="2012-04-28" home_team_name="Aston Villa" lang_id="en" season="Season 2011/2012" season_id="2011" sport_id="1" sport_name="Football">
	<message comment="Second half ends" minute="94" period="2" second="13" time="96" type="end" type_id="30"/>
	<message comment="Billy Jones misses attempt (18-yard box, Right footed, Open play)" minute="93" period="2" second="31" time="95" type="attempt missed" type_id="13"/>
	<message comment="Gary Gardner blocks a shot" minute="93" period="2" second="29" time="95" type="save made" type_id="10"/>
	<message comment="Marc-Antoine Fortuné has shot blocked (18-yard box, Right footed, Open play)" minute="93" period="2" second="29" time="95" type="attempt blocked" type_id="15"/>
	<message comment="Carlos Cuellar blocks a shot" minute="93" period="2" second="18" time="95" type="save made" type_id="10"/>
	<message comment="Marc-Antoine Fortuné has shot blocked (Out of box, Right footed, Open play)" minute="93" period="2" second="18" time="95" type="attempt blocked" type_id="15"/>
	<message comment="Graham Dorrans misses attempt (High, 18-yard box, Right footed, From corner)" minute="91" period="2" second="49" time="93" type="attempt missed" type_id="13"/>
	<message comment="Peter Odemwingie wins a corner (To the right)" minute="91" period="2" second="24" time="93" type="corner" type_id="6"/>
	<message comment="Shay Given makes a save (Diving)" minute="91" period="2" second="22" time="93" type="save made" type_id="10"/>
	<message comment="Peter Odemwingie has attempt saved (Low to the centre, 6-yard box, Big Chance, Right footed, Open play)" minute="91" period="2" second="22" time="93" type="attempt blocked" type_id="15"/>
	<message comment="Samir Carruthers wins a corner (To the right)" minute="90" period="2" second="38" time="92" type="corner" type_id="6"/>
	<message comment="Ciaran Clark is substituted off" minute="90" period="2" second="0" time="92" type="substitution off" type_id="18"/>
	<message comment="Samir Carruthers is substituted on" minute="90" period="2" second="0" time="92" type="substitution on" type_id="19"/>
	<message comment="Peter Odemwingie misses attempt (High to the left, Out of box, Left footed, Open play)" minute="88" period="2" second="19" time="90" type="attempt missed" type_id="13"/>
	<message comment="Ciaran Clark has shot blocked (18-yard box, Big Chance, Left footed, Open play)" minute="87" period="2" second="55" time="89" type="attempt blocked" type_id="15"/>
	<message comment="Jonas Olsson blocks a shot" minute="87" period="2" second="55" time="89" type="save made" type_id="10"/>
	<message comment="Gabriel Agbonlahor misses attempt (To the left, 18-yard box, Right footed, Open play)" minute="87" period="2" second="51" time="89" type="attempt missed" type_id="13"/>
	<message comment="Chris Herd has shot blocked (18-yard box, Head, Open play)" minute="84" period="2" second="38" time="86" type="attempt blocked" type_id="15"/>
	<message comment="Liam Ridgewell blocks a shot" minute="84" period="2" second="38" time="86" type="save made" type_id="10"/>
	<message comment="Youssouf Mulumbu is substituted off" minute="79" period="2" second="17" time="81" type="substitution off" type_id="18"/>
	<message comment="Keith Andrews is substituted on" minute="79" period="2" second="17" time="81" type="substitution on" type_id="19"/>
	<message comment="Gary Gardner has shot blocked (Out of box, Right footed, Throw-in)" minute="74" period="2" second="57" time="76" type="attempt blocked" type_id="15"/>
	<message comment="Chris Brunt blocks a shot" minute="74" period="2" second="57" time="76" type="save made" type_id="10"/>
	<message comment="Carlos Cuellar wins a corner (To the left)" minute="73" period="2" second="54" time="75" type="corner" type_id="6"/>
	<message comment="Charles N'Zogbia is substituted off" minute="73" period="2" second="28" time="75" type="substitution off" type_id="18"/>
	<message comment="Gary Gardner is substituted on" minute="73" period="2" second="28" time="75" type="substitution on" type_id="19"/>
	<message comment="Jonas Olsson misses attempt (18-yard box, Head, From corner)" minute="72" period="2" second="47" time="74" type="attempt missed" type_id="13"/>
	<message comment="Marc-Antoine Fortuné wins a corner (To the right)" minute="72" period="2" second="2" time="74" type="corner" type_id="6"/>
	<message comment="Shane Long is substituted off" minute="69" period="2" second="26" time="71" type="substitution off" type_id="18"/>
	<message comment="Marc-Antoine Fortuné is substituted on" minute="69" period="2" second="26" time="71" type="substitution on" type_id="19"/>
	<message comment="Eric Lichaj blocks a shot" minute="68" period="2" second="12" time="70" type="save made" type_id="10"/>
	<message comment="Youssouf Mulumbu has shot blocked (18-yard box, Right footed, Open play)" minute="68" period="2" second="12" time="70" type="attempt blocked" type_id="15"/>
	<message comment="Carlos Cuellar blocks a shot (Last line)" minute="68" period="2" second="9" time="70" type="save made" type_id="10"/>
	<message comment="Peter Odemwingie has shot blocked (18-yard box, Right footed, Open play)" minute="68" period="2" second="9" time="70" type="attempt blocked" type_id="15"/>
	<message comment="Jerome Thomas has shot blocked (18-yard box, Key pass, Right footed, Open play)" minute="68" period="2" second="7" time="70" type="attempt blocked" type_id="15"/>
	<message comment="Emile Heskey misses attempt (18-yard box, Head, Open play)" minute="67" period="2" second="47" time="69" type="attempt missed" type_id="13"/>
	<message comment="Chris Brunt wins a corner (To the right)" minute="63" period="2" second="7" time="65" type="corner" type_id="6"/>
	<message comment="Chris Brunt has shot blocked (6-yard box, Head, Open play)" minute="63" period="2" second="6" time="65" type="attempt blocked" type_id="15"/>
	<message comment="Carlos Cuellar blocks a shot" minute="63" period="2" second="6" time="65" type="save made" type_id="10"/>
	<message comment="Emile Heskey recieves a yellow card" minute="61" period="2" second="30" time="63" type="card received" type_id="17"/>
	<message comment="Ciaran Clark recieves a yellow card" minute="58" period="2" second="47" time="60" type="card received" type_id="17"/>
	<message comment="Charles N'Zogbia has attempt saved (Low to the centre, 18-yard box, Big Chance, Left footed, Open play)" minute="55" period="2" second="53" time="57" type="attempt blocked" type_id="15"/>
	<message comment="Ben Foster makes a save (Diving)" minute="55" period="2" second="53" time="57" type="save made" type_id="10"/>
	<message comment="Stephen Warnock is caught offside" minute="51" period="2" time="53" type="offside" type_id="10000"/>
	<message comment="Shane Long is caught offside" minute="50" period="2" time="52" type="offside" type_id="10000"/>
	<message comment="Gareth McAuley misses attempt (18-yard box, Head, From corner)" minute="48" period="2" second="48" time="50" type="attempt missed" type_id="13"/>
	<message comment="Liam Ridgewell wins a corner (To the right)" minute="48" period="2" second="19" time="50" type="corner" type_id="6"/>
	<message comment="Alan Hutton blocks a shot" minute="48" period="2" second="16" time="50" type="save made" type_id="10"/>
	<message comment="Liam Ridgewell has shot blocked (18-yard box, Big Chance, Head, From corner)" minute="48" period="2" second="16" time="50" type="attempt blocked" type_id="15"/>
	<message comment="Jerome Thomas wins a corner (To the left)" minute="47" period="2" second="54" time="49" type="corner" type_id="6"/>
	<message comment="Second half begins!" minute="45" period="2" second="0" time="47" type="start" type_id="32"/>
	<message comment="First half ends" minute="46" period="1" second="3" time="46" type="end" type_id="30"/>
	<message comment="Graham Dorrans wins a corner (To the right)" minute="42" period="1" second="35" time="42" type="corner" type_id="6"/>
	<message comment="Alan Hutton recieves a yellow card" minute="41" period="1" second="54" time="41" type="card received" type_id="17"/>
	<message comment="Shane Long is caught offside" minute="39" period="1" time="39" type="offside" type_id="10000"/>
	<message comment="Emile Heskey is caught offside" minute="38" period="1" time="38" type="offside" type_id="10000"/>
	<message comment="Shane Long wins a corner (To the right)" minute="38" period="1" second="0" time="38" type="corner" type_id="6"/>
	<message comment="Stephen Warnock recieves a yellow card" minute="36" period="1" second="41" time="36" type="card received" type_id="17"/>
	<message comment="Jerome Thomas has shot blocked (Out of box, Right footed, Open play)" minute="34" period="1" second="33" time="34" type="attempt blocked" type_id="15"/>
	<message comment="Alan Hutton blocks a shot" minute="34" period="1" second="33" time="34" type="save made" type_id="10"/>
	<message comment="Chris Brunt wins a corner (To the right)" minute="33" period="1" second="51" time="33" type="corner" type_id="6"/>
	<message comment="Gabriel Agbonlahor has attempt saved (Low to the centre, 18-yard box, Big Chance, Left footed, Fast break)" minute="32" period="1" second="42" time="32" type="attempt blocked" type_id="15"/>
	<message comment="Ben Foster makes a save (Feet, Parried safe)" minute="32" period="1" second="42" time="32" type="save made" type_id="10"/>
	<message comment="Emile Heskey misses attempt (To the right, 18-yard box, Head, Open play)" minute="30" period="1" second="50" time="30" type="attempt missed" type_id="13"/>
	<message comment="Ciaran Clark blocks a shot" minute="27" period="1" second="28" time="27" type="save made" type_id="10"/>
	<message comment="Peter Odemwingie has shot blocked (Out of box, Left footed, Open play)" minute="27" period="1" second="28" time="27" type="attempt blocked" type_id="15"/>
	<message comment="Peter Odemwingie misses attempt (Out of box, Left footed, Open play)" minute="26" period="1" second="12" time="26" type="attempt missed" type_id="13"/>
	<message comment="Chris Herd is caught offside" minute="26" period="1" time="26" type="offside" type_id="10000"/>
	<message comment="Chris Herd has attempt saved (High to the centre, 18-yard box, Big Chance, Right footed, Set piece)" minute="24" period="1" second="22" time="24" type="attempt blocked" type_id="15"/>
	<message comment="Ben Foster makes a save (Parried safe, Diving)" minute="24" period="1" second="22" time="24" type="save made" type_id="10"/>
	<message comment="Richard Dunne blocks a shot" minute="22" period="1" second="11" time="22" type="save made" type_id="10"/>
	<message comment="Jonas Olsson has shot blocked (18-yard box, Left footed, From corner)" minute="22" period="1" second="11" time="22" type="attempt blocked" type_id="15"/>
	<message comment="Chris Brunt wins a corner (To the right)" minute="21" period="1" second="48" time="21" type="corner" type_id="6"/>
	<message comment="Charles N'Zogbia misses attempt (18-yard box, Left footed, Fast break)" minute="16" period="1" second="10" time="16" type="attempt missed" type_id="13"/>
	<message comment="Emile Heskey is caught offside" minute="13" period="1" time="13" type="offside" type_id="10000"/>
	<message comment="Chris Brunt wins a corner (To the left)" minute="11" period="1" second="33" time="11" type="corner" type_id="6"/>
	<message comment="Carlos Cuellar blocks a shot" minute="11" period="1" second="31" time="11" type="save made" type_id="10"/>
	<message comment="Chris Brunt has shot blocked (Out of box, Left footed, Open play)" minute="11" period="1" second="31" time="11" type="attempt blocked" type_id="15"/>
	<message comment="Gabriel Agbonlahor is caught offside" minute="10" period="1" time="10" type="offside" type_id="10000"/>
	<message comment="Graham Dorrans has shot blocked (18-yard box, Right footed, Open play)" minute="8" period="1" second="37" time="8" type="attempt blocked" type_id="15"/>
	<message comment="Carlos Cuellar blocks a shot" minute="8" period="1" second="37" time="8" type="save made" type_id="10"/>
	<message comment="Peter Odemwingie has attempt saved (Low to the centre, 6-yard box, Big Chance, Right footed, Open play)" minute="8" period="1" second="24" time="8" type="attempt blocked" type_id="15"/>
	<message comment="Shay Given makes a save (Parried into danger, Feet)" minute="8" period="1" second="24" time="8" type="save made" type_id="10"/>
	<message comment="Peter Odemwingie is caught offside" minute="8" period="1" time="8" type="offside" type_id="10000"/>
	<message comment="Stephen Warnock has shot blocked (18-yard box, Left footed, Open play)" minute="6" period="1" second="51" time="6" type="attempt blocked" type_id="15"/>
	<message comment="Billy Jones blocks a shot" minute="6" period="1" second="51" time="6" type="save made" type_id="10"/>
	<message comment="Formation Set" minute="0" period="14" second="0" time="6" type="end" type_id="30"/>
	<message comment="Gabriel Agbonlahor misses attempt (High, 6-yard box, Head, From corner)" minute="4" period="1" second="50" time="4" type="attempt missed" type_id="13"/>
	<message comment="Emile Heskey wins a corner (To the left)" minute="4" period="1" second="27" time="4" type="corner" type_id="6"/>
	<message comment="First half begins!" minute="0" period="1" second="0" time="0" type="start" type_id="32"/>
</Commentary>
