<?xml version="1.0" ?>
<Commentary away_team_name="West Bromwich Albion" competition="English Premier League" game_date="2013-02-23" home_team_name="Sunderland" lang_id="en" season="Season 2012/2013" season_id="2012" sport_id="1" sport_name="Football">
	<message comment="Second half ends" minute="93" period="2" second="41" time="96" type="end" type_id="30"/>
	<message comment="James McClean misses attempt (High, 18-yard box, Big Chance, Left footed, Open play)" minute="92" period="2" second="46" time="95" type="attempt missed" type_id="13"/>
	<message comment="Ben Foster makes a save (Diving, Parried into danger)" minute="89" period="2" second="14" time="92" type="save made" type_id="10"/>
	<message comment="David Vaughan has attempt saved (Low to the right, Out of box, Left footed, Open play)" minute="89" period="2" second="14" time="92" type="attempt blocked" type_id="15"/>
	<message comment="Peter Odemwingie misses attempt (18-yard box, Left footed, Open play)" minute="87" period="2" second="28" time="90" type="attempt missed" type_id="13"/>
	<message comment="Romelu Lukaku is substituted off" minute="86" period="2" second="45" time="89" type="substitution off" type_id="18"/>
	<message comment="Peter Odemwingie is substituted on" minute="86" period="2" second="45" time="89" type="substitution on" type_id="19"/>
	<message comment="Simon Mignolet makes a save (Parried into danger, Diving)" minute="85" period="2" second="11" time="88" type="save made" type_id="10"/>
	<message comment="Chris Brunt has attempt saved (Low to the right, Out of box, Left footed, Open play)" minute="85" period="2" second="11" time="88" type="attempt blocked" type_id="15"/>
	<message comment="Marc-Antoine Fortuné is substituted on" minute="83" period="2" second="52" time="86" type="substitution on" type_id="19"/>
	<message comment="James Morrison is substituted off" minute="83" period="2" second="52" time="86" type="substitution off" type_id="18"/>
	<message comment="Stéphane Sessegnon misses attempt (High, Out of box, Right footed, Open play)" minute="82" period="2" second="4" time="85" type="attempt missed" type_id="13"/>
	<message comment="GOAL! Stéphane Sessegnon scores  (High to the right, 18-yard box, Right footed, Open play)" minute="78" period="2" second="56" time="81" type="goal scored" type_id="16"/>
	<message comment="James Morrison recieves a yellow card" minute="77" period="2" second="10" time="80" type="card received" type_id="17"/>
	<message comment="Stéphane Sessegnon has attempt saved (Low to the left, 18-yard box, Left footed, Open play)" minute="75" period="2" second="55" time="78" type="attempt blocked" type_id="15"/>
	<message comment="Ben Foster makes a save (Parried into danger, Diving)" minute="75" period="2" second="55" time="78" type="save made" type_id="10"/>
	<message comment="Romelu Lukaku recieves a yellow card" minute="75" period="2" second="26" time="78" type="card received" type_id="17"/>
	<message comment="Sebastian Larsson is substituted off" minute="75" period="2" second="19" time="78" type="substitution off" type_id="18"/>
	<message comment="David Vaughan is substituted on" minute="75" period="2" second="19" time="78" type="substitution on" type_id="19"/>
	<message comment="Adam Johnson is substituted off" minute="75" period="2" second="15" time="78" type="substitution off" type_id="18"/>
	<message comment="James McClean is substituted on" minute="75" period="2" second="15" time="78" type="substitution on" type_id="19"/>
	<message comment="GOAL! Romelu Lukaku scores  (Low to the left, 18-yard box, Other body part, Fast break)" minute="74" period="2" second="5" time="77" type="goal scored" type_id="16"/>
	<message comment="Romelu Lukaku wins a corner (To the right)" minute="69" period="2" second="6" time="72" type="corner" type_id="6"/>
	<message comment="Simon Mignolet makes a save (Parried safe, Standing)" minute="69" period="2" second="2" time="72" type="save made" type_id="10"/>
	<message comment="Romelu Lukaku has attempt saved (Low to the right, 18-yard box, Left footed, From corner)" minute="69" period="2" second="2" time="72" type="attempt blocked" type_id="15"/>
	<message comment="Chris Brunt wins a corner (To the left)" minute="68" period="2" second="36" time="71" type="corner" type_id="6"/>
	<message comment="James Morrison wins a corner (To the right)" minute="68" period="2" second="1" time="71" type="corner" type_id="6"/>
	<message comment="Titus Bramble blocks a shot" minute="68" period="2" second="0" time="71" type="save made" type_id="10"/>
	<message comment="James Morrison has shot blocked (18-yard box, Right footed, Open play)" minute="68" period="2" second="0" time="71" type="attempt blocked" type_id="15"/>
	<message comment="Simon Mignolet makes a save" minute="67" period="2" second="2" time="70" type="save made" type_id="10"/>
	<message comment="Youssouf Mulumbu has attempt saved (Low to the centre, Out of box, Right footed, Open play)" minute="67" period="2" second="2" time="70" type="attempt blocked" type_id="15"/>
	<message comment="Shane Long is substituted off" minute="65" period="2" second="17" time="68" type="substitution off" type_id="18"/>
	<message comment="Graham Dorrans is substituted on" minute="65" period="2" second="17" time="68" type="substitution on" type_id="19"/>
	<message comment="Romelu Lukaku misses attempt (To the right, 18-yard box, Left footed, Open play)" minute="63" period="2" second="34" time="66" type="attempt missed" type_id="13"/>
	<message comment="Romelu Lukaku wins a corner (To the left)" minute="62" period="2" second="28" time="65" type="corner" type_id="6"/>
	<message comment="Simon Mignolet makes a save (Diving, Parried safe)" minute="62" period="2" second="12" time="65" type="save made" type_id="10"/>
	<message comment="Romelu Lukaku has attempt saved (Low to the left, 18-yard box, Left footed, Open play)" minute="62" period="2" second="12" time="65" type="attempt blocked" type_id="15"/>
	<message comment="Jonas Olsson misses attempt (18-yard box, Head, Set piece)" minute="57" period="2" second="4" time="60" type="attempt missed" type_id="13"/>
	<message comment="Steven Fletcher has shot blocked (Out of box, Left footed, Open play)" minute="56" period="2" second="4" time="59" type="attempt blocked" type_id="15"/>
	<message comment="Gareth McAuley blocks a shot" minute="56" period="2" second="4" time="59" type="save made" type_id="10"/>
	<message comment="Danny Graham misses attempt (18-yard box, Big Chance, Right footed, Open play)" minute="54" period="2" second="35" time="57" type="attempt missed" type_id="13"/>
	<message comment="Shane Long wins a corner (To the right)" minute="51" period="2" second="24" time="54" type="corner" type_id="6"/>
	<message comment="Titus Bramble blocks a shot" minute="51" period="2" second="22" time="54" type="save made" type_id="10"/>
	<message comment="Shane Long has shot blocked (18-yard box, Right footed, Open play)" minute="51" period="2" second="22" time="54" type="attempt blocked" type_id="15"/>
	<message comment="Stéphane Sessegnon has shot blocked (6-yard box, Big Chance, Left footed, From corner)" minute="50" period="2" second="20" time="53" type="attempt blocked" type_id="15"/>
	<message comment="Youssouf Mulumbu blocks a shot (Last line)" minute="50" period="2" second="20" time="53" type="save made" type_id="10"/>
	<message comment="Sebastian Larsson wins a corner (To the left)" minute="50" period="2" second="2" time="53" type="corner" type_id="6"/>
	<message comment="James Morrison misses attempt (High to the right, Out of box, Right footed, Open play)" minute="48" period="2" second="23" time="51" type="attempt missed" type_id="13"/>
	<message comment="Craig Gardner wins a corner (To the right)" minute="45" period="2" second="32" time="48" type="corner" type_id="6"/>
	<message comment="Second half begins!" minute="45" period="2" second="0" time="48" type="start" type_id="32"/>
	<message comment="First half ends" minute="47" period="1" second="0" time="47" type="end" type_id="30"/>
	<message comment="Adam Johnson wins a corner (To the left)" minute="45" period="1" second="41" time="45" type="corner" type_id="6"/>
	<message comment="Adam Johnson has shot blocked (18-yard box, Left footed, Open play)" minute="45" period="1" second="40" time="45" type="attempt blocked" type_id="15"/>
	<message comment="Gareth McAuley blocks a shot" minute="45" period="1" second="40" time="45" type="save made" type_id="10"/>
	<message comment="Shane Long misses attempt (High, 18-yard box, Head, Open play)" minute="44" period="1" second="8" time="44" type="attempt missed" type_id="13"/>
	<message comment="Adam Johnson has shot blocked (18-yard box, Right footed, Open play)" minute="42" period="1" second="44" time="42" type="attempt blocked" type_id="15"/>
	<message comment="Steven Reid blocks a shot" minute="42" period="1" second="44" time="42" type="save made" type_id="10"/>
	<message comment="Titus Bramble is caught offside" minute="40" period="1" time="40" type="offside" type_id="10000"/>
	<message comment="Titus Bramble recieves a yellow card" minute="39" period="1" second="47" time="39" type="card received" type_id="17"/>
	<message comment="John O'Shea blocks a shot" minute="38" period="1" second="45" time="38" type="save made" type_id="10"/>
	<message comment="James Morrison has shot blocked (Out of box, Right footed, Open play)" minute="38" period="1" second="45" time="38" type="attempt blocked" type_id="15"/>
	<message comment="Shane Long misses attempt (To the left, 18-yard box, Head, Set piece)" minute="35" period="1" second="52" time="35" type="attempt missed" type_id="13"/>
	<message comment="GOAL! Romelu Lukaku scores  (Low to the left, 18-yard box, Penalty, Big Chance, Left footed)" minute="34" period="1" second="9" time="34" type="goal scored" type_id="16"/>
	<message comment="Sebastian Larsson blocks a shot" minute="30" period="1" second="53" time="30" type="save made" type_id="10"/>
	<message comment="Steven Reid has shot blocked (Out of box, Right footed, Free kick)" minute="30" period="1" second="53" time="30" type="attempt blocked" type_id="15"/>
	<message comment="Youssouf Mulumbu misses attempt (18-yard box, Big Chance, Head, Open play)" minute="27" period="1" second="29" time="27" type="attempt missed" type_id="13"/>
	<message comment="Steven Fletcher misses attempt (High, 18-yard box, Left footed, Open play)" minute="23" period="1" second="23" time="23" type="attempt missed" type_id="13"/>
	<message comment="Ben Foster makes a save (Parried into danger, Other body part)" minute="23" period="1" second="19" time="23" type="save made" type_id="10"/>
	<message comment="Danny Graham has attempt saved (Low to the centre, 18-yard box, Big Chance, Right footed, Open play)" minute="23" period="1" second="19" time="23" type="attempt blocked" type_id="15"/>
	<message comment="Steven Fletcher hits the woodwork (To the left, Out of box, Left footed, Open play)" minute="23" period="1" second="14" time="23" type="woodwork hit" type_id="14"/>
	<message comment="Romelu Lukaku misses attempt (To the right, 18-yard box, Head, Open play)" minute="22" period="1" second="11" time="22" type="attempt missed" type_id="13"/>
	<message comment="Danny Graham is caught offside" minute="18" period="1" time="18" type="offside" type_id="10000"/>
	<message comment="Alfred N'Diaye wins a corner (To the right)" minute="7" period="1" second="55" time="7" type="corner" type_id="6"/>
	<message comment="Chris Brunt misses attempt (High to the left, Out of box, Left footed, Fast break)" minute="6" period="1" second="48" time="6" type="attempt missed" type_id="13"/>
	<message comment="Stéphane Sessegnon wins a corner (To the right)" minute="6" period="1" second="13" time="6" type="corner" type_id="6"/>
	<message comment="Formation Set" minute="0" period="14" second="0" time="6" type="end" type_id="30"/>
	<message comment="Danny Graham is caught offside" minute="4" period="1" time="4" type="offside" type_id="10000"/>
	<message comment="First half begins!" minute="0" period="1" second="0" time="0" type="start" type_id="32"/>
</Commentary>
