<?xml version="1.0" ?>
<Commentary away_team_name="West Ham" competition="English Premier League" game_date="2010-09-11" home_team_name="Chelsea" lang_id="en" season="Season 2010/2011" season_id="2010" sport_id="1" sport_name="Football">
	<message comment="Second half ends" minute="93" period="2" second="26" time="96" type="end" type_id="30"/>
	<message comment="Didier Drogba misses attempt (High, 18-yard box, Right footed, Open play)" minute="93" period="2" second="15" time="96" type="attempt missed" type_id="13"/>
	<message comment="Mark Noble recieves a yellow card" minute="91" period="2" second="21" time="94" type="card received" type_id="17"/>
	<message comment="Frédéric Piquionne hits the woodwork (High, 6-yard box, Big Chance, Head, Open play)" minute="88" period="2" second="49" time="91" type="woodwork hit" type_id="14"/>
	<message comment="Mark Noble has shot blocked (Out of box, Right footed, Throw-in)" minute="88" period="2" second="31" time="91" type="attempt blocked" type_id="15"/>
	<message comment="Alex blocks a shot" minute="88" period="2" second="31" time="91" type="save made" type_id="10"/>
	<message comment="Gaël Kakuta misses attempt (18-yard box, Left footed, Open play)" minute="87" period="2" second="26" time="90" type="attempt missed" type_id="13"/>
	<message comment="Mark Noble has shot blocked (Out of box, Right footed, Open play)" minute="87" period="2" second="12" time="90" type="attempt blocked" type_id="15"/>
	<message comment="John Obi Mikel blocks a shot" minute="87" period="2" second="12" time="90" type="save made" type_id="10"/>
	<message comment="GOAL! Scott Parker scores  (High to the right, Out of box, Right footed, From corner)" minute="84" period="2" second="12" time="87" type="goal scored" type_id="16"/>
	<message comment="Frédéric Piquionne wins a corner (To the right)" minute="83" period="2" second="46" time="86" type="corner" type_id="6"/>
	<message comment="Salomon Kalou is substituted off" minute="83" period="2" second="0" time="86" type="substitution off" type_id="18"/>
	<message comment="Florent Malouda is substituted on" minute="83" period="2" second="0" time="86" type="substitution on" type_id="19"/>
	<message comment="GOAL! Michael Essien scores , Assisted by Paulo Ferreira (High to the left, 6-yard box, Big Chance, Head, Open play)" minute="82" period="2" second="37" time="85" type="goal scored" type_id="16"/>
	<message comment="John Terry is substituted off" minute="81" period="2" second="56" time="84" type="substitution off" type_id="18"/>
	<message comment="Alex is substituted on" minute="81" period="2" second="56" time="84" type="substitution on" type_id="19"/>
	<message comment="Carlton Cole is caught offside" minute="81" period="2" time="84" type="offside" type_id="10000"/>
	<message comment="Tal Ben Haim blocks a shot" minute="81" period="2" second="0" time="84" type="save made" type_id="10"/>
	<message comment="Didier Drogba has shot blocked (18-yard box, Big Chance, Right footed, Open play)" minute="81" period="2" second="0" time="84" type="attempt blocked" type_id="15"/>
	<message comment="Robert Green makes a save" minute="77" period="2" second="21" time="80" type="save made" type_id="10"/>
	<message comment="Michael Essien has attempt saved (Low to the right, Out of box, Right footed, Open play)" minute="77" period="2" second="21" time="80" type="attempt blocked" type_id="15"/>
	<message comment="Kieron Dyer is caught offside" minute="76" period="2" time="79" type="offside" type_id="10000"/>
	<message comment="Nicolas Anelka is substituted off" minute="75" period="2" second="17" time="78" type="substitution off" type_id="18"/>
	<message comment="Gaël Kakuta is substituted on" minute="75" period="2" second="17" time="78" type="substitution on" type_id="19"/>
	<message comment="Branislav Ivanovic wins a corner (To the left)" minute="73" period="2" second="31" time="76" type="corner" type_id="6"/>
	<message comment="Robert Green makes a save (Parried safe, Diving)" minute="73" period="2" second="30" time="76" type="save made" type_id="10"/>
	<message comment="Branislav Ivanovic has attempt saved (Low to the left, 6-yard box, Left footed, Set piece)" minute="73" period="2" second="30" time="76" type="attempt blocked" type_id="15"/>
	<message comment="Valon Behrami is substituted off" minute="71" period="2" second="59" time="74" type="substitution off" type_id="18"/>
	<message comment="Frédéric Piquionne is substituted on" minute="71" period="2" second="59" time="74" type="substitution on" type_id="19"/>
	<message comment="Mark Noble misses attempt (Out of box, Right footed, Open play)" minute="68" period="2" second="31" time="71" type="attempt missed" type_id="13"/>
	<message comment="Victor Obinna has shot blocked (18-yard box, Right footed, Open play)" minute="67" period="2" second="49" time="70" type="attempt blocked" type_id="15"/>
	<message comment="John Obi Mikel blocks a shot" minute="67" period="2" second="49" time="70" type="save made" type_id="10"/>
	<message comment="Victor Obinna has attempt saved (High to the centre, Out of box, Right footed, Free kick)" minute="65" period="2" second="27" time="68" type="attempt blocked" type_id="15"/>
	<message comment="Petr Cech makes a save" minute="65" period="2" second="27" time="68" type="save made" type_id="10"/>
	<message comment="Branislav Ivanovic recieves a yellow card" minute="64" period="2" second="32" time="67" type="card received" type_id="17"/>
	<message comment="Robert Green makes a save (Parried into danger, Diving)" minute="64" period="2" second="12" time="67" type="save made" type_id="10"/>
	<message comment="Didier Drogba has attempt saved (Low to the right, Out of box, Right footed, Open play)" minute="64" period="2" second="12" time="67" type="attempt blocked" type_id="15"/>
	<message comment="Salomon Kalou misses attempt (18-yard box, Left footed, Fast break)" minute="59" period="2" second="28" time="62" type="attempt missed" type_id="13"/>
	<message comment="Tal Ben Haim blocks a shot" minute="53" period="2" second="44" time="56" type="save made" type_id="10"/>
	<message comment="John Terry has shot blocked (18-yard box, Right footed, Set piece)" minute="53" period="2" second="44" time="56" type="attempt blocked" type_id="15"/>
	<message comment="Ramires misses attempt (High, Out of box, Right footed, Open play)" minute="49" period="2" second="58" time="52" type="attempt missed" type_id="13"/>
	<message comment="Ramires misses attempt (To the left, Out of box, Right footed, Open play)" minute="46" period="2" second="11" time="49" type="attempt missed" type_id="13"/>
	<message comment="Luís Boa Morte is substituted off" minute="45" period="2" second="0" time="48" type="substitution off" type_id="18"/>
	<message comment="Kieron Dyer is substituted on" minute="45" period="2" second="0" time="48" type="substitution on" type_id="19"/>
	<message comment="Second half begins!" minute="45" period="2" second="0" time="48" type="start" type_id="32"/>
	<message comment="First half ends" minute="47" period="1" second="6" time="47" type="end" type_id="30"/>
	<message comment="Carlton Cole is caught offside" minute="45" period="1" time="45" type="offside" type_id="10000"/>
	<message comment="Scott Parker recieves a yellow card" minute="43" period="1" second="9" time="43" type="card received" type_id="17"/>
	<message comment="Ashley Cole recieves a yellow card" minute="40" period="1" second="5" time="40" type="card received" type_id="17"/>
	<message comment="John Obi Mikel hits the woodwork (High, Out of box, Right footed, From corner)" minute="32" period="1" second="16" time="32" type="woodwork hit" type_id="14"/>
	<message comment="Ramires wins a corner (To the left)" minute="31" period="1" second="50" time="31" type="corner" type_id="6"/>
	<message comment="Victor Obinna misses attempt (To the right, 18-yard box, Right footed, Open play)" minute="30" period="1" second="30" time="30" type="attempt missed" type_id="13"/>
	<message comment="Carlton Cole has shot blocked (Out of box, Right footed, Open play)" minute="29" period="1" second="19" time="29" type="attempt blocked" type_id="15"/>
	<message comment="John Terry blocks a shot" minute="29" period="1" second="19" time="29" type="save made" type_id="10"/>
	<message comment="Scott Parker misses attempt (To the left, Out of box, Right footed, Open play)" minute="28" period="1" second="53" time="28" type="attempt missed" type_id="13"/>
	<message comment="Victor Obinna has shot blocked (Out of box, Right footed, Free kick)" minute="28" period="1" second="45" time="28" type="attempt blocked" type_id="15"/>
	<message comment="Didier Drogba blocks a shot" minute="28" period="1" second="45" time="28" type="save made" type_id="10"/>
	<message comment="Victor Obinna misses attempt (To the right, 18-yard box, Big Chance, Left footed, Open play)" minute="26" period="1" second="43" time="26" type="attempt missed" type_id="13"/>
	<message comment="Didier Drogba misses attempt (High to the right, Out of box, Right footed, Free kick)" minute="24" period="1" second="56" time="24" type="attempt missed" type_id="13"/>
	<message comment="John Obi Mikel misses attempt (High to the right, Out of box, Right footed, From corner)" minute="22" period="1" second="51" time="22" type="attempt missed" type_id="13"/>
	<message comment="Ramires wins a corner (To the left)" minute="22" period="1" second="2" time="22" type="corner" type_id="6"/>
	<message comment="Carlton Cole has attempt saved (Low to the right, 18-yard box, Head, Open play)" minute="21" period="1" second="34" time="21" type="attempt blocked" type_id="15"/>
	<message comment="Petr Cech makes a save (Standing)" minute="21" period="1" second="34" time="21" type="save made" type_id="10"/>
	<message comment="Salomon Kalou wins a corner (To the left)" minute="20" period="1" second="23" time="20" type="corner" type_id="6"/>
	<message comment="Matt Upson blocks a shot" minute="20" period="1" second="20" time="20" type="save made" type_id="10"/>
	<message comment="Salomon Kalou has shot blocked (18-yard box, Left footed, Fast break)" minute="20" period="1" second="20" time="20" type="attempt blocked" type_id="15"/>
	<message comment="GOAL! Salomon Kalou scores  (Low to the left, 18-yard box, Right footed, Set piece)" minute="16" period="1" second="49" time="16" type="goal scored" type_id="16"/>
	<message comment="Robert Green makes a save (Parried into danger)" minute="16" period="1" second="45" time="16" type="save made" type_id="10"/>
	<message comment="Didier Drogba has attempt saved (Low to the centre, Out of box, Right footed, Free kick)" minute="16" period="1" second="45" time="16" type="attempt blocked" type_id="15"/>
	<message comment="Victor Obinna misses attempt (To the right, Out of box, Right footed, Open play)" minute="9" period="1" second="55" time="9" type="attempt missed" type_id="13"/>
	<message comment="Formation Set" minute="0" period="14" second="0" time="6" type="end" type_id="30"/>
	<message comment="Petr Cech makes a save (Standing)" minute="3" period="1" second="40" time="3" type="save made" type_id="10"/>
	<message comment="Victor Obinna has attempt saved (High to the right, 18-yard box, Left footed, Open play)" minute="3" period="1" second="40" time="3" type="attempt blocked" type_id="15"/>
	<message comment="GOAL! Michael Essien scores , Assisted by Didier Drogba (Low to the centre, 18-yard box, Big Chance, Head, From corner)" minute="1" period="1" second="37" time="1" type="goal scored" type_id="16"/>
	<message comment="Ramires wins a corner (To the left)" minute="1" period="1" second="13" time="1" type="corner" type_id="6"/>
	<message comment="First half begins!" minute="0" period="1" second="0" time="0" type="start" type_id="32"/>
</Commentary>
