<?xml version="1.0" ?>
<Commentary away_team_name="West Bromwich Albion" competition="English Premier League" game_date="2013-11-25" home_team_name="Aston Villa" lang_id="en" season="Season 2013/2014" season_id="2013" sport_id="1" sport_name="Football">
	<message comment="Second half ends" minute="93" period="2" second="11" time="95" type="end" type_id="30"/>
	<message comment="Gabriel Agbonlahor recieves a yellow card" minute="92" period="2" second="47" time="94" type="card received" type_id="17"/>
	<message comment="Shane Long wins a corner (To the right)" minute="92" period="2" second="42" time="94" type="corner" type_id="6"/>
	<message comment="Karim El Ahmadi is caught offside" minute="87" period="2" time="89" type="offside" type_id="10000"/>
	<message comment="Ciaran Clark blocks a shot" minute="86" period="2" second="15" time="88" type="save made" type_id="10"/>
	<message comment="Victor Anichebe has shot blocked (18-yard box, Head, Open play)" minute="86" period="2" second="15" time="88" type="attempt blocked" type_id="15"/>
	<message comment="Ciaran Clark recieves a yellow card" minute="85" period="2" second="41" time="87" type="card received" type_id="17"/>
	<message comment="Andreas Weimann misses attempt (High to the right, Out of box, Right footed, Open play)" minute="84" period="2" second="30" time="86" type="attempt missed" type_id="13"/>
	<message comment="Goran Popov is substituted off" minute="81" period="2" second="56" time="83" type="substitution off" type_id="18"/>
	<message comment="Victor Anichebe is substituted on" minute="81" period="2" second="56" time="83" type="substitution on" type_id="19"/>
	<message comment="Shane Long misses attempt (High to the right, 18-yard box, Left footed, Open play)" minute="81" period="2" second="24" time="83" type="attempt missed" type_id="13"/>
	<message comment="Christian Benteke is caught offside" minute="80" period="2" time="82" type="offside" type_id="10000"/>
	<message comment="Christian Benteke is caught offside" minute="79" period="2" time="81" type="offside" type_id="10000"/>
	<message comment="Gabriel Agbonlahor is caught offside" minute="77" period="2" time="79" type="offside" type_id="10000"/>
	<message comment="Shane Long is caught offside" minute="76" period="2" time="78" type="offside" type_id="10000"/>
	<message comment="GOAL! Ashley Westwood scores  (Low to the right, Out of box, Right footed, Open play)" minute="75" period="2" second="39" time="77" type="goal scored" type_id="16"/>
	<message comment="Morgan Amalfitano is caught offside" minute="75" period="2" time="77" type="offside" type_id="10000"/>
	<message comment="Brad Guzan makes a save (Collected)" minute="73" period="2" second="15" time="75" type="save made" type_id="10"/>
	<message comment="Shane Long has attempt saved (Low to the centre, Out of box, Right footed, Open play)" minute="73" period="2" second="15" time="75" type="attempt blocked" type_id="15"/>
	<message comment="Stéphane Sessegnon is substituted off" minute="72" period="2" second="32" time="74" type="substitution off" type_id="18"/>
	<message comment="James Morrison is substituted on" minute="72" period="2" second="32" time="74" type="substitution on" type_id="19"/>
	<message comment="Christian Benteke is caught offside" minute="68" period="2" time="70" type="offside" type_id="10000"/>
	<message comment="GOAL! Karim El Ahmadi scores , Assisted by Andreas Weimann (Low to the centre, 18-yard box, Big Chance, Right footed, Open play)" minute="66" period="2" second="45" time="68" type="goal scored" type_id="16"/>
	<message comment="Christian Benteke has attempt saved (Low to the left, Out of box, Left footed, Open play)" minute="65" period="2" second="35" time="67" type="attempt blocked" type_id="15"/>
	<message comment="Boaz Myhill makes a save (Standing, Collected)" minute="65" period="2" second="35" time="67" type="save made" type_id="10"/>
	<message comment="Chris Brunt is caught offside" minute="65" period="2" time="67" type="offside" type_id="10000"/>
	<message comment="Christian Benteke has shot blocked (Out of box, Right footed, Open play)" minute="64" period="2" second="16" time="66" type="attempt blocked" type_id="15"/>
	<message comment="Jonas Olsson blocks a shot" minute="64" period="2" second="16" time="66" type="save made" type_id="10"/>
	<message comment="Stéphane Sessegnon misses attempt (High, 18-yard box, Big Chance, Right footed, Open play)" minute="63" period="2" second="23" time="65" type="attempt missed" type_id="13"/>
	<message comment="Morgan Amalfitano wins a corner (To the right)" minute="60" period="2" second="1" time="62" type="corner" type_id="6"/>
	<message comment="Stéphane Sessegnon is caught offside" minute="60" period="2" time="62" type="offside" type_id="10000"/>
	<message comment="Morgan Amalfitano misses attempt (To the right, 18-yard box, Left footed, Set piece)" minute="59" period="2" second="59" time="61" type="attempt missed" type_id="13"/>
	<message comment="Fabian Delph misses attempt (To the right, Out of box, Left footed, From corner)" minute="58" period="2" second="41" time="60" type="attempt missed" type_id="13"/>
	<message comment="Andreas Weimann wins a corner (To the right)" minute="58" period="2" second="18" time="60" type="corner" type_id="6"/>
	<message comment="Andreas Weimann has attempt saved (Low to the centre, Out of box, Right footed, Open play)" minute="58" period="2" second="14" time="60" type="attempt blocked" type_id="15"/>
	<message comment="Boaz Myhill makes a save (Diving, Parried safe)" minute="58" period="2" second="14" time="60" type="save made" type_id="10"/>
	<message comment="Yacouba Sylla is substituted off" minute="56" period="2" second="48" time="58" type="substitution off" type_id="18"/>
	<message comment="Fabian Delph is substituted on" minute="56" period="2" second="48" time="58" type="substitution on" type_id="19"/>
	<message comment="Andreas Weimann is substituted on" minute="56" period="2" second="42" time="58" type="substitution on" type_id="19"/>
	<message comment="Aleksandar Tonev is substituted off" minute="56" period="2" second="42" time="58" type="substitution off" type_id="18"/>
	<message comment="Libor Kozák is substituted off" minute="56" period="2" second="30" time="58" type="substitution off" type_id="18"/>
	<message comment="Gabriel Agbonlahor is substituted on" minute="56" period="2" second="30" time="58" type="substitution on" type_id="19"/>
	<message comment="Morgan Amalfitano misses attempt (High to the left, 18-yard box, Left footed, Open play)" minute="56" period="2" second="0" time="58" type="attempt missed" type_id="13"/>
	<message comment="Chris Brunt has shot blocked (18-yard box, Head, Open play)" minute="55" period="2" second="33" time="57" type="attempt blocked" type_id="15"/>
	<message comment="Yacouba Sylla blocks a shot" minute="55" period="2" second="33" time="57" type="save made" type_id="10"/>
	<message comment="Youssouf Mulumbu recieves a yellow card" minute="52" period="2" second="52" time="54" type="card received" type_id="17"/>
	<message comment="Nathan Baker misses attempt (High to the left, Out of box, Left footed, Set piece)" minute="45" period="2" second="53" time="47" type="attempt missed" type_id="13"/>
	<message comment="Second half begins!" minute="45" period="2" second="0" time="47" type="start" type_id="32"/>
	<message comment="First half ends" minute="46" period="1" second="5" time="46" type="end" type_id="30"/>
	<message comment="Aleksandar Tonev has attempt saved (Low to the left, Out of box, Left footed, Open play)" minute="39" period="1" second="58" time="39" type="attempt blocked" type_id="15"/>
	<message comment="Boaz Myhill makes a save (Collected)" minute="39" period="1" second="58" time="39" type="save made" type_id="10"/>
	<message comment="Christian Benteke has shot blocked (Out of box, Right footed, Open play)" minute="33" period="1" second="54" time="33" type="attempt blocked" type_id="15"/>
	<message comment="Christian Benteke misses attempt (To the right, 18-yard box, Right footed, Set piece)" minute="32" period="1" second="58" time="32" type="attempt missed" type_id="13"/>
	<message comment="Shane Long has attempt saved (High to the centre, Out of box, Right footed, Open play)" minute="30" period="1" second="20" time="30" type="attempt blocked" type_id="15"/>
	<message comment="Brad Guzan makes a save (Parried into danger, Standing, Other body part)" minute="30" period="1" second="20" time="30" type="save made" type_id="10"/>
	<message comment="Stéphane Sessegnon is caught offside" minute="30" period="1" time="30" type="offside" type_id="10000"/>
	<message comment="Gareth McAuley is caught offside" minute="26" period="1" time="26" type="offside" type_id="10000"/>
	<message comment="Chris Brunt wins a corner (To the left)" minute="25" period="1" second="55" time="25" type="corner" type_id="6"/>
	<message comment="Morgan Amalfitano wins a corner (To the right)" minute="24" period="1" second="46" time="24" type="corner" type_id="6"/>
	<message comment="Libor Kozák hits the woodwork (High, Out of box, Right footed, Open play)" minute="23" period="1" second="55" time="23" type="woodwork hit" type_id="14"/>
	<message comment="Stéphane Sessegnon misses attempt (To the left, 6-yard box, Big Chance, Right footed, Open play)" minute="18" period="1" second="19" time="18" type="attempt missed" type_id="13"/>
	<message comment="Ashley Westwood misses attempt (High, Out of box, Right footed, Open play)" minute="12" period="1" second="52" time="12" type="attempt missed" type_id="13"/>
	<message comment="GOAL! Shane Long scores  (High to the centre, 18-yard box, Right footed, Open play)" minute="10" period="1" second="12" time="10" type="goal scored" type_id="16"/>
	<message comment="Boaz Myhill makes a save (Collected)" minute="9" period="1" second="28" time="9" type="save made" type_id="10"/>
	<message comment="Aleksandar Tonev has attempt saved (Low to the centre, 18-yard box, Right footed, Open play)" minute="9" period="1" second="28" time="9" type="attempt blocked" type_id="15"/>
	<message comment="Aleksandar Tonev wins a corner (To the left)" minute="5" period="1" second="23" time="5" type="corner" type_id="6"/>
	<message comment="Aleksandar Tonev has attempt saved (Low to the left, Out of box, Right footed, Open play)" minute="5" period="1" second="20" time="5" type="attempt blocked" type_id="15"/>
	<message comment="Boaz Myhill makes a save (Diving, Parried safe)" minute="5" period="1" second="20" time="5" type="save made" type_id="10"/>
	<message comment="Formation Set" minute="0" period="14" second="0" time="5" type="end" type_id="30"/>
	<message comment="GOAL! Shane Long scores , Assisted by Chris Brunt (Low to the left, 18-yard box, Left footed, Open play)" minute="2" period="1" second="33" time="2" type="goal scored" type_id="16"/>
	<message comment="First half begins!" minute="0" period="1" second="0" time="0" type="start" type_id="32"/>
</Commentary>
