<?xml version="1.0" ?>
<Commentary away_team_name="West Bromwich Albion" competition="English Premier League" game_date="2014-03-08" home_team_name="Manchester United" lang_id="en" season="Season 2013/2014" season_id="2013" sport_id="1" sport_name="Football">
	<message comment="Second half ends" minute="93" period="2" second="1" time="96" type="end" type_id="30"/>
	<message comment="Ben Foster makes a save (Standing)" minute="92" period="2" second="22" time="95" type="save made" type_id="10"/>
	<message comment="Wayne Rooney has attempt saved (Low to the right, Out of box, Right footed, Open play)" minute="92" period="2" second="22" time="95" type="attempt blocked" type_id="15"/>
	<message comment="Victor Anichebe recieves a yellow card" minute="89" period="2" second="16" time="92" type="card received" type_id="17"/>
	<message comment="Saido Berahino has shot blocked (Out of box, Right footed, Open play)" minute="88" period="2" second="50" time="91" type="attempt blocked" type_id="15"/>
	<message comment="Phil Jones blocks a shot" minute="88" period="2" second="50" time="91" type="save made" type_id="10"/>
	<message comment="Rafael is substituted off" minute="86" period="2" second="31" time="89" type="substitution off" type_id="18"/>
	<message comment="Nemanja Vidic is substituted on" minute="86" period="2" second="31" time="89" type="substitution on" type_id="19"/>
	<message comment="Victor Anichebe misses attempt (High to the right, 18-yard box, Right footed, Open play)" minute="85" period="2" second="44" time="88" type="attempt missed" type_id="13"/>
	<message comment="GOAL! Danny Welbeck scores , Assisted by Wayne Rooney (Low to the right, 18-yard box, Big Chance, Right footed, Open play)" minute="81" period="2" second="58" time="84" type="goal scored" type_id="16"/>
	<message comment="Rafael blocks a shot" minute="81" period="2" second="3" time="84" type="save made" type_id="10"/>
	<message comment="Saido Berahino has shot blocked (18-yard box, Left footed, Open play)" minute="81" period="2" second="3" time="84" type="attempt blocked" type_id="15"/>
	<message comment="Victor Anichebe misses attempt (High to the left, Out of box, Left footed, Open play)" minute="79" period="2" second="54" time="82" type="attempt missed" type_id="13"/>
	<message comment="Zoltán Gera misses attempt (To the right, 18-yard box, Head, Set piece)" minute="79" period="2" second="7" time="82" type="attempt missed" type_id="13"/>
	<message comment="Zoltán Gera wins a corner (To the right)" minute="77" period="2" second="36" time="80" type="corner" type_id="6"/>
	<message comment="David de Gea makes a save (Parried safe, Diving)" minute="77" period="2" second="35" time="80" type="save made" type_id="10"/>
	<message comment="Zoltán Gera has attempt saved (Low to the right, 18-yard box, Right footed, Open play)" minute="77" period="2" second="35" time="80" type="attempt blocked" type_id="15"/>
	<message comment="Adnan Januzaj is substituted off" minute="75" period="2" second="41" time="78" type="substitution off" type_id="18"/>
	<message comment="Shinji Kagawa is substituted on" minute="75" period="2" second="41" time="78" type="substitution on" type_id="19"/>
	<message comment="Danny Welbeck misses attempt (High, 18-yard box, Right footed, Open play)" minute="73" period="2" second="40" time="76" type="attempt missed" type_id="13"/>
	<message comment="Danny Welbeck wins a corner (To the left)" minute="69" period="2" second="59" time="72" type="corner" type_id="6"/>
	<message comment="Saido Berahino is caught offside" minute="69" period="2" time="72" type="offside" type_id="10000"/>
	<message comment="Jonas Olsson blocks a shot" minute="66" period="2" second="39" time="69" type="save made" type_id="10"/>
	<message comment="Juan Mata has shot blocked (18-yard box, Left footed, Open play)" minute="66" period="2" second="39" time="69" type="attempt blocked" type_id="15"/>
	<message comment="Chris Brunt is substituted off" minute="65" period="2" second="28" time="68" type="substitution off" type_id="18"/>
	<message comment="Saido Berahino is substituted on" minute="65" period="2" second="28" time="68" type="substitution on" type_id="19"/>
	<message comment="GOAL! Wayne Rooney scores , Assisted by Rafael (High to the left, 6-yard box, Big Chance, Head, Open play)" minute="64" period="2" second="46" time="67" type="goal scored" type_id="16"/>
	<message comment="Robin van Persie is substituted off" minute="62" period="2" second="42" time="65" type="substitution off" type_id="18"/>
	<message comment="Danny Welbeck is substituted on" minute="62" period="2" second="42" time="65" type="substitution on" type_id="19"/>
	<message comment="Steven Reid is substituted off" minute="59" period="2" second="56" time="62" type="substitution off" type_id="18"/>
	<message comment="Stéphane Sessegnon is substituted on" minute="59" period="2" second="56" time="62" type="substitution on" type_id="19"/>
	<message comment="Rafael misses attempt (To the right, 18-yard box, Right footed, Open play)" minute="58" period="2" second="8" time="61" type="attempt missed" type_id="13"/>
	<message comment="Liam Ridgewell blocks a shot" minute="57" period="2" second="52" time="60" type="save made" type_id="10"/>
	<message comment="Marouane Fellaini has shot blocked (18-yard box, Right footed, Open play)" minute="57" period="2" second="52" time="60" type="attempt blocked" type_id="15"/>
	<message comment="Youssouf Mulumbu wins a corner (To the right)" minute="56" period="2" second="33" time="59" type="corner" type_id="6"/>
	<message comment="Youssouf Mulumbu has shot blocked (18-yard box, Right footed, Open play)" minute="56" period="2" second="30" time="59" type="attempt blocked" type_id="15"/>
	<message comment="Michael Carrick blocks a shot" minute="56" period="2" second="30" time="59" type="save made" type_id="10"/>
	<message comment="Wayne Rooney misses attempt (To the left, Out of box, Right footed, Open play)" minute="52" period="2" second="1" time="55" type="attempt missed" type_id="13"/>
	<message comment="Zoltán Gera has attempt saved (Low to the right, 18-yard box, Left footed, Open play)" minute="51" period="2" second="38" time="54" type="attempt blocked" type_id="15"/>
	<message comment="David de Gea makes a save (Collected)" minute="51" period="2" second="38" time="54" type="save made" type_id="10"/>
	<message comment="Robin van Persie recieves a yellow card" minute="49" period="2" second="47" time="52" type="card received" type_id="17"/>
	<message comment="Victor Anichebe misses attempt (Out of box, Left footed, Open play)" minute="48" period="2" second="48" time="51" type="attempt missed" type_id="13"/>
	<message comment="James Morrison misses attempt (To the left, Out of box, Right footed, Open play)" minute="47" period="2" second="46" time="50" type="attempt missed" type_id="13"/>
	<message comment="Adnan Januzaj misses attempt (To the left, Out of box, Left footed, Set piece)" minute="47" period="2" second="1" time="50" type="attempt missed" type_id="13"/>
	<message comment="Second half begins!" minute="45" period="2" second="0" time="48" type="start" type_id="32"/>
	<message comment="First half ends" minute="47" period="1" second="47" time="47" type="end" type_id="30"/>
	<message comment="Victor Anichebe misses attempt (18-yard box, Right footed, Open play)" minute="40" period="1" second="19" time="40" type="attempt missed" type_id="13"/>
	<message comment="Claudio Yacob is substituted off" minute="39" period="1" second="48" time="39" type="substitution off" type_id="18"/>
	<message comment="James Morrison is substituted on" minute="39" period="1" second="48" time="39" type="substitution on" type_id="19"/>
	<message comment="Claudio Yacob misses attempt (6-yard box, Big Chance, Other body part, From corner)" minute="37" period="1" second="6" time="37" type="attempt missed" type_id="13"/>
	<message comment="Liam Ridgewell wins a corner (To the left)" minute="36" period="1" second="37" time="36" type="corner" type_id="6"/>
	<message comment="Adnan Januzaj misses attempt (High, Out of box, Left footed, Open play)" minute="35" period="1" second="50" time="35" type="attempt missed" type_id="13"/>
	<message comment="Chris Brunt is caught offside" minute="34" period="1" time="34" type="offside" type_id="10000"/>
	<message comment="GOAL! Phil Jones scores , Assisted by Robin van Persie (Low to the right, 18-yard box, Head, Set piece)" minute="33" period="1" second="27" time="33" type="goal scored" type_id="16"/>
	<message comment="Ben Foster makes a save (Parried into danger)" minute="28" period="1" second="5" time="28" type="save made" type_id="10"/>
	<message comment="Rafael has attempt saved (High to the centre, 6-yard box, Head, Open play)" minute="28" period="1" second="5" time="28" type="attempt blocked" type_id="15"/>
	<message comment="David de Gea makes a save (Diving, Collected)" minute="27" period="1" second="35" time="27" type="save made" type_id="10"/>
	<message comment="Morgan Amalfitano has attempt saved (Low to the left, 18-yard box, Head, Open play)" minute="27" period="1" second="35" time="27" type="attempt blocked" type_id="15"/>
	<message comment="Patrice Evra is caught offside" minute="25" period="1" time="25" type="offside" type_id="10000"/>
	<message comment="Chris Brunt has shot blocked (18-yard box, Left footed, Open play)" minute="24" period="1" second="45" time="24" type="attempt blocked" type_id="15"/>
	<message comment="Chris Smalling blocks a shot" minute="24" period="1" second="45" time="24" type="save made" type_id="10"/>
	<message comment="Chris Brunt blocks a shot" minute="15" period="1" second="39" time="15" type="save made" type_id="10"/>
	<message comment="Marouane Fellaini has shot blocked (18-yard box, Other body part, From corner)" minute="15" period="1" second="39" time="15" type="attempt blocked" type_id="15"/>
	<message comment="Wayne Rooney wins a corner (To the left)" minute="15" period="1" second="18" time="15" type="corner" type_id="6"/>
	<message comment="Marouane Fellaini wins a corner (To the right)" minute="14" period="1" second="45" time="14" type="corner" type_id="6"/>
	<message comment="Gareth McAuley blocks a shot" minute="14" period="1" second="41" time="14" type="save made" type_id="10"/>
	<message comment="Marouane Fellaini has shot blocked (18-yard box, Head, From corner)" minute="14" period="1" second="41" time="14" type="attempt blocked" type_id="15"/>
	<message comment="Robin van Persie wins a corner (To the left)" minute="14" period="1" second="16" time="14" type="corner" type_id="6"/>
	<message comment="Adnan Januzaj recieves a yellow card" minute="12" period="1" second="4" time="12" type="card received" type_id="17"/>
	<message comment="Formation Set" minute="0" period="14" second="0" time="6" type="end" type_id="30"/>
	<message comment="Robin van Persie wins a corner (To the right)" minute="4" period="1" second="0" time="4" type="corner" type_id="6"/>
	<message comment="First half begins!" minute="0" period="1" second="0" time="0" type="start" type_id="32"/>
</Commentary>
