<?xml version="1.0" ?>
<Commentary away_team_name="West Bromwich Albion" competition="English Premier League" game_date="2012-05-13" home_team_name="Arsenal" lang_id="en" season="Season 2011/2012" season_id="2011" sport_id="1" sport_name="Football">
	<message comment="Second half ends" minute="95" period="2" second="5" time="98" type="end" type_id="30"/>
	<message comment="Peter Odemwingie is caught offside" minute="92" period="2" time="95" type="offside" type_id="10000"/>
	<message comment="Billy Jones has shot blocked (18-yard box, Right footed, Open play)" minute="91" period="2" second="12" time="94" type="attempt blocked" type_id="15"/>
	<message comment="Kieran Gibbs blocks a shot" minute="91" period="2" second="12" time="94" type="save made" type_id="10"/>
	<message comment="Robin van Persie misses attempt (High, 18-yard box, Left footed, Open play)" minute="90" period="2" second="45" time="93" type="attempt missed" type_id="13"/>
	<message comment="Peter Odemwingie misses attempt (To the left, Out of box, Left footed, Throw-in)" minute="89" period="2" second="39" time="92" type="attempt missed" type_id="13"/>
	<message comment="Marc-Antoine Fortuné has shot blocked (Out of box, Right footed, Open play)" minute="85" period="2" second="53" time="88" type="attempt blocked" type_id="15"/>
	<message comment="Laurent Koscielny blocks a shot" minute="85" period="2" second="53" time="88" type="save made" type_id="10"/>
	<message comment="Robin van Persie is caught offside" minute="82" period="2" time="85" type="offside" type_id="10000"/>
	<message comment="Marc-Antoine Fortuné misses attempt (18-yard box, Right footed, Open play)" minute="81" period="2" second="2" time="84" type="attempt missed" type_id="13"/>
	<message comment="Kieran Gibbs wins a corner (To the left)" minute="79" period="2" second="54" time="82" type="corner" type_id="6"/>
	<message comment="André Santos is substituted off" minute="79" period="2" second="33" time="82" type="substitution off" type_id="18"/>
	<message comment="Aaron Ramsey is substituted on" minute="79" period="2" second="33" time="82" type="substitution on" type_id="19"/>
	<message comment="Graham Dorrans is substituted off" minute="78" period="2" second="56" time="81" type="substitution off" type_id="18"/>
	<message comment="Paul Scharner is substituted on" minute="78" period="2" second="56" time="81" type="substitution on" type_id="19"/>
	<message comment="Keith Andrews blocks a shot" minute="78" period="2" second="21" time="81" type="save made" type_id="10"/>
	<message comment="Robin van Persie has shot blocked (18-yard box, Right footed, Fast break)" minute="78" period="2" second="21" time="81" type="attempt blocked" type_id="15"/>
	<message comment="Billy Jones wins a corner (To the right)" minute="75" period="2" second="28" time="78" type="corner" type_id="6"/>
	<message comment="Simon Cox is substituted off" minute="73" period="2" second="46" time="76" type="substitution off" type_id="18"/>
	<message comment="Peter Odemwingie is substituted on" minute="73" period="2" second="46" time="76" type="substitution on" type_id="19"/>
	<message comment="Alexandre Song wins a corner (To the right)" minute="71" period="2" second="33" time="74" type="corner" type_id="6"/>
	<message comment="Jonas Olsson blocks a shot" minute="71" period="2" second="32" time="74" type="save made" type_id="10"/>
	<message comment="Alexandre Song has shot blocked (Out of box, Right footed, Open play)" minute="71" period="2" second="32" time="74" type="attempt blocked" type_id="15"/>
	<message comment="Keith Andrews has attempt saved (High to the centre, Out of box, Right footed, Open play)" minute="70" period="2" second="18" time="73" type="attempt blocked" type_id="15"/>
	<message comment="Wojciech Szczesny makes a save (Parried safe, Diving)" minute="70" period="2" second="18" time="73" type="save made" type_id="10"/>
	<message comment="Marc-Antoine Fortuné is caught offside" minute="70" period="2" time="73" type="offside" type_id="10000"/>
	<message comment="Gervinho is substituted off" minute="67" period="2" second="8" time="70" type="substitution off" type_id="18"/>
	<message comment="Kieran Gibbs is substituted on" minute="67" period="2" second="8" time="70" type="substitution on" type_id="19"/>
	<message comment="Graham Dorrans wins a corner (To the left)" minute="61" period="2" second="58" time="64" type="corner" type_id="6"/>
	<message comment="Graham Dorrans wins a corner (To the left)" minute="61" period="2" second="6" time="64" type="corner" type_id="6"/>
	<message comment="Jonas Olsson wins a corner (To the right)" minute="60" period="2" second="44" time="63" type="corner" type_id="6"/>
	<message comment="Jonas Olsson has shot blocked (18-yard box, Head, From corner)" minute="60" period="2" second="42" time="63" type="attempt blocked" type_id="15"/>
	<message comment="Robin van Persie blocks a shot" minute="60" period="2" second="42" time="63" type="save made" type_id="10"/>
	<message comment="Simon Cox wins a corner (To the right)" minute="60" period="2" second="13" time="63" type="corner" type_id="6"/>
	<message comment="GOAL! Laurent Koscielny scores  (High to the right, 6-yard box, Right footed, From corner)" minute="54" period="2" second="1" time="57" type="goal scored" type_id="16"/>
	<message comment="Robin van Persie wins a corner (To the right)" minute="53" period="2" second="30" time="56" type="corner" type_id="6"/>
	<message comment="Marc-Antoine Fortuné has attempt saved (Low to the left, 18-yard box, Right footed, Open play)" minute="51" period="2" second="40" time="54" type="attempt blocked" type_id="15"/>
	<message comment="Wojciech Szczesny makes a save (Diving)" minute="51" period="2" second="40" time="54" type="save made" type_id="10"/>
	<message comment="Keith Andrews is substituted on" minute="51" period="2" second="9" time="54" type="substitution on" type_id="19"/>
	<message comment="James Morrison is substituted off" minute="51" period="2" second="9" time="54" type="substitution off" type_id="18"/>
	<message comment="André Santos misses attempt (Out of box, Left footed, Open play)" minute="50" period="2" second="48" time="53" type="attempt missed" type_id="13"/>
	<message comment="Graham Dorrans misses attempt (To the left, Out of box, Right footed, Open play)" minute="49" period="2" second="56" time="52" type="attempt missed" type_id="13"/>
	<message comment="Theo Walcott wins a corner (To the right)" minute="47" period="2" second="32" time="50" type="corner" type_id="6"/>
	<message comment="Tomas Rosicky is substituted off" minute="45" period="2" second="0" time="48" type="substitution off" type_id="18"/>
	<message comment="Theo Walcott is substituted on" minute="45" period="2" second="0" time="48" type="substitution on" type_id="19"/>
	<message comment="Second half begins!" minute="45" period="2" second="0" time="48" type="start" type_id="32"/>
	<message comment="First half ends" minute="47" period="1" second="14" time="47" type="end" type_id="30"/>
	<message comment="Shane Long has shot blocked (Out of box, Right footed, Open play)" minute="46" period="1" second="50" time="46" type="attempt blocked" type_id="15"/>
	<message comment="Laurent Koscielny blocks a shot" minute="46" period="1" second="50" time="46" type="save made" type_id="10"/>
	<message comment="Gervinho misses attempt (18-yard box, Right footed, Open play)" minute="46" period="1" second="11" time="46" type="attempt missed" type_id="13"/>
	<message comment="Simon Cox has shot blocked (18-yard box, Right footed, From corner)" minute="45" period="1" second="29" time="45" type="attempt blocked" type_id="15"/>
	<message comment="Francis Coquelin blocks a shot" minute="45" period="1" second="29" time="45" type="save made" type_id="10"/>
	<message comment="Jonas Olsson wins a corner (To the left)" minute="45" period="1" second="0" time="45" type="corner" type_id="6"/>
	<message comment="Billy Jones wins a corner (To the right)" minute="44" period="1" second="24" time="44" type="corner" type_id="6"/>
	<message comment="Robin van Persie recieves a yellow card" minute="38" period="1" second="39" time="38" type="card received" type_id="17"/>
	<message comment="Graham Dorrans blocks a shot" minute="34" period="1" second="0" time="34" type="save made" type_id="10"/>
	<message comment="Gervinho has shot blocked (18-yard box, Right footed, Fast break)" minute="34" period="1" second="0" time="34" type="attempt blocked" type_id="15"/>
	<message comment="Robin van Persie is caught offside" minute="31" period="1" time="31" type="offside" type_id="10000"/>
	<message comment="GOAL! André Santos scores , Assisted by Alexandre Song (Low to the left, Out of box, Left footed, Fast break)" minute="29" period="1" second="16" time="29" type="goal scored" type_id="16"/>
	<message comment="Shane Long blocks a shot" minute="27" period="1" second="39" time="27" type="save made" type_id="10"/>
	<message comment="Robin van Persie has shot blocked (Out of box, Left footed, Free kick)" minute="27" period="1" second="39" time="27" type="attempt blocked" type_id="15"/>
	<message comment="Marc-Antoine Fortuné is caught offside" minute="25" period="1" time="25" type="offside" type_id="10000"/>
	<message comment="Gareth McAuley blocks a shot" minute="24" period="1" second="32" time="24" type="save made" type_id="10"/>
	<message comment="Yossi Benayoun has shot blocked (18-yard box, Left footed, Open play)" minute="24" period="1" second="32" time="24" type="attempt blocked" type_id="15"/>
	<message comment="Jonas Olsson blocks a shot" minute="21" period="1" second="12" time="21" type="save made" type_id="10"/>
	<message comment="Robin van Persie has shot blocked (18-yard box, Left footed, Open play)" minute="21" period="1" second="12" time="21" type="attempt blocked" type_id="15"/>
	<message comment="Robin van Persie is caught offside" minute="21" period="1" time="21" type="offside" type_id="10000"/>
	<message comment="Yossi Benayoun misses attempt (High to the left, 18-yard box, Left footed, Open play)" minute="18" period="1" second="20" time="18" type="attempt missed" type_id="13"/>
	<message comment="GOAL! Graham Dorrans scores , Assisted by James Morrison (Low to the left, Out of box, Right footed, Open play)" minute="14" period="1" second="11" time="14" type="goal scored" type_id="16"/>
	<message comment="GOAL! Shane Long scores , Assisted by James Morrison (Low to the left, Out of box, Big Chance, Right footed, Open play)" minute="10" period="1" second="59" time="10" type="goal scored" type_id="16"/>
	<message comment="Graham Dorrans wins a corner (To the left)" minute="8" period="1" second="19" time="8" type="corner" type_id="6"/>
	<message comment="Formation Set" minute="0" period="14" second="0" time="8" type="end" type_id="30"/>
	<message comment="Carl Jenkinson wins a corner (To the right)" minute="6" period="1" second="54" time="6" type="corner" type_id="6"/>
	<message comment="Youssouf Mulumbu is caught offside" minute="5" period="1" time="5" type="offside" type_id="10000"/>
	<message comment="Marc-Antoine Fortuné wins a corner (To the right)" minute="4" period="1" second="9" time="4" type="corner" type_id="6"/>
	<message comment="Marc-Antoine Fortuné has attempt saved (Low to the right, 18-yard box, Right footed, Open play)" minute="4" period="1" second="8" time="4" type="attempt blocked" type_id="15"/>
	<message comment="Wojciech Szczesny makes a save (Parried safe, Diving)" minute="4" period="1" second="8" time="4" type="save made" type_id="10"/>
	<message comment="GOAL! Yossi Benayoun scores  (Low to the centre, 6-yard box, Big Chance, Left footed, Open play)" minute="3" period="1" second="7" time="3" type="goal scored" type_id="16"/>
	<message comment="First half begins!" minute="0" period="1" second="0" time="0" type="start" type_id="32"/>
</Commentary>
