<?xml version="1.0" ?>
<Commentary away_team_name="West Bromwich Albion" competition="English Premier League" game_date="2011-02-01" home_team_name="Wigan" lang_id="en" season="Season 2010/2011" season_id="2010" sport_id="1" sport_name="Football">
	<message comment="Second half ends" minute="95" period="2" second="24" time="99" type="end" type_id="30"/>
	<message comment="Chris Brunt recieves a yellow card" minute="92" period="2" second="43" time="96" type="card received" type_id="17"/>
	<message comment="Steve Gohouri recieves a yellow card" minute="91" period="2" second="35" time="95" type="card received" type_id="17"/>
	<message comment="Chris Brunt wins a corner (To the right)" minute="90" period="2" second="30" time="94" type="corner" type_id="6"/>
	<message comment="Chris Brunt has shot blocked (Out of box, Right footed, Set piece)" minute="90" period="2" second="28" time="94" type="attempt blocked" type_id="15"/>
	<message comment="Steven Caldwell blocks a shot" minute="90" period="2" second="28" time="94" type="save made" type_id="10"/>
	<message comment="Ali Al Habsi makes a save (Diving, Parried safe, Feet)" minute="90" period="2" second="21" time="94" type="save made" type_id="10"/>
	<message comment="Marc-Antoine Fortuné has attempt saved (Low to the left, 18-yard box, Left footed, Set piece)" minute="90" period="2" second="21" time="94" type="attempt blocked" type_id="15"/>
	<message comment="Steven Caldwell recieves a yellow card" minute="90" period="2" second="2" time="94" type="card received" type_id="17"/>
	<message comment="Marc-Antoine Fortuné misses attempt (To the left, 18-yard box, Head, Open play)" minute="87" period="2" second="3" time="91" type="attempt missed" type_id="13"/>
	<message comment="Charles N'Zogbia misses attempt (High, 18-yard box, Right footed, Set piece)" minute="85" period="2" second="2" time="89" type="attempt missed" type_id="13"/>
	<message comment="Youssouf Mulumbu recieves a yellow card" minute="84" period="2" second="39" time="88" type="card received" type_id="17"/>
	<message comment="Hugo Rodallega recieves a yellow card" minute="82" period="2" second="18" time="86" type="card received" type_id="17"/>
	<message comment="Marc-Antoine Fortuné is caught offside" minute="82" period="2" time="86" type="offside" type_id="10000"/>
	<message comment="Jonas Olsson wins a corner (To the left)" minute="81" period="2" second="5" time="85" type="corner" type_id="6"/>
	<message comment="Jonas Olsson has attempt saved (High to the centre, 18-yard box, Head, From corner)" minute="81" period="2" second="3" time="85" type="attempt blocked" type_id="15"/>
	<message comment="Ali Al Habsi makes a save (Parried safe, Diving)" minute="81" period="2" second="3" time="85" type="save made" type_id="10"/>
	<message comment="Hugo Rodallega is caught offside" minute="81" period="2" time="85" type="offside" type_id="10000"/>
	<message comment="Jerome Thomas wins a corner (To the left)" minute="80" period="2" second="38" time="84" type="corner" type_id="6"/>
	<message comment="Hendry Thomas blocks a shot" minute="80" period="2" second="35" time="84" type="save made" type_id="10"/>
	<message comment="Jerome Thomas has shot blocked (Out of box, Right footed, Open play)" minute="80" period="2" second="35" time="84" type="attempt blocked" type_id="15"/>
	<message comment="GOAL! Marc-Antoine Fortuné scores , Assisted by Jerome Thomas (Low to the left, 6-yard box, Head, From corner)" minute="78" period="2" second="20" time="82" type="goal scored" type_id="16"/>
	<message comment="Marc-Antoine Fortuné wins a corner (To the right)" minute="77" period="2" second="48" time="81" type="corner" type_id="6"/>
	<message comment="Gonzalo Jara is substituted off" minute="76" period="2" second="29" time="80" type="substitution off" type_id="18"/>
	<message comment="Steven Reid is substituted on" minute="76" period="2" second="29" time="80" type="substitution on" type_id="19"/>
	<message comment="Franco Di Santo is substituted off" minute="75" period="2" second="49" time="79" type="substitution off" type_id="18"/>
	<message comment="Victor Moses is substituted on" minute="75" period="2" second="49" time="79" type="substitution on" type_id="19"/>
	<message comment="Chris Brunt hits the woodwork (To the right, Out of box, Left footed, Open play)" minute="73" period="2" second="59" time="77" type="woodwork hit" type_id="14"/>
	<message comment="Marc-Antoine Fortuné hits the woodwork (To the right, Out of box, Right footed, Open play)" minute="72" period="2" second="30" time="76" type="woodwork hit" type_id="14"/>
	<message comment="Maynor Figueroa is substituted off" minute="70" period="2" second="30" time="74" type="substitution off" type_id="18"/>
	<message comment="Steven Caldwell is substituted on" minute="70" period="2" second="30" time="74" type="substitution on" type_id="19"/>
	<message comment="Simon Cox is substituted off" minute="65" period="2" second="23" time="69" type="substitution off" type_id="18"/>
	<message comment="Marc-Antoine Fortuné is substituted on" minute="65" period="2" second="23" time="69" type="substitution on" type_id="19"/>
	<message comment="Hendry Thomas recieves a yellow card" minute="64" period="2" second="13" time="68" type="card received" type_id="17"/>
	<message comment="Peter Odemwingie misses attempt (To the left, 18-yard box, Left footed, Set piece)" minute="62" period="2" second="42" time="66" type="attempt missed" type_id="13"/>
	<message comment="James McCarthy is substituted off" minute="61" period="2" second="32" time="65" type="substitution off" type_id="18"/>
	<message comment="Hendry Thomas is substituted on" minute="61" period="2" second="32" time="65" type="substitution on" type_id="19"/>
	<message comment="Paul Scharner misses attempt (To the left, 18-yard box, Right footed, From corner)" minute="60" period="2" second="52" time="64" type="attempt missed" type_id="13"/>
	<message comment="Somen Tchoyi wins a corner (To the right)" minute="60" period="2" second="22" time="64" type="corner" type_id="6"/>
	<message comment="Hugo Rodallega misses attempt (18-yard box, Right footed, Open play)" minute="59" period="2" second="13" time="63" type="attempt missed" type_id="13"/>
	<message comment="Charles N'Zogbia wins a corner (To the left)" minute="58" period="2" second="2" time="62" type="corner" type_id="6"/>
	<message comment="Charles N'Zogbia has attempt saved (Low to the centre, 18-yard box, Left footed, Open play)" minute="57" period="2" second="59" time="61" type="attempt blocked" type_id="15"/>
	<message comment="Boaz Myhill makes a save (Parried safe, Diving, Feet)" minute="57" period="2" second="59" time="61" type="save made" type_id="10"/>
	<message comment="Carlos Vela is substituted off" minute="57" period="2" second="43" time="61" type="substitution off" type_id="18"/>
	<message comment="Somen Tchoyi is substituted on" minute="57" period="2" second="43" time="61" type="substitution on" type_id="19"/>
	<message comment="Ali Al Habsi makes a save (Diving, Collected)" minute="55" period="2" second="43" time="59" type="save made" type_id="10"/>
	<message comment="Jerome Thomas has attempt saved (Low to the centre, 18-yard box, Right footed, Open play)" minute="55" period="2" second="43" time="59" type="attempt blocked" type_id="15"/>
	<message comment="Youssouf Mulumbu misses attempt (High to the right, Out of box, Right footed, Open play)" minute="53" period="2" second="55" time="57" type="attempt missed" type_id="13"/>
	<message comment="Jerome Thomas misses attempt (18-yard box, Right footed, Open play)" minute="49" period="2" second="14" time="53" type="attempt missed" type_id="13"/>
	<message comment="Hugo Rodallega misses attempt (High to the left, 18-yard box, Left footed, Open play)" minute="46" period="2" second="33" time="50" type="attempt missed" type_id="13"/>
	<message comment="Boaz Myhill makes a save (Parried into danger, Diving)" minute="46" period="2" second="30" time="50" type="save made" type_id="10"/>
	<message comment="Franco Di Santo has attempt saved (Low to the right, 18-yard box, Right footed, Open play)" minute="46" period="2" second="30" time="50" type="attempt blocked" type_id="15"/>
	<message comment="Marek Cech misses attempt (Out of box, Left footed, Open play)" minute="45" period="2" second="25" time="49" type="attempt missed" type_id="13"/>
	<message comment="Second half begins!" minute="45" period="2" second="0" time="49" type="start" type_id="32"/>
	<message comment="First half ends" minute="48" period="1" second="9" time="48" type="end" type_id="30"/>
	<message comment="Peter Odemwingie wins a corner (To the left)" minute="47" period="1" second="39" time="47" type="corner" type_id="6"/>
	<message comment="Youssouf Mulumbu wins a corner (To the right)" minute="47" period="1" second="21" time="47" type="corner" type_id="6"/>
	<message comment="Youssouf Mulumbu has shot blocked (18-yard box, Right footed, Open play)" minute="47" period="1" second="20" time="47" type="attempt blocked" type_id="15"/>
	<message comment="Mohamed Diamé blocks a shot" minute="47" period="1" second="20" time="47" type="save made" type_id="10"/>
	<message comment="Peter Odemwingie is caught offside" minute="44" period="1" time="44" type="offside" type_id="10000"/>
	<message comment="GOAL! Ben Watson scores  (Low to the right, Out of box, Right footed, Free kick)" minute="42" period="1" second="35" time="42" type="goal scored" type_id="16"/>
	<message comment="Gonzalo Jara recieves a yellow card" minute="41" period="1" second="52" time="41" type="card received" type_id="17"/>
	<message comment="Chris Brunt misses attempt (Out of box, Left footed, Open play)" minute="39" period="1" second="3" time="39" type="attempt missed" type_id="13"/>
	<message comment="Peter Odemwingie recieves a yellow card" minute="36" period="1" second="29" time="36" type="card received" type_id="17"/>
	<message comment="Youssouf Mulumbu misses attempt (To the right, Out of box, Right footed, Open play)" minute="31" period="1" second="2" time="31" type="attempt missed" type_id="13"/>
	<message comment="Franco Di Santo wins a corner (To the left)" minute="29" period="1" second="16" time="29" type="corner" type_id="6"/>
	<message comment="Boaz Myhill makes a save (Parried safe, Diving)" minute="29" period="1" second="12" time="29" type="save made" type_id="10"/>
	<message comment="Charles N'Zogbia has attempt saved (High to the left, 18-yard box, Left footed, Open play)" minute="29" period="1" second="12" time="29" type="attempt blocked" type_id="15"/>
	<message comment="Carlos Vela has attempt saved (Low to the right, 18-yard box, Left footed, Open play)" minute="28" period="1" second="27" time="28" type="attempt blocked" type_id="15"/>
	<message comment="Ali Al Habsi makes a save (Collected)" minute="28" period="1" second="27" time="28" type="save made" type_id="10"/>
	<message comment="Ben Watson misses attempt (To the left, Out of box, Right footed, Set piece)" minute="25" period="1" second="26" time="25" type="attempt missed" type_id="13"/>
	<message comment="Youssouf Mulumbu blocks a shot" minute="25" period="1" second="24" time="25" type="save made" type_id="10"/>
	<message comment="Charles N'Zogbia has shot blocked (Out of box, Left footed, Free kick)" minute="25" period="1" second="24" time="25" type="attempt blocked" type_id="15"/>
	<message comment="Emmerson Boyce wins a corner (To the left)" minute="23" period="1" second="29" time="23" type="corner" type_id="6"/>
	<message comment="GOAL! Charles N'Zogbia scores  (Low to the left, Out of box, Left footed, Free kick)" minute="19" period="1" second="34" time="19" type="goal scored" type_id="16"/>
	<message comment="Jonas Olsson misses attempt (To the right, 18-yard box, Head, Set piece)" minute="16" period="1" second="56" time="16" type="attempt missed" type_id="13"/>
	<message comment="Chris Brunt has shot blocked (Out of box, Left footed, Free kick)" minute="16" period="1" second="23" time="16" type="attempt blocked" type_id="15"/>
	<message comment="Hugo Rodallega blocks a shot" minute="16" period="1" second="23" time="16" type="save made" type_id="10"/>
	<message comment="Ben Watson recieves a yellow card" minute="15" period="1" second="21" time="15" type="card received" type_id="17"/>
	<message comment="Hugo Rodallega wins a corner (To the left)" minute="13" period="1" second="13" time="13" type="corner" type_id="6"/>
	<message comment="Jonas Olsson is caught offside" minute="10" period="1" time="10" type="offside" type_id="10000"/>
	<message comment="Formation Set" minute="0" period="14" second="0" time="9" type="end" type_id="30"/>
	<message comment="Gonzalo Jara wins a corner (To the right)" minute="8" period="1" second="19" time="8" type="corner" type_id="6"/>
	<message comment="Charles N'Zogbia misses attempt (To the left, Out of box, Left footed, Free kick)" minute="6" period="1" second="57" time="6" type="attempt missed" type_id="13"/>
	<message comment="GOAL! Peter Odemwingie scores , Assisted by Jerome Thomas (Low to the left, 18-yard box, Big Chance, Left footed, Fast break)" minute="4" period="1" second="21" time="4" type="goal scored" type_id="16"/>
	<message comment="Franco Di Santo is caught offside" minute="2" period="1" time="2" type="offside" type_id="10000"/>
	<message comment="Marek Cech blocks a shot" minute="0" period="1" second="36" time="0" type="save made" type_id="10"/>
	<message comment="Hugo Rodallega has shot blocked (18-yard box, Head, From corner)" minute="0" period="1" second="36" time="0" type="attempt blocked" type_id="15"/>
	<message comment="Hugo Rodallega wins a corner (To the right)" minute="0" period="1" second="13" time="0" type="corner" type_id="6"/>
	<message comment="Gonzalo Jara blocks a shot" minute="0" period="1" second="11" time="0" type="save made" type_id="10"/>
	<message comment="Hugo Rodallega has shot blocked (18-yard box, Right footed, Open play)" minute="0" period="1" second="11" time="0" type="attempt blocked" type_id="15"/>
	<message comment="First half begins!" minute="0" period="1" second="0" time="0" type="start" type_id="32"/>
</Commentary>
