<?xml version="1.0" ?>
<Commentary away_team_name="West Ham" competition="English Premier League" game_date="2012-08-18" home_team_name="Aston Villa" lang_id="en" season="Season 2012/2013" season_id="2012" sport_id="1" sport_name="Football">
	<message comment="Second half ends" minute="93" period="2" second="53" time="96" type="end" type_id="30"/>
	<message comment="Modibo Maiga wins a corner (To the left)" minute="92" period="2" second="47" time="95" type="corner" type_id="6"/>
	<message comment="Modibo Maiga has shot blocked (18-yard box, Big Chance, Left footed, Open play)" minute="92" period="2" second="45" time="95" type="attempt blocked" type_id="15"/>
	<message comment="Nathan Baker blocks a shot (Last line)" minute="92" period="2" second="45" time="95" type="save made" type_id="10"/>
	<message comment="Andreas Weimann is caught offside" minute="89" period="2" time="92" type="offside" type_id="10000"/>
	<message comment="Carlton Cole is substituted off" minute="80" period="2" second="11" time="83" type="substitution off" type_id="18"/>
	<message comment="Modibo Maiga is substituted on" minute="80" period="2" second="11" time="83" type="substitution on" type_id="19"/>
	<message comment="Carlton Cole misses attempt (18-yard box, Head, Set piece)" minute="77" period="2" second="1" time="80" type="attempt missed" type_id="13"/>
	<message comment="Fabian Delph is substituted off" minute="76" period="2" second="50" time="79" type="substitution off" type_id="18"/>
	<message comment="Barry Bannan is substituted on" minute="76" period="2" second="50" time="79" type="substitution on" type_id="19"/>
	<message comment="Jussi Jääskeläinen makes a save (Collected)" minute="75" period="2" second="52" time="78" type="save made" type_id="10"/>
	<message comment="Ron Vlaar has attempt saved (Low to the left, Out of box, Right footed, Open play)" minute="75" period="2" second="52" time="78" type="attempt blocked" type_id="15"/>
	<message comment="Charles N'Zogbia is substituted off" minute="73" period="2" second="11" time="76" type="substitution off" type_id="18"/>
	<message comment="Gary Gardner is substituted on" minute="73" period="2" second="11" time="76" type="substitution on" type_id="19"/>
	<message comment="Kevin Nolan is substituted off" minute="72" period="2" second="55" time="75" type="substitution off" type_id="18"/>
	<message comment="James Tomkins is substituted on" minute="72" period="2" second="55" time="75" type="substitution on" type_id="19"/>
	<message comment="Darren Bent misses attempt (High to the left, 18-yard box, Head, From corner)" minute="72" period="2" second="14" time="75" type="attempt missed" type_id="13"/>
	<message comment="Charles N'Zogbia wins a corner (To the right)" minute="71" period="2" second="52" time="74" type="corner" type_id="6"/>
	<message comment="George McCartney is substituted off" minute="70" period="2" second="48" time="73" type="substitution off" type_id="18"/>
	<message comment="Joey O'Brien is substituted on" minute="70" period="2" second="48" time="73" type="substitution on" type_id="19"/>
	<message comment="Stephen Ireland wins a corner (To the right)" minute="69" period="2" second="26" time="72" type="corner" type_id="6"/>
	<message comment="Fabian Delph wins a corner (To the right)" minute="69" period="2" second="14" time="72" type="corner" type_id="6"/>
	<message comment="James Collins blocks a shot" minute="69" period="2" second="8" time="72" type="save made" type_id="10"/>
	<message comment="Fabian Delph has shot blocked (Out of box, Left footed, Open play)" minute="69" period="2" second="8" time="72" type="attempt blocked" type_id="15"/>
	<message comment="Ricardo Vaz Tê misses attempt (High to the right, 18-yard box, Right footed, Open play)" minute="64" period="2" second="51" time="67" type="attempt missed" type_id="13"/>
	<message comment="Kevin Nolan has shot blocked (18-yard box, Right footed, Open play)" minute="64" period="2" second="44" time="67" type="attempt blocked" type_id="15"/>
	<message comment="Ron Vlaar blocks a shot" minute="64" period="2" second="44" time="67" type="save made" type_id="10"/>
	<message comment="Ron Vlaar misses attempt (High to the right, 18-yard box, Head, From corner)" minute="63" period="2" second="3" time="66" type="attempt missed" type_id="13"/>
	<message comment="Charles N'Zogbia wins a corner (To the left)" minute="62" period="2" second="43" time="65" type="corner" type_id="6"/>
	<message comment="George McCartney blocks a shot" minute="62" period="2" second="34" time="65" type="save made" type_id="10"/>
	<message comment="Charles N'Zogbia has shot blocked (Out of box, Left footed, Open play)" minute="62" period="2" second="34" time="65" type="attempt blocked" type_id="15"/>
	<message comment="Brett Holman is substituted off" minute="61" period="2" second="8" time="64" type="substitution off" type_id="18"/>
	<message comment="Andreas Weimann is substituted on" minute="61" period="2" second="8" time="64" type="substitution on" type_id="19"/>
	<message comment="Mohamed Diamé misses attempt (High to the left, Out of box, Left footed, Open play)" minute="52" period="2" second="50" time="55" type="attempt missed" type_id="13"/>
	<message comment="Ron Vlaar misses attempt (To the left, Out of box, Right footed, Free kick)" minute="51" period="2" second="47" time="54" type="attempt missed" type_id="13"/>
	<message comment="Matthew Taylor blocks a shot" minute="50" period="2" second="19" time="53" type="save made" type_id="10"/>
	<message comment="Darren Bent has shot blocked (Out of box, Right footed, Open play)" minute="50" period="2" second="19" time="53" type="attempt blocked" type_id="15"/>
	<message comment="Mark Noble wins a corner (To the left)" minute="46" period="2" second="24" time="49" type="corner" type_id="6"/>
	<message comment="George McCartney wins a corner (To the right)" minute="45" period="2" second="51" time="48" type="corner" type_id="6"/>
	<message comment="Jussi Jääskeläinen makes a save" minute="45" period="2" second="34" time="48" type="save made" type_id="10"/>
	<message comment="Stephen Ireland has attempt saved (Low to the left, 18-yard box, Right footed, Throw-in)" minute="45" period="2" second="34" time="48" type="attempt blocked" type_id="15"/>
	<message comment="Second half begins!" minute="45" period="2" second="0" time="48" type="start" type_id="32"/>
	<message comment="First half ends" minute="47" period="1" second="5" time="47" type="end" type_id="30"/>
	<message comment="Darren Bent is caught offside" minute="41" period="1" time="41" type="offside" type_id="10000"/>
	<message comment="GOAL! Kevin Nolan scores , Assisted by Ricardo Vaz Tê (Low to the centre, 6-yard box, Right footed, Set piece)" minute="39" period="1" second="12" time="39" type="goal scored" type_id="16"/>
	<message comment="Ciaran Clark recieves a yellow card" minute="38" period="1" second="21" time="38" type="card received" type_id="17"/>
	<message comment="Ricardo Vaz Tê wins a corner (To the left)" minute="36" period="1" second="27" time="36" type="corner" type_id="6"/>
	<message comment="Kevin Nolan misses attempt (Out of box, Right footed, Free kick)" minute="35" period="1" second="12" time="35" type="attempt missed" type_id="13"/>
	<message comment="Matthew Taylor has shot blocked (Out of box, Left footed, Free kick)" minute="32" period="1" second="33" time="32" type="attempt blocked" type_id="15"/>
	<message comment="Ciaran Clark blocks a shot" minute="32" period="1" second="33" time="32" type="save made" type_id="10"/>
	<message comment="Mark Noble wins a corner (To the right)" minute="30" period="1" second="24" time="30" type="corner" type_id="6"/>
	<message comment="James Collins blocks a shot" minute="21" period="1" second="41" time="21" type="save made" type_id="10"/>
	<message comment="Stephen Ireland has shot blocked (Out of box, Right footed, Open play)" minute="21" period="1" second="41" time="21" type="attempt blocked" type_id="15"/>
	<message comment="James Collins blocks a shot" minute="21" period="1" second="38" time="21" type="save made" type_id="10"/>
	<message comment="Karim El Ahmadi has shot blocked (18-yard box, Right footed, Open play)" minute="21" period="1" second="38" time="21" type="attempt blocked" type_id="15"/>
	<message comment="Carlton Cole wins a corner (To the left)" minute="16" period="1" second="50" time="16" type="corner" type_id="6"/>
	<message comment="Karim El Ahmadi misses attempt (High to the right, Out of box, Right footed, Open play)" minute="10" period="1" second="42" time="10" type="attempt missed" type_id="13"/>
	<message comment="Formation Set" minute="0" period="14" second="0" time="6" type="end" type_id="30"/>
	<message comment="Winston Reid blocks a shot" minute="5" period="1" second="44" time="5" type="save made" type_id="10"/>
	<message comment="Brett Holman has shot blocked (Out of box, Right footed, Open play)" minute="5" period="1" second="44" time="5" type="attempt blocked" type_id="15"/>
	<message comment="Brett Holman misses attempt (To the right, Out of box, Left footed, Throw-in)" minute="2" period="1" second="36" time="2" type="attempt missed" type_id="13"/>
	<message comment="First half begins!" minute="0" period="1" second="0" time="0" type="start" type_id="32"/>
</Commentary>
