<?xml version="1.0" ?>
<Commentary away_team_name="West Bromwich Albion" competition="English Premier League" game_date="2011-12-10" home_team_name="Wigan" lang_id="en" season="Season 2011/2012" season_id="2011" sport_id="1" sport_name="Football">
	<message comment="Second half ends" minute="94" period="2" second="14" time="96" type="end" type_id="30"/>
	<message comment="Mohamed Diamé blocks a shot" minute="93" period="2" second="16" time="95" type="save made" type_id="10"/>
	<message comment="Steven Reid has shot blocked (Out of box, Right footed, Free kick)" minute="93" period="2" second="16" time="95" type="attempt blocked" type_id="15"/>
	<message comment="Shane Long is caught offside" minute="93" period="2" time="95" type="offside" type_id="10000"/>
	<message comment="Jordi Gómez is caught offside" minute="91" period="2" time="93" type="offside" type_id="10000"/>
	<message comment="Steven Reid wins a corner (To the right)" minute="90" period="2" second="6" time="92" type="corner" type_id="6"/>
	<message comment="Franco Di Santo misses attempt (To the left, Out of box, Right footed, Open play)" minute="89" period="2" second="44" time="91" type="attempt missed" type_id="13"/>
	<message comment="Graham Dorrans recieves a yellow card" minute="87" period="2" second="16" time="89" type="card received" type_id="17"/>
	<message comment="Paul Scharner misses attempt (6-yard box, Big Chance, Head, Open play)" minute="86" period="2" second="11" time="88" type="attempt missed" type_id="13"/>
	<message comment="Jonas Olsson misses attempt (High to the left, 18-yard box, Head, From corner)" minute="84" period="2" second="58" time="86" type="attempt missed" type_id="13"/>
	<message comment="Paul Scharner wins a corner (To the right)" minute="84" period="2" second="28" time="86" type="corner" type_id="6"/>
	<message comment="James McCarthy blocks a shot" minute="84" period="2" second="27" time="86" type="save made" type_id="10"/>
	<message comment="Paul Scharner has shot blocked (18-yard box, Left footed, Open play)" minute="84" period="2" second="27" time="86" type="attempt blocked" type_id="15"/>
	<message comment="James Morrison is substituted off" minute="83" period="2" second="47" time="85" type="substitution off" type_id="18"/>
	<message comment="Paul Scharner is substituted on" minute="83" period="2" second="47" time="85" type="substitution on" type_id="19"/>
	<message comment="Gary Caldwell blocks a shot" minute="83" period="2" second="1" time="85" type="save made" type_id="10"/>
	<message comment="Chris Brunt has shot blocked (18-yard box, Left footed, Open play)" minute="83" period="2" second="1" time="85" type="attempt blocked" type_id="15"/>
	<message comment="Peter Odemwingie is substituted off" minute="80" period="2" second="12" time="82" type="substitution off" type_id="18"/>
	<message comment="Somen Tchoyi is substituted on" minute="80" period="2" second="12" time="82" type="substitution on" type_id="19"/>
	<message comment="Conor Sammon is substituted off" minute="79" period="2" second="48" time="81" type="substitution off" type_id="18"/>
	<message comment="Franco Di Santo is substituted on" minute="79" period="2" second="48" time="81" type="substitution on" type_id="19"/>
	<message comment="Shane Long is caught offside" minute="78" period="2" time="80" type="offside" type_id="10000"/>
	<message comment="Victor Moses has shot blocked (Out of box, Right footed, Fast break)" minute="75" period="2" second="25" time="77" type="attempt blocked" type_id="15"/>
	<message comment="Gareth McAuley blocks a shot" minute="75" period="2" second="25" time="77" type="save made" type_id="10"/>
	<message comment="Steven Reid wins a corner (To the right)" minute="72" period="2" second="29" time="74" type="corner" type_id="6"/>
	<message comment="Steven Reid wins a corner (To the left)" minute="70" period="2" second="24" time="72" type="corner" type_id="6"/>
	<message comment="Steven Reid has shot blocked (Out of box, Right footed, Open play)" minute="70" period="2" second="22" time="72" type="attempt blocked" type_id="15"/>
	<message comment="James McCarthy blocks a shot" minute="70" period="2" second="22" time="72" type="save made" type_id="10"/>
	<message comment="Ronnie Stam is substituted off" minute="69" period="2" second="56" time="71" type="substitution off" type_id="18"/>
	<message comment="James McArthur is substituted on" minute="69" period="2" second="56" time="71" type="substitution on" type_id="19"/>
	<message comment="Jerome Thomas has shot blocked (Out of box, Right footed, Open play)" minute="68" period="2" second="33" time="70" type="attempt blocked" type_id="15"/>
	<message comment="James McCarthy blocks a shot" minute="68" period="2" second="33" time="70" type="save made" type_id="10"/>
	<message comment="Shane Long wins a corner (To the right)" minute="67" period="2" second="35" time="69" type="corner" type_id="6"/>
	<message comment="Shane Long has attempt saved (Low to the right, 18-yard box, Head, Open play)" minute="67" period="2" second="21" time="69" type="attempt blocked" type_id="15"/>
	<message comment="Ali Al Habsi makes a save (Diving, Parried safe)" minute="67" period="2" second="21" time="69" type="save made" type_id="10"/>
	<message comment="Antolín Alcaraz is substituted off" minute="66" period="2" second="41" time="68" type="substitution off" type_id="18"/>
	<message comment="Steve Gohouri is substituted on" minute="66" period="2" second="41" time="68" type="substitution on" type_id="19"/>
	<message comment="Youssouf Mulumbu is substituted off" minute="66" period="2" second="15" time="68" type="substitution off" type_id="18"/>
	<message comment="Graham Dorrans is substituted on" minute="66" period="2" second="15" time="68" type="substitution on" type_id="19"/>
	<message comment="Ben Foster makes a save (Parried safe, Standing)" minute="62" period="2" second="56" time="64" type="save made" type_id="10"/>
	<message comment="Victor Moses has attempt saved (High to the left, Out of box, Right footed, Open play)" minute="62" period="2" second="56" time="64" type="attempt blocked" type_id="15"/>
	<message comment="Shane Long misses attempt (To the right, 18-yard box, Right footed, Open play)" minute="62" period="2" second="39" time="64" type="attempt missed" type_id="13"/>
	<message comment="Ben Foster makes a save" minute="62" period="2" second="7" time="64" type="save made" type_id="10"/>
	<message comment="Jordi Gómez has attempt saved (Low to the centre, Out of box, Left footed, Open play)" minute="62" period="2" second="7" time="64" type="attempt blocked" type_id="15"/>
	<message comment="Jonas Olsson misses attempt (18-yard box, Head, From corner)" minute="60" period="2" second="5" time="62" type="attempt missed" type_id="13"/>
	<message comment="James Morrison wins a corner (To the right)" minute="59" period="2" second="49" time="61" type="corner" type_id="6"/>
	<message comment="Peter Odemwingie wins a corner (To the right)" minute="58" period="2" second="55" time="60" type="corner" type_id="6"/>
	<message comment="Peter Odemwingie has shot blocked (18-yard box, Left footed, Open play)" minute="58" period="2" second="53" time="60" type="attempt blocked" type_id="15"/>
	<message comment="Maynor Figueroa blocks a shot" minute="58" period="2" second="53" time="60" type="save made" type_id="10"/>
	<message comment="GOAL! Jordi Gómez scores  (Low to the right, 18-yard box, Penalty, Left footed)" minute="56" period="2" second="28" time="58" type="goal scored" type_id="16"/>
	<message comment="Steven Reid blocks a shot" minute="55" period="2" second="23" time="57" type="save made" type_id="10"/>
	<message comment="David Jones has shot blocked (Out of box, Left footed, Free kick)" minute="55" period="2" second="23" time="57" type="attempt blocked" type_id="15"/>
	<message comment="Steven Reid recieves a yellow card" minute="52" period="2" second="7" time="54" type="card received" type_id="17"/>
	<message comment="Shane Long misses attempt (To the left, 18-yard box, Head, From corner)" minute="46" period="2" second="36" time="48" type="attempt missed" type_id="13"/>
	<message comment="Peter Odemwingie wins a corner (To the right)" minute="46" period="2" second="10" time="48" type="corner" type_id="6"/>
	<message comment="Second half begins!" minute="45" period="2" second="0" time="47" type="start" type_id="32"/>
	<message comment="First half ends" minute="46" period="1" second="25" time="46" type="end" type_id="30"/>
	<message comment="Maynor Figueroa wins a corner (To the right)" minute="42" period="1" second="36" time="42" type="corner" type_id="6"/>
	<message comment="GOAL! Victor Moses scores  (High to the right, 18-yard box, Right footed, Open play)" minute="36" period="1" second="57" time="36" type="goal scored" type_id="16"/>
	<message comment="Victor Moses misses attempt (Out of box, Right footed, Open play)" minute="35" period="1" second="11" time="35" type="attempt missed" type_id="13"/>
	<message comment="Peter Odemwingie wins a corner (To the left)" minute="33" period="1" second="42" time="33" type="corner" type_id="6"/>
	<message comment="Gary Caldwell blocks a shot" minute="33" period="1" second="41" time="33" type="save made" type_id="10"/>
	<message comment="Peter Odemwingie has shot blocked (18-yard box, Left footed, Open play)" minute="33" period="1" second="41" time="33" type="attempt blocked" type_id="15"/>
	<message comment="GOAL! Steven Reid scores  (High to the left, Out of box, Right footed, Free kick)" minute="32" period="1" second="6" time="32" type="goal scored" type_id="16"/>
	<message comment="Gareth McAuley wins a corner (To the left)" minute="28" period="1" second="9" time="28" type="corner" type_id="6"/>
	<message comment="Gary Caldwell blocks a shot" minute="28" period="1" second="7" time="28" type="save made" type_id="10"/>
	<message comment="Gareth McAuley has shot blocked (18-yard box, Head, From corner)" minute="28" period="1" second="7" time="28" type="attempt blocked" type_id="15"/>
	<message comment="Gareth McAuley wins a corner (To the left)" minute="27" period="1" second="36" time="27" type="corner" type_id="6"/>
	<message comment="Jerome Thomas wins a corner (To the right)" minute="27" period="1" second="1" time="27" type="corner" type_id="6"/>
	<message comment="Gary Caldwell blocks a shot" minute="26" period="1" second="59" time="26" type="save made" type_id="10"/>
	<message comment="Jerome Thomas has shot blocked (18-yard box, Left footed, Open play)" minute="26" period="1" second="59" time="26" type="attempt blocked" type_id="15"/>
	<message comment="Victor Moses misses attempt (Out of box, Right footed, Open play)" minute="23" period="1" second="32" time="23" type="attempt missed" type_id="13"/>
	<message comment="Jerome Thomas is caught offside" minute="22" period="1" time="22" type="offside" type_id="10000"/>
	<message comment="Jordi Gómez recieves a yellow card" minute="20" period="1" second="23" time="20" type="card received" type_id="17"/>
	<message comment="Victor Moses wins a corner (To the left)" minute="17" period="1" second="33" time="17" type="corner" type_id="6"/>
	<message comment="Gary Caldwell blocks a shot" minute="12" period="1" second="58" time="12" type="save made" type_id="10"/>
	<message comment="Jerome Thomas has shot blocked (18-yard box, Right footed, Open play)" minute="12" period="1" second="58" time="12" type="attempt blocked" type_id="15"/>
	<message comment="Peter Odemwingie misses attempt (6-yard box, Left footed, Open play)" minute="11" period="1" second="34" time="11" type="attempt missed" type_id="13"/>
	<message comment="Conor Sammon has shot blocked (Out of box, Right footed, Open play)" minute="8" period="1" second="48" time="8" type="attempt blocked" type_id="15"/>
	<message comment="Jonas Olsson blocks a shot" minute="8" period="1" second="48" time="8" type="save made" type_id="10"/>
	<message comment="James McCarthy blocks a shot" minute="6" period="1" second="23" time="6" type="save made" type_id="10"/>
	<message comment="Peter Odemwingie has shot blocked (Out of box, Left footed, Open play)" minute="6" period="1" second="23" time="6" type="attempt blocked" type_id="15"/>
	<message comment="Formation Set" minute="0" period="14" second="0" time="6" type="end" type_id="30"/>
	<message comment="Jonas Olsson misses attempt (To the left, 18-yard box, Head, From corner)" minute="3" period="1" second="5" time="3" type="attempt missed" type_id="13"/>
	<message comment="Jonas Olsson misses attempt (To the right, 6-yard box, Head, From corner)" minute="2" period="1" second="58" time="2" type="attempt missed" type_id="13"/>
	<message comment="Chris Brunt wins a corner (To the right)" minute="2" period="1" second="30" time="2" type="corner" type_id="6"/>
	<message comment="Ali Al Habsi makes a save (Parried safe)" minute="2" period="1" second="26" time="2" type="save made" type_id="10"/>
	<message comment="Chris Brunt has attempt saved (High to the centre, Out of box, Left footed, Set piece)" minute="2" period="1" second="26" time="2" type="attempt blocked" type_id="15"/>
	<message comment="Chris Brunt misses attempt (High to the right, 18-yard box, Left footed, Open play)" minute="1" period="1" second="4" time="1" type="attempt missed" type_id="13"/>
	<message comment="Conor Sammon is caught offside" minute="0" period="1" time="0" type="offside" type_id="10000"/>
	<message comment="First half begins!" minute="0" period="1" second="0" time="0" type="start" type_id="32"/>
</Commentary>
