<?xml version="1.0" ?>
<Commentary away_team_name="West Bromwich Albion" competition="English Premier League" game_date="2014-03-29" home_team_name="Cardiff" lang_id="en" season="Season 2013/2014" season_id="2013" sport_id="1" sport_name="Football">
	<message comment="Second half ends" minute="96" period="2" second="0" time="100" type="end" type_id="30"/>
	<message comment="GOAL! Mats Møller Dæhli scores , Assisted by Ben Turner (High to the left, 18-yard box, Right footed, Open play)" minute="94" period="2" second="58" time="98" type="goal scored" type_id="16"/>
	<message comment="GOAL! Thievy scores  (Low to the left, 6-yard box, Left footed, Open play)" minute="93" period="2" second="6" time="97" type="goal scored" type_id="16"/>
	<message comment="Zoltán Gera misses attempt (To the right, 18-yard box, Right footed, Open play)" minute="91" period="2" second="48" time="95" type="attempt missed" type_id="13"/>
	<message comment="Fraizer Campbell is caught offside" minute="88" period="2" time="92" type="offside" type_id="10000"/>
	<message comment="Gary Medel is substituted off" minute="87" period="2" second="14" time="91" type="substitution off" type_id="18"/>
	<message comment="Peter Whittingham is substituted on" minute="87" period="2" second="14" time="91" type="substitution on" type_id="19"/>
	<message comment="Craig Bellamy is caught offside" minute="86" period="2" time="90" type="offside" type_id="10000"/>
	<message comment="Zoltán Gera is substituted on" minute="84" period="2" second="48" time="88" type="substitution on" type_id="19"/>
	<message comment="Graham Dorrans is substituted off" minute="84" period="2" second="48" time="88" type="substitution off" type_id="18"/>
	<message comment="Saido Berahino is caught offside" minute="80" period="2" time="84" type="offside" type_id="10000"/>
	<message comment="Ben Foster makes a save (Collected)" minute="79" period="2" second="28" time="83" type="save made" type_id="10"/>
	<message comment="Mats Møller Dæhli has attempt saved (Low to the left, 18-yard box, Right footed, Open play)" minute="79" period="2" second="28" time="83" type="attempt blocked" type_id="15"/>
	<message comment="Craig Bellamy recieves a yellow card" minute="77" period="2" second="50" time="81" type="card received" type_id="17"/>
	<message comment="Matej Vydra is substituted off" minute="77" period="2" second="25" time="81" type="substitution off" type_id="18"/>
	<message comment="Thievy is substituted on" minute="77" period="2" second="25" time="81" type="substitution on" type_id="19"/>
	<message comment="Gareth McAuley blocks a shot" minute="76" period="2" second="49" time="80" type="save made" type_id="10"/>
	<message comment="Fraizer Campbell has shot blocked (Out of box, Left footed, Open play)" minute="76" period="2" second="49" time="80" type="attempt blocked" type_id="15"/>
	<message comment="Craig Dawson misses attempt (To the right, 18-yard box, Head, Set piece)" minute="75" period="2" second="27" time="79" type="attempt missed" type_id="13"/>
	<message comment="GOAL! Steven Caulker scores , Assisted by Gary Medel (High to the right, 18-yard box, Head, Set piece)" minute="72" period="2" second="48" time="76" type="goal scored" type_id="16"/>
	<message comment="Morgan Amalfitano is substituted off" minute="71" period="2" second="27" time="75" type="substitution off" type_id="18"/>
	<message comment="Saido Berahino is substituted on" minute="71" period="2" second="27" time="75" type="substitution on" type_id="19"/>
	<message comment="James Morrison blocks a shot" minute="67" period="2" second="33" time="71" type="save made" type_id="10"/>
	<message comment="Jordon Mutch has shot blocked (Out of box, Right footed, Open play)" minute="67" period="2" second="33" time="71" type="attempt blocked" type_id="15"/>
	<message comment="Graham Dorrans recieves a yellow card" minute="63" period="2" second="13" time="67" type="card received" type_id="17"/>
	<message comment="Ben Foster makes a save (Parried safe, Standing)" minute="62" period="2" second="50" time="66" type="save made" type_id="10"/>
	<message comment="Fraizer Campbell has attempt saved (Low to the centre, Out of box, Right footed, Open play)" minute="62" period="2" second="50" time="66" type="attempt blocked" type_id="15"/>
	<message comment="Graham Dorrans has shot blocked (Out of box, Right footed, Fast break)" minute="59" period="2" second="13" time="63" type="attempt blocked" type_id="15"/>
	<message comment="Steven Caulker blocks a shot" minute="59" period="2" second="13" time="63" type="save made" type_id="10"/>
	<message comment="James Morrison blocks a shot" minute="56" period="2" second="19" time="60" type="save made" type_id="10"/>
	<message comment="Jordon Mutch has shot blocked (Out of box, Right footed, Free kick)" minute="56" period="2" second="19" time="60" type="attempt blocked" type_id="15"/>
	<message comment="Craig Dawson blocks a shot" minute="53" period="2" second="21" time="57" type="save made" type_id="10"/>
	<message comment="Craig Bellamy has shot blocked (18-yard box, Left footed, Open play)" minute="53" period="2" second="21" time="57" type="attempt blocked" type_id="15"/>
	<message comment="James Morrison misses attempt (High to the right, 18-yard box, Right footed, Open play)" minute="51" period="2" second="12" time="55" type="attempt missed" type_id="13"/>
	<message comment="Matej Vydra has attempt saved (Low to the centre, 18-yard box, Right footed, Open play)" minute="51" period="2" second="10" time="55" type="attempt blocked" type_id="15"/>
	<message comment="David Marshall makes a save (Parried into danger, Standing)" minute="51" period="2" second="10" time="55" type="save made" type_id="10"/>
	<message comment="Matej Vydra is caught offside" minute="51" period="2" time="55" type="offside" type_id="10000"/>
	<message comment="Youssouf Mulumbu has shot blocked (Out of box, Right footed, Set piece)" minute="49" period="2" second="30" time="53" type="attempt blocked" type_id="15"/>
	<message comment="Craig Dawson misses attempt (High, 18-yard box, Left footed, From corner)" minute="47" period="2" second="37" time="51" type="attempt missed" type_id="13"/>
	<message comment="Liam Ridgewell wins a corner (To the left)" minute="46" period="2" second="42" time="50" type="corner" type_id="6"/>
	<message comment="Aron Gunnarsson is substituted off" minute="45" period="2" second="0" time="49" type="substitution off" type_id="18"/>
	<message comment="Mats Møller Dæhli is substituted on" minute="45" period="2" second="0" time="49" type="substitution on" type_id="19"/>
	<message comment="Second half begins!" minute="45" period="2" second="0" time="49" type="start" type_id="32"/>
	<message comment="First half ends" minute="48" period="1" second="2" time="48" type="end" type_id="30"/>
	<message comment="Graham Dorrans misses attempt (High, Out of box, Right footed, Free kick)" minute="42" period="1" second="57" time="42" type="attempt missed" type_id="13"/>
	<message comment="Gary Medel misses attempt (To the right, Out of box, Right footed, Open play)" minute="41" period="1" second="4" time="41" type="attempt missed" type_id="13"/>
	<message comment="Liam Ridgewell wins a corner (To the left)" minute="39" period="1" second="49" time="39" type="corner" type_id="6"/>
	<message comment="Youssouf Mulumbu has attempt saved (Low to the left, Out of box, Right footed, Open play)" minute="37" period="1" second="48" time="37" type="attempt blocked" type_id="15"/>
	<message comment="David Marshall makes a save (Collected, Diving)" minute="37" period="1" second="48" time="37" type="save made" type_id="10"/>
	<message comment="Fabio is substituted off" minute="35" period="1" second="51" time="35" type="substitution off" type_id="18"/>
	<message comment="Wilfried Zaha is substituted on" minute="35" period="1" second="51" time="35" type="substitution on" type_id="19"/>
	<message comment="GOAL! Jordon Mutch scores , Assisted by Aron Gunnarsson (High to the left, Out of box, Left footed, Open play)" minute="29" period="1" second="49" time="29" type="goal scored" type_id="16"/>
	<message comment="Andrew Taylor has shot blocked (Out of box, Left footed, Open play)" minute="29" period="1" second="42" time="29" type="attempt blocked" type_id="15"/>
	<message comment="Gareth McAuley blocks a shot" minute="29" period="1" second="42" time="29" type="save made" type_id="10"/>
	<message comment="Matej Vydra wins a corner (To the left)" minute="27" period="1" second="11" time="27" type="corner" type_id="6"/>
	<message comment="Fraizer Campbell wins a corner (To the right)" minute="22" period="1" second="12" time="22" type="corner" type_id="6"/>
	<message comment="Ben Turner blocks a shot" minute="21" period="1" second="35" time="21" type="save made" type_id="10"/>
	<message comment="Matej Vydra has shot blocked (6-yard box, Left footed, Open play)" minute="21" period="1" second="35" time="21" type="attempt blocked" type_id="15"/>
	<message comment="Formation Set" minute="0" period="14" second="0" time="10" type="end" type_id="30"/>
	<message comment="GOAL! Graham Dorrans scores , Assisted by Matej Vydra (Low to the centre, 18-yard box, Big Chance, Right footed, Open play)" minute="8" period="1" second="29" time="8" type="goal scored" type_id="16"/>
	<message comment="Morgan Amalfitano misses attempt (To the left, Out of box, Right footed, From corner)" minute="5" period="1" second="27" time="5" type="attempt missed" type_id="13"/>
	<message comment="James Morrison wins a corner (To the left)" minute="5" period="1" second="0" time="5" type="corner" type_id="6"/>
	<message comment="David Marshall makes a save (Parried safe, Diving)" minute="4" period="1" second="58" time="4" type="save made" type_id="10"/>
	<message comment="James Morrison has attempt saved (Low to the left, 18-yard box, Right footed, Open play)" minute="4" period="1" second="58" time="4" type="attempt blocked" type_id="15"/>
	<message comment="GOAL! Morgan Amalfitano scores  (Low to the left, Out of box, Right footed, Open play)" minute="1" period="1" second="47" time="1" type="goal scored" type_id="16"/>
	<message comment="Steven Caulker blocks a shot" minute="0" period="1" second="24" time="0" type="save made" type_id="10"/>
	<message comment="Stéphane Sessegnon has shot blocked (Out of box, Right footed, Open play)" minute="0" period="1" second="24" time="0" type="attempt blocked" type_id="15"/>
	<message comment="First half begins!" minute="0" period="1" second="0" time="0" type="start" type_id="32"/>
</Commentary>
