<?xml version="1.0" ?>
<Commentary away_team_name="West Bromwich Albion" competition="English Premier League" game_date="2011-03-19" home_team_name="Arsenal" lang_id="en" season="Season 2010/2011" season_id="2010" sport_id="1" sport_name="Football">
	<message comment="Second half ends" minute="94" period="2" second="26" time="99" type="end" type_id="30"/>
	<message comment="Bacary Sagna wins a corner (To the right)" minute="94" period="2" second="5" time="99" type="corner" type_id="6"/>
	<message comment="Nicky Shorey blocks a shot" minute="94" period="2" second="2" time="99" type="save made" type_id="10"/>
	<message comment="Bacary Sagna has shot blocked (Out of box, Right footed, Open play)" minute="94" period="2" second="2" time="99" type="attempt blocked" type_id="15"/>
	<message comment="Abdoulaye Méité blocks a shot" minute="93" period="2" second="24" time="98" type="save made" type_id="10"/>
	<message comment="Marouane Chamakh has shot blocked (18-yard box, Right footed, From corner)" minute="93" period="2" second="24" time="98" type="attempt blocked" type_id="15"/>
	<message comment="Gaël Clichy wins a corner (To the left)" minute="93" period="2" second="5" time="98" type="corner" type_id="6"/>
	<message comment="Scott Carson makes a save (Diving, Parried safe)" minute="93" period="2" second="2" time="98" type="save made" type_id="10"/>
	<message comment="Gaël Clichy has attempt saved (Low to the left, 18-yard box, Left footed, Open play)" minute="92" period="2" second="59" time="97" type="attempt blocked" type_id="15"/>
	<message comment="Jack Wilshere misses attempt (High to the left, Out of box, Left footed, Open play)" minute="91" period="2" second="44" time="96" type="attempt missed" type_id="13"/>
	<message comment="Samir Nasri wins a corner (To the left)" minute="87" period="2" second="54" time="92" type="corner" type_id="6"/>
	<message comment="Abdoulaye Méité blocks a shot" minute="84" period="2" second="0" time="89" type="save made" type_id="10"/>
	<message comment="Jack Wilshere has shot blocked (18-yard box, Left footed, Open play)" minute="84" period="2" second="0" time="89" type="attempt blocked" type_id="15"/>
	<message comment="Robin van Persie misses attempt (6-yard box, Head, From corner)" minute="82" period="2" second="55" time="87" type="attempt missed" type_id="13"/>
	<message comment="Robin van Persie wins a corner (To the left)" minute="82" period="2" second="34" time="87" type="corner" type_id="6"/>
	<message comment="Marc-Antoine Fortuné wins a corner (To the right)" minute="81" period="2" second="28" time="86" type="corner" type_id="6"/>
	<message comment="Marc-Antoine Fortuné has shot blocked (18-yard box, Left footed, Open play)" minute="81" period="2" second="24" time="86" type="attempt blocked" type_id="15"/>
	<message comment="Sébastien Squillaci blocks a shot" minute="81" period="2" second="24" time="86" type="save made" type_id="10"/>
	<message comment="Samir Nasri recieves a yellow card" minute="80" period="2" second="36" time="85" type="card received" type_id="17"/>
	<message comment="GOAL! Robin van Persie scores  (Low to the left, 6-yard box, Left footed, Open play)" minute="77" period="2" second="54" time="82" type="goal scored" type_id="16"/>
	<message comment="Peter Odemwingie is substituted off" minute="74" period="2" second="3" time="79" type="substitution off" type_id="18"/>
	<message comment="Marc-Antoine Fortuné is substituted on" minute="74" period="2" second="3" time="79" type="substitution on" type_id="19"/>
	<message comment="Peter Odemwingie is caught offside" minute="71" period="2" time="76" type="offside" type_id="10000"/>
	<message comment="GOAL! Andrey Arshavin scores , Assisted by Marouane Chamakh (Low to the right, 18-yard box, Left footed, Open play)" minute="69" period="2" second="54" time="74" type="goal scored" type_id="16"/>
	<message comment="Steven Reid blocks a shot" minute="67" period="2" second="26" time="72" type="save made" type_id="10"/>
	<message comment="Andrey Arshavin has shot blocked (18-yard box, Left footed, Open play)" minute="67" period="2" second="26" time="72" type="attempt blocked" type_id="15"/>
	<message comment="Robin van Persie misses attempt (High to the left, Out of box, Left footed, Free kick)" minute="66" period="2" second="41" time="71" type="attempt missed" type_id="13"/>
	<message comment="Laurent Koscielny recieves a yellow card" minute="60" period="2" second="20" time="65" type="card received" type_id="17"/>
	<message comment="GOAL! Peter Odemwingie scores , Assisted by Youssouf Mulumbu (Low to the left, Out of box, Left footed, Fast break)" minute="57" period="2" second="43" time="62" type="goal scored" type_id="16"/>
	<message comment="Aaron Ramsey is substituted off" minute="57" period="2" second="15" time="62" type="substitution off" type_id="18"/>
	<message comment="Nicklas Bendtner is substituted on" minute="57" period="2" second="15" time="62" type="substitution on" type_id="19"/>
	<message comment="Robin van Persie misses attempt (To the right, 18-yard box, Head, Throw-in)" minute="56" period="2" second="13" time="61" type="attempt missed" type_id="13"/>
	<message comment="Chris Brunt misses attempt (6-yard box, Big Chance, Right footed, Open play)" minute="53" period="2" second="40" time="58" type="attempt missed" type_id="13"/>
	<message comment="Scott Carson makes a save (Standing)" minute="51" period="2" second="52" time="56" type="save made" type_id="10"/>
	<message comment="Marouane Chamakh has attempt saved (High to the left, 18-yard box, Head, Open play)" minute="51" period="2" second="52" time="56" type="attempt blocked" type_id="15"/>
	<message comment="Paul Scharner is substituted off" minute="45" period="2" second="0" time="50" type="substitution off" type_id="18"/>
	<message comment="Marek Cech is substituted on" minute="45" period="2" second="0" time="50" type="substitution on" type_id="19"/>
	<message comment="Denilson is substituted off" minute="45" period="2" second="0" time="50" type="substitution off" type_id="18"/>
	<message comment="Marouane Chamakh is substituted on" minute="45" period="2" second="0" time="50" type="substitution on" type_id="19"/>
	<message comment="Second half begins!" minute="45" period="2" second="0" time="50" type="start" type_id="32"/>
	<message comment="First half ends" minute="49" period="1" second="5" time="49" type="end" type_id="30"/>
	<message comment="Robin van Persie misses attempt (To the left, Out of box, Left footed, Open play)" minute="46" period="1" second="35" time="46" type="attempt missed" type_id="13"/>
	<message comment="James Morrison is caught offside" minute="43" period="1" time="43" type="offside" type_id="10000"/>
	<message comment="Samir Nasri is caught offside" minute="39" period="1" time="39" type="offside" type_id="10000"/>
	<message comment="Denilson recieves a yellow card" minute="36" period="1" second="0" time="36" type="card received" type_id="17"/>
	<message comment="Andrey Arshavin is caught offside" minute="33" period="1" time="33" type="offside" type_id="10000"/>
	<message comment="Samir Nasri wins a corner (To the left)" minute="28" period="1" second="36" time="28" type="corner" type_id="6"/>
	<message comment="Andrey Arshavin wins a corner (To the left)" minute="28" period="1" second="13" time="28" type="corner" type_id="6"/>
	<message comment="Scott Carson makes a save (Standing)" minute="27" period="1" second="33" time="27" type="save made" type_id="10"/>
	<message comment="Jack Wilshere has attempt saved (Low to the right, Out of box, Left footed, Open play)" minute="27" period="1" second="33" time="27" type="attempt blocked" type_id="15"/>
	<message comment="Denilson misses attempt (To the right, Out of box, Right footed, Open play)" minute="25" period="1" second="21" time="25" type="attempt missed" type_id="13"/>
	<message comment="Scott Carson makes a save (Diving, Parried into danger)" minute="24" period="1" second="57" time="24" type="save made" type_id="10"/>
	<message comment="Aaron Ramsey has attempt saved (Low to the centre, 6-yard box, Big Chance, Left footed, Open play)" minute="24" period="1" second="57" time="24" type="attempt blocked" type_id="15"/>
	<message comment="Robin van Persie hits the woodwork (High, 18-yard box, Head, Open play)" minute="24" period="1" second="54" time="24" type="woodwork hit" type_id="14"/>
	<message comment="Peter Odemwingie is caught offside" minute="22" period="1" time="22" type="offside" type_id="10000"/>
	<message comment="Andrey Arshavin wins a corner (To the left)" minute="18" period="1" second="1" time="18" type="corner" type_id="6"/>
	<message comment="Abdoulaye Méité recieves a yellow card" minute="17" period="1" second="7" time="17" type="card received" type_id="17"/>
	<message comment="Peter Odemwingie is caught offside" minute="16" period="1" time="16" type="offside" type_id="10000"/>
	<message comment="Formation Set" minute="0" period="14" second="0" time="9" type="end" type_id="30"/>
	<message comment="Gaël Clichy is caught offside" minute="6" period="1" time="6" type="offside" type_id="10000"/>
	<message comment="GOAL! Steven Reid scores , Assisted by Chris Brunt (High to the centre, 18-yard box, Head, From corner)" minute="2" period="1" second="47" time="2" type="goal scored" type_id="16"/>
	<message comment="Nicky Shorey wins a corner (To the left)" minute="2" period="1" second="21" time="2" type="corner" type_id="6"/>
	<message comment="Peter Odemwingie is caught offside" minute="0" period="1" time="0" type="offside" type_id="10000"/>
	<message comment="First half begins!" minute="0" period="1" second="0" time="0" type="start" type_id="32"/>
</Commentary>
