<?xml version="1.0" ?>
<Commentary away_team_name="West Ham" competition="English Premier League" game_date="2011-05-07" home_team_name="Blackburn" lang_id="en" season="Season 2010/2011" season_id="2010" sport_id="1" sport_name="Football">
	<message comment="Second half ends" minute="95" period="2" second="0" time="98" type="end" type_id="30"/>
	<message comment="Demba Ba is caught offside" minute="94" period="2" time="97" type="offside" type_id="10000"/>
	<message comment="Mame Biram Diouf is substituted off" minute="93" period="2" second="20" time="96" type="substitution off" type_id="18"/>
	<message comment="Rubén Rochina is substituted on" minute="93" period="2" second="20" time="96" type="substitution on" type_id="19"/>
	<message comment="Jack Collison misses attempt (High to the right, Out of box, Right footed, From corner)" minute="92" period="2" second="56" time="95" type="attempt missed" type_id="13"/>
	<message comment="Carlton Cole wins a corner (To the right)" minute="92" period="2" second="36" time="95" type="corner" type_id="6"/>
	<message comment="Christopher Samba blocks a shot" minute="92" period="2" second="33" time="95" type="save made" type_id="10"/>
	<message comment="Carlton Cole has shot blocked (6-yard box, Right footed, Throw-in)" minute="92" period="2" second="33" time="95" type="attempt blocked" type_id="15"/>
	<message comment="Christopher Samba blocks a shot" minute="91" period="2" second="54" time="94" type="save made" type_id="10"/>
	<message comment="Demba Ba has shot blocked (18-yard box, Right footed, Open play)" minute="91" period="2" second="54" time="94" type="attempt blocked" type_id="15"/>
	<message comment="Gaël Givet blocks a shot" minute="90" period="2" second="13" time="93" type="save made" type_id="10"/>
	<message comment="Thomas Hitzlsperger has shot blocked (Out of box, Left footed, Set piece)" minute="90" period="2" second="13" time="93" type="attempt blocked" type_id="15"/>
	<message comment="Robbie Keane misses attempt (To the right, 6-yard box, Big Chance, Right footed, Open play)" minute="87" period="2" second="23" time="90" type="attempt missed" type_id="13"/>
	<message comment="Paul Robinson makes a save (Collected)" minute="84" period="2" second="33" time="87" type="save made" type_id="10"/>
	<message comment="Manuel da Costa has attempt saved (High to the left, 18-yard box, Right footed, Set piece)" minute="84" period="2" second="33" time="87" type="attempt blocked" type_id="15"/>
	<message comment="GOAL! Thomas Hitzlsperger scores , Assisted by Carlton Cole (Low to the right, Out of box, Left footed, Open play)" minute="77" period="2" second="52" time="80" type="goal scored" type_id="16"/>
	<message comment="Demba Ba misses attempt (18-yard box, Head, Open play)" minute="76" period="2" second="32" time="79" type="attempt missed" type_id="13"/>
	<message comment="Wayne Bridge misses attempt (To the left, Out of box, Right footed, Open play)" minute="71" period="2" second="44" time="74" type="attempt missed" type_id="13"/>
	<message comment="Jermaine Jones misses attempt (To the right, Out of box, Left footed, Set piece)" minute="69" period="2" second="22" time="72" type="attempt missed" type_id="13"/>
	<message comment="David Junior Hoilett is substituted off" minute="69" period="2" second="0" time="72" type="substitution off" type_id="18"/>
	<message comment="Keith Andrews is substituted on" minute="69" period="2" second="0" time="72" type="substitution on" type_id="19"/>
	<message comment="Jason Roberts is substituted off" minute="68" period="2" second="45" time="71" type="substitution off" type_id="18"/>
	<message comment="Roque Santa Cruz is substituted on" minute="68" period="2" second="45" time="71" type="substitution on" type_id="19"/>
	<message comment="Jonathan Spector recieves a yellow card" minute="68" period="2" second="6" time="71" type="card received" type_id="17"/>
	<message comment="Demba Ba misses attempt (Out of box, Right footed, Open play)" minute="66" period="2" second="44" time="69" type="attempt missed" type_id="13"/>
	<message comment="Jonathan Spector wins a corner (To the right)" minute="63" period="2" second="58" time="66" type="corner" type_id="6"/>
	<message comment="Lars Jacobsen is substituted off" minute="63" period="2" second="30" time="66" type="substitution off" type_id="18"/>
	<message comment="Frédéric Piquionne is substituted on" minute="63" period="2" second="30" time="66" type="substitution on" type_id="19"/>
	<message comment="Freddie Sears is substituted off" minute="63" period="2" second="16" time="66" type="substitution off" type_id="18"/>
	<message comment="Jack Collison is substituted on" minute="63" period="2" second="16" time="66" type="substitution on" type_id="19"/>
	<message comment="David Junior Hoilett misses attempt (High to the right, 18-yard box, Right footed, Open play)" minute="60" period="2" second="56" time="63" type="attempt missed" type_id="13"/>
	<message comment="Steven Nzonzi has attempt saved (Low to the centre, Out of box, Right footed, Open play)" minute="60" period="2" second="48" time="63" type="attempt blocked" type_id="15"/>
	<message comment="Robert Green makes a save (Parried safe, Diving)" minute="60" period="2" second="48" time="63" type="save made" type_id="10"/>
	<message comment="Freddie Sears is caught offside" minute="56" period="2" time="59" type="offside" type_id="10000"/>
	<message comment="Christopher Samba has attempt saved (Low to the right, 6-yard box, Head, From corner)" minute="55" period="2" second="50" time="58" type="attempt blocked" type_id="15"/>
	<message comment="Robert Green makes a save" minute="55" period="2" second="50" time="58" type="save made" type_id="10"/>
	<message comment="David Junior Hoilett wins a corner (To the left)" minute="55" period="2" second="17" time="58" type="corner" type_id="6"/>
	<message comment="Luís Boa Morte is substituted off" minute="54" period="2" second="36" time="57" type="substitution off" type_id="18"/>
	<message comment="Robbie Keane is substituted on" minute="54" period="2" second="36" time="57" type="substitution on" type_id="19"/>
	<message comment="Morten Gamst Pedersen misses attempt (To the right, Out of box, Left footed, Open play)" minute="54" period="2" second="6" time="57" type="attempt missed" type_id="13"/>
	<message comment="Paul Robinson makes a save (Diving, Parried safe)" minute="49" period="2" second="40" time="52" type="save made" type_id="10"/>
	<message comment="Thomas Hitzlsperger has attempt saved (Low to the left, Out of box, Left footed, Open play)" minute="49" period="2" second="40" time="52" type="attempt blocked" type_id="15"/>
	<message comment="Jonathan Spector misses attempt (Out of box, Left footed, From corner)" minute="48" period="2" second="38" time="51" type="attempt missed" type_id="13"/>
	<message comment="Thomas Hitzlsperger wins a corner (To the left)" minute="48" period="2" second="13" time="51" type="corner" type_id="6"/>
	<message comment="Luís Boa Morte recieves a yellow card" minute="46" period="2" second="18" time="49" type="card received" type_id="17"/>
	<message comment="Second half begins!" minute="45" period="2" second="0" time="48" type="start" type_id="32"/>
	<message comment="First half ends" minute="47" period="1" second="43" time="47" type="end" type_id="30"/>
	<message comment="Christopher Samba blocks a shot" minute="47" period="1" second="40" time="47" type="save made" type_id="10"/>
	<message comment="Danny Gabbidon has shot blocked (18-yard box, Right footed, From corner)" minute="47" period="1" second="40" time="47" type="attempt blocked" type_id="15"/>
	<message comment="Demba Ba has shot blocked (18-yard box, Head, From corner)" minute="47" period="1" second="36" time="47" type="attempt blocked" type_id="15"/>
	<message comment="Thomas Hitzlsperger wins a corner (To the left)" minute="47" period="1" second="24" time="47" type="corner" type_id="6"/>
	<message comment="Christopher Samba blocks a shot" minute="47" period="1" second="20" time="47" type="save made" type_id="10"/>
	<message comment="Thomas Hitzlsperger has shot blocked (Out of box, Left footed, Free kick)" minute="47" period="1" second="20" time="47" type="attempt blocked" type_id="15"/>
	<message comment="Luís Boa Morte has shot blocked (Out of box, Left footed, Set piece)" minute="45" period="1" second="28" time="45" type="attempt blocked" type_id="15"/>
	<message comment="Jermaine Jones blocks a shot" minute="45" period="1" second="24" time="45" type="save made" type_id="10"/>
	<message comment="Manuel da Costa has shot blocked (Out of box, Right footed, Free kick)" minute="45" period="1" second="24" time="45" type="attempt blocked" type_id="15"/>
	<message comment="Demba Ba is caught offside" minute="45" period="1" time="45" type="offside" type_id="10000"/>
	<message comment="Paul Robinson makes a save (Diving)" minute="43" period="1" second="34" time="43" type="save made" type_id="10"/>
	<message comment="Freddie Sears has attempt saved (Low to the right, Out of box, Right footed, Open play)" minute="43" period="1" second="34" time="43" type="attempt blocked" type_id="15"/>
	<message comment="Carlton Cole is caught offside" minute="42" period="1" time="42" type="offside" type_id="10000"/>
	<message comment="Mame Biram Diouf wins a corner (To the right)" minute="39" period="1" second="31" time="39" type="corner" type_id="6"/>
	<message comment="Manuel da Costa recieves a yellow card" minute="36" period="1" second="58" time="36" type="card received" type_id="17"/>
	<message comment="Steven Nzonzi misses attempt (To the left, 18-yard box, Right footed, Open play)" minute="36" period="1" second="46" time="36" type="attempt missed" type_id="13"/>
	<message comment="Christopher Samba blocks a shot" minute="36" period="1" second="20" time="36" type="save made" type_id="10"/>
	<message comment="Thomas Hitzlsperger has shot blocked (Out of box, Left footed, Open play)" minute="36" period="1" second="20" time="36" type="attempt blocked" type_id="15"/>
	<message comment="Paul Robinson makes a save (Standing)" minute="33" period="1" second="23" time="33" type="save made" type_id="10"/>
	<message comment="Jonathan Spector has attempt saved (Low to the centre, 18-yard box, Head, Open play)" minute="33" period="1" second="23" time="33" type="attempt blocked" type_id="15"/>
	<message comment="Demba Ba misses attempt (To the right, 18-yard box, Head, Open play)" minute="30" period="1" second="42" time="30" type="attempt missed" type_id="13"/>
	<message comment="Gaël Givet blocks a shot" minute="29" period="1" second="10" time="29" type="save made" type_id="10"/>
	<message comment="Luís Boa Morte has shot blocked (Out of box, Right footed, From corner)" minute="29" period="1" second="10" time="29" type="attempt blocked" type_id="15"/>
	<message comment="Carlton Cole wins a corner (To the left)" minute="28" period="1" second="47" time="28" type="corner" type_id="6"/>
	<message comment="David Junior Hoilett is caught offside" minute="23" period="1" time="23" type="offside" type_id="10000"/>
	<message comment="Morten Gamst Pedersen misses attempt (To the left, Out of box, Left footed, From corner)" minute="18" period="1" second="40" time="18" type="attempt missed" type_id="13"/>
	<message comment="Mame Biram Diouf is caught offside" minute="17" period="1" time="17" type="offside" type_id="10000"/>
	<message comment="Manuel da Costa misses attempt (To the left, 18-yard box, Head, Set piece)" minute="15" period="1" second="31" time="15" type="attempt missed" type_id="13"/>
	<message comment="Carlton Cole wins a corner (To the left)" minute="13" period="1" second="19" time="13" type="corner" type_id="6"/>
	<message comment="GOAL! Jason Roberts scores , Assisted by Brett Emerton (Low to the centre, 6-yard box, Big Chance, Left footed, Open play)" minute="12" period="1" second="0" time="12" type="goal scored" type_id="16"/>
	<message comment="Carlton Cole is caught offside" minute="9" period="1" time="9" type="offside" type_id="10000"/>
	<message comment="Formation Set" minute="0" period="14" second="0" time="8" type="end" type_id="30"/>
	<message comment="Manuel da Costa misses attempt (To the left, Out of box, Right footed, Open play)" minute="7" period="1" second="54" time="7" type="attempt missed" type_id="13"/>
	<message comment="Demba Ba is caught offside" minute="7" period="1" time="7" type="offside" type_id="10000"/>
	<message comment="Jermaine Jones blocks a shot" minute="4" period="1" second="39" time="4" type="save made" type_id="10"/>
	<message comment="Jonathan Spector has shot blocked (Out of box, Right footed, From corner)" minute="4" period="1" second="39" time="4" type="attempt blocked" type_id="15"/>
	<message comment="Manuel da Costa misses attempt (6-yard box, Head, From corner)" minute="4" period="1" second="35" time="4" type="attempt missed" type_id="13"/>
	<message comment="Demba Ba wins a corner (To the right)" minute="4" period="1" second="9" time="4" type="corner" type_id="6"/>
	<message comment="Jason Roberts misses attempt (To the right, Out of box, Right footed, Open play)" minute="2" period="1" second="47" time="2" type="attempt missed" type_id="13"/>
	<message comment="Morten Gamst Pedersen wins a corner (To the right)" minute="1" period="1" second="49" time="1" type="corner" type_id="6"/>
	<message comment="Morten Gamst Pedersen has shot blocked (Out of box, Left footed, Open play)" minute="1" period="1" second="47" time="1" type="attempt blocked" type_id="15"/>
	<message comment="Manuel da Costa blocks a shot" minute="1" period="1" second="47" time="1" type="save made" type_id="10"/>
	<message comment="Gaël Givet blocks a shot" minute="1" period="1" second="0" time="1" type="save made" type_id="10"/>
	<message comment="Carlton Cole has shot blocked (18-yard box, Left footed, Open play)" minute="1" period="1" second="0" time="1" type="attempt blocked" type_id="15"/>
	<message comment="First half begins!" minute="0" period="1" second="0" time="0" type="start" type_id="32"/>
</Commentary>
