<?xml version="1.0" ?>
<Commentary away_team_name="West Bromwich Albion" competition="English Premier League" game_date="2013-11-02" home_team_name="Crystal Palace" lang_id="en" season="Season 2013/2014" season_id="2013" sport_id="1" sport_name="Football">
	<message comment="Second half ends" minute="94" period="2" second="5" time="101" type="end" type_id="30"/>
	<message comment="Jerome Thomas misses attempt (Out of box, Right footed, Open play)" minute="93" period="2" second="31" time="100" type="attempt missed" type_id="13"/>
	<message comment="Yannick Bolasie misses attempt (High to the right, 18-yard box, Right footed, Open play)" minute="92" period="2" second="33" time="99" type="attempt missed" type_id="13"/>
	<message comment="Boaz Myhill makes a save (Standing)" minute="90" period="2" second="16" time="97" type="save made" type_id="10"/>
	<message comment="Damien Delaney has attempt saved (High to the centre, 18-yard box, Left footed, Open play)" minute="90" period="2" second="16" time="97" type="attempt blocked" type_id="15"/>
	<message comment="Chris Brunt wins a corner (To the left)" minute="89" period="2" second="10" time="96" type="corner" type_id="6"/>
	<message comment="Boaz Myhill makes a save (Parried into danger, Diving)" minute="87" period="2" second="18" time="94" type="save made" type_id="10"/>
	<message comment="Yannick Bolasie has attempt saved (Low to the left, 18-yard box, Right footed, Open play)" minute="87" period="2" second="18" time="94" type="attempt blocked" type_id="15"/>
	<message comment="Stéphane Sessegnon is substituted off" minute="85" period="2" second="11" time="92" type="substitution off" type_id="18"/>
	<message comment="Matej Vydra is substituted on" minute="85" period="2" second="11" time="92" type="substitution on" type_id="19"/>
	<message comment="GOAL! Gareth McAuley scores , Assisted by Chris Brunt (Low to the right, 18-yard box, Big Chance, Head, From corner)" minute="82" period="2" second="42" time="89" type="goal scored" type_id="16"/>
	<message comment="Chris Brunt wins a corner (To the left)" minute="82" period="2" second="7" time="89" type="corner" type_id="6"/>
	<message comment="Yannick Bolasie wins a corner (To the right)" minute="80" period="2" second="5" time="87" type="corner" type_id="6"/>
	<message comment="Chris Brunt blocks a shot" minute="80" period="2" second="0" time="87" type="save made" type_id="10"/>
	<message comment="Jason Puncheon has shot blocked (Out of box, Left footed, Open play)" minute="80" period="2" second="0" time="87" type="attempt blocked" type_id="15"/>
	<message comment="Kagisho Dikgacoi is substituted off" minute="78" period="2" second="52" time="85" type="substitution off" type_id="18"/>
	<message comment="Dwight Gayle is substituted on" minute="78" period="2" second="52" time="85" type="substitution on" type_id="19"/>
	<message comment="Chris Brunt misses attempt (18-yard box, Right footed, Open play)" minute="78" period="2" second="28" time="85" type="attempt missed" type_id="13"/>
	<message comment="James Morrison is substituted off" minute="72" period="2" second="58" time="79" type="substitution off" type_id="18"/>
	<message comment="Claudio Yacob is substituted on" minute="72" period="2" second="58" time="79" type="substitution on" type_id="19"/>
	<message comment="Stéphane Sessegnon wins a corner (To the right)" minute="71" period="2" second="6" time="78" type="corner" type_id="6"/>
	<message comment="Jerome Thomas recieves a yellow card" minute="70" period="2" second="32" time="77" type="card received" type_id="17"/>
	<message comment="Saido Berahino has shot blocked (Out of box, Left footed, Open play)" minute="65" period="2" second="28" time="72" type="attempt blocked" type_id="15"/>
	<message comment="Mile Jedinak blocks a shot" minute="65" period="2" second="28" time="72" type="save made" type_id="10"/>
	<message comment="Barry Bannan is substituted off" minute="64" period="2" second="38" time="71" type="substitution off" type_id="18"/>
	<message comment="Yannick Bolasie is substituted on" minute="64" period="2" second="38" time="71" type="substitution on" type_id="19"/>
	<message comment="Mile Jedinak misses attempt (6-yard box, Big Chance, Head, From corner)" minute="62" period="2" second="10" time="69" type="attempt missed" type_id="13"/>
	<message comment="Mile Jedinak wins a corner (To the left)" minute="61" period="2" second="51" time="68" type="corner" type_id="6"/>
	<message comment="Youssouf Mulumbu blocks a shot" minute="61" period="2" second="43" time="68" type="save made" type_id="10"/>
	<message comment="Mile Jedinak has shot blocked (Out of box, Right footed, Open play)" minute="61" period="2" second="43" time="68" type="attempt blocked" type_id="15"/>
	<message comment="Jason Puncheon wins a corner (To the right)" minute="60" period="2" second="19" time="67" type="corner" type_id="6"/>
	<message comment="Boaz Myhill makes a save (Diving, Parried safe)" minute="60" period="2" second="10" time="67" type="save made" type_id="10"/>
	<message comment="Jason Puncheon has attempt saved (High to the right, 18-yard box, Left footed, Open play)" minute="60" period="2" second="10" time="67" type="attempt blocked" type_id="15"/>
	<message comment="Damien Delaney blocks a shot" minute="57" period="2" second="32" time="64" type="save made" type_id="10"/>
	<message comment="Stéphane Sessegnon has shot blocked (Out of box, Right footed, Open play)" minute="57" period="2" second="32" time="64" type="attempt blocked" type_id="15"/>
	<message comment="Morgan Amalfitano wins a corner (To the right)" minute="55" period="2" second="48" time="62" type="corner" type_id="6"/>
	<message comment="Morgan Amalfitano has shot blocked (18-yard box, Right footed, Set piece)" minute="55" period="2" second="44" time="62" type="attempt blocked" type_id="15"/>
	<message comment="Danny Gabbidon blocks a shot (Last line)" minute="55" period="2" second="44" time="62" type="save made" type_id="10"/>
	<message comment="Mile Jedinak misses attempt (18-yard box, Head, Set piece)" minute="53" period="2" second="27" time="60" type="attempt missed" type_id="13"/>
	<message comment="Gareth McAuley misses attempt (To the right, 18-yard box, Head, From corner)" minute="52" period="2" second="3" time="59" type="attempt missed" type_id="13"/>
	<message comment="Shane Long wins a corner (To the right)" minute="51" period="2" second="23" time="58" type="corner" type_id="6"/>
	<message comment="Second half begins!" minute="45" period="2" second="0" time="52" type="start" type_id="32"/>
	<message comment="First half ends" minute="51" period="1" second="7" time="51" type="end" type_id="30"/>
	<message comment="Saido Berahino has attempt saved (High to the centre, Out of box, Right footed, Open play)" minute="49" period="1" second="56" time="49" type="attempt blocked" type_id="15"/>
	<message comment="Julian Speroni makes a save (Collected, Standing)" minute="49" period="1" second="56" time="49" type="save made" type_id="10"/>
	<message comment="GOAL! Saido Berahino scores , Assisted by Stéphane Sessegnon (Low to the left, 18-yard box, Left footed, Open play)" minute="44" period="1" second="0" time="44" type="goal scored" type_id="16"/>
	<message comment="Jason Puncheon misses attempt (To the right, 18-yard box, Left footed, Open play)" minute="39" period="1" second="20" time="39" type="attempt missed" type_id="13"/>
	<message comment="James Morrison misses attempt (High to the right, Out of box, Right footed, Open play)" minute="38" period="1" second="27" time="38" type="attempt missed" type_id="13"/>
	<message comment="Stéphane Sessegnon wins a corner (To the right)" minute="34" period="1" second="49" time="34" type="corner" type_id="6"/>
	<message comment="Billy Jones is substituted off" minute="30" period="1" second="9" time="30" type="substitution off" type_id="18"/>
	<message comment="Saido Berahino is substituted on" minute="30" period="1" second="9" time="30" type="substitution on" type_id="19"/>
	<message comment="Billy Jones wins a corner (To the right)" minute="26" period="1" second="54" time="26" type="corner" type_id="6"/>
	<message comment="Chris Brunt wins a corner (To the right)" minute="25" period="1" second="18" time="25" type="corner" type_id="6"/>
	<message comment="Adlène Guédioura is substituted off" minute="21" period="1" second="58" time="21" type="substitution off" type_id="18"/>
	<message comment="Jason Puncheon is substituted on" minute="21" period="1" second="58" time="21" type="substitution on" type_id="19"/>
	<message comment="Shane Long is caught offside" minute="14" period="1" time="14" type="offside" type_id="10000"/>
	<message comment="Barry Bannan has shot blocked (Out of box, Left footed, Open play)" minute="11" period="1" second="20" time="11" type="attempt blocked" type_id="15"/>
	<message comment="Chris Brunt blocks a shot" minute="11" period="1" second="20" time="11" type="save made" type_id="10"/>
	<message comment="Formation Set" minute="0" period="14" second="0" time="11" type="end" type_id="30"/>
	<message comment="Adlène Guédioura has attempt saved (Low to the left, 18-yard box, Left footed, Open play)" minute="10" period="1" second="25" time="10" type="attempt blocked" type_id="15"/>
	<message comment="Boaz Myhill makes a save (Standing, Parried safe)" minute="10" period="1" second="25" time="10" type="save made" type_id="10"/>
	<message comment="Shane Long is caught offside" minute="8" period="1" time="8" type="offside" type_id="10000"/>
	<message comment="James Morrison wins a corner (To the right)" minute="3" period="1" second="29" time="3" type="corner" type_id="6"/>
	<message comment="Youssouf Mulumbu wins a corner (To the right)" minute="1" period="1" second="22" time="1" type="corner" type_id="6"/>
	<message comment="First half begins!" minute="0" period="1" second="0" time="0" type="start" type_id="32"/>
</Commentary>
