<?xml version="1.0" ?>
<Commentary away_team_name="West Bromwich Albion" competition="English Premier League" game_date="2011-02-20" home_team_name="Wolverhampton Wanderers" lang_id="en" season="Season 2010/2011" season_id="2010" sport_id="1" sport_name="Football">
	<message comment="Second half ends" minute="94" period="2" second="32" time="97" type="end" type_id="30"/>
	<message comment="GOAL! Carlos Vela scores  (High to the centre, 18-yard box, Big Chance, Right footed, Open play)" minute="91" period="2" second="44" time="94" type="goal scored" type_id="16"/>
	<message comment="James Morrison has attempt saved (Low to the centre, Out of box, Right footed, Open play)" minute="91" period="2" second="41" time="94" type="attempt blocked" type_id="15"/>
	<message comment="Wayne Hennessey makes a save (Parried into danger, Diving)" minute="91" period="2" second="41" time="94" type="save made" type_id="10"/>
	<message comment="Matthew Jarvis is substituted off" minute="90" period="2" second="39" time="93" type="substitution off" type_id="18"/>
	<message comment="Jody Craddock is substituted on" minute="90" period="2" second="39" time="93" type="substitution on" type_id="19"/>
	<message comment="Marc-Antoine Fortuné wins a corner (To the left)" minute="87" period="2" second="50" time="90" type="corner" type_id="6"/>
	<message comment="Ronald Zubar blocks a shot" minute="85" period="2" second="48" time="88" type="save made" type_id="10"/>
	<message comment="Chris Brunt has shot blocked (18-yard box, Right footed, Open play)" minute="85" period="2" second="48" time="88" type="attempt blocked" type_id="15"/>
	<message comment="Stephen Ward is caught offside" minute="85" period="2" time="88" type="offside" type_id="10000"/>
	<message comment="Kevin Foley is substituted off" minute="84" period="2" second="22" time="87" type="substitution off" type_id="18"/>
	<message comment="Stephen Ward is substituted on" minute="84" period="2" second="22" time="87" type="substitution on" type_id="19"/>
	<message comment="Paul Scharner misses attempt (High to the left, Out of box, Left footed, Open play)" minute="83" period="2" second="47" time="86" type="attempt missed" type_id="13"/>
	<message comment="Gonzalo Jara is substituted off" minute="83" period="2" second="13" time="86" type="substitution off" type_id="18"/>
	<message comment="Steven Reid is substituted on" minute="83" period="2" second="13" time="86" type="substitution on" type_id="19"/>
	<message comment="Sylvan Ebanks-Blake is caught offside" minute="82" period="2" time="85" type="offside" type_id="10000"/>
	<message comment="Kevin Doyle wins a corner (To the left)" minute="81" period="2" second="59" time="84" type="corner" type_id="6"/>
	<message comment="Carlos Vela has attempt saved (Low to the right, 18-yard box, Right footed, Open play)" minute="76" period="2" second="40" time="79" type="attempt blocked" type_id="15"/>
	<message comment="Wayne Hennessey makes a save (Diving, Parried into danger, Feet)" minute="76" period="2" second="40" time="79" type="save made" type_id="10"/>
	<message comment="Paul Scharner is caught offside" minute="75" period="2" time="78" type="offside" type_id="10000"/>
	<message comment="Carlos Vela is substituted on" minute="72" period="2" second="14" time="75" type="substitution on" type_id="19"/>
	<message comment="Graham Dorrans is substituted off" minute="72" period="2" second="14" time="75" type="substitution off" type_id="18"/>
	<message comment="Gabriel Tamas has attempt saved (Low to the left, Out of box, Right footed, Open play)" minute="70" period="2" second="12" time="73" type="attempt blocked" type_id="15"/>
	<message comment="Wayne Hennessey makes a save (Collected, Diving)" minute="70" period="2" second="12" time="73" type="save made" type_id="10"/>
	<message comment="Jonas Olsson has shot blocked (18-yard box, Head, From corner)" minute="70" period="2" second="2" time="73" type="attempt blocked" type_id="15"/>
	<message comment="Matthew Jarvis blocks a shot (Last line)" minute="70" period="2" second="2" time="73" type="save made" type_id="10"/>
	<message comment="Chris Brunt wins a corner (To the left)" minute="69" period="2" second="37" time="72" type="corner" type_id="6"/>
	<message comment="Nenad Milijas is substituted off" minute="68" period="2" second="6" time="71" type="substitution off" type_id="18"/>
	<message comment="Sylvan Ebanks-Blake is substituted on" minute="68" period="2" second="6" time="71" type="substitution on" type_id="19"/>
	<message comment="Paul Scharner wins a corner (To the right)" minute="63" period="2" second="38" time="66" type="corner" type_id="6"/>
	<message comment="Jerome Thomas is substituted off" minute="60" period="2" second="58" time="63" type="substitution off" type_id="18"/>
	<message comment="James Morrison is substituted on" minute="60" period="2" second="58" time="63" type="substitution on" type_id="19"/>
	<message comment="Peter Odemwingie has attempt saved (Low to the left, Out of box, Left footed, Open play)" minute="59" period="2" second="18" time="62" type="attempt blocked" type_id="15"/>
	<message comment="Wayne Hennessey makes a save" minute="59" period="2" second="18" time="62" type="save made" type_id="10"/>
	<message comment="Paul Scharner misses attempt (18-yard box, Big Chance, Right footed, Open play)" minute="56" period="2" second="49" time="59" type="attempt missed" type_id="13"/>
	<message comment="Marc-Antoine Fortuné wins a corner (To the left)" minute="53" period="2" second="57" time="56" type="corner" type_id="6"/>
	<message comment="Marc-Antoine Fortuné has attempt saved (Low to the left, 18-yard box, Left footed, Open play)" minute="53" period="2" second="55" time="56" type="attempt blocked" type_id="15"/>
	<message comment="Wayne Hennessey makes a save (Standing, Parried safe)" minute="53" period="2" second="55" time="56" type="save made" type_id="10"/>
	<message comment="Marc-Antoine Fortuné is caught offside" minute="52" period="2" time="55" type="offside" type_id="10000"/>
	<message comment="Matthew Jarvis misses attempt (18-yard box, Big Chance, Left footed, Open play)" minute="50" period="2" second="39" time="53" type="attempt missed" type_id="13"/>
	<message comment="Second half begins!" minute="45" period="2" second="0" time="48" type="start" type_id="32"/>
	<message comment="First half ends" minute="47" period="1" second="2" time="47" type="end" type_id="30"/>
	<message comment="Marc-Antoine Fortuné is caught offside" minute="46" period="1" time="46" type="offside" type_id="10000"/>
	<message comment="Ronald Zubar misses attempt (To the left, Out of box, Right footed, Open play)" minute="44" period="1" second="15" time="44" type="attempt missed" type_id="13"/>
	<message comment="Chris Brunt wins a corner (To the left)" minute="43" period="1" second="20" time="43" type="corner" type_id="6"/>
	<message comment="Chris Brunt wins a corner (To the right)" minute="42" period="1" second="59" time="42" type="corner" type_id="6"/>
	<message comment="Graham Dorrans wins a corner (To the right)" minute="42" period="1" second="27" time="42" type="corner" type_id="6"/>
	<message comment="GOAL! Jamie O'Hara scores , Assisted by Nenad Milijas (High to the left, Out of box, Left footed, Set piece)" minute="38" period="1" second="58" time="38" type="goal scored" type_id="16"/>
	<message comment="Peter Odemwingie misses attempt (Out of box, Right footed, Open play)" minute="34" period="1" second="56" time="34" type="attempt missed" type_id="13"/>
	<message comment="Graham Dorrans has shot blocked (Out of box, Left footed, From corner)" minute="32" period="1" second="54" time="32" type="attempt blocked" type_id="15"/>
	<message comment="Chris Brunt wins a corner (To the left)" minute="32" period="1" second="18" time="32" type="corner" type_id="6"/>
	<message comment="Marc-Antoine Fortuné is caught offside" minute="32" period="1" time="32" type="offside" type_id="10000"/>
	<message comment="Paul Scharner wins a corner (To the right)" minute="31" period="1" second="11" time="31" type="corner" type_id="6"/>
	<message comment="Paul Scharner has shot blocked (18-yard box, Head, Open play)" minute="31" period="1" second="9" time="31" type="attempt blocked" type_id="15"/>
	<message comment="Christophe Berra blocks a shot" minute="31" period="1" second="9" time="31" type="save made" type_id="10"/>
	<message comment="Marc-Antoine Fortuné has shot blocked (18-yard box, Right footed, Open play)" minute="31" period="1" second="2" time="31" type="attempt blocked" type_id="15"/>
	<message comment="Richard Stearman blocks a shot" minute="31" period="1" second="2" time="31" type="save made" type_id="10"/>
	<message comment="Gabriel Tamas misses attempt (18-yard box, Head, From corner)" minute="29" period="1" second="18" time="29" type="attempt missed" type_id="13"/>
	<message comment="Nicky Shorey wins a corner (To the left)" minute="28" period="1" second="45" time="28" type="corner" type_id="6"/>
	<message comment="Peter Odemwingie misses attempt (To the right, 18-yard box, Head, From corner)" minute="24" period="1" second="7" time="24" type="attempt missed" type_id="13"/>
	<message comment="Marc-Antoine Fortuné wins a corner (To the left)" minute="23" period="1" second="30" time="23" type="corner" type_id="6"/>
	<message comment="Marc-Antoine Fortuné misses attempt (To the left, Out of box, Right footed, Open play)" minute="22" period="1" second="4" time="22" type="attempt missed" type_id="13"/>
	<message comment="Jonas Olsson has attempt saved (Low to the right, 6-yard box, Head, From corner)" minute="20" period="1" second="28" time="20" type="attempt blocked" type_id="15"/>
	<message comment="Wayne Hennessey makes a save (Diving)" minute="20" period="1" second="28" time="20" type="save made" type_id="10"/>
	<message comment="Peter Odemwingie wins a corner (To the right)" minute="19" period="1" second="56" time="19" type="corner" type_id="6"/>
	<message comment="Marc-Antoine Fortuné is caught offside" minute="16" period="1" time="16" type="offside" type_id="10000"/>
	<message comment="Jamie O'Hara misses attempt (High to the right, 18-yard box, Head, Open play)" minute="12" period="1" second="16" time="12" type="attempt missed" type_id="13"/>
	<message comment="Karl Henry misses attempt (High, Out of box, Right footed, Open play)" minute="8" period="1" second="16" time="8" type="attempt missed" type_id="13"/>
	<message comment="Formation Set" minute="0" period="14" second="0" time="7" type="end" type_id="30"/>
	<message comment="Marc-Antoine Fortuné is caught offside" minute="4" period="1" time="4" type="offside" type_id="10000"/>
	<message comment="Peter Odemwingie misses attempt (To the right, 18-yard box, Left footed, Open play)" minute="3" period="1" second="32" time="3" type="attempt missed" type_id="13"/>
	<message comment="Jamie O'Hara has shot blocked (Out of box, Left footed, Open play)" minute="0" period="1" second="32" time="0" type="attempt blocked" type_id="15"/>
	<message comment="Jonas Olsson blocks a shot" minute="0" period="1" second="32" time="0" type="save made" type_id="10"/>
	<message comment="First half begins!" minute="0" period="1" second="0" time="0" type="start" type_id="32"/>
</Commentary>
