<?xml version="1.0" ?>
<Commentary away_team_name="West Bromwich Albion" competition="English Premier League" game_date="2012-12-22" home_team_name="Norwich" lang_id="en" season="Season 2012/2013" season_id="2012" sport_id="1" sport_name="Football">
	<message comment="Second half ends" minute="95" period="2" second="0" time="97" type="end" type_id="30"/>
	<message comment="Bradley Johnson misses attempt (18-yard box, Head, Set piece)" minute="94" period="2" second="55" time="96" type="attempt missed" type_id="13"/>
	<message comment="Goran Popov recieves a yellow card" minute="94" period="2" second="31" time="96" type="card received" type_id="17"/>
	<message comment="Robert Snodgrass wins a corner (To the right)" minute="91" period="2" second="41" time="93" type="corner" type_id="6"/>
	<message comment="Simeon Jackson misses attempt (To the right, 18-yard box, Head, Set piece)" minute="89" period="2" second="11" time="91" type="attempt missed" type_id="13"/>
	<message comment="Alexander Tettey is substituted off" minute="86" period="2" second="4" time="88" type="substitution off" type_id="18"/>
	<message comment="Simeon Jackson is substituted on" minute="86" period="2" second="4" time="88" type="substitution on" type_id="19"/>
	<message comment="Romelu Lukaku is substituted off" minute="84" period="2" second="1" time="86" type="substitution off" type_id="18"/>
	<message comment="Gabriel Tamas is substituted on" minute="84" period="2" second="1" time="86" type="substitution on" type_id="19"/>
	<message comment="Russell Martin misses attempt (18-yard box, Head, Set piece)" minute="83" period="2" second="8" time="85" type="attempt missed" type_id="13"/>
	<message comment="GOAL! Romelu Lukaku scores , Assisted by Goran Popov (Low to the right, 18-yard box, Head, Open play)" minute="81" period="2" second="14" time="83" type="goal scored" type_id="16"/>
	<message comment="Chris Brunt wins a corner (To the left)" minute="73" period="2" second="11" time="75" type="corner" type_id="6"/>
	<message comment="Chris Brunt wins a corner (To the left)" minute="72" period="2" second="48" time="74" type="corner" type_id="6"/>
	<message comment="Robert Snodgrass blocks a shot" minute="72" period="2" second="46" time="74" type="save made" type_id="10"/>
	<message comment="Chris Brunt has shot blocked (Out of box, Left footed, Open play)" minute="72" period="2" second="45" time="74" type="attempt blocked" type_id="15"/>
	<message comment="Wes Hoolahan is substituted off" minute="72" period="2" second="25" time="74" type="substitution off" type_id="18"/>
	<message comment="Jonny Howson is substituted on" minute="72" period="2" second="25" time="74" type="substitution on" type_id="19"/>
	<message comment="Anthony Pilkington blocks a shot" minute="71" period="2" second="48" time="73" type="save made" type_id="10"/>
	<message comment="Peter Odemwingie has shot blocked (Out of box, Right footed, Free kick)" minute="71" period="2" second="44" time="73" type="attempt blocked" type_id="15"/>
	<message comment="Peter Odemwingie wins a corner (To the left)" minute="70" period="2" second="16" time="72" type="corner" type_id="6"/>
	<message comment="Marc-Antoine Fortuné is caught offside" minute="62" period="2" time="64" type="offside" type_id="10000"/>
	<message comment="Zoltán Gera is substituted off" minute="61" period="2" second="50" time="63" type="substitution off" type_id="18"/>
	<message comment="Shane Long is substituted on" minute="61" period="2" second="50" time="63" type="substitution on" type_id="19"/>
	<message comment="Jonas Olsson blocks a shot" minute="61" period="2" second="26" time="63" type="save made" type_id="10"/>
	<message comment="Robert Snodgrass has shot blocked (18-yard box, Right footed, Open play)" minute="61" period="2" second="24" time="63" type="attempt blocked" type_id="15"/>
	<message comment="Mark Bunn makes a save (Diving, Collected)" minute="59" period="2" second="49" time="61" type="save made" type_id="10"/>
	<message comment="Peter Odemwingie has attempt saved (Low to the left, Out of box, Right footed, Open play)" minute="59" period="2" second="47" time="61" type="attempt blocked" type_id="15"/>
	<message comment="Steve Morison wins a corner (To the left)" minute="58" period="2" second="6" time="60" type="corner" type_id="6"/>
	<message comment="Gareth McAuley misses attempt (To the right, 18-yard box, Head, Set piece)" minute="56" period="2" second="56" time="58" type="attempt missed" type_id="13"/>
	<message comment="Michael Turner recieves a yellow card" minute="56" period="2" second="10" time="58" type="card received" type_id="17"/>
	<message comment="Steven Whittaker is substituted off" minute="55" period="2" second="8" time="57" type="substitution off" type_id="18"/>
	<message comment="Russell Martin is substituted on" minute="55" period="2" second="8" time="57" type="substitution on" type_id="19"/>
	<message comment="Michael Turner misses attempt (18-yard box, Head, From corner)" minute="54" period="2" second="9" time="56" type="attempt missed" type_id="13"/>
	<message comment="Steve Morison wins a corner (To the right)" minute="53" period="2" second="30" time="55" type="corner" type_id="6"/>
	<message comment="Anthony Pilkington wins a corner (To the left)" minute="50" period="2" second="29" time="52" type="corner" type_id="6"/>
	<message comment="Ben Foster makes a save (Standing, Collected)" minute="47" period="2" second="55" time="49" type="save made" type_id="10"/>
	<message comment="Bradley Johnson has attempt saved (Low to the left, 18-yard box, Head, Set piece)" minute="47" period="2" second="53" time="49" type="attempt blocked" type_id="15"/>
	<message comment="Graham Dorrans is substituted off" minute="45" period="2" second="0" time="47" type="substitution off" type_id="18"/>
	<message comment="Marc-Antoine Fortuné is substituted on" minute="45" period="2" second="0" time="47" type="substitution on" type_id="19"/>
	<message comment="Second half begins!" minute="45" period="2" second="0" time="47" type="start" type_id="32"/>
	<message comment="First half ends" minute="46" period="1" second="21" time="46" type="end" type_id="30"/>
	<message comment="Peter Odemwingie misses attempt (Out of box, Left footed, Throw-in)" minute="44" period="1" second="32" time="44" type="attempt missed" type_id="13"/>
	<message comment="Jonas Olsson blocks a shot" minute="43" period="1" second="50" time="43" type="save made" type_id="10"/>
	<message comment="Robert Snodgrass has shot blocked (Out of box, Left footed, Open play)" minute="43" period="1" second="50" time="43" type="attempt blocked" type_id="15"/>
	<message comment="GOAL! Zoltán Gera scores  (Low to the left, 6-yard box, Big Chance, Left footed, From corner)" minute="42" period="1" second="28" time="42" type="goal scored" type_id="16"/>
	<message comment="Mark Bunn makes a save (Parried into danger)" minute="42" period="1" second="25" time="42" type="save made" type_id="10"/>
	<message comment="Jonas Olsson has attempt saved (High to the centre, 6-yard box, Head, From corner)" minute="42" period="1" second="25" time="42" type="attempt blocked" type_id="15"/>
	<message comment="Romelu Lukaku wins a corner (To the right)" minute="41" period="1" second="52" time="41" type="corner" type_id="6"/>
	<message comment="Steve Morison wins a corner (To the left)" minute="40" period="1" second="6" time="40" type="corner" type_id="6"/>
	<message comment="Peter Odemwingie wins a corner (To the left)" minute="33" period="1" second="57" time="33" type="corner" type_id="6"/>
	<message comment="Goran Popov misses attempt (High, Out of box, Left footed, Open play)" minute="31" period="1" second="7" time="31" type="attempt missed" type_id="13"/>
	<message comment="James Morrison has shot blocked (Out of box, Left footed, Throw-in)" minute="31" period="1" second="4" time="31" type="attempt blocked" type_id="15"/>
	<message comment="Sebastien Bassong blocks a shot" minute="31" period="1" second="4" time="31" type="save made" type_id="10"/>
	<message comment="Mark Bunn makes a save (Standing, Parried into danger, Feet)" minute="27" period="1" second="57" time="27" type="save made" type_id="10"/>
	<message comment="Gareth McAuley has attempt saved (Low to the centre, 6-yard box, Big Chance, Other body part, From corner)" minute="27" period="1" second="56" time="27" type="attempt blocked" type_id="15"/>
	<message comment="James Morrison wins a corner (To the right)" minute="27" period="1" second="30" time="27" type="corner" type_id="6"/>
	<message comment="GOAL! Robert Snodgrass scores  (High to the right, Out of box, Left footed, Free kick)" minute="22" period="1" second="42" time="22" type="goal scored" type_id="16"/>
	<message comment="Romelu Lukaku has attempt saved (Low to the centre, 18-yard box, Right footed, Open play)" minute="19" period="1" second="59" time="19" type="attempt blocked" type_id="15"/>
	<message comment="Mark Bunn makes a save (Diving)" minute="19" period="1" second="59" time="19" type="save made" type_id="10"/>
	<message comment="Bradley Johnson misses attempt (High to the left, Out of box, Left footed, Open play)" minute="17" period="1" second="47" time="17" type="attempt missed" type_id="13"/>
	<message comment="Formation Set" minute="0" period="14" second="0" time="7" type="end" type_id="30"/>
	<message comment="Romelu Lukaku is caught offside" minute="5" period="1" time="5" type="offside" type_id="10000"/>
	<message comment="Ben Foster makes a save (Standing)" minute="4" period="1" second="25" time="4" type="save made" type_id="10"/>
	<message comment="Robert Snodgrass has attempt saved (High to the centre, Out of box, Left footed, Open play)" minute="4" period="1" second="24" time="4" type="attempt blocked" type_id="15"/>
	<message comment="Romelu Lukaku misses attempt (18-yard box, Head, Open play)" minute="2" period="1" second="32" time="2" type="attempt missed" type_id="13"/>
	<message comment="First half begins!" minute="0" period="1" second="0" time="0" type="start" type_id="32"/>
</Commentary>
