<?xml version="1.0" ?>
<Commentary away_team_name="West Bromwich Albion" competition="English Premier League" game_date="2011-11-26" home_team_name="Tottenham" lang_id="en" season="Season 2011/2012" season_id="2011" sport_id="1" sport_name="Football">
	<message comment="Second half ends" minute="93" period="2" second="37" time="97" type="end" type_id="30"/>
	<message comment="GOAL! Emmanuel Adebayor scores , Assisted by Gareth Bale (Low to the left, 18-yard box, Big Chance, Right footed, Open play)" minute="92" period="2" second="39" time="96" type="goal scored" type_id="16"/>
	<message comment="Nicky Shorey blocks a shot" minute="92" period="2" second="5" time="96" type="save made" type_id="10"/>
	<message comment="Gareth Bale has shot blocked (18-yard box, Left footed, Open play)" minute="92" period="2" second="4" time="96" type="attempt blocked" type_id="15"/>
	<message comment="Peter Odemwingie misses attempt (18-yard box, Head, Open play)" minute="91" period="2" second="18" time="95" type="attempt missed" type_id="13"/>
	<message comment="Gareth Bale misses attempt (18-yard box, Left footed, Fast break)" minute="90" period="2" second="46" time="94" type="attempt missed" type_id="13"/>
	<message comment="Younes Kaboul blocks a shot" minute="90" period="2" second="29" time="94" type="save made" type_id="10"/>
	<message comment="Jonas Olsson has shot blocked (18-yard box, Left footed, Open play)" minute="90" period="2" second="28" time="94" type="attempt blocked" type_id="15"/>
	<message comment="Emmanuel Adebayor misses attempt (18-yard box, Right footed, Open play)" minute="87" period="2" second="14" time="91" type="attempt missed" type_id="13"/>
	<message comment="Jerome Thomas is substituted off" minute="86" period="2" second="19" time="90" type="substitution off" type_id="18"/>
	<message comment="Somen Tchoyi is substituted on" minute="86" period="2" second="19" time="90" type="substitution on" type_id="19"/>
	<message comment="Peter Odemwingie is caught offside" minute="86" period="2" time="90" type="offside" type_id="10000"/>
	<message comment="Aaron Lennon is caught offside" minute="85" period="2" time="89" type="offside" type_id="10000"/>
	<message comment="Jermain Defoe wins a corner (To the left)" minute="83" period="2" second="28" time="87" type="corner" type_id="6"/>
	<message comment="Gareth McAuley blocks a shot" minute="83" period="2" second="27" time="87" type="save made" type_id="10"/>
	<message comment="Jermain Defoe has shot blocked (18-yard box, Left footed, Open play)" minute="83" period="2" second="27" time="87" type="attempt blocked" type_id="15"/>
	<message comment="GOAL! Jermain Defoe scores , Assisted by Emmanuel Adebayor (Low to the left, Out of box, Right footed, Fast break)" minute="80" period="2" second="18" time="84" type="goal scored" type_id="16"/>
	<message comment="Simon Cox has attempt saved (Low to the centre, 18-yard box, Right footed, Open play)" minute="80" period="2" second="5" time="84" type="attempt blocked" type_id="15"/>
	<message comment="Brad Friedel makes a save" minute="80" period="2" second="5" time="84" type="save made" type_id="10"/>
	<message comment="Sandro is substituted off" minute="79" period="2" second="18" time="83" type="substitution off" type_id="18"/>
	<message comment="Jake Livermore is substituted on" minute="79" period="2" second="18" time="83" type="substitution on" type_id="19"/>
	<message comment="Chris Brunt misses attempt (High, 18-yard box, Right footed, Open play)" minute="77" period="2" second="35" time="81" type="attempt missed" type_id="13"/>
	<message comment="Ben Foster makes a save" minute="76" period="2" second="35" time="80" type="save made" type_id="10"/>
	<message comment="Emmanuel Adebayor has attempt saved (Low to the centre, 18-yard box, Right footed, Open play)" minute="76" period="2" second="35" time="80" type="attempt blocked" type_id="15"/>
	<message comment="Sandro misses attempt (To the right, Out of box, Right footed, Open play)" minute="75" period="2" second="18" time="79" type="attempt missed" type_id="13"/>
	<message comment="Emmanuel Adebayor is caught offside" minute="72" period="2" time="76" type="offside" type_id="10000"/>
	<message comment="Shane Long is substituted off" minute="71" period="2" second="56" time="75" type="substitution off" type_id="18"/>
	<message comment="Peter Odemwingie is substituted on" minute="71" period="2" second="56" time="75" type="substitution on" type_id="19"/>
	<message comment="Benoit Assou-Ekotto misses attempt (To the left, Out of box, Left footed, From corner)" minute="71" period="2" second="24" time="75" type="attempt missed" type_id="13"/>
	<message comment="Scott Parker wins a corner (To the left)" minute="70" period="2" second="52" time="74" type="corner" type_id="6"/>
	<message comment="Chris Brunt recieves a yellow card" minute="66" period="2" second="43" time="70" type="card received" type_id="17"/>
	<message comment="Ben Foster makes a save (Standing, Parried safe)" minute="65" period="2" second="20" time="69" type="save made" type_id="10"/>
	<message comment="Emmanuel Adebayor has attempt saved (Low to the right, 18-yard box, Right footed, Open play)" minute="65" period="2" second="20" time="69" type="attempt blocked" type_id="15"/>
	<message comment="Jermain Defoe misses attempt (To the right, 18-yard box, Key pass, Right footed, Open play)" minute="65" period="2" second="18" time="69" type="attempt missed" type_id="13"/>
	<message comment="Scott Parker misses attempt (High to the right, Out of box, Right footed, Open play)" minute="63" period="2" second="33" time="67" type="attempt missed" type_id="13"/>
	<message comment="Emmanuel Adebayor is caught offside" minute="61" period="2" time="65" type="offside" type_id="10000"/>
	<message comment="Ledley King misses attempt (18-yard box, Head, From corner)" minute="60" period="2" second="17" time="64" type="attempt missed" type_id="13"/>
	<message comment="Aaron Lennon wins a corner (To the left)" minute="59" period="2" second="44" time="63" type="corner" type_id="6"/>
	<message comment="Younes Kaboul misses attempt (To the right, 18-yard box, Head, From corner)" minute="56" period="2" second="38" time="60" type="attempt missed" type_id="13"/>
	<message comment="Emmanuel Adebayor wins a corner (To the left)" minute="56" period="2" second="4" time="60" type="corner" type_id="6"/>
	<message comment="James Morrison blocks a shot" minute="55" period="2" second="50" time="59" type="save made" type_id="10"/>
	<message comment="Benoit Assou-Ekotto has shot blocked (Out of box, Left footed, From corner)" minute="55" period="2" second="49" time="59" type="attempt blocked" type_id="15"/>
	<message comment="Gareth McAuley blocks a shot" minute="55" period="2" second="27" time="59" type="save made" type_id="10"/>
	<message comment="Scott Parker wins a corner (To the right)" minute="55" period="2" second="27" time="59" type="corner" type_id="6"/>
	<message comment="Scott Parker has shot blocked (18-yard box, Right footed, From corner)" minute="55" period="2" second="26" time="59" type="attempt blocked" type_id="15"/>
	<message comment="Jermain Defoe wins a corner (To the right)" minute="55" period="2" second="2" time="59" type="corner" type_id="6"/>
	<message comment="Simon Cox has attempt saved (Low to the centre, 18-yard box, Head, Open play)" minute="53" period="2" second="42" time="57" type="attempt blocked" type_id="15"/>
	<message comment="Brad Friedel makes a save" minute="53" period="2" second="42" time="57" type="save made" type_id="10"/>
	<message comment="Ben Foster makes a save (Parried safe)" minute="50" period="2" second="25" time="54" type="save made" type_id="10"/>
	<message comment="Emmanuel Adebayor has attempt saved (High to the centre, 18-yard box, Big Chance, Right footed, Open play)" minute="50" period="2" second="25" time="54" type="attempt blocked" type_id="15"/>
	<message comment="Second half begins!" minute="45" period="2" second="0" time="49" type="start" type_id="32"/>
	<message comment="First half ends" minute="48" period="1" second="15" time="48" type="end" type_id="30"/>
	<message comment="Ben Foster makes a save (Standing)" minute="47" period="1" second="45" time="47" type="save made" type_id="10"/>
	<message comment="Emmanuel Adebayor has attempt saved (High to the centre, 18-yard box, Head, From corner)" minute="47" period="1" second="45" time="47" type="attempt blocked" type_id="15"/>
	<message comment="Jermain Defoe wins a corner (To the left)" minute="47" period="1" second="19" time="47" type="corner" type_id="6"/>
	<message comment="Jonas Olsson blocks a shot" minute="47" period="1" second="18" time="47" type="save made" type_id="10"/>
	<message comment="Jermain Defoe has shot blocked (Out of box, Right footed, Open play)" minute="47" period="1" second="17" time="47" type="attempt blocked" type_id="15"/>
	<message comment="Jermain Defoe wins a corner (To the right)" minute="45" period="1" second="10" time="45" type="corner" type_id="6"/>
	<message comment="Jonas Olsson blocks a shot" minute="45" period="1" second="8" time="45" type="save made" type_id="10"/>
	<message comment="Jermain Defoe has shot blocked (Out of box, Left footed, Open play)" minute="45" period="1" second="6" time="45" type="attempt blocked" type_id="15"/>
	<message comment="Ledley King blocks a shot" minute="44" period="1" second="44" time="44" type="save made" type_id="10"/>
	<message comment="Jerome Thomas has shot blocked (Out of box, Right footed, Open play)" minute="44" period="1" second="42" time="44" type="attempt blocked" type_id="15"/>
	<message comment="Brad Friedel makes a save (Diving, Parried safe, Feet)" minute="43" period="1" second="3" time="43" type="save made" type_id="10"/>
	<message comment="Youssouf Mulumbu has attempt saved (Low to the centre, 18-yard box, Right footed, Open play)" minute="43" period="1" second="3" time="43" type="attempt blocked" type_id="15"/>
	<message comment="James Morrison has attempt saved (High to the right, Out of box, Right footed, Open play)" minute="42" period="1" second="10" time="42" type="attempt blocked" type_id="15"/>
	<message comment="Brad Friedel makes a save (Parried safe, Standing)" minute="42" period="1" second="10" time="42" type="save made" type_id="10"/>
	<message comment="Ben Foster makes a save" minute="40" period="1" second="28" time="40" type="save made" type_id="10"/>
	<message comment="Emmanuel Adebayor has attempt saved (Low to the centre, Out of box, Right footed, Open play)" minute="40" period="1" second="28" time="40" type="attempt blocked" type_id="15"/>
	<message comment="Youssouf Mulumbu recieves a yellow card" minute="39" period="1" second="5" time="39" type="card received" type_id="17"/>
	<message comment="Chris Brunt wins a corner (To the left)" minute="36" period="1" second="34" time="36" type="corner" type_id="6"/>
	<message comment="Ben Foster makes a save (Diving)" minute="35" period="1" second="5" time="35" type="save made" type_id="10"/>
	<message comment="Emmanuel Adebayor has attempt saved (Low to the right, Out of box, Right footed, Open play)" minute="35" period="1" second="5" time="35" type="attempt blocked" type_id="15"/>
	<message comment="Ledley King misses attempt (To the left, 18-yard box, Head, Set piece)" minute="31" period="1" second="11" time="31" type="attempt missed" type_id="13"/>
	<message comment="Chris Brunt misses attempt (Out of box, Left footed, Open play)" minute="28" period="1" second="31" time="28" type="attempt missed" type_id="13"/>
	<message comment="GOAL! Emmanuel Adebayor scores  (Low to the centre, 6-yard box, Big Chance, Right footed, Open play)" minute="24" period="1" second="53" time="24" type="goal scored" type_id="16"/>
	<message comment="Emmanuel Adebayor has attempt saved (Low to the left, 18-yard box, Big Chance, Penalty, Right footed)" minute="24" period="1" second="51" time="24" type="attempt blocked" type_id="15"/>
	<message comment="Ben Foster makes a save (Parried into danger, Diving, Penalty)" minute="24" period="1" second="51" time="24" type="save made" type_id="10"/>
	<message comment="Zoltán Gera is substituted off" minute="20" period="1" second="50" time="20" type="substitution off" type_id="18"/>
	<message comment="Simon Cox is substituted on" minute="20" period="1" second="50" time="20" type="substitution on" type_id="19"/>
	<message comment="Sandro recieves a yellow card" minute="20" period="1" second="41" time="20" type="card received" type_id="17"/>
	<message comment="Emmanuel Adebayor is caught offside" minute="15" period="1" time="15" type="offside" type_id="10000"/>
	<message comment="GOAL! Youssouf Mulumbu scores , Assisted by Steven Reid (Low to the left, 18-yard box, Head, Open play)" minute="9" period="1" second="22" time="9" type="goal scored" type_id="16"/>
	<message comment="Gareth Bale wins a corner (To the left)" minute="7" period="1" second="15" time="7" type="corner" type_id="6"/>
	<message comment="Formation Set" minute="0" period="14" second="0" time="7" type="end" type_id="30"/>
	<message comment="Sandro wins a corner (To the left)" minute="5" period="1" second="36" time="5" type="corner" type_id="6"/>
	<message comment="Sandro has attempt saved (Low to the centre, Out of box, Right footed, Open play)" minute="5" period="1" second="34" time="5" type="attempt blocked" type_id="15"/>
	<message comment="Ben Foster makes a save (Parried safe)" minute="5" period="1" second="34" time="5" type="save made" type_id="10"/>
	<message comment="Zoltán Gera misses attempt (High to the right, Out of box, Right footed, Open play)" minute="4" period="1" second="50" time="4" type="attempt missed" type_id="13"/>
	<message comment="First half begins!" minute="0" period="1" second="0" time="0" type="start" type_id="32"/>
</Commentary>
