<?xml version="1.0" ?>
<Commentary away_team_name="West Bromwich Albion" competition="English Premier League" game_date="2014-01-20" home_team_name="Everton" lang_id="en" season="Season 2013/2014" season_id="2013" sport_id="1" sport_name="Football">
	<message comment="Second half ends" minute="94" period="2" second="15" time="97" type="end" type_id="30"/>
	<message comment="Gareth Barry misses attempt (18-yard box, Left footed, Set piece)" minute="94" period="2" second="4" time="97" type="attempt missed" type_id="13"/>
	<message comment="Sylvain Distin is caught offside" minute="94" period="2" time="97" type="offside" type_id="10000"/>
	<message comment="Kevin Mirallas recieves a yellow card" minute="91" period="2" second="24" time="94" type="card received" type_id="17"/>
	<message comment="Romelu Lukaku has shot blocked (18-yard box, Right footed, Open play)" minute="91" period="2" second="7" time="94" type="attempt blocked" type_id="15"/>
	<message comment="Liam Ridgewell blocks a shot" minute="91" period="2" second="7" time="94" type="save made" type_id="10"/>
	<message comment="Victor Anichebe is caught offside" minute="91" period="2" time="94" type="offside" type_id="10000"/>
	<message comment="Tim Howard makes a save (Diving)" minute="90" period="2" second="3" time="93" type="save made" type_id="10"/>
	<message comment="Steven Reid has attempt saved (Low to the right, Out of box, Right footed, Free kick)" minute="90" period="2" second="3" time="93" type="attempt blocked" type_id="15"/>
	<message comment="Steven Reid misses attempt (To the left, Out of box, Right footed, Open play)" minute="89" period="2" second="6" time="92" type="attempt missed" type_id="13"/>
	<message comment="Leon Osman is substituted off" minute="88" period="2" second="8" time="91" type="substitution off" type_id="18"/>
	<message comment="Steven Naismith is substituted on" minute="88" period="2" second="8" time="91" type="substitution on" type_id="19"/>
	<message comment="Victor Anichebe wins a corner (To the right)" minute="79" period="2" second="42" time="82" type="corner" type_id="6"/>
	<message comment="Bryan Oviedo is substituted off" minute="79" period="2" second="31" time="82" type="substitution off" type_id="18"/>
	<message comment="Aiden McGeady is substituted on" minute="79" period="2" second="31" time="82" type="substitution on" type_id="19"/>
	<message comment="John Stones is substituted on" minute="78" period="2" second="8" time="81" type="substitution on" type_id="19"/>
	<message comment="Séamus Coleman is substituted off" minute="78" period="2" second="8" time="81" type="substitution off" type_id="18"/>
	<message comment="Tim Howard makes a save (Parried safe)" minute="76" period="2" second="48" time="79" type="save made" type_id="10"/>
	<message comment="Saido Berahino has attempt saved (Low to the centre, 18-yard box, Right footed, Open play)" minute="76" period="2" second="48" time="79" type="attempt blocked" type_id="15"/>
	<message comment="Nicolas Anelka is substituted off" minute="76" period="2" second="4" time="79" type="substitution off" type_id="18"/>
	<message comment="Saido Berahino is substituted on" minute="76" period="2" second="4" time="79" type="substitution on" type_id="19"/>
	<message comment="GOAL! Diego Lugano scores , Assisted by James Morrison (High to the right, 6-yard box, Head, Open play)" minute="74" period="2" second="43" time="77" type="goal scored" type_id="16"/>
	<message comment="Tim Howard makes a save" minute="74" period="2" second="20" time="77" type="save made" type_id="10"/>
	<message comment="Claudio Yacob has attempt saved (High to the centre, 18-yard box, Head, From corner)" minute="74" period="2" second="20" time="77" type="attempt blocked" type_id="15"/>
	<message comment="Diego Lugano misses attempt (To the left, 18-yard box, Key pass, Head, From corner)" minute="74" period="2" second="18" time="77" type="attempt missed" type_id="13"/>
	<message comment="Victor Anichebe wins a corner (To the right)" minute="73" period="2" second="56" time="76" type="corner" type_id="6"/>
	<message comment="Kevin Mirallas misses attempt (Out of box, Right footed, Free kick)" minute="71" period="2" second="12" time="74" type="attempt missed" type_id="13"/>
	<message comment="James Morrison misses attempt (High to the left, 18-yard box, Left footed, Open play)" minute="64" period="2" second="55" time="67" type="attempt missed" type_id="13"/>
	<message comment="Kevin Mirallas misses attempt (To the right, 18-yard box, Right footed, Open play)" minute="60" period="2" second="39" time="63" type="attempt missed" type_id="13"/>
	<message comment="Zoltán Gera is substituted off" minute="59" period="2" second="52" time="62" type="substitution off" type_id="18"/>
	<message comment="Youssouf Mulumbu is substituted on" minute="59" period="2" second="52" time="62" type="substitution on" type_id="19"/>
	<message comment="Kevin Mirallas wins a corner (To the right)" minute="58" period="2" second="4" time="61" type="corner" type_id="6"/>
	<message comment="Sylvain Distin blocks a shot" minute="57" period="2" second="42" time="60" type="save made" type_id="10"/>
	<message comment="Zoltán Gera has shot blocked (Out of box, Right footed, Open play)" minute="57" period="2" second="42" time="60" type="attempt blocked" type_id="15"/>
	<message comment="Liam Ridgewell recieves a yellow card" minute="54" period="2" second="28" time="57" type="card received" type_id="17"/>
	<message comment="Phil Jagielka blocks a shot" minute="54" period="2" second="11" time="57" type="save made" type_id="10"/>
	<message comment="Victor Anichebe has shot blocked (18-yard box, Big Chance, Right footed, Open play)" minute="54" period="2" second="11" time="57" type="attempt blocked" type_id="15"/>
	<message comment="Zoltán Gera misses attempt (To the right, 18-yard box, Head, Open play)" minute="51" period="2" second="45" time="54" type="attempt missed" type_id="13"/>
	<message comment="Gareth Barry recieves a yellow card" minute="50" period="2" second="22" time="53" type="card received" type_id="17"/>
	<message comment="Tim Howard makes a save (Diving, Collected)" minute="49" period="2" second="9" time="52" type="save made" type_id="10"/>
	<message comment="James Morrison has attempt saved (Low to the right, Out of box, Right footed, Open play)" minute="49" period="2" second="9" time="52" type="attempt blocked" type_id="15"/>
	<message comment="Chris Brunt wins a corner (To the left)" minute="45" period="2" second="24" time="48" type="corner" type_id="6"/>
	<message comment="Matej Vydra is substituted off" minute="45" period="2" second="0" time="48" type="substitution off" type_id="18"/>
	<message comment="Victor Anichebe is substituted on" minute="45" period="2" second="0" time="48" type="substitution on" type_id="19"/>
	<message comment="Second half begins!" minute="45" period="2" second="0" time="48" type="start" type_id="32"/>
	<message comment="First half ends" minute="47" period="1" second="5" time="47" type="end" type_id="30"/>
	<message comment="Zoltán Gera wins a corner (To the left)" minute="45" period="1" second="4" time="45" type="corner" type_id="6"/>
	<message comment="James Morrison recieves a yellow card" minute="43" period="1" second="25" time="43" type="card received" type_id="17"/>
	<message comment="Ben Foster makes a save (Diving)" minute="42" period="1" second="2" time="42" type="save made" type_id="10"/>
	<message comment="Bryan Oviedo has attempt saved (Low to the right, Out of box, Right footed, Open play)" minute="42" period="1" second="2" time="42" type="attempt blocked" type_id="15"/>
	<message comment="GOAL! Kevin Mirallas scores , Assisted by Romelu Lukaku (Low to the left, 18-yard box, Big Chance, Right footed, Open play)" minute="40" period="1" second="44" time="40" type="goal scored" type_id="16"/>
	<message comment="Claudio Yacob recieves a yellow card" minute="34" period="1" second="26" time="34" type="card received" type_id="17"/>
	<message comment="Nicolas Anelka is caught offside" minute="31" period="1" time="31" type="offside" type_id="10000"/>
	<message comment="Zoltán Gera has attempt saved (High to the centre, Out of box, Left footed, Open play)" minute="29" period="1" second="43" time="29" type="attempt blocked" type_id="15"/>
	<message comment="Tim Howard makes a save (Parried into danger, Standing)" minute="29" period="1" second="43" time="29" type="save made" type_id="10"/>
	<message comment="Chris Brunt blocks a shot" minute="28" period="1" second="25" time="28" type="save made" type_id="10"/>
	<message comment="Séamus Coleman has shot blocked (18-yard box, Right footed, Open play)" minute="28" period="1" second="25" time="28" type="attempt blocked" type_id="15"/>
	<message comment="Steven Reid blocks a shot" minute="28" period="1" second="8" time="28" type="save made" type_id="10"/>
	<message comment="Gareth Barry has shot blocked (Out of box, Left footed, Open play)" minute="28" period="1" second="8" time="28" type="attempt blocked" type_id="15"/>
	<message comment="Ben Foster makes a save (Diving)" minute="18" period="1" second="49" time="18" type="save made" type_id="10"/>
	<message comment="Kevin Mirallas has attempt saved (Low to the left, 18-yard box, Right footed, Open play)" minute="18" period="1" second="49" time="18" type="attempt blocked" type_id="15"/>
	<message comment="Ben Foster makes a save (Standing)" minute="16" period="1" second="21" time="16" type="save made" type_id="10"/>
	<message comment="James McCarthy has attempt saved (High to the centre, 18-yard box, Left footed, Open play)" minute="16" period="1" second="21" time="16" type="attempt blocked" type_id="15"/>
	<message comment="Nicolas Anelka misses attempt (To the right, 18-yard box, Right footed, Open play)" minute="13" period="1" second="5" time="13" type="attempt missed" type_id="13"/>
	<message comment="Chris Brunt has shot blocked (Out of box, Left footed, Open play)" minute="12" period="1" second="21" time="12" type="attempt blocked" type_id="15"/>
	<message comment="Phil Jagielka blocks a shot" minute="12" period="1" second="21" time="12" type="save made" type_id="10"/>
	<message comment="Bryan Oviedo misses attempt (18-yard box, Left footed, Open play)" minute="11" period="1" second="39" time="11" type="attempt missed" type_id="13"/>
	<message comment="Bryan Oviedo misses attempt (18-yard box, Left footed, Set piece)" minute="10" period="1" second="3" time="10" type="attempt missed" type_id="13"/>
	<message comment="Romelu Lukaku wins a corner (To the right)" minute="8" period="1" second="49" time="8" type="corner" type_id="6"/>
	<message comment="Kevin Mirallas is caught offside" minute="7" period="1" time="7" type="offside" type_id="10000"/>
	<message comment="Formation Set" minute="0" period="14" second="0" time="7" type="end" type_id="30"/>
	<message comment="Romelu Lukaku misses attempt (Out of box, Left footed, Set piece)" minute="4" period="1" second="55" time="4" type="attempt missed" type_id="13"/>
	<message comment="First half begins!" minute="0" period="1" second="0" time="0" type="start" type_id="32"/>
</Commentary>
