<?xml version="1.0" ?>
<Commentary away_team_name="West Ham" competition="English Premier League" game_date="2012-09-01" home_team_name="Fulham" lang_id="en" season="Season 2012/2013" season_id="2012" sport_id="1" sport_name="Football">
	<message comment="Second half ends" minute="92" period="2" second="57" time="94" type="end" type_id="30"/>
	<message comment="Hugo Rodallega wins a corner (To the right)" minute="89" period="2" second="47" time="91" type="corner" type_id="6"/>
	<message comment="Jussi Jääskeläinen makes a save (Parried safe, Standing, Feet)" minute="89" period="2" second="42" time="91" type="save made" type_id="10"/>
	<message comment="Hugo Rodallega has attempt saved (Low to the right, 18-yard box, Right footed, Open play)" minute="89" period="2" second="42" time="91" type="attempt blocked" type_id="15"/>
	<message comment="Jussi Jääskeläinen makes a save (Parried into danger, Diving)" minute="89" period="2" second="40" time="91" type="save made" type_id="10"/>
	<message comment="Hugo Rodallega has attempt saved (Low to the right, 18-yard box, Right footed, Open play)" minute="89" period="2" second="40" time="91" type="attempt blocked" type_id="15"/>
	<message comment="Damien Duff wins a corner (To the right)" minute="88" period="2" second="57" time="90" type="corner" type_id="6"/>
	<message comment="Jussi Jääskeläinen makes a save (Diving, Parried safe)" minute="88" period="2" second="55" time="90" type="save made" type_id="10"/>
	<message comment="Damien Duff has attempt saved (Low to the right, 18-yard box, Right footed, Open play)" minute="88" period="2" second="55" time="90" type="attempt blocked" type_id="15"/>
	<message comment="Jussi Jääskeläinen makes a save (Standing)" minute="87" period="2" second="22" time="89" type="save made" type_id="10"/>
	<message comment="Alexander Kacaniklic has attempt saved (Low to the right, Out of box, Right footed, Open play)" minute="87" period="2" second="22" time="89" type="attempt blocked" type_id="15"/>
	<message comment="Robert Hall has shot blocked (18-yard box, Left footed, Fast break)" minute="83" period="2" second="19" time="85" type="attempt blocked" type_id="15"/>
	<message comment="Sascha Riether blocks a shot" minute="83" period="2" second="19" time="85" type="save made" type_id="10"/>
	<message comment="Dimitar Berbatov wins a corner (To the left)" minute="82" period="2" second="40" time="84" type="corner" type_id="6"/>
	<message comment="Carlton Cole is caught offside" minute="80" period="2" time="82" type="offside" type_id="10000"/>
	<message comment="Guy Demel is substituted off" minute="77" period="2" second="54" time="79" type="substitution off" type_id="18"/>
	<message comment="Robert Hall is substituted on" minute="77" period="2" second="54" time="79" type="substitution on" type_id="19"/>
	<message comment="Damien Duff is caught offside" minute="74" period="2" time="76" type="offside" type_id="10000"/>
	<message comment="Jussi Jääskeläinen makes a save (Diving, Collected)" minute="73" period="2" second="8" time="75" type="save made" type_id="10"/>
	<message comment="Hugo Rodallega has attempt saved (Low to the centre, Out of box, Left footed, Open play)" minute="73" period="2" second="8" time="75" type="attempt blocked" type_id="15"/>
	<message comment="Jussi Jääskeläinen makes a save (Diving, Parried into danger)" minute="69" period="2" second="50" time="71" type="save made" type_id="10"/>
	<message comment="Steve Sidwell has attempt saved (Low to the centre, 18-yard box, Right footed, From corner)" minute="69" period="2" second="50" time="71" type="attempt blocked" type_id="15"/>
	<message comment="Steve Sidwell wins a corner (To the left)" minute="69" period="2" second="24" time="71" type="corner" type_id="6"/>
	<message comment="Mark Noble blocks a shot" minute="69" period="2" second="18" time="71" type="save made" type_id="10"/>
	<message comment="Steve Sidwell has shot blocked (Out of box, Right footed, Open play)" minute="69" period="2" second="18" time="71" type="attempt blocked" type_id="15"/>
	<message comment="Winston Reid blocks a shot" minute="69" period="2" second="16" time="71" type="save made" type_id="10"/>
	<message comment="Dimitar Berbatov has shot blocked (18-yard box, Left footed, Open play)" minute="69" period="2" second="16" time="71" type="attempt blocked" type_id="15"/>
	<message comment="Andy Carroll is substituted off" minute="67" period="2" second="54" time="69" type="substitution off" type_id="18"/>
	<message comment="Carlton Cole is substituted on" minute="67" period="2" second="54" time="69" type="substitution on" type_id="19"/>
	<message comment="James Collins is substituted off" minute="66" period="2" second="42" time="68" type="substitution off" type_id="18"/>
	<message comment="James Tomkins is substituted on" minute="66" period="2" second="42" time="68" type="substitution on" type_id="19"/>
	<message comment="James Collins blocks a shot" minute="65" period="2" second="52" time="67" type="save made" type_id="10"/>
	<message comment="Hugo Rodallega has shot blocked (18-yard box, Left footed, Open play)" minute="65" period="2" second="52" time="67" type="attempt blocked" type_id="15"/>
	<message comment="Andy Carroll wins a corner (To the left)" minute="60" period="2" second="52" time="62" type="corner" type_id="6"/>
	<message comment="Matthew Taylor misses attempt (To the right, Out of box, Left footed, Open play)" minute="59" period="2" second="59" time="61" type="attempt missed" type_id="13"/>
	<message comment="Kieran Richardson is substituted off" minute="59" period="2" second="13" time="61" type="substitution off" type_id="18"/>
	<message comment="Alexander Kacaniklic is substituted on" minute="59" period="2" second="13" time="61" type="substitution on" type_id="19"/>
	<message comment="Guy Demel blocks a shot" minute="56" period="2" second="58" time="58" type="save made" type_id="10"/>
	<message comment="Hugo Rodallega has shot blocked (Out of box, Right footed, Open play)" minute="56" period="2" second="58" time="58" type="attempt blocked" type_id="15"/>
	<message comment="Kevin Nolan has shot blocked (Out of box, Right footed, Open play)" minute="55" period="2" second="44" time="57" type="attempt blocked" type_id="15"/>
	<message comment="Brede Hangeland blocks a shot" minute="55" period="2" second="44" time="57" type="save made" type_id="10"/>
	<message comment="Ricardo Vaz Tê wins a corner (To the right)" minute="51" period="2" second="48" time="53" type="corner" type_id="6"/>
	<message comment="Ricardo Vaz Tê has shot blocked (18-yard box, Left footed, Open play)" minute="51" period="2" second="46" time="53" type="attempt blocked" type_id="15"/>
	<message comment="Mahamadou Diarra blocks a shot" minute="51" period="2" second="46" time="53" type="save made" type_id="10"/>
	<message comment="Matthew Taylor has attempt saved (Low to the centre, Out of box, Left footed, Free kick)" minute="51" period="2" second="15" time="53" type="attempt blocked" type_id="15"/>
	<message comment="Mark Schwarzer makes a save (Parried into danger)" minute="51" period="2" second="15" time="53" type="save made" type_id="10"/>
	<message comment="Dimitar Berbatov is caught offside" minute="49" period="2" time="51" type="offside" type_id="10000"/>
	<message comment="Ricardo Vaz Tê misses attempt (High, 18-yard box, Right footed, Open play)" minute="46" period="2" second="56" time="48" type="attempt missed" type_id="13"/>
	<message comment="Mladen Petric is substituted off" minute="45" period="2" second="0" time="47" type="substitution off" type_id="18"/>
	<message comment="Dimitar Berbatov is substituted on" minute="45" period="2" second="0" time="47" type="substitution on" type_id="19"/>
	<message comment="Second half begins!" minute="45" period="2" second="0" time="47" type="start" type_id="32"/>
	<message comment="First half ends" minute="46" period="1" second="3" time="46" type="end" type_id="30"/>
	<message comment="Guy Demel misses attempt (High, Out of box, Right footed, Fast break)" minute="45" period="1" second="59" time="45" type="attempt missed" type_id="13"/>
	<message comment="Brede Hangeland wins a corner (To the right)" minute="45" period="1" second="37" time="45" type="corner" type_id="6"/>
	<message comment="Jussi Jääskeläinen makes a save (Parried safe)" minute="45" period="1" second="20" time="45" type="save made" type_id="10"/>
	<message comment="Brede Hangeland has attempt saved (High to the centre, 6-yard box, Head, From corner)" minute="45" period="1" second="20" time="45" type="attempt blocked" type_id="15"/>
	<message comment="Damien Duff wins a corner (To the right)" minute="44" period="1" second="58" time="44" type="corner" type_id="6"/>
	<message comment="GOAL! Matthew Taylor scores  (Low to the right, 18-yard box, Left footed, Set piece)" minute="40" period="1" second="50" time="40" type="goal scored" type_id="16"/>
	<message comment="Mohamed Diamé has shot blocked (18-yard box, Right footed, Open play)" minute="33" period="1" second="17" time="33" type="attempt blocked" type_id="15"/>
	<message comment="Damien Duff blocks a shot" minute="33" period="1" second="17" time="33" type="save made" type_id="10"/>
	<message comment="James Collins blocks a shot" minute="32" period="1" second="43" time="32" type="save made" type_id="10"/>
	<message comment="Mladen Petric has shot blocked (Out of box, Left footed, Open play)" minute="32" period="1" second="43" time="32" type="attempt blocked" type_id="15"/>
	<message comment="GOAL! Winston Reid scores , Assisted by Matthew Taylor (Low to the centre, 6-yard box, Head, From corner)" minute="28" period="1" second="35" time="28" type="goal scored" type_id="16"/>
	<message comment="Guy Demel wins a corner (To the right)" minute="28" period="1" second="7" time="28" type="corner" type_id="6"/>
	<message comment="Jussi Jääskeläinen makes a save (Collected, Diving)" minute="25" period="1" second="10" time="25" type="save made" type_id="10"/>
	<message comment="Steve Sidwell has attempt saved (Low to the left, Out of box, Right footed, Open play)" minute="25" period="1" second="10" time="25" type="attempt blocked" type_id="15"/>
	<message comment="Matthew Taylor wins a corner (To the right)" minute="20" period="1" second="21" time="20" type="corner" type_id="6"/>
	<message comment="Matthew Taylor has shot blocked (18-yard box, Right footed, Open play)" minute="20" period="1" second="18" time="20" type="attempt blocked" type_id="15"/>
	<message comment="Brede Hangeland blocks a shot" minute="20" period="1" second="18" time="20" type="save made" type_id="10"/>
	<message comment="Andy Carroll has shot blocked (Out of box, Left footed, Open play)" minute="19" period="1" second="11" time="19" type="attempt blocked" type_id="15"/>
	<message comment="Hugo Rodallega blocks a shot" minute="19" period="1" second="11" time="19" type="save made" type_id="10"/>
	<message comment="Kevin Nolan misses attempt (Out of box, Right footed, Open play)" minute="15" period="1" second="29" time="15" type="attempt missed" type_id="13"/>
	<message comment="Mahamadou Diarra misses attempt (To the left, Out of box, Right footed, Open play)" minute="13" period="1" second="48" time="13" type="attempt missed" type_id="13"/>
	<message comment="Ricardo Vaz Tê wins a corner (To the left)" minute="11" period="1" second="44" time="11" type="corner" type_id="6"/>
	<message comment="Ricardo Vaz Tê has attempt saved (Low to the left, 18-yard box, Right footed, Open play)" minute="11" period="1" second="43" time="11" type="attempt blocked" type_id="15"/>
	<message comment="Mark Schwarzer makes a save (Diving, Parried safe)" minute="11" period="1" second="43" time="11" type="save made" type_id="10"/>
	<message comment="Mohamed Diamé wins a corner (To the left)" minute="9" period="1" second="21" time="9" type="corner" type_id="6"/>
	<message comment="Mohamed Diamé has attempt saved (High to the centre, 18-yard box, Right footed, Open play)" minute="8" period="1" second="43" time="8" type="attempt blocked" type_id="15"/>
	<message comment="Mark Schwarzer makes a save" minute="8" period="1" second="43" time="8" type="save made" type_id="10"/>
	<message comment="Jussi Jääskeläinen makes a save (Parried safe, Diving)" minute="6" period="1" second="30" time="6" type="save made" type_id="10"/>
	<message comment="Kieran Richardson has attempt saved (Low to the right, Out of box, Left footed, Open play)" minute="6" period="1" second="30" time="6" type="attempt blocked" type_id="15"/>
	<message comment="Formation Set" minute="0" period="14" second="0" time="4" type="end" type_id="30"/>
	<message comment="GOAL! Kevin Nolan scores , Assisted by Ricardo Vaz Tê (Low to the right, 18-yard box, Left footed, Open play)" minute="0" period="1" second="51" time="0" type="goal scored" type_id="16"/>
	<message comment="First half begins!" minute="0" period="1" second="0" time="0" type="start" type_id="32"/>
</Commentary>
