<?xml version="1.0" ?>
<Commentary away_team_name="West Ham" competition="English Premier League" game_date="2012-11-19" home_team_name="Stoke" lang_id="en" season="Season 2012/2013" season_id="2012" sport_id="1" sport_name="Football">
	<message comment="Second half ends" minute="94" period="2" second="4" time="96" type="end" type_id="30"/>
	<message comment="Winston Reid has attempt saved (High to the centre, 18-yard box, Head, From corner)" minute="90" period="2" second="35" time="92" type="attempt blocked" type_id="15"/>
	<message comment="Asmir Begovic makes a save (Standing)" minute="90" period="2" second="35" time="92" type="save made" type_id="10"/>
	<message comment="Matthew Taylor wins a corner (To the right)" minute="90" period="2" second="15" time="92" type="corner" type_id="6"/>
	<message comment="Guy Demel wins a corner (To the right)" minute="89" period="2" second="52" time="91" type="corner" type_id="6"/>
	<message comment="Matthew Taylor is substituted on" minute="85" period="2" second="37" time="87" type="substitution on" type_id="19"/>
	<message comment="Modibo Maiga is substituted off" minute="85" period="2" second="37" time="87" type="substitution off" type_id="18"/>
	<message comment="Andy Carroll is substituted off" minute="85" period="2" second="17" time="87" type="substitution off" type_id="18"/>
	<message comment="Carlton Cole is substituted on" minute="85" period="2" second="17" time="87" type="substitution on" type_id="19"/>
	<message comment="Guy Demel misses attempt (Out of box, Right footed, Open play)" minute="82" period="2" second="44" time="84" type="attempt missed" type_id="13"/>
	<message comment="Modibo Maiga wins a corner (To the right)" minute="80" period="2" second="0" time="82" type="corner" type_id="6"/>
	<message comment="Jonathan Walters is caught offside" minute="78" period="2" time="80" type="offside" type_id="10000"/>
	<message comment="Mohamed Diamé misses attempt (To the right, 18-yard box, Right footed, Set piece)" minute="77" period="2" second="29" time="79" type="attempt missed" type_id="13"/>
	<message comment="Joey O'Brien is substituted off" minute="76" period="2" second="45" time="78" type="substitution off" type_id="18"/>
	<message comment="Guy Demel is substituted on" minute="76" period="2" second="45" time="78" type="substitution on" type_id="19"/>
	<message comment="Matthew Etherington is substituted off" minute="73" period="2" second="25" time="75" type="substitution off" type_id="18"/>
	<message comment="Michael Kightly is substituted on" minute="73" period="2" second="25" time="75" type="substitution on" type_id="19"/>
	<message comment="Matthew Etherington is caught offside" minute="73" period="2" time="75" type="offside" type_id="10000"/>
	<message comment="Jonathan Walters misses attempt (Out of box, Left footed, Open play)" minute="70" period="2" second="9" time="72" type="attempt missed" type_id="13"/>
	<message comment="Mark Noble wins a corner (To the right)" minute="68" period="2" second="40" time="70" type="corner" type_id="6"/>
	<message comment="Wilson Palacios has shot blocked (Out of box, Right footed, Open play)" minute="67" period="2" second="54" time="69" type="attempt blocked" type_id="15"/>
	<message comment="Winston Reid blocks a shot" minute="67" period="2" second="54" time="69" type="save made" type_id="10"/>
	<message comment="Gary O'Neil misses attempt (18-yard box, Right footed, From corner)" minute="63" period="2" second="23" time="65" type="attempt missed" type_id="13"/>
	<message comment="George McCartney wins a corner (To the left)" minute="62" period="2" second="58" time="64" type="corner" type_id="6"/>
	<message comment="Glenn Whelan is substituted off" minute="61" period="2" second="56" time="63" type="substitution off" type_id="18"/>
	<message comment="Wilson Palacios is substituted on" minute="61" period="2" second="56" time="63" type="substitution on" type_id="19"/>
	<message comment="Peter Crouch is caught offside" minute="61" period="2" time="63" type="offside" type_id="10000"/>
	<message comment="Glenn Whelan wins a corner (To the left)" minute="60" period="2" second="22" time="62" type="corner" type_id="6"/>
	<message comment="Gary O'Neil wins a corner (To the right)" minute="59" period="2" second="12" time="61" type="corner" type_id="6"/>
	<message comment="Glenn Whelan blocks a shot" minute="59" period="2" second="9" time="61" type="save made" type_id="10"/>
	<message comment="Gary O'Neil has shot blocked (Out of box, Right footed, From corner)" minute="59" period="2" second="9" time="61" type="attempt blocked" type_id="15"/>
	<message comment="Gary O'Neil wins a corner (To the right)" minute="58" period="2" second="41" time="60" type="corner" type_id="6"/>
	<message comment="Gary O'Neil misses attempt (To the left, 18-yard box, Right footed, From corner)" minute="56" period="2" second="9" time="58" type="attempt missed" type_id="13"/>
	<message comment="Glenn Whelan blocks a shot" minute="56" period="2" second="8" time="58" type="save made" type_id="10"/>
	<message comment="Modibo Maiga has shot blocked (6-yard box, Left footed, From corner)" minute="56" period="2" second="8" time="58" type="attempt blocked" type_id="15"/>
	<message comment="Andy Carroll misses attempt (To the right, 18-yard box, Key pass, Head, From corner)" minute="56" period="2" second="6" time="58" type="attempt missed" type_id="13"/>
	<message comment="Joey O'Brien wins a corner (To the right)" minute="55" period="2" second="40" time="57" type="corner" type_id="6"/>
	<message comment="Matthew Etherington wins a corner (To the left)" minute="54" period="2" second="33" time="56" type="corner" type_id="6"/>
	<message comment="James Tomkins wins a corner (To the right)" minute="53" period="2" second="29" time="55" type="corner" type_id="6"/>
	<message comment="GOAL! Joey O'Brien scores , Assisted by Gary O'Neil (High to the centre, 6-yard box, Big Chance, Right footed, Open play)" minute="47" period="2" second="11" time="49" type="goal scored" type_id="16"/>
	<message comment="Robert Huth blocks a shot" minute="47" period="2" second="5" time="49" type="save made" type_id="10"/>
	<message comment="Mohamed Diamé has shot blocked (18-yard box, Right footed, Open play)" minute="47" period="2" second="5" time="49" type="attempt blocked" type_id="15"/>
	<message comment="Asmir Begovic makes a save (Diving)" minute="45" period="2" second="56" time="47" type="save made" type_id="10"/>
	<message comment="Kevin Nolan has attempt saved (Low to the centre, 6-yard box, Big Chance, Right footed, Open play)" minute="45" period="2" second="56" time="47" type="attempt blocked" type_id="15"/>
	<message comment="Second half begins!" minute="45" period="2" second="0" time="47" type="start" type_id="32"/>
	<message comment="First half ends" minute="46" period="1" second="56" time="46" type="end" type_id="30"/>
	<message comment="Mohamed Diamé misses attempt (To the right, Out of box, Right footed, Open play)" minute="44" period="1" second="14" time="44" type="attempt missed" type_id="13"/>
	<message comment="Modibo Maiga misses attempt (High, Out of box, Left footed, Open play)" minute="37" period="1" second="45" time="37" type="attempt missed" type_id="13"/>
	<message comment="Steven Nzonzi hits the woodwork (High, Out of box, Right footed, Open play)" minute="37" period="1" second="9" time="37" type="woodwork hit" type_id="14"/>
	<message comment="Mark Noble recieves a yellow card" minute="36" period="1" second="32" time="36" type="card received" type_id="17"/>
	<message comment="Steven Nzonzi misses attempt (To the right, Out of box, Right footed, Open play)" minute="35" period="1" second="41" time="35" type="attempt missed" type_id="13"/>
	<message comment="Andy Wilkinson is substituted off" minute="31" period="1" second="58" time="31" type="substitution off" type_id="18"/>
	<message comment="Ryan Shotton is substituted on" minute="31" period="1" second="58" time="31" type="substitution on" type_id="19"/>
	<message comment="Gary O'Neil wins a corner (To the right)" minute="27" period="1" second="18" time="27" type="corner" type_id="6"/>
	<message comment="Asmir Begovic makes a save (Parried safe, Diving)" minute="26" period="1" second="50" time="26" type="save made" type_id="10"/>
	<message comment="Kevin Nolan has attempt saved (High to the right, 18-yard box, Right footed, Open play)" minute="26" period="1" second="50" time="26" type="attempt blocked" type_id="15"/>
	<message comment="Robert Huth has attempt saved (High to the centre, 18-yard box, Head, From corner)" minute="23" period="1" second="56" time="23" type="attempt blocked" type_id="15"/>
	<message comment="Jussi Jääskeläinen makes a save (Diving, Parried safe)" minute="23" period="1" second="56" time="23" type="save made" type_id="10"/>
	<message comment="Matthew Etherington wins a corner (To the left)" minute="23" period="1" second="31" time="23" type="corner" type_id="6"/>
	<message comment="Asmir Begovic makes a save (Standing)" minute="22" period="1" second="44" time="22" type="save made" type_id="10"/>
	<message comment="Andy Carroll has attempt saved (Low to the right, 18-yard box, Head, Open play)" minute="22" period="1" second="44" time="22" type="attempt blocked" type_id="15"/>
	<message comment="Charlie Adam misses attempt (Out of box, Left footed, Open play)" minute="16" period="1" second="47" time="16" type="attempt missed" type_id="13"/>
	<message comment="GOAL! Jonathan Walters scores , Assisted by Glenn Whelan (Low to the right, 18-yard box, Right footed, From corner)" minute="12" period="1" second="38" time="12" type="goal scored" type_id="16"/>
	<message comment="Charlie Adam wins a corner (To the right)" minute="11" period="1" second="58" time="11" type="corner" type_id="6"/>
	<message comment="Kevin Nolan is caught offside" minute="8" period="1" time="8" type="offside" type_id="10000"/>
	<message comment="Formation Set" minute="0" period="14" second="0" time="6" type="end" type_id="30"/>
	<message comment="Kevin Nolan wins a corner (To the left)" minute="3" period="1" second="58" time="3" type="corner" type_id="6"/>
	<message comment="Charlie Adam misses attempt (To the right, 18-yard box, Left footed, Open play)" minute="2" period="1" second="57" time="2" type="attempt missed" type_id="13"/>
	<message comment="Modibo Maiga wins a corner (To the right)" minute="1" period="1" second="10" time="1" type="corner" type_id="6"/>
	<message comment="First half begins!" minute="0" period="1" second="0" time="0" type="start" type_id="32"/>
</Commentary>
