<?xml version="1.0" ?>
<Commentary away_team_name="West Ham" competition="English Premier League" game_date="2014-02-01" home_team_name="Swansea" lang_id="en" season="Season 2013/2014" season_id="2013" sport_id="1" sport_name="Football">
	<message comment="Second half ends" minute="94" period="2" second="30" time="96" type="end" type_id="30"/>
	<message comment="Jonathan de Guzmán misses attempt (To the left, Out of box, Right footed, Open play)" minute="93" period="2" second="59" time="95" type="attempt missed" type_id="13"/>
	<message comment="Winston Reid blocks a shot" minute="93" period="2" second="32" time="95" type="save made" type_id="10"/>
	<message comment="David N'Gog has shot blocked (18-yard box, Left footed, From corner)" minute="93" period="2" second="32" time="95" type="attempt blocked" type_id="15"/>
	<message comment="Pablo Hernández wins a corner (To the left)" minute="93" period="2" second="20" time="95" type="corner" type_id="6"/>
	<message comment="Winston Reid blocks a shot" minute="93" period="2" second="19" time="95" type="save made" type_id="10"/>
	<message comment="Pablo Hernández has shot blocked (Out of box, Right footed, Open play)" minute="93" period="2" second="19" time="95" type="attempt blocked" type_id="15"/>
	<message comment="James Collins blocks a shot" minute="91" period="2" second="37" time="93" type="save made" type_id="10"/>
	<message comment="Dwight Tiendalli has shot blocked (Out of box, Right footed, Open play)" minute="91" period="2" second="37" time="93" type="attempt blocked" type_id="15"/>
	<message comment="Pablo Hernández is caught offside" minute="90" period="2" time="92" type="offside" type_id="10000"/>
	<message comment="Dwight Tiendalli wins a corner (To the right)" minute="87" period="2" second="24" time="89" type="corner" type_id="6"/>
	<message comment="Kevin Nolan is substituted off" minute="86" period="2" second="43" time="88" type="substitution off" type_id="18"/>
	<message comment="Antonio Nocerino is substituted on" minute="86" period="2" second="43" time="88" type="substitution on" type_id="19"/>
	<message comment="James Collins blocks a shot" minute="85" period="2" second="52" time="87" type="save made" type_id="10"/>
	<message comment="Pablo Hernández has shot blocked (Out of box, Right footed, From corner)" minute="85" period="2" second="52" time="87" type="attempt blocked" type_id="15"/>
	<message comment="Wayne Routledge wins a corner (To the right)" minute="85" period="2" second="33" time="87" type="corner" type_id="6"/>
	<message comment="Wilfried Bony misses attempt (To the right, 18-yard box, Right footed, Open play)" minute="83" period="2" second="47" time="85" type="attempt missed" type_id="13"/>
	<message comment="Wilfried Bony misses attempt (High, 18-yard box, Right footed, Open play)" minute="79" period="2" second="31" time="81" type="attempt missed" type_id="13"/>
	<message comment="Jonathan de Guzmán wins a corner (To the right)" minute="79" period="2" second="0" time="81" type="corner" type_id="6"/>
	<message comment="Matthew Taylor is substituted off" minute="78" period="2" second="42" time="80" type="substitution off" type_id="18"/>
	<message comment="Winston Reid is substituted on" minute="78" period="2" second="42" time="80" type="substitution on" type_id="19"/>
	<message comment="Pablo Hernández wins a corner (To the left)" minute="77" period="2" second="59" time="79" type="corner" type_id="6"/>
	<message comment="Nathan Dyer is substituted off" minute="76" period="2" second="4" time="78" type="substitution off" type_id="18"/>
	<message comment="David N'Gog is substituted on" minute="76" period="2" second="4" time="78" type="substitution on" type_id="19"/>
	<message comment="Guy Demel blocks a shot" minute="73" period="2" second="42" time="75" type="save made" type_id="10"/>
	<message comment="Alejandro Pozuelo has shot blocked (18-yard box, Left footed, Open play)" minute="73" period="2" second="42" time="75" type="attempt blocked" type_id="15"/>
	<message comment="Jonjo Shelvey is substituted off" minute="69" period="2" second="24" time="71" type="substitution off" type_id="18"/>
	<message comment="Pablo Hernández is substituted on" minute="69" period="2" second="24" time="71" type="substitution on" type_id="19"/>
	<message comment="Matthew Taylor blocks a shot" minute="66" period="2" second="30" time="68" type="save made" type_id="10"/>
	<message comment="Nathan Dyer has shot blocked (Out of box, Left footed, Open play)" minute="66" period="2" second="30" time="68" type="attempt blocked" type_id="15"/>
	<message comment="Alejandro Pozuelo wins a corner (To the left)" minute="66" period="2" second="3" time="68" type="corner" type_id="6"/>
	<message comment="Matthew Jarvis is substituted off" minute="65" period="2" second="22" time="67" type="substitution off" type_id="18"/>
	<message comment="Carlton Cole is substituted on" minute="65" period="2" second="22" time="67" type="substitution on" type_id="19"/>
	<message comment="Alejandro Pozuelo wins a corner (To the right)" minute="64" period="2" second="47" time="66" type="corner" type_id="6"/>
	<message comment="Matthew Taylor blocks a shot" minute="64" period="2" second="44" time="66" type="save made" type_id="10"/>
	<message comment="Alejandro Pozuelo has shot blocked (Out of box, Left footed, Open play)" minute="64" period="2" second="44" time="66" type="attempt blocked" type_id="15"/>
	<message comment="Jordi Amat is substituted off" minute="62" period="2" second="9" time="64" type="substitution off" type_id="18"/>
	<message comment="Alejandro Pozuelo is substituted on" minute="62" period="2" second="9" time="64" type="substitution on" type_id="19"/>
	<message comment="Nathan Dyer wins a corner (To the right)" minute="61" period="2" second="44" time="63" type="corner" type_id="6"/>
	<message comment="Andy Carroll recieves a red card" minute="58" period="2" second="9" time="60" type="card received" type_id="17"/>
	<message comment="Jonathan de Guzmán wins a corner (To the right)" minute="54" period="2" second="51" time="56" type="corner" type_id="6"/>
	<message comment="Jonathan de Guzmán wins a corner (To the right)" minute="54" period="2" second="22" time="56" type="corner" type_id="6"/>
	<message comment="Matthew Taylor blocks a shot" minute="54" period="2" second="19" time="56" type="save made" type_id="10"/>
	<message comment="Jonathan de Guzmán has shot blocked (Out of box, Right footed, Open play)" minute="54" period="2" second="19" time="56" type="attempt blocked" type_id="15"/>
	<message comment="Matthew Taylor blocks a shot" minute="54" period="2" second="15" time="56" type="save made" type_id="10"/>
	<message comment="Jonjo Shelvey has shot blocked (Out of box, Right footed, Open play)" minute="54" period="2" second="15" time="56" type="attempt blocked" type_id="15"/>
	<message comment="Andy Carroll misses attempt (High to the right, Out of box, Right footed, Open play)" minute="53" period="2" second="6" time="55" type="attempt missed" type_id="13"/>
	<message comment="Wayne Routledge misses attempt (To the left, Out of box, Right footed, Open play)" minute="51" period="2" second="58" time="53" type="attempt missed" type_id="13"/>
	<message comment="George McCartney blocks a shot" minute="51" period="2" second="54" time="53" type="save made" type_id="10"/>
	<message comment="Wayne Routledge has shot blocked (Out of box, Right footed, Fast break)" minute="51" period="2" second="54" time="53" type="attempt blocked" type_id="15"/>
	<message comment="Stewart Downing wins a corner (To the right)" minute="51" period="2" second="23" time="53" type="corner" type_id="6"/>
	<message comment="Guy Demel wins a corner (To the right)" minute="51" period="2" second="3" time="53" type="corner" type_id="6"/>
	<message comment="Wilfried Bony misses attempt (High to the left, Out of box, Left footed, Open play)" minute="49" period="2" second="29" time="51" type="attempt missed" type_id="13"/>
	<message comment="Andy Carroll misses attempt (High to the left, 6-yard box, Head, From corner)" minute="47" period="2" second="18" time="49" type="attempt missed" type_id="13"/>
	<message comment="Matthew Jarvis wins a corner (To the left)" minute="46" period="2" second="50" time="48" type="corner" type_id="6"/>
	<message comment="Andy Carroll misses attempt (To the left, 18-yard box, Head, From corner)" minute="46" period="2" second="28" time="48" type="attempt missed" type_id="13"/>
	<message comment="Andy Carroll wins a corner (To the left)" minute="46" period="2" second="3" time="48" type="corner" type_id="6"/>
	<message comment="Second half begins!" minute="45" period="2" second="0" time="47" type="start" type_id="32"/>
	<message comment="First half ends" minute="46" period="1" second="33" time="46" type="end" type_id="30"/>
	<message comment="GOAL! Kevin Nolan scores , Assisted by Andy Carroll (Low to the right, 6-yard box, Big Chance, Head, From corner)" minute="45" period="1" second="19" time="45" type="goal scored" type_id="16"/>
	<message comment="Andy Carroll wins a corner (To the right)" minute="44" period="1" second="49" time="44" type="corner" type_id="6"/>
	<message comment="Andy Carroll has attempt saved (Low to the left, Out of box, Left footed, Open play)" minute="44" period="1" second="33" time="44" type="attempt blocked" type_id="15"/>
	<message comment="Gerhard Tremmel makes a save (Standing, Collected)" minute="44" period="1" second="33" time="44" type="save made" type_id="10"/>
	<message comment="Andy Carroll has attempt saved (Low to the centre, 18-yard box, Head, From corner)" minute="43" period="1" second="14" time="43" type="attempt blocked" type_id="15"/>
	<message comment="Gerhard Tremmel makes a save (Collected, Standing)" minute="43" period="1" second="14" time="43" type="save made" type_id="10"/>
	<message comment="Stewart Downing wins a corner (To the left)" minute="42" period="1" second="54" time="42" type="corner" type_id="6"/>
	<message comment="Nathan Dyer misses attempt (To the left, 18-yard box, Head, Open play)" minute="41" period="1" second="57" time="41" type="attempt missed" type_id="13"/>
	<message comment="Andy Carroll misses attempt (Out of box, Left footed, Open play)" minute="40" period="1" second="6" time="40" type="attempt missed" type_id="13"/>
	<message comment="Ashley Williams misses attempt (High, 18-yard box, Left footed, Set piece)" minute="39" period="1" second="33" time="39" type="attempt missed" type_id="13"/>
	<message comment="Kevin Nolan blocks a shot" minute="39" period="1" second="27" time="39" type="save made" type_id="10"/>
	<message comment="Jonjo Shelvey has shot blocked (Out of box, Right footed, Free kick)" minute="39" period="1" second="27" time="39" type="attempt blocked" type_id="15"/>
	<message comment="Jonjo Shelvey misses attempt (To the right, Out of box, Left footed, Fast break)" minute="36" period="1" second="15" time="36" type="attempt missed" type_id="13"/>
	<message comment="Mark Noble recieves a yellow card" minute="32" period="1" second="8" time="32" type="card received" type_id="17"/>
	<message comment="Wayne Routledge is caught offside" minute="28" period="1" time="28" type="offside" type_id="10000"/>
	<message comment="Jonathan de Guzmán wins a corner (To the left)" minute="27" period="1" second="22" time="27" type="corner" type_id="6"/>
	<message comment="GOAL! Kevin Nolan scores , Assisted by Andy Carroll (Low to the right, 18-yard box, Left footed, Open play)" minute="25" period="1" second="56" time="25" type="goal scored" type_id="16"/>
	<message comment="James Tomkins misses attempt (High, 18-yard box, Left footed, Open play)" minute="18" period="1" second="16" time="18" type="attempt missed" type_id="13"/>
	<message comment="James Tomkins blocks a shot" minute="17" period="1" second="14" time="17" type="save made" type_id="10"/>
	<message comment="Wilfried Bony has shot blocked (Out of box, Right footed, Open play)" minute="17" period="1" second="14" time="17" type="attempt blocked" type_id="15"/>
	<message comment="Guy Demel wins a corner (To the right)" minute="14" period="1" second="27" time="14" type="corner" type_id="6"/>
	<message comment="Stewart Downing has shot blocked (Out of box, Right footed, Open play)" minute="8" period="1" second="12" time="8" type="attempt blocked" type_id="15"/>
	<message comment="Dwight Tiendalli blocks a shot" minute="8" period="1" second="12" time="8" type="save made" type_id="10"/>
	<message comment="Formation Set" minute="0" period="14" second="0" time="6" type="end" type_id="30"/>
	<message comment="Andy Carroll misses attempt (To the left, 18-yard box, Head, Open play)" minute="5" period="1" second="43" time="5" type="attempt missed" type_id="13"/>
	<message comment="Matthew Jarvis wins a corner (To the right)" minute="2" period="1" second="25" time="2" type="corner" type_id="6"/>
	<message comment="First half begins!" minute="0" period="1" second="0" time="0" type="start" type_id="32"/>
</Commentary>
