<?xml version="1.0" ?>
<Commentary away_team_name="West Bromwich Albion" competition="English Premier League" game_date="2013-12-04" home_team_name="Manchester City" lang_id="en" season="Season 2013/2014" season_id="2013" sport_id="1" sport_name="Football">
	<message comment="Second half ends" minute="95" period="2" second="26" time="97" type="end" type_id="30"/>
	<message comment="Jack Rodwell misses attempt (To the left, 18-yard box, Head, Open play)" minute="95" period="2" second="21" time="97" type="attempt missed" type_id="13"/>
	<message comment="GOAL! Victor Anichebe scores , Assisted by Matej Vydra (Low to the right, 18-yard box, Right footed, Open play)" minute="93" period="2" second="48" time="95" type="goal scored" type_id="16"/>
	<message comment="Costel Pantilimon makes a save (Parried safe, Diving, From shot off target)" minute="88" period="2" second="31" time="90" type="save made" type_id="10"/>
	<message comment="Saido Berahino misses attempt (Out of box, Right footed, Open play)" minute="88" period="2" second="30" time="90" type="attempt missed" type_id="13"/>
	<message comment="Yaya Touré is substituted off" minute="87" period="2" second="55" time="89" type="substitution off" type_id="18"/>
	<message comment="Jack Rodwell is substituted on" minute="87" period="2" second="55" time="89" type="substitution on" type_id="19"/>
	<message comment="Jonas Olsson recieves a yellow card" minute="87" period="2" second="0" time="89" type="card received" type_id="17"/>
	<message comment="Costel Pantilimon scores an OWN GOAL!  (Low to the left, 6-yard box, Left footed, Open play)" minute="84" period="2" second="7" time="86" type="goal scored" type_id="16"/>
	<message comment="Costel Pantilimon recieves a yellow card" minute="83" period="2" second="4" time="85" type="card received" type_id="17"/>
	<message comment="Jonas Olsson misses attempt (High, 18-yard box, Head, From corner)" minute="82" period="2" second="24" time="84" type="attempt missed" type_id="13"/>
	<message comment="Saido Berahino wins a corner (To the right)" minute="82" period="2" second="1" time="84" type="corner" type_id="6"/>
	<message comment="Saido Berahino has shot blocked (18-yard box, Right footed, Open play)" minute="82" period="2" second="0" time="84" type="attempt blocked" type_id="15"/>
	<message comment="Vincent Kompany blocks a shot" minute="82" period="2" second="0" time="84" type="save made" type_id="10"/>
	<message comment="Boaz Myhill makes a save (Standing, Collected)" minute="78" period="2" second="23" time="80" type="save made" type_id="10"/>
	<message comment="James Milner has attempt saved (Low to the left, 18-yard box, Left footed, Open play)" minute="78" period="2" second="21" time="80" type="attempt blocked" type_id="15"/>
	<message comment="Samir Nasri is substituted off" minute="76" period="2" second="12" time="78" type="substitution off" type_id="18"/>
	<message comment="Javi García is substituted on" minute="76" period="2" second="12" time="78" type="substitution on" type_id="19"/>
	<message comment="Morgan Amalfitano is substituted off" minute="75" period="2" second="45" time="77" type="substitution off" type_id="18"/>
	<message comment="Matej Vydra is substituted on" minute="75" period="2" second="45" time="77" type="substitution on" type_id="19"/>
	<message comment="Edin Dzeko is caught offside" minute="75" period="2" time="77" type="offside" type_id="10000"/>
	<message comment="GOAL! Yaya Touré scores  (Low to the centre, 18-yard box, Penalty, Big Chance, Right footed)" minute="73" period="2" second="32" time="75" type="goal scored" type_id="16"/>
	<message comment="Samir Nasri wins a corner (To the left)" minute="70" period="2" second="47" time="72" type="corner" type_id="6"/>
	<message comment="Sergio Agüero is substituted off" minute="68" period="2" second="35" time="70" type="substitution off" type_id="18"/>
	<message comment="James Milner is substituted on" minute="68" period="2" second="35" time="70" type="substitution on" type_id="19"/>
	<message comment="Shane Long is substituted off" minute="64" period="2" second="2" time="66" type="substitution off" type_id="18"/>
	<message comment="Victor Anichebe is substituted on" minute="64" period="2" second="2" time="66" type="substitution on" type_id="19"/>
	<message comment="James Morrison is substituted off" minute="63" period="2" second="51" time="65" type="substitution off" type_id="18"/>
	<message comment="Zoltán Gera is substituted on" minute="63" period="2" second="51" time="65" type="substitution on" type_id="19"/>
	<message comment="James Morrison misses attempt (To the left, Out of box, Right footed, Open play)" minute="59" period="2" second="49" time="61" type="attempt missed" type_id="13"/>
	<message comment="Saido Berahino misses attempt (To the right, Out of box, Right footed, Open play)" minute="57" period="2" second="51" time="59" type="attempt missed" type_id="13"/>
	<message comment="Gareth McAuley blocks a shot" minute="54" period="2" second="34" time="56" type="save made" type_id="10"/>
	<message comment="Sergio Agüero has shot blocked (18-yard box, Right footed, Open play)" minute="54" period="2" second="34" time="56" type="attempt blocked" type_id="15"/>
	<message comment="Sergio Agüero misses attempt (Out of box, Right footed, Open play)" minute="48" period="2" second="34" time="50" type="attempt missed" type_id="13"/>
	<message comment="Samir Nasri wins a corner (To the left)" minute="46" period="2" second="55" time="48" type="corner" type_id="6"/>
	<message comment="Second half begins!" minute="45" period="2" second="0" time="47" type="start" type_id="32"/>
	<message comment="First half ends" minute="46" period="1" second="17" time="46" type="end" type_id="30"/>
	<message comment="Morgan Amalfitano is caught offside" minute="45" period="1" time="45" type="offside" type_id="10000"/>
	<message comment="Morgan Amalfitano wins a corner (To the right)" minute="40" period="1" second="29" time="40" type="corner" type_id="6"/>
	<message comment="Saido Berahino has shot blocked (Out of box, Left footed, Open play)" minute="38" period="1" second="31" time="38" type="attempt blocked" type_id="15"/>
	<message comment="Vincent Kompany blocks a shot" minute="38" period="1" second="31" time="38" type="save made" type_id="10"/>
	<message comment="Chris Brunt misses attempt (High to the left, Out of box, Left footed, Open play)" minute="37" period="1" second="7" time="37" type="attempt missed" type_id="13"/>
	<message comment="Fernandinho misses attempt (High to the right, 18-yard box, Right footed, Fast break)" minute="35" period="1" second="39" time="35" type="attempt missed" type_id="13"/>
	<message comment="Shane Long misses attempt (To the right, 18-yard box, Head, Open play)" minute="34" period="1" second="18" time="34" type="attempt missed" type_id="13"/>
	<message comment="Edin Dzeko misses attempt (18-yard box, Head, From corner)" minute="33" period="1" second="48" time="33" type="attempt missed" type_id="13"/>
	<message comment="Sergio Agüero wins a corner (To the left)" minute="33" period="1" second="21" time="33" type="corner" type_id="6"/>
	<message comment="Boaz Myhill makes a save (Diving, Parried safe)" minute="33" period="1" second="13" time="33" type="save made" type_id="10"/>
	<message comment="Sergio Agüero has attempt saved (Low to the left, 18-yard box, Right footed, Open play)" minute="33" period="1" second="10" time="33" type="attempt blocked" type_id="15"/>
	<message comment="Chris Brunt has shot blocked (Out of box, Left footed, Open play)" minute="31" period="1" second="9" time="31" type="attempt blocked" type_id="15"/>
	<message comment="Martín Demichelis blocks a shot" minute="31" period="1" second="9" time="31" type="save made" type_id="10"/>
	<message comment="Steven Reid wins a corner (To the right)" minute="28" period="1" second="10" time="28" type="corner" type_id="6"/>
	<message comment="Sergio Agüero misses attempt (High, Out of box, Right footed, Open play)" minute="25" period="1" second="46" time="25" type="attempt missed" type_id="13"/>
	<message comment="GOAL! Yaya Touré scores , Assisted by Aleksandar Kolarov (Low to the right, 18-yard box, Right footed, Open play)" minute="23" period="1" second="9" time="23" type="goal scored" type_id="16"/>
	<message comment="Sergio Agüero misses attempt (Out of box, Right footed, Open play)" minute="20" period="1" second="48" time="20" type="attempt missed" type_id="13"/>
	<message comment="Jonas Olsson blocks a shot" minute="17" period="1" second="41" time="17" type="save made" type_id="10"/>
	<message comment="Edin Dzeko has shot blocked (Out of box, Right footed, Open play)" minute="17" period="1" second="41" time="17" type="attempt blocked" type_id="15"/>
	<message comment="Saido Berahino misses attempt (Out of box, Right footed, Open play)" minute="15" period="1" second="6" time="15" type="attempt missed" type_id="13"/>
	<message comment="Morgan Amalfitano misses attempt (To the left, Out of box, Right footed, Open play)" minute="12" period="1" second="29" time="12" type="attempt missed" type_id="13"/>
	<message comment="GOAL! Sergio Agüero scores , Assisted by Pablo Zabaleta (High to the right, 18-yard box, Right footed, Open play)" minute="8" period="1" second="19" time="8" type="goal scored" type_id="16"/>
	<message comment="Formation Set" minute="0" period="14" second="0" time="7" type="end" type_id="30"/>
	<message comment="Sergio Agüero misses attempt (To the left, 18-yard box, Right footed, Open play)" minute="5" period="1" second="46" time="5" type="attempt missed" type_id="13"/>
	<message comment="Jonas Olsson is caught offside" minute="2" period="1" time="2" type="offside" type_id="10000"/>
	<message comment="Samir Nasri misses attempt (High to the left, Out of box, Left footed, Open play)" minute="1" period="1" second="15" time="1" type="attempt missed" type_id="13"/>
	<message comment="First half begins!" minute="0" period="1" second="0" time="0" type="start" type_id="32"/>
</Commentary>
