<?xml version="1.0" ?>
<Commentary away_team_name="West Bromwich Albion" competition="English Premier League" game_date="2010-08-21" home_team_name="Sunderland" lang_id="en" season="Season 2010/2011" season_id="2010" sport_id="1" sport_name="Football">
	<message comment="Second half ends" minute="94" period="2" second="2" time="97" type="end" type_id="30"/>
	<message comment="Jordan Henderson misses attempt (To the right, Out of box, Right footed, Open play)" minute="90" period="2" second="26" time="93" type="attempt missed" type_id="13"/>
	<message comment="Martyn Waghorn wins a corner (To the left)" minute="89" period="2" second="44" time="92" type="corner" type_id="6"/>
	<message comment="Jordan Henderson wins a corner (To the left)" minute="88" period="2" second="47" time="91" type="corner" type_id="6"/>
	<message comment="Steven Reid recieves a yellow card" minute="87" period="2" second="59" time="90" type="card received" type_id="17"/>
	<message comment="Chris Brunt hits the woodwork (High, Out of box, Left footed, Open play)" minute="87" period="2" second="23" time="90" type="woodwork hit" type_id="14"/>
	<message comment="Peter Odemwingie wins a corner (To the right)" minute="86" period="2" second="5" time="89" type="corner" type_id="6"/>
	<message comment="Youssouf Mulumbu is substituted off" minute="85" period="2" second="47" time="88" type="substitution off" type_id="18"/>
	<message comment="Nicky Shorey is substituted on" minute="85" period="2" second="47" time="88" type="substitution on" type_id="19"/>
	<message comment="Martyn Waghorn misses attempt (18-yard box, Left footed, From corner)" minute="84" period="2" second="30" time="87" type="attempt missed" type_id="13"/>
	<message comment="Cristian Riveros is substituted off" minute="84" period="2" second="17" time="87" type="substitution off" type_id="18"/>
	<message comment="Martyn Waghorn is substituted on" minute="84" period="2" second="17" time="87" type="substitution on" type_id="19"/>
	<message comment="Boudewijn Zenden wins a corner (To the left)" minute="83" period="2" second="52" time="86" type="corner" type_id="6"/>
	<message comment="Titus Bramble recieves a yellow card" minute="82" period="2" second="45" time="85" type="card received" type_id="17"/>
	<message comment="Graham Dorrans is substituted off" minute="81" period="2" second="47" time="84" type="substitution off" type_id="18"/>
	<message comment="Steven Reid is substituted on" minute="81" period="2" second="47" time="84" type="substitution on" type_id="19"/>
	<message comment="Boudewijn Zenden misses attempt (To the right, Out of box, Left footed, Open play)" minute="81" period="2" second="15" time="84" type="attempt missed" type_id="13"/>
	<message comment="GOAL! Peter Odemwingie scores , Assisted by James Morrison (Low to the left, 18-yard box, Big Chance, Right footed, Open play)" minute="80" period="2" second="2" time="83" type="goal scored" type_id="16"/>
	<message comment="Paulo Da Silva recieves a yellow card" minute="79" period="2" second="25" time="82" type="card received" type_id="17"/>
	<message comment="Nedum Onuoha has attempt saved (Low to the left, 18-yard box, Head, From corner)" minute="76" period="2" second="23" time="79" type="attempt blocked" type_id="15"/>
	<message comment="Scott Carson makes a save (Diving)" minute="76" period="2" second="23" time="79" type="save made" type_id="10"/>
	<message comment="Kieran Richardson wins a corner (To the left)" minute="75" period="2" second="51" time="78" type="corner" type_id="6"/>
	<message comment="Kieran Richardson has attempt saved (High to the left, Out of box, Left footed, Open play)" minute="75" period="2" second="48" time="78" type="attempt blocked" type_id="15"/>
	<message comment="Scott Carson makes a save (Diving)" minute="75" period="2" second="48" time="78" type="save made" type_id="10"/>
	<message comment="Paulo Da Silva blocks a shot" minute="75" period="2" second="5" time="78" type="save made" type_id="10"/>
	<message comment="Peter Odemwingie has shot blocked (Out of box, Right footed, Open play)" minute="75" period="2" second="5" time="78" type="attempt blocked" type_id="15"/>
	<message comment="Darren Bent is caught offside" minute="71" period="2" time="74" type="offside" type_id="10000"/>
	<message comment="Graham Dorrans wins a corner (To the right)" minute="69" period="2" second="46" time="72" type="corner" type_id="6"/>
	<message comment="Simon Mignolet makes a save (Diving, Parried into danger)" minute="69" period="2" second="33" time="72" type="save made" type_id="10"/>
	<message comment="Graham Dorrans has attempt saved (Low to the centre, Out of box, Right footed, Free kick)" minute="69" period="2" second="33" time="72" type="attempt blocked" type_id="15"/>
	<message comment="Danny Welbeck is substituted on" minute="66" period="2" second="20" time="69" type="substitution on" type_id="19"/>
	<message comment="Ahmed El Mohamady is substituted off" minute="66" period="2" second="20" time="69" type="substitution off" type_id="18"/>
	<message comment="Steed Malbranque is substituted off" minute="66" period="2" second="11" time="69" type="substitution off" type_id="18"/>
	<message comment="Boudewijn Zenden is substituted on" minute="66" period="2" second="11" time="69" type="substitution on" type_id="19"/>
	<message comment="Simon Mignolet makes a save (Diving)" minute="63" period="2" second="57" time="66" type="save made" type_id="10"/>
	<message comment="Chris Brunt has attempt saved (Low to the centre, 18-yard box, Head, Open play)" minute="63" period="2" second="57" time="66" type="attempt blocked" type_id="15"/>
	<message comment="Peter Odemwingie is caught offside" minute="60" period="2" time="63" type="offside" type_id="10000"/>
	<message comment="Kieran Richardson misses attempt (Out of box, Left footed, Free kick)" minute="56" period="2" second="0" time="59" type="attempt missed" type_id="13"/>
	<message comment="Graham Dorrans misses attempt (High, Out of box, Right footed, Free kick)" minute="53" period="2" second="49" time="56" type="attempt missed" type_id="13"/>
	<message comment="Gonzalo Jara wins a corner (To the left)" minute="52" period="2" second="28" time="55" type="corner" type_id="6"/>
	<message comment="Peter Odemwingie is caught offside" minute="50" period="2" time="53" type="offside" type_id="10000"/>
	<message comment="Darren Bent misses attempt (To the right, 18-yard box, Head, Set piece)" minute="48" period="2" second="0" time="51" type="attempt missed" type_id="13"/>
	<message comment="Darren Bent wins a corner (To the left)" minute="45" period="2" second="23" time="48" type="corner" type_id="6"/>
	<message comment="Second half begins!" minute="45" period="2" second="0" time="48" type="start" type_id="32"/>
	<message comment="Jerome Thomas is substituted off" minute="45" period="2" second="0" time="48" type="substitution off" type_id="18"/>
	<message comment="Giles Barnes is substituted on" minute="45" period="2" second="0" time="48" type="substitution on" type_id="19"/>
	<message comment="First half ends" minute="47" period="1" second="0" time="47" type="end" type_id="30"/>
	<message comment="Marek Cech is caught offside" minute="37" period="1" time="37" type="offside" type_id="10000"/>
	<message comment="Jonas Olsson recieves a yellow card" minute="35" period="1" second="45" time="35" type="card received" type_id="17"/>
	<message comment="Chris Brunt misses attempt (High, 18-yard box, Left footed, Open play)" minute="32" period="1" second="2" time="32" type="attempt missed" type_id="13"/>
	<message comment="James Morrison misses attempt (To the left, Out of box, Right footed, Throw-in)" minute="31" period="1" second="7" time="31" type="attempt missed" type_id="13"/>
	<message comment="Marek Cech misses attempt (To the right, Out of box, Left footed, Open play)" minute="28" period="1" second="26" time="28" type="attempt missed" type_id="13"/>
	<message comment="Kieran Richardson wins a corner (To the right)" minute="26" period="1" second="32" time="26" type="corner" type_id="6"/>
	<message comment="Jordan Henderson is caught offside" minute="26" period="1" time="26" type="offside" type_id="10000"/>
	<message comment="Cristian Riveros has shot blocked (18-yard box, Right footed, Open play)" minute="24" period="1" second="14" time="24" type="attempt blocked" type_id="15"/>
	<message comment="Jonas Olsson blocks a shot" minute="24" period="1" second="14" time="24" type="save made" type_id="10"/>
	<message comment="Peter Odemwingie wins a corner (To the right)" minute="23" period="1" second="5" time="23" type="corner" type_id="6"/>
	<message comment="Chris Brunt misses attempt (To the left, 18-yard box, Head, Open play)" minute="20" period="1" second="6" time="20" type="attempt missed" type_id="13"/>
	<message comment="Kieran Richardson has shot blocked (Out of box, Right footed, Set piece)" minute="18" period="1" second="34" time="18" type="attempt blocked" type_id="15"/>
	<message comment="Peter Odemwingie blocks a shot" minute="18" period="1" second="34" time="18" type="save made" type_id="10"/>
	<message comment="Darren Bent has shot blocked (Out of box, Right footed, Free kick)" minute="18" period="1" second="31" time="18" type="attempt blocked" type_id="15"/>
	<message comment="Jonas Olsson blocks a shot" minute="18" period="1" second="31" time="18" type="save made" type_id="10"/>
	<message comment="Chris Brunt recieves a yellow card" minute="17" period="1" second="30" time="17" type="card received" type_id="17"/>
	<message comment="Kieran Richardson misses attempt (High to the left, Out of box, Left footed, Free kick)" minute="13" period="1" second="56" time="13" type="attempt missed" type_id="13"/>
	<message comment="Darren Bent is caught offside" minute="10" period="1" time="10" type="offside" type_id="10000"/>
	<message comment="James Morrison misses attempt (To the left, Out of box, Right footed, Open play)" minute="9" period="1" second="33" time="9" type="attempt missed" type_id="13"/>
	<message comment="Formation Set" minute="0" period="14" second="0" time="7" type="end" type_id="30"/>
	<message comment="Peter Odemwingie misses attempt (To the left, 18-yard box, Big Chance, Right footed, Open play)" minute="6" period="1" second="55" time="6" type="attempt missed" type_id="13"/>
	<message comment="First half begins!" minute="0" period="1" second="0" time="0" type="start" type_id="32"/>
</Commentary>
