<?xml version="1.0" ?>
<Commentary away_team_name="West Bromwich Albion" competition="English Premier League" game_date="2012-01-14" home_team_name="Norwich" lang_id="en" season="Season 2011/2012" season_id="2011" sport_id="1" sport_name="Football">
	<message comment="Second half ends" minute="94" period="2" second="36" time="96" type="end" type_id="30"/>
	<message comment="Youssouf Mulumbu misses attempt (To the right, 18-yard box, Head, Open play)" minute="94" period="2" second="8" time="96" type="attempt missed" type_id="13"/>
	<message comment="Steve Morison wins a corner (To the right)" minute="86" period="2" second="44" time="88" type="corner" type_id="6"/>
	<message comment="Simon Cox wins a corner (To the left)" minute="84" period="2" second="44" time="86" type="corner" type_id="6"/>
	<message comment="James Morrison misses attempt (High to the right, Out of box, Right footed, Open play)" minute="81" period="2" second="24" time="83" type="attempt missed" type_id="13"/>
	<message comment="Bradley Johnson is substituted off" minute="79" period="2" second="49" time="81" type="substitution off" type_id="18"/>
	<message comment="David Fox is substituted on" minute="79" period="2" second="49" time="81" type="substitution on" type_id="19"/>
	<message comment="GOAL! Steve Morison scores , Assisted by Grant Holt (High to the right, 18-yard box, Big Chance, Head, Fast break)" minute="78" period="2" second="53" time="80" type="goal scored" type_id="16"/>
	<message comment="John Ruddy makes a save (Standing)" minute="77" period="2" second="54" time="79" type="save made" type_id="10"/>
	<message comment="Craig Dawson has attempt saved (Low to the centre, 18-yard box, Head, From corner)" minute="77" period="2" second="54" time="79" type="attempt blocked" type_id="15"/>
	<message comment="Simon Cox wins a corner (To the left)" minute="77" period="2" second="40" time="79" type="corner" type_id="6"/>
	<message comment="Jerome Thomas is substituted off" minute="76" period="2" second="15" time="78" type="substitution off" type_id="18"/>
	<message comment="Marc-Antoine Fortuné is substituted on" minute="76" period="2" second="15" time="78" type="substitution on" type_id="19"/>
	<message comment="Simon Cox misses attempt (To the left, 18-yard box, Head, From corner)" minute="74" period="2" second="14" time="76" type="attempt missed" type_id="13"/>
	<message comment="Shane Long wins a corner (To the right)" minute="73" period="2" second="43" time="75" type="corner" type_id="6"/>
	<message comment="Steve Morison misses attempt (High, 18-yard box, Head, From corner)" minute="72" period="2" second="0" time="74" type="attempt missed" type_id="13"/>
	<message comment="Bradley Johnson wins a corner (To the left)" minute="71" period="2" second="34" time="73" type="corner" type_id="6"/>
	<message comment="Bradley Johnson has shot blocked (Out of box, Left footed, Set piece)" minute="71" period="2" second="32" time="73" type="attempt blocked" type_id="15"/>
	<message comment="James Morrison blocks a shot" minute="71" period="2" second="32" time="73" type="save made" type_id="10"/>
	<message comment="Anthony Pilkington is substituted off" minute="68" period="2" second="0" time="70" type="substitution off" type_id="18"/>
	<message comment="Grant Holt is substituted on" minute="68" period="2" second="0" time="70" type="substitution on" type_id="19"/>
	<message comment="Simeon Jackson is substituted off" minute="68" period="2" second="0" time="70" type="substitution off" type_id="18"/>
	<message comment="Andrew Crofts is substituted on" minute="68" period="2" second="0" time="70" type="substitution on" type_id="19"/>
	<message comment="GOAL! Shane Long scores  (Low to the right, 18-yard box, Big Chance, Penalty, Right footed)" minute="67" period="2" second="17" time="69" type="goal scored" type_id="16"/>
	<message comment="Daniel Ayala recieves a yellow card" minute="66" period="2" second="30" time="68" type="card received" type_id="17"/>
	<message comment="Jerome Thomas wins a corner (To the left)" minute="65" period="2" second="19" time="67" type="corner" type_id="6"/>
	<message comment="John Ruddy makes a save (Standing, Parried into danger)" minute="64" period="2" second="28" time="66" type="save made" type_id="10"/>
	<message comment="Simon Cox has attempt saved (High to the right, Out of box, Right footed, Open play)" minute="64" period="2" second="28" time="66" type="attempt blocked" type_id="15"/>
	<message comment="Simon Cox misses attempt (To the left, 6-yard box, Right footed, Open play)" minute="63" period="2" second="20" time="65" type="attempt missed" type_id="13"/>
	<message comment="John Ruddy makes a save (Parried into danger, Diving, Feet)" minute="63" period="2" second="18" time="65" type="save made" type_id="10"/>
	<message comment="Shane Long has attempt saved (Low to the right, 18-yard box, Big Chance, Left footed, Open play)" minute="63" period="2" second="18" time="65" type="attempt blocked" type_id="15"/>
	<message comment="Paul Scharner is substituted off" minute="62" period="2" second="45" time="64" type="substitution off" type_id="18"/>
	<message comment="Graham Dorrans is substituted on" minute="62" period="2" second="45" time="64" type="substitution on" type_id="19"/>
	<message comment="Peter Odemwingie is substituted off" minute="62" period="2" second="30" time="64" type="substitution off" type_id="18"/>
	<message comment="Shane Long is substituted on" minute="62" period="2" second="30" time="64" type="substitution on" type_id="19"/>
	<message comment="Simeon Jackson has attempt saved (Low to the right, 18-yard box, Right footed, Open play)" minute="56" period="2" second="59" time="58" type="attempt blocked" type_id="15"/>
	<message comment="Ben Foster makes a save" minute="56" period="2" second="59" time="58" type="save made" type_id="10"/>
	<message comment="James Morrison misses attempt (Out of box, Right footed, Open play)" minute="53" period="2" second="44" time="55" type="attempt missed" type_id="13"/>
	<message comment="Simeon Jackson wins a corner (To the left)" minute="50" period="2" second="52" time="52" type="corner" type_id="6"/>
	<message comment="Paul Scharner misses attempt (High to the right, Out of box, Right footed, Open play)" minute="50" period="2" second="1" time="52" type="attempt missed" type_id="13"/>
	<message comment="James Morrison misses attempt (High, Out of box, Right footed, Open play)" minute="48" period="2" second="32" time="50" type="attempt missed" type_id="13"/>
	<message comment="Simeon Jackson has shot blocked (18-yard box, Left footed, Set piece)" minute="47" period="2" second="43" time="49" type="attempt blocked" type_id="15"/>
	<message comment="Gareth McAuley blocks a shot" minute="47" period="2" second="43" time="49" type="save made" type_id="10"/>
	<message comment="Second half begins!" minute="45" period="2" second="0" time="47" type="start" type_id="32"/>
	<message comment="First half ends" minute="46" period="1" second="10" time="46" type="end" type_id="30"/>
	<message comment="GOAL! Andrew Surman scores , Assisted by Wes Hoolahan (Low to the right, 18-yard box, Left footed, Fast break)" minute="42" period="1" second="42" time="42" type="goal scored" type_id="16"/>
	<message comment="Nicky Shorey wins a corner (To the left)" minute="41" period="1" second="37" time="41" type="corner" type_id="6"/>
	<message comment="Steve Morison misses attempt (18-yard box, Head, Open play)" minute="37" period="1" second="38" time="37" type="attempt missed" type_id="13"/>
	<message comment="Peter Odemwingie wins a corner (To the left)" minute="36" period="1" second="28" time="36" type="corner" type_id="6"/>
	<message comment="Paul Scharner misses attempt (High to the left, 18-yard box, Head, From corner)" minute="33" period="1" second="59" time="33" type="attempt missed" type_id="13"/>
	<message comment="Peter Odemwingie wins a corner (To the left)" minute="33" period="1" second="38" time="33" type="corner" type_id="6"/>
	<message comment="Jerome Thomas has shot blocked (18-yard box, Right footed, Open play)" minute="32" period="1" second="51" time="32" type="attempt blocked" type_id="15"/>
	<message comment="Zak Whitbread blocks a shot" minute="32" period="1" second="51" time="32" type="save made" type_id="10"/>
	<message comment="Peter Odemwingie is caught offside" minute="31" period="1" time="31" type="offside" type_id="10000"/>
	<message comment="Andrew Surman blocks a shot (Last line)" minute="29" period="1" second="37" time="29" type="save made" type_id="10"/>
	<message comment="James Morrison has shot blocked (Out of box, Left footed, From corner)" minute="29" period="1" second="37" time="29" type="attempt blocked" type_id="15"/>
	<message comment="Peter Odemwingie wins a corner (To the right)" minute="29" period="1" second="11" time="29" type="corner" type_id="6"/>
	<message comment="Jerome Thomas wins a corner (To the left)" minute="28" period="1" second="37" time="28" type="corner" type_id="6"/>
	<message comment="Kyle Naughton wins a corner (To the right)" minute="26" period="1" second="59" time="26" type="corner" type_id="6"/>
	<message comment="Jerome Thomas misses attempt (To the right, 18-yard box, Right footed, Open play)" minute="25" period="1" second="43" time="25" type="attempt missed" type_id="13"/>
	<message comment="John Ruddy makes a save (Parried safe, Other body part)" minute="20" period="1" second="16" time="20" type="save made" type_id="10"/>
	<message comment="Simon Cox has attempt saved (Low to the right, 18-yard box, Big Chance, Left footed, Open play)" minute="20" period="1" second="16" time="20" type="attempt blocked" type_id="15"/>
	<message comment="Simeon Jackson misses attempt (High to the right, 18-yard box, Right footed, Open play)" minute="19" period="1" second="43" time="19" type="attempt missed" type_id="13"/>
	<message comment="Peter Odemwingie misses attempt (To the left, 18-yard box, Left footed, Open play)" minute="13" period="1" second="17" time="13" type="attempt missed" type_id="13"/>
	<message comment="Simeon Jackson wins a corner (To the left)" minute="7" period="1" second="20" time="7" type="corner" type_id="6"/>
	<message comment="Formation Set" minute="0" period="14" second="0" time="6" type="end" type_id="30"/>
	<message comment="Peter Odemwingie wins a corner (To the left)" minute="4" period="1" second="58" time="4" type="corner" type_id="6"/>
	<message comment="Peter Odemwingie has attempt saved (Low to the centre, Out of box, Right footed, Open play)" minute="4" period="1" second="55" time="4" type="attempt blocked" type_id="15"/>
	<message comment="John Ruddy makes a save (Parried safe, Diving)" minute="4" period="1" second="55" time="4" type="save made" type_id="10"/>
	<message comment="James Morrison has shot blocked (Out of box, Right footed, Free kick)" minute="4" period="1" second="8" time="4" type="attempt blocked" type_id="15"/>
	<message comment="Steve Morison blocks a shot" minute="4" period="1" second="8" time="4" type="save made" type_id="10"/>
	<message comment="First half begins!" minute="0" period="1" second="0" time="0" type="start" type_id="32"/>
</Commentary>
