<?xml version="1.0" ?>
<Commentary away_team_name="West Bromwich Albion" competition="English Premier League" game_date="2013-12-21" home_team_name="Hull" lang_id="en" season="Season 2013/2014" season_id="2013" sport_id="1" sport_name="Football">
	<message comment="Second half ends" minute="93" period="2" second="21" time="96" type="end" type_id="30"/>
	<message comment="Saido Berahino misses attempt (High, Out of box, Left footed, Open play)" minute="90" period="2" second="3" time="93" type="attempt missed" type_id="13"/>
	<message comment="Tom Huddlestone misses attempt (Out of box, Right footed, Free kick)" minute="88" period="2" second="42" time="91" type="attempt missed" type_id="13"/>
	<message comment="Yannick Sagbo is substituted off" minute="88" period="2" second="22" time="91" type="substitution off" type_id="18"/>
	<message comment="Matty Fryatt is substituted on" minute="88" period="2" second="22" time="91" type="substitution on" type_id="19"/>
	<message comment="Zoltán Gera recieves a yellow card" minute="87" period="2" second="54" time="90" type="card received" type_id="17"/>
	<message comment="GOAL! Matej Vydra scores , Assisted by Zoltán Gera (Low to the left, 18-yard box, Big Chance, Right footed, Open play)" minute="85" period="2" second="41" time="88" type="goal scored" type_id="16"/>
	<message comment="George Boyd is caught offside" minute="83" period="2" time="86" type="offside" type_id="10000"/>
	<message comment="Danny Graham is substituted off" minute="79" period="2" second="23" time="82" type="substitution off" type_id="18"/>
	<message comment="George Boyd is substituted on" minute="79" period="2" second="23" time="82" type="substitution on" type_id="19"/>
	<message comment="Liam Ridgewell is substituted off" minute="78" period="2" second="54" time="81" type="substitution off" type_id="18"/>
	<message comment="Zoltán Gera is substituted on" minute="78" period="2" second="54" time="81" type="substitution on" type_id="19"/>
	<message comment="Saido Berahino wins a corner (To the right)" minute="74" period="2" second="44" time="77" type="corner" type_id="6"/>
	<message comment="Curtis Davies blocks a shot" minute="74" period="2" second="42" time="77" type="save made" type_id="10"/>
	<message comment="Saido Berahino has shot blocked (Out of box, Right footed, Open play)" minute="74" period="2" second="42" time="77" type="attempt blocked" type_id="15"/>
	<message comment="Saido Berahino misses attempt (To the right, 18-yard box, Head, From corner)" minute="73" period="2" second="30" time="76" type="attempt missed" type_id="13"/>
	<message comment="Saido Berahino wins a corner (To the left)" minute="73" period="2" second="8" time="76" type="corner" type_id="6"/>
	<message comment="James Morrison misses attempt (High, Out of box, Right footed, Open play)" minute="71" period="2" second="47" time="74" type="attempt missed" type_id="13"/>
	<message comment="Stéphane Sessegnon is substituted off" minute="68" period="2" second="14" time="71" type="substitution off" type_id="18"/>
	<message comment="Matej Vydra is substituted on" minute="68" period="2" second="14" time="71" type="substitution on" type_id="19"/>
	<message comment="Ahmed El Mohamady has attempt saved (Low to the right, 18-yard box, Right footed, Open play)" minute="66" period="2" second="55" time="69" type="attempt blocked" type_id="15"/>
	<message comment="Ben Foster makes a save (Standing, Parried safe)" minute="66" period="2" second="55" time="69" type="save made" type_id="10"/>
	<message comment="Tom Huddlestone has attempt saved (Low to the right, 18-yard box, Left footed, Open play)" minute="66" period="2" second="52" time="69" type="attempt blocked" type_id="15"/>
	<message comment="Ben Foster makes a save (Parried into danger, Diving)" minute="66" period="2" second="52" time="69" type="save made" type_id="10"/>
	<message comment="Billy Jones recieves a yellow card" minute="64" period="2" second="3" time="67" type="card received" type_id="17"/>
	<message comment="Allan McGregor makes a save" minute="58" period="2" second="54" time="61" type="save made" type_id="10"/>
	<message comment="Gareth McAuley has attempt saved (High to the left, 6-yard box, Head, From corner)" minute="58" period="2" second="54" time="61" type="attempt blocked" type_id="15"/>
	<message comment="Billy Jones wins a corner (To the right)" minute="58" period="2" second="27" time="61" type="corner" type_id="6"/>
	<message comment="Shane Long misses attempt (High to the left, 18-yard box, Left footed, Fast break)" minute="55" period="2" second="9" time="58" type="attempt missed" type_id="13"/>
	<message comment="Stéphane Sessegnon has shot blocked (6-yard box, Left footed, From corner)" minute="54" period="2" second="38" time="57" type="attempt blocked" type_id="15"/>
	<message comment="Yannick Sagbo blocks a shot" minute="54" period="2" second="38" time="57" type="save made" type_id="10"/>
	<message comment="Youssouf Mulumbu wins a corner (To the left)" minute="54" period="2" second="9" time="57" type="corner" type_id="6"/>
	<message comment="Tom Huddlestone blocks a shot" minute="54" period="2" second="6" time="57" type="save made" type_id="10"/>
	<message comment="Youssouf Mulumbu has shot blocked (Out of box, Right footed, From corner)" minute="54" period="2" second="6" time="57" type="attempt blocked" type_id="15"/>
	<message comment="Saido Berahino wins a corner (To the right)" minute="53" period="2" second="44" time="56" type="corner" type_id="6"/>
	<message comment="Allan McGregor makes a save (Parried safe)" minute="53" period="2" second="37" time="56" type="save made" type_id="10"/>
	<message comment="Saido Berahino has attempt saved (Low to the centre, 18-yard box, Left footed, Open play)" minute="53" period="2" second="37" time="56" type="attempt blocked" type_id="15"/>
	<message comment="James Morrison is caught offside" minute="51" period="2" time="54" type="offside" type_id="10000"/>
	<message comment="Scott Sinclair is substituted off" minute="45" period="2" second="0" time="48" type="substitution off" type_id="18"/>
	<message comment="Saido Berahino is substituted on" minute="45" period="2" second="0" time="48" type="substitution on" type_id="19"/>
	<message comment="Second half begins!" minute="45" period="2" second="0" time="48" type="start" type_id="32"/>
	<message comment="First half ends" minute="47" period="1" second="1" time="47" type="end" type_id="30"/>
	<message comment="Billy Jones has shot blocked (18-yard box, Right footed, Set piece)" minute="44" period="1" second="43" time="44" type="attempt blocked" type_id="15"/>
	<message comment="Maynor Figueroa blocks a shot" minute="44" period="1" second="43" time="44" type="save made" type_id="10"/>
	<message comment="Tom Huddlestone blocks a shot" minute="44" period="1" second="36" time="44" type="save made" type_id="10"/>
	<message comment="Chris Brunt has shot blocked (Out of box, Left footed, Free kick)" minute="44" period="1" second="36" time="44" type="attempt blocked" type_id="15"/>
	<message comment="James Morrison misses attempt (To the right, 18-yard box, Right footed, Open play)" minute="43" period="1" second="41" time="43" type="attempt missed" type_id="13"/>
	<message comment="David Meyler recieves a yellow card" minute="39" period="1" second="5" time="39" type="card received" type_id="17"/>
	<message comment="Chris Brunt wins a corner (To the right)" minute="37" period="1" second="32" time="37" type="corner" type_id="6"/>
	<message comment="Billy Jones wins a corner (To the left)" minute="35" period="1" second="21" time="35" type="corner" type_id="6"/>
	<message comment="David Meyler wins a corner (To the right)" minute="34" period="1" second="8" time="34" type="corner" type_id="6"/>
	<message comment="David Meyler has shot blocked (18-yard box, Left footed, Open play)" minute="34" period="1" second="4" time="34" type="attempt blocked" type_id="15"/>
	<message comment="Gareth McAuley blocks a shot" minute="34" period="1" second="4" time="34" type="save made" type_id="10"/>
	<message comment="GOAL! Jake Livermore scores , Assisted by Danny Graham (Low to the right, 18-yard box, Right footed, Fast break)" minute="27" period="1" second="28" time="27" type="goal scored" type_id="16"/>
	<message comment="Billy Jones wins a corner (To the right)" minute="26" period="1" second="39" time="26" type="corner" type_id="6"/>
	<message comment="Danny Graham is caught offside" minute="15" period="1" time="15" type="offside" type_id="10000"/>
	<message comment="James Chester misses attempt (High to the right, 18-yard box, Head, From corner)" minute="9" period="1" second="10" time="9" type="attempt missed" type_id="13"/>
	<message comment="Ahmed El Mohamady wins a corner (To the right)" minute="8" period="1" second="41" time="8" type="corner" type_id="6"/>
	<message comment="Formation Set" minute="0" period="14" second="0" time="6" type="end" type_id="30"/>
	<message comment="Yannick Sagbo blocks a shot" minute="5" period="1" second="0" time="5" type="save made" type_id="10"/>
	<message comment="Jonas Olsson has shot blocked (18-yard box, Head, From corner)" minute="5" period="1" second="0" time="5" type="attempt blocked" type_id="15"/>
	<message comment="Liam Ridgewell wins a corner (To the left)" minute="4" period="1" second="33" time="4" type="corner" type_id="6"/>
	<message comment="First half begins!" minute="0" period="1" second="0" time="0" type="start" type_id="32"/>
</Commentary>
