<?xml version="1.0" ?>
<Commentary away_team_name="Wigan" competition="English Premier League" game_date="2011-11-19" home_team_name="Blackburn" lang_id="en" season="Season 2011/2012" season_id="2011" sport_id="1" sport_name="Football">
	<message comment="Second half ends" minute="99" period="2" second="1" time="102" type="end" type_id="30"/>
	<message comment="GOAL! Yakubu scores  (Low to the left, 18-yard box, Penalty, Big Chance, Right footed)" minute="98" period="2" second="14" time="101" type="goal scored" type_id="16"/>
	<message comment="Paul Robinson wins a corner (To the right)" minute="95" period="2" second="43" time="98" type="corner" type_id="6"/>
	<message comment="Mauro Formica has shot blocked (Out of box, Left footed, Set piece)" minute="95" period="2" second="2" time="98" type="attempt blocked" type_id="15"/>
	<message comment="Maynor Figueroa blocks a shot" minute="95" period="2" second="2" time="98" type="save made" type_id="10"/>
	<message comment="Gaël Givet is substituted off" minute="92" period="2" second="56" time="95" type="substitution off" type_id="18"/>
	<message comment="Jason Roberts is substituted on" minute="92" period="2" second="56" time="95" type="substitution on" type_id="19"/>
	<message comment="Maynor Figueroa misses attempt (High, 18-yard box, Head, Open play)" minute="92" period="2" second="45" time="95" type="attempt missed" type_id="13"/>
	<message comment="Ronnie Stam is substituted off" minute="90" period="2" second="11" time="93" type="substitution off" type_id="18"/>
	<message comment="James McArthur is substituted on" minute="90" period="2" second="11" time="93" type="substitution on" type_id="19"/>
	<message comment="GOAL! Albert Crusat scores , Assisted by Hugo Rodallega (Low to the centre, Out of box, Left footed, Set piece)" minute="87" period="2" second="55" time="90" type="goal scored" type_id="16"/>
	<message comment="Victor Moses is caught offside" minute="86" period="2" time="89" type="offside" type_id="10000"/>
	<message comment="Maynor Figueroa misses attempt (High, Out of box, Left footed, Open play)" minute="85" period="2" second="21" time="88" type="attempt missed" type_id="13"/>
	<message comment="Rubén Rochina is substituted off" minute="83" period="2" second="32" time="86" type="substitution off" type_id="18"/>
	<message comment="Mauro Formica is substituted on" minute="83" period="2" second="32" time="86" type="substitution on" type_id="19"/>
	<message comment="Ronnie Stam wins a corner (To the right)" minute="81" period="2" second="26" time="84" type="corner" type_id="6"/>
	<message comment="Victor Moses wins a corner (To the right)" minute="81" period="2" second="8" time="84" type="corner" type_id="6"/>
	<message comment="Scott Dann blocks a shot" minute="81" period="2" second="5" time="84" type="save made" type_id="10"/>
	<message comment="Victor Moses has shot blocked (18-yard box, Right footed, Open play)" minute="81" period="2" second="5" time="84" type="attempt blocked" type_id="15"/>
	<message comment="David Jones misses attempt (Out of box, Left footed, Open play)" minute="79" period="2" second="6" time="82" type="attempt missed" type_id="13"/>
	<message comment="Hugo Rodallega has attempt saved (Low to the centre, 18-yard box, Big Chance, Right footed, Open play)" minute="76" period="2" second="29" time="79" type="attempt blocked" type_id="15"/>
	<message comment="Paul Robinson makes a save (Parried safe, Diving)" minute="76" period="2" second="29" time="79" type="save made" type_id="10"/>
	<message comment="David Jones misses attempt (To the right, Out of box, Key pass, Left footed, Open play)" minute="76" period="2" second="28" time="79" type="attempt missed" type_id="13"/>
	<message comment="Albert Crusat wins a corner (To the left)" minute="73" period="2" second="32" time="76" type="corner" type_id="6"/>
	<message comment="Paul Robinson makes a save (Parried safe, Diving)" minute="73" period="2" second="29" time="76" type="save made" type_id="10"/>
	<message comment="Albert Crusat has attempt saved (Low to the left, Out of box, Left footed, Open play)" minute="73" period="2" second="29" time="76" type="attempt blocked" type_id="15"/>
	<message comment="Scott Dann blocks a shot" minute="71" period="2" second="40" time="74" type="save made" type_id="10"/>
	<message comment="Hugo Rodallega has shot blocked (18-yard box, Right footed, Open play)" minute="71" period="2" second="40" time="74" type="attempt blocked" type_id="15"/>
	<message comment="Ronnie Stam recieves a yellow card" minute="69" period="2" second="56" time="72" type="card received" type_id="17"/>
	<message comment="Steven Nzonzi recieves a yellow card" minute="68" period="2" second="38" time="71" type="card received" type_id="17"/>
	<message comment="Jordi Gómez is substituted off" minute="67" period="2" second="51" time="70" type="substitution off" type_id="18"/>
	<message comment="Albert Crusat is substituted on" minute="67" period="2" second="51" time="70" type="substitution on" type_id="19"/>
	<message comment="Conor Sammon is substituted off" minute="67" period="2" second="43" time="70" type="substitution off" type_id="18"/>
	<message comment="Hugo Rodallega is substituted on" minute="67" period="2" second="43" time="70" type="substitution on" type_id="19"/>
	<message comment="David Jones wins a corner (To the right)" minute="66" period="2" second="31" time="69" type="corner" type_id="6"/>
	<message comment="Rubén Rochina misses attempt (Out of box, Left footed, Open play)" minute="65" period="2" second="49" time="68" type="attempt missed" type_id="13"/>
	<message comment="Conor Sammon misses attempt (To the left, 18-yard box, Head, Set piece)" minute="63" period="2" second="29" time="66" type="attempt missed" type_id="13"/>
	<message comment="Maynor Figueroa misses attempt (High, Out of box, Left footed, Throw-in)" minute="61" period="2" second="57" time="64" type="attempt missed" type_id="13"/>
	<message comment="Steve Gohouri misses attempt (18-yard box, Head, From corner)" minute="60" period="2" second="49" time="63" type="attempt missed" type_id="13"/>
	<message comment="Victor Moses wins a corner (To the left)" minute="60" period="2" second="29" time="63" type="corner" type_id="6"/>
	<message comment="GOAL! David Junior Hoilett scores  (High to the right, 6-yard box, Big Chance, Head, From corner)" minute="58" period="2" second="59" time="61" type="goal scored" type_id="16"/>
	<message comment="Paul Robinson wins a corner (To the left)" minute="58" period="2" second="43" time="61" type="corner" type_id="6"/>
	<message comment="Grant Hanley blocks a shot" minute="56" period="2" second="58" time="59" type="save made" type_id="10"/>
	<message comment="James McCarthy has shot blocked (Out of box, Left footed, Open play)" minute="56" period="2" second="58" time="59" type="attempt blocked" type_id="15"/>
	<message comment="Jordi Gómez recieves a yellow card" minute="53" period="2" second="34" time="56" type="card received" type_id="17"/>
	<message comment="Grant Hanley misses attempt (High to the right, Out of box, Right footed, Set piece)" minute="52" period="2" second="37" time="55" type="attempt missed" type_id="13"/>
	<message comment="David Dunn recieves a red card after receiving second yellow card" minute="47" period="2" second="40" time="50" type="card received" type_id="17"/>
	<message comment="Morten Gamst Pedersen wins a corner (To the left)" minute="46" period="2" second="38" time="49" type="corner" type_id="6"/>
	<message comment="David Jones misses attempt (18-yard box, Left footed, Open play)" minute="46" period="2" second="5" time="49" type="attempt missed" type_id="13"/>
	<message comment="Míchel Salgado is substituted off" minute="45" period="2" second="0" time="48" type="substitution off" type_id="18"/>
	<message comment="Adam Henley is substituted on" minute="45" period="2" second="0" time="48" type="substitution on" type_id="19"/>
	<message comment="Second half begins!" minute="45" period="2" second="0" time="48" type="start" type_id="32"/>
	<message comment="First half ends" minute="47" period="1" second="7" time="47" type="end" type_id="30"/>
	<message comment="Jordi Gómez misses attempt (Out of box, Left footed, Open play)" minute="46" period="1" second="9" time="46" type="attempt missed" type_id="13"/>
	<message comment="Scott Dann blocks a shot" minute="45" period="1" second="56" time="45" type="save made" type_id="10"/>
	<message comment="Victor Moses has shot blocked (Out of box, Right footed, Open play)" minute="45" period="1" second="56" time="45" type="attempt blocked" type_id="15"/>
	<message comment="Grant Hanley blocks a shot" minute="44" period="1" second="42" time="44" type="save made" type_id="10"/>
	<message comment="Victor Moses has shot blocked (Out of box, Right footed, Open play)" minute="44" period="1" second="42" time="44" type="attempt blocked" type_id="15"/>
	<message comment="Victor Moses misses attempt (High, 6-yard box, Head, Open play)" minute="42" period="1" second="5" time="42" type="attempt missed" type_id="13"/>
	<message comment="Victor Moses misses attempt (High, 18-yard box, Left footed, Open play)" minute="37" period="1" second="27" time="37" type="attempt missed" type_id="13"/>
	<message comment="David Jones has shot blocked (18-yard box, Left footed, Open play)" minute="34" period="1" second="48" time="34" type="attempt blocked" type_id="15"/>
	<message comment="Scott Dann blocks a shot" minute="34" period="1" second="48" time="34" type="save made" type_id="10"/>
	<message comment="GOAL! Gary Caldwell scores , Assisted by David Jones (Low to the left, 18-yard box, Head, From corner)" minute="30" period="1" second="8" time="30" type="goal scored" type_id="16"/>
	<message comment="Mohamed Diamé wins a corner (To the left)" minute="29" period="1" second="43" time="29" type="corner" type_id="6"/>
	<message comment="David Jones wins a corner (To the right)" minute="23" period="1" second="14" time="23" type="corner" type_id="6"/>
	<message comment="Gaël Givet misses attempt (High, 18-yard box, Right footed, Throw-in)" minute="19" period="1" second="1" time="19" type="attempt missed" type_id="13"/>
	<message comment="Morten Gamst Pedersen hits the woodwork (To the right, Out of box, Left footed, Free kick)" minute="18" period="1" second="27" time="18" type="woodwork hit" type_id="14"/>
	<message comment="Paul Robinson makes a save (Diving)" minute="15" period="1" second="46" time="15" type="save made" type_id="10"/>
	<message comment="Mohamed Diamé has attempt saved (Low to the centre, Out of box, Right footed, Open play)" minute="15" period="1" second="46" time="15" type="attempt blocked" type_id="15"/>
	<message comment="David Dunn recieves a yellow card" minute="14" period="1" second="4" time="14" type="card received" type_id="17"/>
	<message comment="Victor Moses is caught offside" minute="14" period="1" time="14" type="offside" type_id="10000"/>
	<message comment="Formation Set" minute="0" period="14" second="0" time="12" type="end" type_id="30"/>
	<message comment="Rubén Rochina recieves a yellow card" minute="11" period="1" second="8" time="11" type="card received" type_id="17"/>
	<message comment="Mohamed Diamé has shot blocked (Out of box, Right footed, Open play)" minute="9" period="1" second="31" time="9" type="attempt blocked" type_id="15"/>
	<message comment="Scott Dann blocks a shot" minute="9" period="1" second="31" time="9" type="save made" type_id="10"/>
	<message comment="GOAL! Jordi Gómez scores  (Low to the right, Out of box, Left footed, Open play)" minute="6" period="1" second="58" time="6" type="goal scored" type_id="16"/>
	<message comment="David Dunn misses attempt (High to the right, Out of box, Right footed, Open play)" minute="6" period="1" second="18" time="6" type="attempt missed" type_id="13"/>
	<message comment="Mohamed Diamé misses attempt (To the right, 18-yard box, Left footed, Open play)" minute="5" period="1" second="13" time="5" type="attempt missed" type_id="13"/>
	<message comment="GOAL! Yakubu scores , Assisted by Steven Nzonzi (Low to the left, 18-yard box, Big Chance, Right footed, Open play)" minute="1" period="1" second="3" time="1" type="goal scored" type_id="16"/>
	<message comment="Jordi Gómez misses attempt (High to the right, Out of box, Right footed, Open play)" minute="0" period="1" second="24" time="0" type="attempt missed" type_id="13"/>
	<message comment="First half begins!" minute="0" period="1" second="0" time="0" type="start" type_id="32"/>
</Commentary>
