<?xml version="1.0" ?>
<Commentary away_team_name="Wigan" competition="English Premier League" game_date="2010-08-14" home_team_name="Blackpool" lang_id="en" season="Season 2010/2011" season_id="2010" sport_id="1" sport_name="Football">
	<message comment="Second half ends" minute="92" period="2" second="1" time="95" type="end" type_id="30"/>
	<message comment="Matthew Gilks makes a save (Diving)" minute="86" period="2" second="53" time="89" type="save made" type_id="10"/>
	<message comment="Hugo Rodallega has attempt saved (Low to the left, 18-yard box, Right footed, Open play)" minute="86" period="2" second="53" time="89" type="attempt blocked" type_id="15"/>
	<message comment="Jason Euell misses attempt (High, 6-yard box, Big Chance, Left footed, From corner)" minute="85" period="2" second="8" time="88" type="attempt missed" type_id="13"/>
	<message comment="Jason Euell has attempt saved (High to the left, 6-yard box, Head, From corner)" minute="85" period="2" second="7" time="88" type="attempt blocked" type_id="15"/>
	<message comment="Chris Kirkland makes a save (Diving, Parried into danger)" minute="85" period="2" second="7" time="88" type="save made" type_id="10"/>
	<message comment="Charlie Adam wins a corner (To the left)" minute="84" period="2" second="43" time="87" type="corner" type_id="6"/>
	<message comment="Ronnie Stam wins a corner (To the left)" minute="80" period="2" second="55" time="83" type="corner" type_id="6"/>
	<message comment="Hugo Rodallega is caught offside" minute="76" period="2" time="79" type="offside" type_id="10000"/>
	<message comment="Mauro Boselli misses attempt (High to the left, Out of box, Left footed, Open play)" minute="75" period="2" second="52" time="78" type="attempt missed" type_id="13"/>
	<message comment="Gary Taylor-Fletcher is substituted off" minute="75" period="2" second="1" time="78" type="substitution off" type_id="18"/>
	<message comment="Jason Euell is substituted on" minute="75" period="2" second="1" time="78" type="substitution on" type_id="19"/>
	<message comment="GOAL! Alex Baptiste scores , Assisted by Chris Basham (Low to the right, Out of box, Right footed, Open play)" minute="74" period="2" second="18" time="77" type="goal scored" type_id="16"/>
	<message comment="Victor Moses is substituted off" minute="71" period="2" second="44" time="74" type="substitution off" type_id="18"/>
	<message comment="James McArthur is substituted on" minute="71" period="2" second="44" time="74" type="substitution on" type_id="19"/>
	<message comment="Matthew Gilks makes a save (Standing)" minute="68" period="2" second="58" time="71" type="save made" type_id="10"/>
	<message comment="Mauro Boselli has attempt saved (Low to the left, 18-yard box, Head, Open play)" minute="68" period="2" second="58" time="71" type="attempt blocked" type_id="15"/>
	<message comment="Mauro Boselli hits the woodwork (High, 18-yard box, Head, From corner)" minute="66" period="2" second="53" time="69" type="woodwork hit" type_id="14"/>
	<message comment="Hugo Rodallega wins a corner (To the right)" minute="66" period="2" second="26" time="69" type="corner" type_id="6"/>
	<message comment="Matthew Gilks makes a save (Parried safe)" minute="66" period="2" second="25" time="69" type="save made" type_id="10"/>
	<message comment="Hugo Rodallega has attempt saved (High to the centre, 18-yard box, Right footed, Open play)" minute="66" period="2" second="25" time="69" type="attempt blocked" type_id="15"/>
	<message comment="Gary Taylor-Fletcher is caught offside" minute="65" period="2" time="68" type="offside" type_id="10000"/>
	<message comment="Marlon Harewood is substituted off" minute="59" period="2" second="35" time="62" type="substitution off" type_id="18"/>
	<message comment="Chris Basham is substituted on" minute="59" period="2" second="35" time="62" type="substitution on" type_id="19"/>
	<message comment="Gary Taylor-Fletcher is caught offside" minute="59" period="2" time="62" type="offside" type_id="10000"/>
	<message comment="Brett Ormerod is substituted off" minute="58" period="2" second="43" time="61" type="substitution off" type_id="18"/>
	<message comment="Ludovic Sylvestre is substituted on" minute="58" period="2" second="43" time="61" type="substitution on" type_id="19"/>
	<message comment="Ian Evatt misses attempt (High to the right, 18-yard box, Right footed, From corner)" minute="56" period="2" second="38" time="59" type="attempt missed" type_id="13"/>
	<message comment="Charlie Adam wins a corner (To the left)" minute="56" period="2" second="19" time="59" type="corner" type_id="6"/>
	<message comment="Alex Baptiste blocks a shot" minute="54" period="2" second="49" time="57" type="save made" type_id="10"/>
	<message comment="Mauro Boselli has shot blocked (Out of box, Right footed, Open play)" minute="54" period="2" second="49" time="57" type="attempt blocked" type_id="15"/>
	<message comment="Steve Gohouri is caught offside" minute="46" period="2" time="49" type="offside" type_id="10000"/>
	<message comment="Mohamed Diamé is substituted off" minute="45" period="2" second="0" time="48" type="substitution off" type_id="18"/>
	<message comment="Hendry Thomas is substituted on" minute="45" period="2" second="0" time="48" type="substitution on" type_id="19"/>
	<message comment="Emmerson Boyce is substituted off" minute="45" period="2" second="0" time="48" type="substitution off" type_id="18"/>
	<message comment="Ronnie Stam is substituted on" minute="45" period="2" second="0" time="48" type="substitution on" type_id="19"/>
	<message comment="Second half begins!" minute="45" period="2" second="0" time="48" type="start" type_id="32"/>
	<message comment="First half ends" minute="47" period="1" second="9" time="47" type="end" type_id="30"/>
	<message comment="Victor Moses wins a corner (To the right)" minute="45" period="1" second="12" time="45" type="corner" type_id="6"/>
	<message comment="GOAL! Marlon Harewood scores  (Low to the right, 18-yard box, Right footed, Open play)" minute="42" period="1" second="31" time="42" type="goal scored" type_id="16"/>
	<message comment="Elliot Grandin has attempt saved (Low to the right, 18-yard box, Right footed, Open play)" minute="42" period="1" second="28" time="42" type="attempt blocked" type_id="15"/>
	<message comment="Chris Kirkland makes a save (Parried into danger, Diving)" minute="42" period="1" second="28" time="42" type="save made" type_id="10"/>
	<message comment="Brett Ormerod has shot blocked (18-yard box, Right footed, Open play)" minute="39" period="1" second="23" time="39" type="attempt blocked" type_id="15"/>
	<message comment="Steve Gohouri blocks a shot" minute="39" period="1" second="23" time="39" type="save made" type_id="10"/>
	<message comment="Victor Moses is caught offside" minute="38" period="1" time="38" type="offside" type_id="10000"/>
	<message comment="GOAL! Marlon Harewood scores , Assisted by Charlie Adam (Low to the right, Out of box, Right footed, Open play)" minute="37" period="1" second="22" time="37" type="goal scored" type_id="16"/>
	<message comment="Charlie Adam blocks a shot" minute="31" period="1" second="39" time="31" type="save made" type_id="10"/>
	<message comment="Hugo Rodallega has shot blocked (Out of box, Right footed, Free kick)" minute="31" period="1" second="39" time="31" type="attempt blocked" type_id="15"/>
	<message comment="Victor Moses misses attempt (To the left, Out of box, Left footed, Open play)" minute="28" period="1" second="51" time="28" type="attempt missed" type_id="13"/>
	<message comment="Victor Moses wins a corner (To the left)" minute="26" period="1" second="39" time="26" type="corner" type_id="6"/>
	<message comment="Ian Evatt recieves a yellow card" minute="22" period="1" second="54" time="22" type="card received" type_id="17"/>
	<message comment="Steve Gohouri misses attempt (High, 18-yard box, Head, From corner)" minute="20" period="1" second="53" time="20" type="attempt missed" type_id="13"/>
	<message comment="Emmerson Boyce wins a corner (To the right)" minute="20" period="1" second="26" time="20" type="corner" type_id="6"/>
	<message comment="Gary Taylor-Fletcher is caught offside" minute="19" period="1" time="19" type="offside" type_id="10000"/>
	<message comment="GOAL! Gary Taylor-Fletcher scores , Assisted by Marlon Harewood (Low to the centre, 6-yard box, Big Chance, Right footed, Open play)" minute="15" period="1" second="35" time="15" type="goal scored" type_id="16"/>
	<message comment="Steve Gohouri recieves a yellow card" minute="12" period="1" second="34" time="12" type="card received" type_id="17"/>
	<message comment="Brett Ormerod is caught offside" minute="10" period="1" time="10" type="offside" type_id="10000"/>
	<message comment="Matthew Gilks makes a save (Parried into danger, Standing)" minute="7" period="1" second="26" time="7" type="save made" type_id="10"/>
	<message comment="Victor Moses has attempt saved (Low to the right, 18-yard box, Left footed, From corner)" minute="7" period="1" second="26" time="7" type="attempt blocked" type_id="15"/>
	<message comment="Victor Moses wins a corner (To the right)" minute="6" period="1" second="51" time="6" type="corner" type_id="6"/>
	<message comment="Matthew Gilks makes a save (Diving)" minute="5" period="1" second="14" time="5" type="save made" type_id="10"/>
	<message comment="Hugo Rodallega has attempt saved (Low to the centre, Out of box, Right footed, Open play)" minute="5" period="1" second="14" time="5" type="attempt blocked" type_id="15"/>
	<message comment="Formation Set" minute="0" period="14" second="0" time="5" type="end" type_id="30"/>
	<message comment="Marlon Harewood misses attempt (6-yard box, Big Chance, Head, From corner)" minute="1" period="1" second="59" time="1" type="attempt missed" type_id="13"/>
	<message comment="Elliot Grandin wins a corner (To the right)" minute="1" period="1" second="35" time="1" type="corner" type_id="6"/>
	<message comment="Elliot Grandin wins a corner (To the left)" minute="0" period="1" second="56" time="0" type="corner" type_id="6"/>
	<message comment="First half begins!" minute="0" period="1" second="0" time="0" type="start" type_id="32"/>
</Commentary>
