<?xml version="1.0" ?>
<Commentary away_team_name="Wigan" competition="English Premier League" game_date="2012-11-10" home_team_name="West Bromwich Albion" lang_id="en" season="Season 2012/2013" season_id="2012" sport_id="1" sport_name="Football">
	<message comment="Second half ends" minute="95" period="2" second="28" time="98" type="end" type_id="30"/>
	<message comment="Peter Odemwingie is caught offside" minute="95" period="2" time="98" type="offside" type_id="10000"/>
	<message comment="Jean Beausejour is caught offside" minute="94" period="2" time="97" type="offside" type_id="10000"/>
	<message comment="Youssouf Mulumbu misses attempt (18-yard box, Right footed, Open play)" minute="93" period="2" second="33" time="96" type="attempt missed" type_id="13"/>
	<message comment="Maynor Figueroa misses attempt (High, Out of box, Left footed, Open play)" minute="92" period="2" second="42" time="95" type="attempt missed" type_id="13"/>
	<message comment="Zoltán Gera recieves a yellow card" minute="92" period="2" second="6" time="95" type="card received" type_id="17"/>
	<message comment="Romelu Lukaku is substituted off" minute="86" period="2" second="8" time="89" type="substitution off" type_id="18"/>
	<message comment="Markus Rosenberg is substituted on" minute="86" period="2" second="8" time="89" type="substitution on" type_id="19"/>
	<message comment="Franco Di Santo is substituted off" minute="85" period="2" second="11" time="88" type="substitution off" type_id="18"/>
	<message comment="Mauro Boselli is substituted on" minute="85" period="2" second="11" time="88" type="substitution on" type_id="19"/>
	<message comment="Ben Watson is substituted off" minute="84" period="2" second="59" time="87" type="substitution off" type_id="18"/>
	<message comment="Jordi Gómez is substituted on" minute="84" period="2" second="59" time="87" type="substitution on" type_id="19"/>
	<message comment="Shaun Maloney wins a corner (To the right)" minute="84" period="2" second="27" time="87" type="corner" type_id="6"/>
	<message comment="Arouna Koné misses attempt (6-yard box, Big Chance, Head, Open play)" minute="80" period="2" second="26" time="83" type="attempt missed" type_id="13"/>
	<message comment="Romelu Lukaku wins a corner (To the right)" minute="78" period="2" second="0" time="81" type="corner" type_id="6"/>
	<message comment="James McCarthy recieves a yellow card" minute="77" period="2" second="16" time="80" type="card received" type_id="17"/>
	<message comment="Billy Jones recieves a yellow card" minute="76" period="2" second="40" time="79" type="card received" type_id="17"/>
	<message comment="Shaun Maloney misses attempt (High, 18-yard box, Right footed, Open play)" minute="71" period="2" second="33" time="74" type="attempt missed" type_id="13"/>
	<message comment="Romelu Lukaku recieves a yellow card" minute="70" period="2" second="2" time="73" type="card received" type_id="17"/>
	<message comment="Shane Long is substituted off" minute="68" period="2" second="14" time="71" type="substitution off" type_id="18"/>
	<message comment="Peter Odemwingie is substituted on" minute="68" period="2" second="14" time="71" type="substitution on" type_id="19"/>
	<message comment="James Morrison is substituted off" minute="68" period="2" second="7" time="71" type="substitution off" type_id="18"/>
	<message comment="Zoltán Gera is substituted on" minute="68" period="2" second="7" time="71" type="substitution on" type_id="19"/>
	<message comment="Romelu Lukaku has attempt saved (High to the centre, 18-yard box, Right footed, Fast break)" minute="65" period="2" second="11" time="68" type="attempt blocked" type_id="15"/>
	<message comment="Ali Al Habsi makes a save (Collected, Standing)" minute="65" period="2" second="11" time="68" type="save made" type_id="10"/>
	<message comment="Gary Caldwell is substituted off" minute="64" period="2" second="9" time="67" type="substitution off" type_id="18"/>
	<message comment="Ronnie Stam is substituted on" minute="64" period="2" second="9" time="67" type="substitution on" type_id="19"/>
	<message comment="Liam Ridgewell misses attempt (18-yard box, Left footed, Open play)" minute="61" period="2" second="45" time="64" type="attempt missed" type_id="13"/>
	<message comment="Liam Ridgewell wins a corner (To the left)" minute="60" period="2" second="42" time="63" type="corner" type_id="6"/>
	<message comment="Shane Long has attempt saved (Low to the left, Out of box, Right footed, Open play)" minute="59" period="2" second="51" time="62" type="attempt blocked" type_id="15"/>
	<message comment="Ali Al Habsi makes a save (Diving, Parried into danger)" minute="59" period="2" second="51" time="62" type="save made" type_id="10"/>
	<message comment="Chris Brunt has shot blocked (18-yard box, Right footed, Open play)" minute="59" period="2" second="20" time="62" type="attempt blocked" type_id="15"/>
	<message comment="Gary Caldwell blocks a shot" minute="59" period="2" second="20" time="62" type="save made" type_id="10"/>
	<message comment="Arouna Koné misses attempt (High to the right, Out of box, Right footed, Open play)" minute="57" period="2" second="11" time="60" type="attempt missed" type_id="13"/>
	<message comment="Gareth McAuley wins a corner (To the right)" minute="56" period="2" second="11" time="59" type="corner" type_id="6"/>
	<message comment="Gareth McAuley misses attempt (To the right, 18-yard box, Head, From corner)" minute="56" period="2" second="9" time="59" type="attempt missed" type_id="13"/>
	<message comment="Romelu Lukaku wins a corner (To the left)" minute="55" period="2" second="35" time="58" type="corner" type_id="6"/>
	<message comment="Romelu Lukaku has attempt saved (High to the centre, 18-yard box, Left footed, Open play)" minute="55" period="2" second="33" time="58" type="attempt blocked" type_id="15"/>
	<message comment="Ali Al Habsi makes a save" minute="55" period="2" second="33" time="58" type="save made" type_id="10"/>
	<message comment="Gary Caldwell misses attempt (To the left, 18-yard box, Head, From corner)" minute="52" period="2" second="10" time="55" type="attempt missed" type_id="13"/>
	<message comment="Ben Watson wins a corner (To the right)" minute="51" period="2" second="50" time="54" type="corner" type_id="6"/>
	<message comment="Jonas Olsson blocks a shot" minute="51" period="2" second="12" time="54" type="save made" type_id="10"/>
	<message comment="James McCarthy has shot blocked (Out of box, Left footed, Open play)" minute="51" period="2" second="12" time="54" type="attempt blocked" type_id="15"/>
	<message comment="Shane Long is caught offside" minute="49" period="2" time="52" type="offside" type_id="10000"/>
	<message comment="Jean Beausejour misses attempt (High, 18-yard box, Left footed, Open play)" minute="48" period="2" second="58" time="51" type="attempt missed" type_id="13"/>
	<message comment="Boaz Myhill makes a save (Diving, Parried into danger)" minute="48" period="2" second="55" time="51" type="save made" type_id="10"/>
	<message comment="Ben Watson has attempt saved (Low to the centre, Out of box, Right footed, Open play)" minute="48" period="2" second="55" time="51" type="attempt blocked" type_id="15"/>
	<message comment="Romelu Lukaku is caught offside" minute="48" period="2" time="51" type="offside" type_id="10000"/>
	<message comment="Claudio Yacob recieves a yellow card" minute="46" period="2" second="56" time="49" type="card received" type_id="17"/>
	<message comment="Second half begins!" minute="45" period="2" second="0" time="48" type="start" type_id="32"/>
	<message comment="First half ends" minute="47" period="1" second="8" time="47" type="end" type_id="30"/>
	<message comment="GOAL! Arouna Koné scores  (Low to the right, 6-yard box, Big Chance, Right footed, Open play)" minute="43" period="1" second="31" time="43" type="goal scored" type_id="16"/>
	<message comment="Gary Caldwell scores an OWN GOAL!  (Low to the left, 6-yard box, Right footed, Open play)" minute="42" period="1" second="20" time="42" type="goal scored" type_id="16"/>
	<message comment="Billy Jones hits the woodwork (To the right, Out of box, Left footed, Open play)" minute="36" period="1" second="30" time="36" type="woodwork hit" type_id="14"/>
	<message comment="GOAL! James Morrison scores , Assisted by Chris Brunt (High to the centre, 6-yard box, Big Chance, Head, Open play)" minute="30" period="1" second="34" time="30" type="goal scored" type_id="16"/>
	<message comment="Liam Ridgewell wins a corner (To the left)" minute="29" period="1" second="28" time="29" type="corner" type_id="6"/>
	<message comment="Romelu Lukaku blocks a shot" minute="26" period="1" second="24" time="26" type="save made" type_id="10"/>
	<message comment="Shaun Maloney has shot blocked (Out of box, Right footed, Free kick)" minute="26" period="1" second="24" time="26" type="attempt blocked" type_id="15"/>
	<message comment="Franco Di Santo wins a corner (To the left)" minute="22" period="1" second="5" time="22" type="corner" type_id="6"/>
	<message comment="Gareth McAuley wins a corner (To the right)" minute="19" period="1" second="2" time="19" type="corner" type_id="6"/>
	<message comment="Chris Brunt wins a corner (To the right)" minute="14" period="1" second="29" time="14" type="corner" type_id="6"/>
	<message comment="James Morrison wins a corner (To the right)" minute="13" period="1" second="28" time="13" type="corner" type_id="6"/>
	<message comment="Shaun Maloney wins a corner (To the right)" minute="11" period="1" second="44" time="11" type="corner" type_id="6"/>
	<message comment="Boaz Myhill makes a save (Collected)" minute="10" period="1" second="27" time="10" type="save made" type_id="10"/>
	<message comment="Ben Watson has attempt saved (Low to the right, Out of box, Right footed, Open play)" minute="10" period="1" second="27" time="10" type="attempt blocked" type_id="15"/>
	<message comment="Ben Watson wins a corner (To the right)" minute="8" period="1" second="34" time="8" type="corner" type_id="6"/>
	<message comment="Boaz Myhill makes a save (Parried into danger, Diving)" minute="8" period="1" second="31" time="8" type="save made" type_id="10"/>
	<message comment="Ben Watson has attempt saved (Low to the centre, Out of box, Right footed, Open play)" minute="8" period="1" second="31" time="8" type="attempt blocked" type_id="15"/>
	<message comment="Formation Set" minute="0" period="14" second="0" time="8" type="end" type_id="30"/>
	<message comment="James McCarthy misses attempt (18-yard box, Left footed, Open play)" minute="6" period="1" second="51" time="6" type="attempt missed" type_id="13"/>
	<message comment="Maynor Figueroa misses attempt (Out of box, Left footed, Open play)" minute="4" period="1" second="48" time="4" type="attempt missed" type_id="13"/>
	<message comment="First half begins!" minute="0" period="1" second="0" time="0" type="start" type_id="32"/>
</Commentary>
