<?xml version="1.0" ?>
<Commentary away_team_name="Wigan" competition="English Premier League" game_date="2012-10-06" home_team_name="Everton" lang_id="en" season="Season 2012/2013" season_id="2012" sport_id="1" sport_name="Football">
	<message comment="Second half ends" minute="95" period="2" second="0" time="98" type="end" type_id="30"/>
	<message comment="Steven Naismith is substituted on" minute="93" period="2" second="0" time="96" type="substitution on" type_id="19"/>
	<message comment="Kevin Mirallas is substituted off" minute="93" period="2" second="0" time="96" type="substitution off" type_id="18"/>
	<message comment="Victor Anichebe recieves a yellow card" minute="91" period="2" second="40" time="94" type="card received" type_id="17"/>
	<message comment="Callum McManaman wins a corner (To the left)" minute="90" period="2" second="16" time="93" type="corner" type_id="6"/>
	<message comment="Callum McManaman has shot blocked (18-yard box, Left footed, Open play)" minute="90" period="2" second="14" time="93" type="attempt blocked" type_id="15"/>
	<message comment="Phil Jagielka blocks a shot" minute="90" period="2" second="14" time="93" type="save made" type_id="10"/>
	<message comment="Shaun Maloney wins a corner (To the left)" minute="89" period="2" second="18" time="92" type="corner" type_id="6"/>
	<message comment="Shaun Maloney has shot blocked (18-yard box, Right footed, Open play)" minute="89" period="2" second="14" time="92" type="attempt blocked" type_id="15"/>
	<message comment="Séamus Coleman blocks a shot" minute="89" period="2" second="14" time="92" type="save made" type_id="10"/>
	<message comment="GOAL! Leighton Baines scores  (High to the right, 18-yard box, Penalty, Big Chance, Left footed)" minute="86" period="2" second="33" time="89" type="goal scored" type_id="16"/>
	<message comment="Maynor Figueroa blocks a shot" minute="85" period="2" second="4" time="88" type="save made" type_id="10"/>
	<message comment="Nikica Jelavic has shot blocked (18-yard box, Right footed, Open play)" minute="85" period="2" second="4" time="88" type="attempt blocked" type_id="15"/>
	<message comment="Franco Di Santo is substituted off" minute="83" period="2" second="51" time="86" type="substitution off" type_id="18"/>
	<message comment="Callum McManaman is substituted on" minute="83" period="2" second="51" time="86" type="substitution on" type_id="19"/>
	<message comment="James McCarthy blocks a shot" minute="82" period="2" second="2" time="85" type="save made" type_id="10"/>
	<message comment="Nikica Jelavic has shot blocked (Out of box, Right footed, Free kick)" minute="82" period="2" second="2" time="85" type="attempt blocked" type_id="15"/>
	<message comment="Phil Neville is substituted off" minute="80" period="2" second="35" time="83" type="substitution off" type_id="18"/>
	<message comment="Victor Anichebe is substituted on" minute="80" period="2" second="35" time="83" type="substitution on" type_id="19"/>
	<message comment="Shaun Maloney has shot blocked (Out of box, Right footed, Open play)" minute="79" period="2" second="37" time="82" type="attempt blocked" type_id="15"/>
	<message comment="Phil Jagielka blocks a shot" minute="79" period="2" second="37" time="82" type="save made" type_id="10"/>
	<message comment="Nikica Jelavic misses attempt (To the right, 18-yard box, Big Chance, Right footed, Open play)" minute="76" period="2" second="33" time="79" type="attempt missed" type_id="13"/>
	<message comment="Phil Neville recieves a yellow card" minute="74" period="2" second="31" time="77" type="card received" type_id="17"/>
	<message comment="Arouna Koné misses attempt (18-yard box, Right footed, Open play)" minute="71" period="2" second="55" time="74" type="attempt missed" type_id="13"/>
	<message comment="Iván Ramis blocks a shot" minute="67" period="2" second="40" time="70" type="save made" type_id="10"/>
	<message comment="Kevin Mirallas has shot blocked (Out of box, Right footed, Open play)" minute="67" period="2" second="40" time="70" type="attempt blocked" type_id="15"/>
	<message comment="Nikica Jelavic wins a corner (To the left)" minute="64" period="2" second="26" time="67" type="corner" type_id="6"/>
	<message comment="Ali Al Habsi makes a save (Parried into danger, Diving)" minute="63" period="2" second="41" time="66" type="save made" type_id="10"/>
	<message comment="Steven Pienaar has attempt saved (Low to the centre, Out of box, Right footed, Open play)" minute="63" period="2" second="41" time="66" type="attempt blocked" type_id="15"/>
	<message comment="Shaun Maloney wins a corner (To the right)" minute="61" period="2" second="4" time="64" type="corner" type_id="6"/>
	<message comment="Nikica Jelavic recieves a yellow card" minute="59" period="2" second="5" time="62" type="card received" type_id="17"/>
	<message comment="Leighton Baines recieves a yellow card" minute="57" period="2" second="48" time="60" type="card received" type_id="17"/>
	<message comment="Franco Di Santo misses attempt (To the right, 18-yard box, Head, Open play)" minute="57" period="2" second="0" time="60" type="attempt missed" type_id="13"/>
	<message comment="James McCarthy recieves a yellow card" minute="54" period="2" second="50" time="57" type="card received" type_id="17"/>
	<message comment="Kevin Mirallas wins a corner (To the right)" minute="53" period="2" second="13" time="56" type="corner" type_id="6"/>
	<message comment="Ali Al Habsi makes a save (Diving)" minute="53" period="2" second="12" time="56" type="save made" type_id="10"/>
	<message comment="Kevin Mirallas has attempt saved (Low to the right, Out of box, Right footed, Open play)" minute="53" period="2" second="12" time="56" type="attempt blocked" type_id="15"/>
	<message comment="Kevin Mirallas misses attempt (High, 18-yard box, Big Chance, Right footed, Open play)" minute="51" period="2" second="12" time="54" type="attempt missed" type_id="13"/>
	<message comment="Leon Osman misses attempt (18-yard box, Right footed, Open play)" minute="49" period="2" second="43" time="52" type="attempt missed" type_id="13"/>
	<message comment="Kevin Mirallas wins a corner (To the right)" minute="46" period="2" second="22" time="49" type="corner" type_id="6"/>
	<message comment="Jean Beausejour wins a corner (To the left)" minute="45" period="2" second="35" time="48" type="corner" type_id="6"/>
	<message comment="John Heitinga is substituted off" minute="45" period="2" second="0" time="48" type="substitution off" type_id="18"/>
	<message comment="Sylvain Distin is substituted on" minute="45" period="2" second="0" time="48" type="substitution on" type_id="19"/>
	<message comment="Second half begins!" minute="45" period="2" second="0" time="48" type="start" type_id="32"/>
	<message comment="First half ends" minute="47" period="1" second="9" time="47" type="end" type_id="30"/>
	<message comment="Marouane Fellaini recieves a yellow card" minute="42" period="1" second="59" time="42" type="card received" type_id="17"/>
	<message comment="Leighton Baines hits the woodwork (To the left, 6-yard box, Right footed, Open play)" minute="41" period="1" second="21" time="41" type="woodwork hit" type_id="14"/>
	<message comment="Kevin Mirallas wins a corner (To the right)" minute="39" period="1" second="28" time="39" type="corner" type_id="6"/>
	<message comment="Ali Al Habsi makes a save (Diving, Parried safe)" minute="39" period="1" second="26" time="39" type="save made" type_id="10"/>
	<message comment="Kevin Mirallas has attempt saved (Low to the right, Out of box, Right footed, Open play)" minute="39" period="1" second="26" time="39" type="attempt blocked" type_id="15"/>
	<message comment="Maynor Figueroa blocks a shot" minute="38" period="1" second="12" time="38" type="save made" type_id="10"/>
	<message comment="Leighton Baines has shot blocked (Out of box, Left footed, Set piece)" minute="38" period="1" second="12" time="38" type="attempt blocked" type_id="15"/>
	<message comment="Jean Beausejour wins a corner (To the left)" minute="36" period="1" second="30" time="36" type="corner" type_id="6"/>
	<message comment="Steven Pienaar has attempt saved (Low to the right, Out of box, Right footed, Open play)" minute="33" period="1" second="15" time="33" type="attempt blocked" type_id="15"/>
	<message comment="Ali Al Habsi makes a save (Standing)" minute="33" period="1" second="15" time="33" type="save made" type_id="10"/>
	<message comment="Leon Osman wins a corner (To the left)" minute="30" period="1" second="59" time="30" type="corner" type_id="6"/>
	<message comment="Ali Al Habsi makes a save (Standing, Parried safe)" minute="30" period="1" second="56" time="30" type="save made" type_id="10"/>
	<message comment="Leon Osman has attempt saved (High to the centre, 18-yard box, Left footed, Open play)" minute="30" period="1" second="56" time="30" type="attempt blocked" type_id="15"/>
	<message comment="Shaun Maloney misses attempt (Out of box, Right footed, Open play)" minute="29" period="1" second="15" time="29" type="attempt missed" type_id="13"/>
	<message comment="Shaun Maloney misses attempt (To the right, 18-yard box, Right footed, From corner)" minute="26" period="1" second="17" time="26" type="attempt missed" type_id="13"/>
	<message comment="Franco Di Santo wins a corner (To the left)" minute="25" period="1" second="41" time="25" type="corner" type_id="6"/>
	<message comment="Franco Di Santo has attempt saved (Low to the left, Out of box, Right footed, Open play)" minute="25" period="1" second="38" time="25" type="attempt blocked" type_id="15"/>
	<message comment="Tim Howard makes a save (Diving, Parried safe)" minute="25" period="1" second="38" time="25" type="save made" type_id="10"/>
	<message comment="Arouna Koné is caught offside" minute="24" period="1" time="24" type="offside" type_id="10000"/>
	<message comment="GOAL! Franco Di Santo scores , Assisted by Arouna Koné (High to the centre, 18-yard box, Big Chance, Right footed, Open play)" minute="22" period="1" second="17" time="22" type="goal scored" type_id="16"/>
	<message comment="Arouna Koné is caught offside" minute="21" period="1" time="21" type="offside" type_id="10000"/>
	<message comment="Kevin Mirallas has shot blocked (Out of box, Right footed, From corner)" minute="20" period="1" second="28" time="20" type="attempt blocked" type_id="15"/>
	<message comment="Steven Pienaar wins a corner (To the left)" minute="19" period="1" second="8" time="19" type="corner" type_id="6"/>
	<message comment="Shaun Maloney recieves a yellow card" minute="18" period="1" second="20" time="18" type="card received" type_id="17"/>
	<message comment="Nikica Jelavic is caught offside" minute="14" period="1" time="14" type="offside" type_id="10000"/>
	<message comment="Leighton Baines has shot blocked (Out of box, Right footed, Open play)" minute="13" period="1" second="30" time="13" type="attempt blocked" type_id="15"/>
	<message comment="Franco Di Santo blocks a shot" minute="13" period="1" second="30" time="13" type="save made" type_id="10"/>
	<message comment="Emmerson Boyce misses attempt (To the right, 18-yard box, Head, From corner)" minute="12" period="1" second="15" time="12" type="attempt missed" type_id="13"/>
	<message comment="Franco Di Santo wins a corner (To the left)" minute="11" period="1" second="35" time="11" type="corner" type_id="6"/>
	<message comment="GOAL! Nikica Jelavic scores , Assisted by Steven Pienaar (Low to the right, 6-yard box, Big Chance, Head, Open play)" minute="10" period="1" second="20" time="10" type="goal scored" type_id="16"/>
	<message comment="GOAL! Arouna Koné scores , Assisted by Shaun Maloney (Low to the left, 6-yard box, Big Chance, Head, Open play)" minute="9" period="1" second="9" time="9" type="goal scored" type_id="16"/>
	<message comment="Formation Set" minute="0" period="14" second="0" time="8" type="end" type_id="30"/>
	<message comment="First half begins!" minute="0" period="1" second="0" time="0" type="start" type_id="32"/>
</Commentary>
