<?xml version="1.0" ?>
<Commentary away_team_name="Wigan" competition="English Premier League" game_date="2010-09-11" home_team_name="Sunderland" lang_id="en" season="Season 2010/2011" season_id="2010" sport_id="1" sport_name="Football">
	<message comment="Second half ends" minute="95" period="2" second="25" time="99" type="end" type_id="30"/>
	<message comment="Mohamed Diamé recieves a yellow card" minute="95" period="2" second="8" time="99" type="card received" type_id="17"/>
	<message comment="Mohamed Diamé has shot blocked (Out of box, Right footed, Open play)" minute="92" period="2" second="21" time="96" type="attempt blocked" type_id="15"/>
	<message comment="Cristian Riveros blocks a shot" minute="92" period="2" second="21" time="96" type="save made" type_id="10"/>
	<message comment="Franco Di Santo misses attempt (High to the right, Out of box, Right footed, Open play)" minute="90" period="2" second="47" time="94" type="attempt missed" type_id="13"/>
	<message comment="GOAL! Antolín Alcaraz scores , Assisted by Tom Cleverley (High to the right, 18-yard box, Head, Set piece)" minute="86" period="2" second="20" time="90" type="goal scored" type_id="16"/>
	<message comment="Tom Cleverley misses attempt (To the left, Out of box, Key pass, Right footed, Set piece)" minute="86" period="2" second="19" time="90" type="attempt missed" type_id="13"/>
	<message comment="Charles N'Zogbia has attempt saved (Low to the centre, 18-yard box, Left footed, Open play)" minute="84" period="2" second="11" time="88" type="attempt blocked" type_id="15"/>
	<message comment="Simon Mignolet makes a save (Diving)" minute="84" period="2" second="11" time="88" type="save made" type_id="10"/>
	<message comment="Darren Bent misses attempt (High, Out of box, Right footed, Open play)" minute="81" period="2" second="38" time="85" type="attempt missed" type_id="13"/>
	<message comment="Franco Di Santo is caught offside" minute="80" period="2" time="84" type="offside" type_id="10000"/>
	<message comment="Kieran Richardson is substituted off" minute="79" period="2" second="46" time="83" type="substitution off" type_id="18"/>
	<message comment="John Mensah is substituted on" minute="79" period="2" second="46" time="83" type="substitution on" type_id="19"/>
	<message comment="Mauro Boselli is substituted off" minute="75" period="2" second="30" time="79" type="substitution off" type_id="18"/>
	<message comment="Tom Cleverley is substituted on" minute="75" period="2" second="30" time="79" type="substitution on" type_id="19"/>
	<message comment="Cristian Riveros has shot blocked (18-yard box, Head, Open play)" minute="73" period="2" second="38" time="77" type="attempt blocked" type_id="15"/>
	<message comment="Emmerson Boyce blocks a shot" minute="73" period="2" second="38" time="77" type="save made" type_id="10"/>
	<message comment="Mauro Boselli misses attempt (6-yard box, Big Chance, Head, Open play)" minute="71" period="2" second="52" time="75" type="attempt missed" type_id="13"/>
	<message comment="Asamoah Gyan misses attempt (High to the right, 18-yard box, Right footed, Open play)" minute="71" period="2" second="13" time="75" type="attempt missed" type_id="13"/>
	<message comment="Emmerson Boyce wins a corner (To the right)" minute="70" period="2" second="19" time="74" type="corner" type_id="6"/>
	<message comment="Franco Di Santo has shot blocked (Out of box, Right footed, Open play)" minute="67" period="2" second="39" time="71" type="attempt blocked" type_id="15"/>
	<message comment="Kieran Richardson blocks a shot" minute="67" period="2" second="39" time="71" type="save made" type_id="10"/>
	<message comment="GOAL! Asamoah Gyan scores , Assisted by Jordan Henderson (High to the right, 18-yard box, Big Chance, Left footed, Open play)" minute="65" period="2" second="8" time="69" type="goal scored" type_id="16"/>
	<message comment="Hugo Rodallega wins a corner (To the left)" minute="60" period="2" second="54" time="64" type="corner" type_id="6"/>
	<message comment="Mauro Boselli misses attempt (High, Out of box, Right footed, Open play)" minute="58" period="2" second="15" time="62" type="attempt missed" type_id="13"/>
	<message comment="James McCarthy has shot blocked (Out of box, Right footed, Open play)" minute="56" period="2" second="7" time="60" type="attempt blocked" type_id="15"/>
	<message comment="Charles N'Zogbia is substituted on" minute="53" period="2" second="15" time="57" type="substitution on" type_id="19"/>
	<message comment="Ronnie Stam is substituted off" minute="53" period="2" second="15" time="57" type="substitution off" type_id="18"/>
	<message comment="Hendry Thomas is substituted off" minute="52" period="2" second="55" time="56" type="substitution off" type_id="18"/>
	<message comment="Franco Di Santo is substituted on" minute="52" period="2" second="55" time="56" type="substitution on" type_id="19"/>
	<message comment="Hugo Rodallega misses attempt (Out of box, Right footed, Fast break)" minute="48" period="2" second="23" time="52" type="attempt missed" type_id="13"/>
	<message comment="Hugo Rodallega has attempt saved (High to the right, Out of box, Left footed, Open play)" minute="46" period="2" second="28" time="50" type="attempt blocked" type_id="15"/>
	<message comment="Simon Mignolet makes a save (Diving)" minute="46" period="2" second="28" time="50" type="save made" type_id="10"/>
	<message comment="Danny Welbeck is substituted off" minute="45" period="2" second="0" time="49" type="substitution off" type_id="18"/>
	<message comment="Asamoah Gyan is substituted on" minute="45" period="2" second="0" time="49" type="substitution on" type_id="19"/>
	<message comment="Second half begins!" minute="45" period="2" second="0" time="49" type="start" type_id="32"/>
	<message comment="First half ends" minute="48" period="1" second="8" time="48" type="end" type_id="30"/>
	<message comment="Emmerson Boyce is caught offside" minute="46" period="1" time="46" type="offside" type_id="10000"/>
	<message comment="Danny Welbeck recieves a yellow card" minute="40" period="1" second="24" time="40" type="card received" type_id="17"/>
	<message comment="Hugo Rodallega is caught offside" minute="39" period="1" time="39" type="offside" type_id="10000"/>
	<message comment="Mauro Boselli wins a corner (To the right)" minute="37" period="1" second="47" time="37" type="corner" type_id="6"/>
	<message comment="James McCarthy misses attempt (18-yard box, Left footed, Open play)" minute="36" period="1" second="38" time="36" type="attempt missed" type_id="13"/>
	<message comment="Hendry Thomas misses attempt (High to the right, Out of box, Right footed, Open play)" minute="34" period="1" second="55" time="34" type="attempt missed" type_id="13"/>
	<message comment="Ahmed El Mohamady is substituted off" minute="32" period="1" second="57" time="32" type="substitution off" type_id="18"/>
	<message comment="Cristian Riveros is substituted on" minute="32" period="1" second="57" time="32" type="substitution on" type_id="19"/>
	<message comment="Hugo Rodallega misses attempt (To the left, Out of box, Right footed, Open play)" minute="32" period="1" second="2" time="32" type="attempt missed" type_id="13"/>
	<message comment="Steed Malbranque has shot blocked (18-yard box, Right footed, Set piece)" minute="28" period="1" second="8" time="28" type="attempt blocked" type_id="15"/>
	<message comment="Antolín Alcaraz blocks a shot" minute="28" period="1" second="8" time="28" type="save made" type_id="10"/>
	<message comment="Kieran Richardson has shot blocked (Out of box, Left footed, Free kick)" minute="27" period="1" second="56" time="27" type="attempt blocked" type_id="15"/>
	<message comment="Hendry Thomas blocks a shot" minute="27" period="1" second="56" time="27" type="save made" type_id="10"/>
	<message comment="Steve Gohouri recieves a yellow card" minute="27" period="1" second="15" time="27" type="card received" type_id="17"/>
	<message comment="Mauro Boselli is caught offside" minute="26" period="1" time="26" type="offside" type_id="10000"/>
	<message comment="Emmerson Boyce wins a corner (To the right)" minute="24" period="1" second="42" time="24" type="corner" type_id="6"/>
	<message comment="Hugo Rodallega misses attempt (Out of box, Right footed, Free kick)" minute="22" period="1" second="46" time="22" type="attempt missed" type_id="13"/>
	<message comment="Lee Cattermole recieves a red card after receiving second yellow card" minute="21" period="1" second="31" time="21" type="card received" type_id="17"/>
	<message comment="Emmerson Boyce recieves a yellow card" minute="20" period="1" second="52" time="20" type="card received" type_id="17"/>
	<message comment="Lee Cattermole recieves a yellow card" minute="17" period="1" second="54" time="17" type="card received" type_id="17"/>
	<message comment="Mauro Boselli misses attempt (To the right, Out of box, Right footed, Open play)" minute="15" period="1" second="19" time="15" type="attempt missed" type_id="13"/>
	<message comment="Ahmed El Mohamady wins a corner (To the left)" minute="13" period="1" second="35" time="13" type="corner" type_id="6"/>
	<message comment="Maynor Figueroa misses attempt (High to the right, Out of box, Left footed, Free kick)" minute="11" period="1" second="25" time="11" type="attempt missed" type_id="13"/>
	<message comment="Mauro Boselli is caught offside" minute="11" period="1" time="11" type="offside" type_id="10000"/>
	<message comment="Hendry Thomas recieves a yellow card" minute="10" period="1" second="50" time="10" type="card received" type_id="17"/>
	<message comment="Hugo Rodallega wins a corner (To the left)" minute="9" period="1" second="45" time="9" type="corner" type_id="6"/>
	<message comment="Hugo Rodallega has shot blocked (18-yard box, Left footed, Open play)" minute="9" period="1" second="44" time="9" type="attempt blocked" type_id="15"/>
	<message comment="Nedum Onuoha blocks a shot" minute="9" period="1" second="44" time="9" type="save made" type_id="10"/>
	<message comment="Formation Set" minute="0" period="14" second="0" time="9" type="end" type_id="30"/>
	<message comment="Mohamed Diamé misses attempt (To the right, 18-yard box, Left footed, Open play)" minute="6" period="1" second="45" time="6" type="attempt missed" type_id="13"/>
	<message comment="First half begins!" minute="0" period="1" second="0" time="0" type="start" type_id="32"/>
</Commentary>
