<?xml version="1.0" ?>
<Commentary away_team_name="Wigan" competition="English Premier League" game_date="2011-01-15" home_team_name="Fulham" lang_id="en" season="Season 2010/2011" season_id="2010" sport_id="1" sport_name="Football">
	<message comment="Second half ends" minute="94" period="2" second="15" time="97" type="end" type_id="30"/>
	<message comment="Franco Di Santo recieves a yellow card" minute="91" period="2" second="57" time="94" type="card received" type_id="17"/>
	<message comment="Clint Dempsey wins a corner (To the left)" minute="90" period="2" second="11" time="93" type="corner" type_id="6"/>
	<message comment="Hugo Rodallega recieves a yellow card" minute="89" period="2" second="16" time="92" type="card received" type_id="17"/>
	<message comment="Brede Hangeland misses attempt (18-yard box, Head, From corner)" minute="88" period="2" second="40" time="91" type="attempt missed" type_id="13"/>
	<message comment="John Pantsil wins a corner (To the right)" minute="88" period="2" second="14" time="91" type="corner" type_id="6"/>
	<message comment="Ben Watson is substituted off" minute="86" period="2" second="12" time="89" type="substitution off" type_id="18"/>
	<message comment="Franco Di Santo is substituted on" minute="86" period="2" second="12" time="89" type="substitution on" type_id="19"/>
	<message comment="Andrew Johnson recieves a yellow card" minute="85" period="2" second="40" time="88" type="card received" type_id="17"/>
	<message comment="GOAL! Andrew Johnson scores , Assisted by Clint Dempsey (Low to the left, 18-yard box, Right footed, Open play)" minute="84" period="2" second="59" time="87" type="goal scored" type_id="16"/>
	<message comment="Clint Dempsey wins a corner (To the left)" minute="83" period="2" second="50" time="86" type="corner" type_id="6"/>
	<message comment="Gary Caldwell blocks a shot" minute="83" period="2" second="49" time="86" type="save made" type_id="10"/>
	<message comment="Clint Dempsey has shot blocked (18-yard box, Right footed, From corner)" minute="83" period="2" second="49" time="86" type="attempt blocked" type_id="15"/>
	<message comment="Andrew Johnson wins a corner (To the right)" minute="83" period="2" second="19" time="86" type="corner" type_id="6"/>
	<message comment="Ali Al Habsi makes a save (Parried into danger, Standing, Other body part)" minute="76" period="2" second="37" time="79" type="save made" type_id="10"/>
	<message comment="Andrew Johnson has attempt saved (Low to the centre, Out of box, Left footed, Open play)" minute="76" period="2" second="37" time="79" type="attempt blocked" type_id="15"/>
	<message comment="Simon Davies is substituted off" minute="75" period="2" second="29" time="78" type="substitution off" type_id="18"/>
	<message comment="Andrew Johnson is substituted on" minute="75" period="2" second="29" time="78" type="substitution on" type_id="19"/>
	<message comment="John Pantsil wins a corner (To the right)" minute="73" period="2" second="23" time="76" type="corner" type_id="6"/>
	<message comment="Charles N'Zogbia is caught offside" minute="73" period="2" time="76" type="offside" type_id="10000"/>
	<message comment="Ronnie Stam is substituted off" minute="71" period="2" second="37" time="74" type="substitution off" type_id="18"/>
	<message comment="James McArthur is substituted on" minute="71" period="2" second="37" time="74" type="substitution on" type_id="19"/>
	<message comment="Hugo Rodallega wins a corner (To the left)" minute="71" period="2" second="0" time="74" type="corner" type_id="6"/>
	<message comment="David Stockdale makes a save (Diving, Parried safe)" minute="70" period="2" second="59" time="73" type="save made" type_id="10"/>
	<message comment="Hugo Rodallega has attempt saved (High to the centre, 6-yard box, Big Chance, Left footed, Open play)" minute="70" period="2" second="59" time="73" type="attempt blocked" type_id="15"/>
	<message comment="Simon Davies misses attempt (To the right, 18-yard box, Right footed, Set piece)" minute="69" period="2" second="33" time="72" type="attempt missed" type_id="13"/>
	<message comment="Hugo Rodallega misses attempt (High to the left, 18-yard box, Big Chance, Right footed, Fast break)" minute="66" period="2" second="49" time="69" type="attempt missed" type_id="13"/>
	<message comment="Ali Al Habsi makes a save (Diving)" minute="65" period="2" second="26" time="68" type="save made" type_id="10"/>
	<message comment="Clint Dempsey has attempt saved (Low to the left, 18-yard box, Right footed, Open play)" minute="65" period="2" second="26" time="68" type="attempt blocked" type_id="15"/>
	<message comment="Simon Davies wins a corner (To the left)" minute="63" period="2" second="10" time="66" type="corner" type_id="6"/>
	<message comment="Ali Al Habsi wins a corner (To the right)" minute="60" period="2" second="37" time="63" type="corner" type_id="6"/>
	<message comment="Dickson Etuhu wins a corner (To the right)" minute="60" period="2" second="3" time="63" type="corner" type_id="6"/>
	<message comment="Diomansy Kamara is substituted off" minute="57" period="2" second="0" time="60" type="substitution off" type_id="18"/>
	<message comment="Mousa Dembélé is substituted on" minute="57" period="2" second="0" time="60" type="substitution on" type_id="19"/>
	<message comment="GOAL! Hugo Rodallega scores , Assisted by Ali Al Habsi (Low to the left, 18-yard box, Big Chance, Right footed, Fast break)" minute="56" period="2" second="46" time="59" type="goal scored" type_id="16"/>
	<message comment="David Stockdale makes a save" minute="56" period="2" second="6" time="59" type="save made" type_id="10"/>
	<message comment="Hugo Rodallega has attempt saved (Low to the centre, 18-yard box, Right footed, Open play)" minute="56" period="2" second="6" time="59" type="attempt blocked" type_id="15"/>
	<message comment="Maynor Figueroa recieves a yellow card" minute="49" period="2" second="58" time="52" type="card received" type_id="17"/>
	<message comment="Clint Dempsey misses attempt (To the right, Out of box, Left footed, Throw-in)" minute="46" period="2" second="32" time="49" type="attempt missed" type_id="13"/>
	<message comment="Second half begins!" minute="45" period="2" second="0" time="48" type="start" type_id="32"/>
	<message comment="First half ends" minute="47" period="1" second="12" time="47" type="end" type_id="30"/>
	<message comment="Antolín Alcaraz recieves a yellow card" minute="46" period="1" second="11" time="46" type="card received" type_id="17"/>
	<message comment="David Stockdale makes a save (Collected)" minute="43" period="1" second="31" time="43" type="save made" type_id="10"/>
	<message comment="Mohamed Diamé has attempt saved (Low to the centre, Out of box, Left footed, Open play)" minute="43" period="1" second="31" time="43" type="attempt blocked" type_id="15"/>
	<message comment="Clint Dempsey is caught offside" minute="41" period="1" time="41" type="offside" type_id="10000"/>
	<message comment="Damien Duff misses attempt (High, Out of box, Left footed, Open play)" minute="39" period="1" second="3" time="39" type="attempt missed" type_id="13"/>
	<message comment="Diomansy Kamara misses attempt (To the left, 18-yard box, Head, From corner)" minute="35" period="1" second="30" time="35" type="attempt missed" type_id="13"/>
	<message comment="Simon Davies wins a corner (To the right)" minute="35" period="1" second="9" time="35" type="corner" type_id="6"/>
	<message comment="Chris Baird wins a corner (To the left)" minute="34" period="1" second="30" time="34" type="corner" type_id="6"/>
	<message comment="Simon Davies misses attempt (High to the right, Out of box, Right footed, Open play)" minute="31" period="1" second="31" time="31" type="attempt missed" type_id="13"/>
	<message comment="Damien Duff has attempt saved (Low to the left, 18-yard box, Left footed, Fast break)" minute="31" period="1" second="29" time="31" type="attempt blocked" type_id="15"/>
	<message comment="Ali Al Habsi makes a save (Feet, Standing, Parried into danger)" minute="31" period="1" second="29" time="31" type="save made" type_id="10"/>
	<message comment="Charles N'Zogbia wins a corner (To the left)" minute="26" period="1" second="5" time="26" type="corner" type_id="6"/>
	<message comment="Charles N'Zogbia misses attempt (To the right, 18-yard box, Left footed, Open play)" minute="26" period="1" second="3" time="26" type="attempt missed" type_id="13"/>
	<message comment="Hugo Rodallega hits the woodwork (To the left, 18-yard box, Big Chance, Head, Fast break)" minute="26" period="1" second="2" time="26" type="woodwork hit" type_id="14"/>
	<message comment="John Pantsil recieves a yellow card" minute="25" period="1" second="3" time="25" type="card received" type_id="17"/>
	<message comment="Diomansy Kamara wins a corner (To the left)" minute="22" period="1" second="10" time="22" type="corner" type_id="6"/>
	<message comment="Damien Duff misses attempt (Out of box, Left footed, Open play)" minute="18" period="1" second="16" time="18" type="attempt missed" type_id="13"/>
	<message comment="Diomansy Kamara is caught offside" minute="16" period="1" time="16" type="offside" type_id="10000"/>
	<message comment="John Pantsil wins a corner (To the left)" minute="15" period="1" second="52" time="15" type="corner" type_id="6"/>
	<message comment="Chris Baird misses attempt (High to the right, Out of box, Right footed, Set piece)" minute="14" period="1" second="39" time="14" type="attempt missed" type_id="13"/>
	<message comment="Hugo Rodallega misses attempt (To the left, 18-yard box, Right footed, Open play)" minute="9" period="1" second="23" time="9" type="attempt missed" type_id="13"/>
	<message comment="Diomansy Kamara is caught offside" minute="8" period="1" time="8" type="offside" type_id="10000"/>
	<message comment="Ali Al Habsi makes a save (Diving)" minute="7" period="1" second="45" time="7" type="save made" type_id="10"/>
	<message comment="Chris Baird has attempt saved (Low to the right, Out of box, Right footed, Open play)" minute="7" period="1" second="45" time="7" type="attempt blocked" type_id="15"/>
	<message comment="Formation Set" minute="0" period="14" second="0" time="7" type="end" type_id="30"/>
	<message comment="Diomansy Kamara is caught offside" minute="6" period="1" time="6" type="offside" type_id="10000"/>
	<message comment="Hugo Rodallega is caught offside" minute="2" period="1" time="2" type="offside" type_id="10000"/>
	<message comment="First half begins!" minute="0" period="1" second="0" time="0" type="start" type_id="32"/>
</Commentary>
