<?xml version="1.0" ?>
<Commentary away_team_name="Wigan" competition="English Premier League" game_date="2013-03-02" home_team_name="Liverpool" lang_id="en" season="Season 2012/2013" season_id="2012" sport_id="1" sport_name="Football">
	<message comment="Second half ends" minute="92" period="2" second="14" time="95" type="end" type_id="30"/>
	<message comment="James McCarthy misses attempt (High to the right, Out of box, Right footed, Open play)" minute="91" period="2" second="33" time="94" type="attempt missed" type_id="13"/>
	<message comment="Callum McManaman wins a corner (To the right)" minute="89" period="2" second="0" time="92" type="corner" type_id="6"/>
	<message comment="Jordan Henderson has shot blocked (18-yard box, Head, From corner)" minute="87" period="2" second="42" time="90" type="attempt blocked" type_id="15"/>
	<message comment="James McCarthy blocks a shot (Last line)" minute="87" period="2" second="42" time="90" type="save made" type_id="10"/>
	<message comment="Glen Johnson wins a corner (To the right)" minute="87" period="2" second="16" time="90" type="corner" type_id="6"/>
	<message comment="Steven Gerrard misses attempt (High to the right, 18-yard box, Right footed, Open play)" minute="79" period="2" second="16" time="82" type="attempt missed" type_id="13"/>
	<message comment="Pepe Reina makes a save (Diving, Parried safe)" minute="77" period="2" second="44" time="80" type="save made" type_id="10"/>
	<message comment="Shaun Maloney has attempt saved (Low to the right, 18-yard box, Right footed, Open play)" minute="77" period="2" second="44" time="80" type="attempt blocked" type_id="15"/>
	<message comment="Daniel Agger blocks a shot" minute="75" period="2" second="40" time="78" type="save made" type_id="10"/>
	<message comment="Arouna Koné has shot blocked (18-yard box, Left footed, Open play)" minute="75" period="2" second="40" time="78" type="attempt blocked" type_id="15"/>
	<message comment="Maynor Figueroa misses attempt (High to the left, Out of box, Left footed, Open play)" minute="71" period="2" second="44" time="74" type="attempt missed" type_id="13"/>
	<message comment="Philippe Coutinho is substituted off" minute="70" period="2" second="13" time="73" type="substitution off" type_id="18"/>
	<message comment="Jordan Henderson is substituted on" minute="70" period="2" second="13" time="73" type="substitution on" type_id="19"/>
	<message comment="Pepe Reina makes a save (Parried safe)" minute="66" period="2" second="20" time="69" type="save made" type_id="10"/>
	<message comment="Shaun Maloney has attempt saved (High to the left, 18-yard box, Big Chance, Head, Open play)" minute="66" period="2" second="20" time="69" type="attempt blocked" type_id="15"/>
	<message comment="Maynor Figueroa wins a corner (To the left)" minute="62" period="2" second="10" time="65" type="corner" type_id="6"/>
	<message comment="Jean Beausejour is substituted off" minute="61" period="2" second="0" time="64" type="substitution off" type_id="18"/>
	<message comment="Callum McManaman is substituted on" minute="61" period="2" second="0" time="64" type="substitution on" type_id="19"/>
	<message comment="James McArthur recieves a yellow card" minute="58" period="2" second="19" time="61" type="card received" type_id="17"/>
	<message comment="Luis Suárez blocks a shot" minute="54" period="2" second="12" time="57" type="save made" type_id="10"/>
	<message comment="Maynor Figueroa has shot blocked (Out of box, Left footed, Free kick)" minute="54" period="2" second="12" time="57" type="attempt blocked" type_id="15"/>
	<message comment="Roger Espinoza is substituted on" minute="51" period="2" second="31" time="54" type="substitution on" type_id="19"/>
	<message comment="Gary Caldwell is substituted off" minute="51" period="2" second="30" time="54" type="substitution off" type_id="18"/>
	<message comment="Franco Di Santo is substituted off" minute="51" period="2" second="22" time="54" type="substitution off" type_id="18"/>
	<message comment="Antolín Alcaraz is substituted on" minute="51" period="2" second="22" time="54" type="substitution on" type_id="19"/>
	<message comment="GOAL! Luis Suárez scores , Assisted by Glen Johnson (Low to the centre, 18-yard box, Right footed, Open play)" minute="48" period="2" second="14" time="51" type="goal scored" type_id="16"/>
	<message comment="Second half begins!" minute="45" period="2" second="0" time="48" type="start" type_id="32"/>
	<message comment="First half ends" minute="47" period="1" second="54" time="47" type="end" type_id="30"/>
	<message comment="Jean Beausejour wins a corner (To the left)" minute="47" period="1" second="47" time="47" type="corner" type_id="6"/>
	<message comment="Pepe Reina makes a save (Diving)" minute="47" period="1" second="45" time="47" type="save made" type_id="10"/>
	<message comment="Jean Beausejour has attempt saved (High to the left, Out of box, Left footed, Free kick)" minute="47" period="1" second="45" time="47" type="attempt blocked" type_id="15"/>
	<message comment="Lucas Leiva recieves a yellow card" minute="46" period="1" second="59" time="46" type="card received" type_id="17"/>
	<message comment="Luis Suárez is caught offside" minute="44" period="1" time="44" type="offside" type_id="10000"/>
	<message comment="Joe Allen recieves a yellow card" minute="43" period="1" second="13" time="43" type="card received" type_id="17"/>
	<message comment="Luis Suárez is caught offside" minute="39" period="1" time="39" type="offside" type_id="10000"/>
	<message comment="Luis Suárez has attempt saved (Low to the centre, Out of box, Left footed, Open play)" minute="38" period="1" second="0" time="38" type="attempt blocked" type_id="15"/>
	<message comment="Ali Al Habsi makes a save (Parried into danger, Diving)" minute="38" period="1" second="0" time="38" type="save made" type_id="10"/>
	<message comment="Maynor Figueroa misses attempt (To the left, Out of box, Left footed, From corner)" minute="36" period="1" second="35" time="36" type="attempt missed" type_id="13"/>
	<message comment="Franco Di Santo wins a corner (To the left)" minute="36" period="1" second="5" time="36" type="corner" type_id="6"/>
	<message comment="Pepe Reina makes a save (Diving, Parried safe)" minute="35" period="1" second="58" time="35" type="save made" type_id="10"/>
	<message comment="Franco Di Santo has attempt saved (High to the centre, 18-yard box, Head, Open play)" minute="35" period="1" second="58" time="35" type="attempt blocked" type_id="15"/>
	<message comment="Gary Caldwell recieves a yellow card" minute="34" period="1" second="5" time="34" type="card received" type_id="17"/>
	<message comment="GOAL! Luis Suárez scores  (Low to the right, Out of box, Right footed, Free kick)" minute="33" period="1" second="4" time="33" type="goal scored" type_id="16"/>
	<message comment="Luis Suárez is caught offside" minute="30" period="1" time="30" type="offside" type_id="10000"/>
	<message comment="Pepe Reina makes a save" minute="28" period="1" second="52" time="28" type="save made" type_id="10"/>
	<message comment="Gary Caldwell has attempt saved (Low to the centre, 18-yard box, Head, From corner)" minute="28" period="1" second="52" time="28" type="attempt blocked" type_id="15"/>
	<message comment="Franco Di Santo wins a corner (To the left)" minute="28" period="1" second="23" time="28" type="corner" type_id="6"/>
	<message comment="James McCarthy misses attempt (To the left, Out of box, Right footed, Open play)" minute="27" period="1" second="28" time="27" type="attempt missed" type_id="13"/>
	<message comment="Daniel Agger blocks a shot" minute="27" period="1" second="17" time="27" type="save made" type_id="10"/>
	<message comment="Arouna Koné has shot blocked (18-yard box, Right footed, Open play)" minute="27" period="1" second="17" time="27" type="attempt blocked" type_id="15"/>
	<message comment="Steven Gerrard wins a corner (To the left)" minute="21" period="1" second="31" time="21" type="corner" type_id="6"/>
	<message comment="Luis Suárez wins a corner (To the left)" minute="20" period="1" second="31" time="20" type="corner" type_id="6"/>
	<message comment="Pepe Reina makes a save (Parried into danger, Diving)" minute="20" period="1" second="4" time="20" type="save made" type_id="10"/>
	<message comment="Emmerson Boyce has attempt saved (High to the left, 18-yard box, Right footed, Open play)" minute="20" period="1" second="4" time="20" type="attempt blocked" type_id="15"/>
	<message comment="GOAL! Luis Suárez scores , Assisted by Philippe Coutinho (Low to the left, 18-yard box, Big Chance, Right footed, Open play)" minute="17" period="1" second="6" time="17" type="goal scored" type_id="16"/>
	<message comment="Stewart Downing has shot blocked (18-yard box, Left footed, Open play)" minute="15" period="1" second="2" time="15" type="attempt blocked" type_id="15"/>
	<message comment="James McCarthy blocks a shot" minute="15" period="1" second="2" time="15" type="save made" type_id="10"/>
	<message comment="Emmerson Boyce misses attempt (Out of box, Left footed, Open play)" minute="10" period="1" second="35" time="10" type="attempt missed" type_id="13"/>
	<message comment="Joe Allen is caught offside" minute="8" period="1" time="8" type="offside" type_id="10000"/>
	<message comment="Formation Set" minute="0" period="14" second="0" time="5" type="end" type_id="30"/>
	<message comment="GOAL! Stewart Downing scores , Assisted by Philippe Coutinho (Low to the centre, 6-yard box, Big Chance, Head, Open play)" minute="1" period="1" second="40" time="1" type="goal scored" type_id="16"/>
	<message comment="First half begins!" minute="0" period="1" second="0" time="0" type="start" type_id="32"/>
</Commentary>
