<?xml version="1.0" ?>
<Commentary away_team_name="Wigan" competition="English Premier League" game_date="2011-12-03" home_team_name="Arsenal" lang_id="en" season="Season 2011/2012" season_id="2011" sport_id="1" sport_name="Football">
	<message comment="Second half ends" minute="92" period="2" second="4" time="94" type="end" type_id="30"/>
	<message comment="Victor Moses has shot blocked (Out of box, Right footed, Open play)" minute="90" period="2" second="31" time="92" type="attempt blocked" type_id="15"/>
	<message comment="Per Mertesacker blocks a shot" minute="90" period="2" second="31" time="92" type="save made" type_id="10"/>
	<message comment="Albert Crusat is caught offside" minute="90" period="2" time="92" type="offside" type_id="10000"/>
	<message comment="Mohamed Diamé is substituted off" minute="88" period="2" second="13" time="90" type="substitution off" type_id="18"/>
	<message comment="James McArthur is substituted on" minute="88" period="2" second="13" time="90" type="substitution on" type_id="19"/>
	<message comment="Mohamed Diamé recieves a yellow card" minute="87" period="2" second="38" time="89" type="card received" type_id="17"/>
	<message comment="Francis Coquelin recieves a yellow card" minute="84" period="2" second="24" time="86" type="card received" type_id="17"/>
	<message comment="Yossi Benayoun wins a corner (To the right)" minute="83" period="2" second="50" time="85" type="corner" type_id="6"/>
	<message comment="Alexandre Song is substituted off" minute="79" period="2" second="30" time="81" type="substitution off" type_id="18"/>
	<message comment="Andrey Arshavin is substituted on" minute="79" period="2" second="30" time="81" type="substitution on" type_id="19"/>
	<message comment="Gervinho is substituted off" minute="79" period="2" second="24" time="81" type="substitution off" type_id="18"/>
	<message comment="Francis Coquelin is substituted on" minute="79" period="2" second="24" time="81" type="substitution on" type_id="19"/>
	<message comment="Theo Walcott is substituted off" minute="79" period="2" second="2" time="81" type="substitution off" type_id="18"/>
	<message comment="Yossi Benayoun is substituted on" minute="79" period="2" second="2" time="81" type="substitution on" type_id="19"/>
	<message comment="GOAL! Robin van Persie scores , Assisted by Theo Walcott (High to the left, 18-yard box, Big Chance, Right footed, Open play)" minute="77" period="2" second="54" time="79" type="goal scored" type_id="16"/>
	<message comment="Franco Di Santo has attempt saved (Low to the left, Out of box, Right footed, Open play)" minute="74" period="2" second="25" time="76" type="attempt blocked" type_id="15"/>
	<message comment="Wojciech Szczesny makes a save (Collected)" minute="74" period="2" second="25" time="76" type="save made" type_id="10"/>
	<message comment="Ali Al Habsi makes a save" minute="73" period="2" second="43" time="75" type="save made" type_id="10"/>
	<message comment="Mikel Arteta has attempt saved (Low to the right, Out of box, Right footed, Open play)" minute="73" period="2" second="43" time="75" type="attempt blocked" type_id="15"/>
	<message comment="Steve Gohouri recieves a yellow card" minute="72" period="2" second="50" time="74" type="card received" type_id="17"/>
	<message comment="Franco Di Santo wins a corner (To the left)" minute="70" period="2" second="58" time="72" type="corner" type_id="6"/>
	<message comment="Franco Di Santo has shot blocked (18-yard box, Left footed, Open play)" minute="70" period="2" second="56" time="72" type="attempt blocked" type_id="15"/>
	<message comment="Per Mertesacker blocks a shot" minute="70" period="2" second="56" time="72" type="save made" type_id="10"/>
	<message comment="Aaron Ramsey misses attempt (High to the right, 18-yard box, Right footed, Open play)" minute="69" period="2" second="11" time="71" type="attempt missed" type_id="13"/>
	<message comment="Theo Walcott is caught offside" minute="66" period="2" time="68" type="offside" type_id="10000"/>
	<message comment="Ronnie Stam wins a corner (To the right)" minute="65" period="2" second="22" time="67" type="corner" type_id="6"/>
	<message comment="Robin van Persie misses attempt (18-yard box, Right footed, Open play)" minute="63" period="2" second="13" time="65" type="attempt missed" type_id="13"/>
	<message comment="GOAL! Gervinho scores  (High to the centre, 6-yard box, Big Chance, Right footed, Open play)" minute="60" period="2" second="49" time="62" type="goal scored" type_id="16"/>
	<message comment="Ali Al Habsi makes a save (Diving, Parried into danger)" minute="60" period="2" second="47" time="62" type="save made" type_id="10"/>
	<message comment="Robin van Persie has attempt saved (Low to the right, 18-yard box, Right footed, Open play)" minute="60" period="2" second="47" time="62" type="attempt blocked" type_id="15"/>
	<message comment="Jordi Gómez is substituted off" minute="58" period="2" second="55" time="60" type="substitution off" type_id="18"/>
	<message comment="Albert Crusat is substituted on" minute="58" period="2" second="55" time="60" type="substitution on" type_id="19"/>
	<message comment="Conor Sammon is substituted off" minute="58" period="2" second="49" time="60" type="substitution off" type_id="18"/>
	<message comment="Franco Di Santo is substituted on" minute="58" period="2" second="49" time="60" type="substitution on" type_id="19"/>
	<message comment="Mikel Arteta misses attempt (To the left, Out of box, Right footed, Open play)" minute="58" period="2" second="24" time="60" type="attempt missed" type_id="13"/>
	<message comment="Alexandre Song recieves a yellow card" minute="56" period="2" second="39" time="58" type="card received" type_id="17"/>
	<message comment="Mohamed Diamé misses attempt (Out of box, Right footed, Open play)" minute="55" period="2" second="44" time="57" type="attempt missed" type_id="13"/>
	<message comment="Theo Walcott wins a corner (To the right)" minute="54" period="2" second="9" time="56" type="corner" type_id="6"/>
	<message comment="Gary Caldwell recieves a yellow card" minute="51" period="2" second="1" time="53" type="card received" type_id="17"/>
	<message comment="Aaron Ramsey misses attempt (High to the right, Out of box, Right footed, Open play)" minute="48" period="2" second="51" time="50" type="attempt missed" type_id="13"/>
	<message comment="Jordi Gómez misses attempt (To the left, Out of box, Left footed, Open play)" minute="47" period="2" second="36" time="49" type="attempt missed" type_id="13"/>
	<message comment="Second half begins!" minute="45" period="2" second="0" time="47" type="start" type_id="32"/>
	<message comment="First half ends" minute="46" period="1" second="5" time="46" type="end" type_id="30"/>
	<message comment="Theo Walcott is caught offside" minute="45" period="1" time="45" type="offside" type_id="10000"/>
	<message comment="Gervinho is caught offside" minute="39" period="1" time="39" type="offside" type_id="10000"/>
	<message comment="Theo Walcott misses attempt (High, 18-yard box, Left footed, Open play)" minute="34" period="1" second="1" time="34" type="attempt missed" type_id="13"/>
	<message comment="Ali Al Habsi makes a save (Diving, Parried into danger)" minute="33" period="1" second="56" time="33" type="save made" type_id="10"/>
	<message comment="Robin van Persie has attempt saved (Low to the right, 18-yard box, Left footed, Open play)" minute="33" period="1" second="56" time="33" type="attempt blocked" type_id="15"/>
	<message comment="Theo Walcott has shot blocked (18-yard box, Right footed, From corner)" minute="31" period="1" second="47" time="31" type="attempt blocked" type_id="15"/>
	<message comment="Ronnie Stam blocks a shot" minute="31" period="1" second="47" time="31" type="save made" type_id="10"/>
	<message comment="Thomas Vermaelen misses attempt (To the left, 18-yard box, Head, From corner)" minute="31" period="1" second="45" time="31" type="attempt missed" type_id="13"/>
	<message comment="Mikel Arteta wins a corner (To the right)" minute="31" period="1" second="9" time="31" type="corner" type_id="6"/>
	<message comment="GOAL! Thomas Vermaelen scores , Assisted by Robin van Persie (High to the left, 18-yard box, Head, From corner)" minute="28" period="1" second="55" time="28" type="goal scored" type_id="16"/>
	<message comment="Robin van Persie wins a corner (To the right)" minute="28" period="1" second="18" time="28" type="corner" type_id="6"/>
	<message comment="GOAL! Mikel Arteta scores , Assisted by Thomas Vermaelen (Low to the centre, Out of box, Right footed, Open play)" minute="27" period="1" second="1" time="27" type="goal scored" type_id="16"/>
	<message comment="Conor Sammon is caught offside" minute="22" period="1" time="22" type="offside" type_id="10000"/>
	<message comment="David Jones blocks a shot" minute="19" period="1" second="29" time="19" type="save made" type_id="10"/>
	<message comment="Laurent Koscielny has shot blocked (18-yard box, Head, From corner)" minute="19" period="1" second="29" time="19" type="attempt blocked" type_id="15"/>
	<message comment="Mikel Arteta wins a corner (To the right)" minute="19" period="1" second="8" time="19" type="corner" type_id="6"/>
	<message comment="André Santos misses attempt (High to the left, 18-yard box, Left footed, Open play)" minute="10" period="1" second="30" time="10" type="attempt missed" type_id="13"/>
	<message comment="David Jones wins a corner (To the right)" minute="8" period="1" second="10" time="8" type="corner" type_id="6"/>
	<message comment="Jordi Gómez wins a corner (To the left)" minute="5" period="1" second="55" time="5" type="corner" type_id="6"/>
	<message comment="Jordi Gómez has shot blocked (18-yard box, Big Chance, Right footed, Open play)" minute="5" period="1" second="54" time="5" type="attempt blocked" type_id="15"/>
	<message comment="André Santos blocks a shot (Last line)" minute="5" period="1" second="54" time="5" type="save made" type_id="10"/>
	<message comment="Formation Set" minute="0" period="14" second="0" time="4" type="end" type_id="30"/>
	<message comment="Victor Moses has attempt saved (Low to the centre, Out of box, Right footed, Open play)" minute="1" period="1" second="35" time="1" type="attempt blocked" type_id="15"/>
	<message comment="Wojciech Szczesny makes a save (Collected, Standing)" minute="1" period="1" second="35" time="1" type="save made" type_id="10"/>
	<message comment="First half begins!" minute="0" period="1" second="0" time="0" type="start" type_id="32"/>
</Commentary>
