<?xml version="1.0" ?>
<Commentary away_team_name="Wigan" competition="English Premier League" game_date="2011-08-13" home_team_name="Norwich" lang_id="en" season="Season 2011/2012" season_id="2011" sport_id="1" sport_name="Football">
	<message comment="Second half ends" minute="94" period="2" second="28" time="98" type="end" type_id="30"/>
	<message comment="Victor Moses wins a corner (To the right)" minute="94" period="2" second="5" time="98" type="corner" type_id="6"/>
	<message comment="Grant Holt is caught offside" minute="93" period="2" time="97" type="offside" type_id="10000"/>
	<message comment="Russell Martin misses attempt (High to the right, Out of box, Right footed, Set piece)" minute="92" period="2" second="11" time="96" type="attempt missed" type_id="13"/>
	<message comment="Hugo Rodallega has shot blocked (18-yard box, Right footed, Open play)" minute="88" period="2" second="15" time="92" type="attempt blocked" type_id="15"/>
	<message comment="Ritchie de Laet blocks a shot" minute="88" period="2" second="15" time="92" type="save made" type_id="10"/>
	<message comment="Victor Moses has shot blocked (18-yard box, Big Chance, Right footed, Open play)" minute="88" period="2" second="10" time="92" type="attempt blocked" type_id="15"/>
	<message comment="Ritchie de Laet blocks a shot (Last line)" minute="88" period="2" second="10" time="92" type="save made" type_id="10"/>
	<message comment="Wes Hoolahan misses attempt (High, Out of box, Left footed, Open play)" minute="85" period="2" second="9" time="89" type="attempt missed" type_id="13"/>
	<message comment="Ben Watson recieves a yellow card" minute="84" period="2" second="55" time="88" type="card received" type_id="17"/>
	<message comment="Ben Watson hits the woodwork (To the left, Out of box, Right footed, Open play)" minute="84" period="2" second="8" time="88" type="woodwork hit" type_id="14"/>
	<message comment="Mohamed Diamé recieves a yellow card" minute="83" period="2" second="8" time="87" type="card received" type_id="17"/>
	<message comment="Piscu is substituted off" minute="81" period="2" second="43" time="85" type="substitution off" type_id="18"/>
	<message comment="Ronnie Stam is substituted on" minute="81" period="2" second="43" time="85" type="substitution on" type_id="19"/>
	<message comment="Grant Holt misses attempt (18-yard box, Big Chance, Head, Open play)" minute="78" period="2" second="30" time="82" type="attempt missed" type_id="13"/>
	<message comment="Hugo Rodallega has attempt saved (Low to the right, 18-yard box, Left footed, Open play)" minute="75" period="2" second="21" time="79" type="attempt blocked" type_id="15"/>
	<message comment="John Ruddy makes a save (Collected, Diving)" minute="75" period="2" second="21" time="79" type="save made" type_id="10"/>
	<message comment="Steve Morison is substituted off" minute="75" period="2" second="0" time="79" type="substitution off" type_id="18"/>
	<message comment="Anthony Pilkington is substituted on" minute="75" period="2" second="0" time="79" type="substitution on" type_id="19"/>
	<message comment="Andrew Surman is substituted off" minute="74" period="2" second="41" time="78" type="substitution off" type_id="18"/>
	<message comment="Elliott Bennett is substituted on" minute="74" period="2" second="41" time="78" type="substitution on" type_id="19"/>
	<message comment="Wes Hoolahan is caught offside" minute="72" period="2" time="76" type="offside" type_id="10000"/>
	<message comment="Steve Morison recieves a yellow card" minute="71" period="2" second="41" time="75" type="card received" type_id="17"/>
	<message comment="Zak Whitbread is substituted off" minute="71" period="2" second="11" time="75" type="substitution off" type_id="18"/>
	<message comment="Leon Barnett is substituted on" minute="71" period="2" second="11" time="75" type="substitution on" type_id="19"/>
	<message comment="Conor Sammon misses attempt (High, 6-yard box, Head, Open play)" minute="67" period="2" second="45" time="71" type="attempt missed" type_id="13"/>
	<message comment="Mohamed Diamé wins a corner (To the left)" minute="67" period="2" second="6" time="71" type="corner" type_id="6"/>
	<message comment="Steve Morison wins a corner (To the right)" minute="63" period="2" second="43" time="67" type="corner" type_id="6"/>
	<message comment="Andrew Surman misses attempt (High, 18-yard box, Left footed, Free kick)" minute="62" period="2" second="22" time="66" type="attempt missed" type_id="13"/>
	<message comment="Hugo Rodallega has attempt saved (Low to the left, Out of box, Right footed, Fast break)" minute="60" period="2" second="36" time="64" type="attempt blocked" type_id="15"/>
	<message comment="John Ruddy makes a save (Diving)" minute="60" period="2" second="36" time="64" type="save made" type_id="10"/>
	<message comment="Victor Moses wins a corner (To the right)" minute="59" period="2" second="4" time="63" type="corner" type_id="6"/>
	<message comment="Victor Moses has shot blocked (18-yard box, Right footed, Open play)" minute="59" period="2" second="3" time="63" type="attempt blocked" type_id="15"/>
	<message comment="Zak Whitbread blocks a shot" minute="59" period="2" second="3" time="63" type="save made" type_id="10"/>
	<message comment="Steve Morison misses attempt (High to the right, 18-yard box, Right footed, From corner)" minute="55" period="2" second="50" time="59" type="attempt missed" type_id="13"/>
	<message comment="Grant Holt misses attempt (To the left, 18-yard box, Key pass, Head, From corner)" minute="55" period="2" second="48" time="59" type="attempt missed" type_id="13"/>
	<message comment="Steve Morison wins a corner (To the right)" minute="55" period="2" second="16" time="59" type="corner" type_id="6"/>
	<message comment="Andrew Surman has shot blocked (18-yard box, Left footed, Open play)" minute="54" period="2" second="50" time="58" type="attempt blocked" type_id="15"/>
	<message comment="Gary Caldwell blocks a shot" minute="54" period="2" second="50" time="58" type="save made" type_id="10"/>
	<message comment="Steve Morison wins a corner (To the left)" minute="53" period="2" second="23" time="57" type="corner" type_id="6"/>
	<message comment="Franco Di Santo is substituted off" minute="52" period="2" second="48" time="56" type="substitution off" type_id="18"/>
	<message comment="Conor Sammon is substituted on" minute="52" period="2" second="48" time="56" type="substitution on" type_id="19"/>
	<message comment="Jordi Gómez is substituted off" minute="52" period="2" second="35" time="56" type="substitution off" type_id="18"/>
	<message comment="Hugo Rodallega is substituted on" minute="52" period="2" second="35" time="56" type="substitution on" type_id="19"/>
	<message comment="Steve Morison misses attempt (To the left, Out of box, Right footed, Open play)" minute="52" period="2" second="8" time="56" type="attempt missed" type_id="13"/>
	<message comment="Franco Di Santo wins a corner (To the right)" minute="51" period="2" second="2" time="55" type="corner" type_id="6"/>
	<message comment="Franco Di Santo has shot blocked (Out of box, Right footed, Open play)" minute="51" period="2" second="1" time="55" type="attempt blocked" type_id="15"/>
	<message comment="Zak Whitbread blocks a shot" minute="51" period="2" second="1" time="55" type="save made" type_id="10"/>
	<message comment="Andrew Crofts misses attempt (High, 18-yard box, Left footed, Open play)" minute="50" period="2" second="23" time="54" type="attempt missed" type_id="13"/>
	<message comment="Franco Di Santo misses attempt (18-yard box, Big Chance, Head, Open play)" minute="49" period="2" second="23" time="53" type="attempt missed" type_id="13"/>
	<message comment="Grant Holt is caught offside" minute="46" period="2" time="50" type="offside" type_id="10000"/>
	<message comment="Second half begins!" minute="45" period="2" second="0" time="49" type="start" type_id="32"/>
	<message comment="First half ends" minute="48" period="1" second="3" time="48" type="end" type_id="30"/>
	<message comment="Franco Di Santo misses attempt (High, 6-yard box, Big Chance, Head, Open play)" minute="47" period="1" second="23" time="47" type="attempt missed" type_id="13"/>
	<message comment="GOAL! Wes Hoolahan scores  (High to the centre, 18-yard box, Big Chance, Left footed, Open play)" minute="44" period="1" second="59" time="44" type="goal scored" type_id="16"/>
	<message comment="Franco Di Santo misses attempt (To the right, 18-yard box, Head, Open play)" minute="44" period="1" second="43" time="44" type="attempt missed" type_id="13"/>
	<message comment="Victor Moses misses attempt (High to the right, Out of box, Right footed, Open play)" minute="42" period="1" second="49" time="42" type="attempt missed" type_id="13"/>
	<message comment="Franco Di Santo has shot blocked (18-yard box, Right footed, Open play)" minute="39" period="1" second="4" time="39" type="attempt blocked" type_id="15"/>
	<message comment="Russell Martin blocks a shot" minute="39" period="1" second="4" time="39" type="save made" type_id="10"/>
	<message comment="Ben Watson wins a corner (To the left)" minute="34" period="1" second="0" time="34" type="corner" type_id="6"/>
	<message comment="Victor Moses has attempt saved (Low to the left, 18-yard box, Right footed, Open play)" minute="31" period="1" second="32" time="31" type="attempt blocked" type_id="15"/>
	<message comment="John Ruddy makes a save (Diving)" minute="31" period="1" second="32" time="31" type="save made" type_id="10"/>
	<message comment="Mohamed Diamé misses attempt (High to the right, Out of box, Right footed, Open play)" minute="26" period="1" second="58" time="26" type="attempt missed" type_id="13"/>
	<message comment="David Fox has shot blocked (Out of box, Right footed, Open play)" minute="22" period="1" second="26" time="22" type="attempt blocked" type_id="15"/>
	<message comment="Ben Watson blocks a shot" minute="22" period="1" second="26" time="22" type="save made" type_id="10"/>
	<message comment="GOAL! Ben Watson scores  (Low to the left, 18-yard box, Penalty, Big Chance, Right footed)" minute="20" period="1" second="31" time="20" type="goal scored" type_id="16"/>
	<message comment="Wes Hoolahan misses attempt (To the left, 18-yard box, Right footed, Fast break)" minute="17" period="1" second="18" time="17" type="attempt missed" type_id="13"/>
	<message comment="Victor Moses misses attempt (To the right, Out of box, Right footed, Open play)" minute="16" period="1" second="13" time="16" type="attempt missed" type_id="13"/>
	<message comment="Zak Whitbread blocks a shot" minute="15" period="1" second="4" time="15" type="save made" type_id="10"/>
	<message comment="Emmerson Boyce has shot blocked (18-yard box, Left footed, Open play)" minute="15" period="1" second="4" time="15" type="attempt blocked" type_id="15"/>
	<message comment="Steve Morison has attempt saved (High to the centre, Out of box, Head, Open play)" minute="11" period="1" second="4" time="11" type="attempt blocked" type_id="15"/>
	<message comment="Ali Al Habsi makes a save (Collected, Standing)" minute="11" period="1" second="4" time="11" type="save made" type_id="10"/>
	<message comment="Grant Holt is caught offside" minute="9" period="1" time="9" type="offside" type_id="10000"/>
	<message comment="John Ruddy makes a save (Collected, Standing)" minute="8" period="1" second="58" time="8" type="save made" type_id="10"/>
	<message comment="Franco Di Santo has attempt saved (High to the right, 18-yard box, Head, From corner)" minute="8" period="1" second="58" time="8" type="attempt blocked" type_id="15"/>
	<message comment="Franco Di Santo wins a corner (To the left)" minute="8" period="1" second="15" time="8" type="corner" type_id="6"/>
	<message comment="Formation Set" minute="0" period="14" second="0" time="8" type="end" type_id="30"/>
	<message comment="Andrew Crofts is caught offside" minute="3" period="1" time="3" type="offside" type_id="10000"/>
	<message comment="John Ruddy makes a save (Diving)" minute="1" period="1" second="50" time="1" type="save made" type_id="10"/>
	<message comment="Emmerson Boyce has attempt saved (Low to the right, 18-yard box, Head, From corner)" minute="1" period="1" second="50" time="1" type="attempt blocked" type_id="15"/>
	<message comment="Maynor Figueroa wins a corner (To the left)" minute="1" period="1" second="24" time="1" type="corner" type_id="6"/>
	<message comment="David Fox recieves a yellow card" minute="0" period="1" second="37" time="0" type="card received" type_id="17"/>
	<message comment="First half begins!" minute="0" period="1" second="0" time="0" type="start" type_id="32"/>
</Commentary>
