<?xml version="1.0" ?>
<Commentary away_team_name="Wigan" competition="English Premier League" game_date="2011-12-21" home_team_name="Liverpool" lang_id="en" season="Season 2011/2012" season_id="2011" sport_id="1" sport_name="Football">
	<message comment="Second half ends" minute="94" period="2" second="6" time="98" type="end" type_id="30"/>
	<message comment="Ali Al Habsi makes a save (Collected)" minute="93" period="2" second="49" time="97" type="save made" type_id="10"/>
	<message comment="Jonjo Shelvey has attempt saved (Low to the right, Out of box, Left footed, Open play)" minute="93" period="2" second="49" time="97" type="attempt blocked" type_id="15"/>
	<message comment="Franco Di Santo blocks a shot" minute="93" period="2" second="29" time="97" type="save made" type_id="10"/>
	<message comment="Craig Bellamy has shot blocked (Out of box, Right footed, Free kick)" minute="93" period="2" second="29" time="97" type="attempt blocked" type_id="15"/>
	<message comment="Andy Carroll has shot blocked (18-yard box, Head, From corner)" minute="92" period="2" second="29" time="96" type="attempt blocked" type_id="15"/>
	<message comment="Maynor Figueroa blocks a shot" minute="92" period="2" second="29" time="96" type="save made" type_id="10"/>
	<message comment="José Enrique wins a corner (To the left)" minute="91" period="2" second="56" time="95" type="corner" type_id="6"/>
	<message comment="Craig Bellamy misses attempt (To the left, Out of box, Right footed, Open play)" minute="90" period="2" second="55" time="94" type="attempt missed" type_id="13"/>
	<message comment="Craig Bellamy recieves a yellow card" minute="90" period="2" second="15" time="94" type="card received" type_id="17"/>
	<message comment="Hugo Rodallega misses attempt (High, Out of box, Left footed, Open play)" minute="87" period="2" second="6" time="91" type="attempt missed" type_id="13"/>
	<message comment="Luis Suárez is substituted off" minute="86" period="2" second="42" time="90" type="substitution off" type_id="18"/>
	<message comment="Andy Carroll is substituted on" minute="86" period="2" second="42" time="90" type="substitution on" type_id="19"/>
	<message comment="Victor Moses misses attempt (6-yard box, Right footed, From corner)" minute="85" period="2" second="34" time="89" type="attempt missed" type_id="13"/>
	<message comment="Hugo Rodallega wins a corner (To the left)" minute="84" period="2" second="58" time="88" type="corner" type_id="6"/>
	<message comment="Hugo Rodallega has shot blocked (6-yard box, Head, Open play)" minute="84" period="2" second="56" time="88" type="attempt blocked" type_id="15"/>
	<message comment="Glen Johnson blocks a shot" minute="84" period="2" second="56" time="88" type="save made" type_id="10"/>
	<message comment="Maynor Figueroa has attempt saved (Low to the centre, Out of box, Left footed, Open play)" minute="81" period="2" second="7" time="85" type="attempt blocked" type_id="15"/>
	<message comment="Pepe Reina makes a save" minute="81" period="2" second="7" time="85" type="save made" type_id="10"/>
	<message comment="Glen Johnson recieves a yellow card" minute="78" period="2" second="10" time="82" type="card received" type_id="17"/>
	<message comment="Hugo Rodallega has shot blocked (Out of box, Left footed, Open play)" minute="75" period="2" second="27" time="79" type="attempt blocked" type_id="15"/>
	<message comment="Jordan Henderson blocks a shot" minute="75" period="2" second="27" time="79" type="save made" type_id="10"/>
	<message comment="Jordi Gómez is substituted off" minute="73" period="2" second="20" time="77" type="substitution off" type_id="18"/>
	<message comment="Hugo Rodallega is substituted on" minute="73" period="2" second="20" time="77" type="substitution on" type_id="19"/>
	<message comment="David Jones is substituted off" minute="73" period="2" second="4" time="77" type="substitution off" type_id="18"/>
	<message comment="Ben Watson is substituted on" minute="73" period="2" second="4" time="77" type="substitution on" type_id="19"/>
	<message comment="Jordan Henderson misses attempt (Out of box, Right footed, Open play)" minute="72" period="2" second="29" time="76" type="attempt missed" type_id="13"/>
	<message comment="Dirk Kuyt is substituted off" minute="71" period="2" second="41" time="75" type="substitution off" type_id="18"/>
	<message comment="Jonjo Shelvey is substituted on" minute="71" period="2" second="41" time="75" type="substitution on" type_id="19"/>
	<message comment="Maxi Rodríguez is substituted off" minute="71" period="2" second="19" time="75" type="substitution off" type_id="18"/>
	<message comment="Craig Bellamy is substituted on" minute="71" period="2" second="19" time="75" type="substitution on" type_id="19"/>
	<message comment="Stewart Downing wins a corner (To the right)" minute="67" period="2" second="37" time="71" type="corner" type_id="6"/>
	<message comment="Dirk Kuyt misses attempt (High to the right, 18-yard box, Right footed, Set piece)" minute="66" period="2" second="20" time="70" type="attempt missed" type_id="13"/>
	<message comment="Gary Caldwell recieves a yellow card" minute="65" period="2" second="46" time="69" type="card received" type_id="17"/>
	<message comment="Martin Skrtel misses attempt (High, 18-yard box, Head, From corner)" minute="63" period="2" second="23" time="67" type="attempt missed" type_id="13"/>
	<message comment="Stewart Downing wins a corner (To the left)" minute="63" period="2" second="7" time="67" type="corner" type_id="6"/>
	<message comment="Stewart Downing wins a corner (To the left)" minute="62" period="2" second="35" time="66" type="corner" type_id="6"/>
	<message comment="Conor Sammon is substituted off" minute="61" period="2" second="2" time="65" type="substitution off" type_id="18"/>
	<message comment="Franco Di Santo is substituted on" minute="61" period="2" second="2" time="65" type="substitution on" type_id="19"/>
	<message comment="Ali Al Habsi makes a save (Standing)" minute="59" period="2" second="11" time="63" type="save made" type_id="10"/>
	<message comment="Dirk Kuyt has attempt saved (Low to the left, Out of box, Right footed, Open play)" minute="59" period="2" second="11" time="63" type="attempt blocked" type_id="15"/>
	<message comment="Jordi Gómez has shot blocked (Out of box, Left footed, Open play)" minute="58" period="2" second="53" time="62" type="attempt blocked" type_id="15"/>
	<message comment="Charlie Adam blocks a shot" minute="58" period="2" second="53" time="62" type="save made" type_id="10"/>
	<message comment="Jordi Gómez has attempt saved (Low to the left, Out of box, Left footed, Open play)" minute="56" period="2" second="0" time="60" type="attempt blocked" type_id="15"/>
	<message comment="Pepe Reina makes a save (Diving)" minute="56" period="2" second="0" time="60" type="save made" type_id="10"/>
	<message comment="Charlie Adam wins a corner (To the right)" minute="50" period="2" second="20" time="54" type="corner" type_id="6"/>
	<message comment="Ali Al Habsi makes a save (Diving, Parried safe, Penalty)" minute="50" period="2" second="9" time="54" type="save made" type_id="10"/>
	<message comment="Charlie Adam has attempt saved (High to the centre, 18-yard box, Big Chance, Penalty, Left footed)" minute="50" period="2" second="9" time="54" type="attempt blocked" type_id="15"/>
	<message comment="Luis Suárez has shot blocked (18-yard box, Right footed, Open play)" minute="49" period="2" second="24" time="53" type="attempt blocked" type_id="15"/>
	<message comment="Jordan Henderson misses attempt (To the left, Out of box, Right footed, Open play)" minute="49" period="2" second="20" time="53" type="attempt missed" type_id="13"/>
	<message comment="Victor Moses has attempt saved (Low to the right, Out of box, Right footed, Open play)" minute="47" period="2" second="53" time="51" type="attempt blocked" type_id="15"/>
	<message comment="Pepe Reina makes a save (Parried safe)" minute="47" period="2" second="53" time="51" type="save made" type_id="10"/>
	<message comment="Martin Skrtel misses attempt (High, 18-yard box, Head, From corner)" minute="47" period="2" second="14" time="51" type="attempt missed" type_id="13"/>
	<message comment="Luis Suárez wins a corner (To the left)" minute="46" period="2" second="55" time="50" type="corner" type_id="6"/>
	<message comment="Ali Al Habsi makes a save (Parried safe, Diving)" minute="46" period="2" second="49" time="50" type="save made" type_id="10"/>
	<message comment="Luis Suárez has attempt saved (High to the centre, Out of box, Right footed, Free kick)" minute="46" period="2" second="49" time="50" type="attempt blocked" type_id="15"/>
	<message comment="Second half begins!" minute="45" period="2" second="0" time="49" type="start" type_id="32"/>
	<message comment="First half ends" minute="48" period="1" second="6" time="48" type="end" type_id="30"/>
	<message comment="Conor Sammon wins a corner (To the left)" minute="40" period="1" second="15" time="40" type="corner" type_id="6"/>
	<message comment="Conor Sammon has shot blocked (18-yard box, Right footed, Open play)" minute="40" period="1" second="14" time="40" type="attempt blocked" type_id="15"/>
	<message comment="Daniel Agger blocks a shot" minute="40" period="1" second="14" time="40" type="save made" type_id="10"/>
	<message comment="Jordi Gómez has shot blocked (18-yard box, Head, From corner)" minute="39" period="1" second="46" time="39" type="attempt blocked" type_id="15"/>
	<message comment="Charlie Adam blocks a shot" minute="39" period="1" second="46" time="39" type="save made" type_id="10"/>
	<message comment="David Jones wins a corner (To the left)" minute="39" period="1" second="29" time="39" type="corner" type_id="6"/>
	<message comment="Jordi Gómez wins a corner (To the left)" minute="38" period="1" second="58" time="38" type="corner" type_id="6"/>
	<message comment="Victor Moses has attempt saved (Low to the centre, Out of box, Right footed, Open play)" minute="36" period="1" second="2" time="36" type="attempt blocked" type_id="15"/>
	<message comment="Pepe Reina makes a save (Parried safe, Standing)" minute="36" period="1" second="2" time="36" type="save made" type_id="10"/>
	<message comment="Luis Suárez wins a corner (To the right)" minute="33" period="1" second="41" time="33" type="corner" type_id="6"/>
	<message comment="David Jones has shot blocked (Out of box, Left footed, Open play)" minute="28" period="1" second="23" time="28" type="attempt blocked" type_id="15"/>
	<message comment="Martin Skrtel blocks a shot" minute="28" period="1" second="23" time="28" type="save made" type_id="10"/>
	<message comment="Ali Al Habsi makes a save (Diving, Collected)" minute="27" period="1" second="51" time="27" type="save made" type_id="10"/>
	<message comment="Charlie Adam has attempt saved (Low to the right, Out of box, Left footed, Open play)" minute="27" period="1" second="51" time="27" type="attempt blocked" type_id="15"/>
	<message comment="Mohamed Diamé wins a corner (To the left)" minute="26" period="1" second="58" time="26" type="corner" type_id="6"/>
	<message comment="Mohamed Diamé has attempt saved (Low to the centre, 18-yard box, Left footed, Open play)" minute="26" period="1" second="55" time="26" type="attempt blocked" type_id="15"/>
	<message comment="Pepe Reina makes a save (Diving, Parried safe)" minute="26" period="1" second="55" time="26" type="save made" type_id="10"/>
	<message comment="Luis Suárez wins a corner (To the right)" minute="26" period="1" second="8" time="26" type="corner" type_id="6"/>
	<message comment="Glen Johnson has attempt saved (Low to the centre, 18-yard box, Big Chance, Right footed, Open play)" minute="25" period="1" second="45" time="25" type="attempt blocked" type_id="15"/>
	<message comment="Ali Al Habsi makes a save (Parried safe, Feet, Diving)" minute="25" period="1" second="45" time="25" type="save made" type_id="10"/>
	<message comment="Daniel Agger misses attempt (18-yard box, Right footed, From corner)" minute="25" period="1" second="2" time="25" type="attempt missed" type_id="13"/>
	<message comment="Jordan Henderson wins a corner (To the right)" minute="24" period="1" second="35" time="24" type="corner" type_id="6"/>
	<message comment="Ali Al Habsi makes a save (Diving, Parried into danger)" minute="24" period="1" second="32" time="24" type="save made" type_id="10"/>
	<message comment="Dirk Kuyt has attempt saved (Low to the centre, 18-yard box, Left footed, Open play)" minute="24" period="1" second="32" time="24" type="attempt blocked" type_id="15"/>
	<message comment="Jordi Gómez misses attempt (Out of box, Left footed, Open play)" minute="23" period="1" second="3" time="23" type="attempt missed" type_id="13"/>
	<message comment="Mohamed Diamé misses attempt (Out of box, Right footed, Set piece)" minute="22" period="1" second="13" time="22" type="attempt missed" type_id="13"/>
	<message comment="Maynor Figueroa has attempt saved (Low to the left, Out of box, Left footed, Open play)" minute="20" period="1" second="24" time="20" type="attempt blocked" type_id="15"/>
	<message comment="Pepe Reina makes a save (Parried safe, Diving)" minute="20" period="1" second="24" time="20" type="save made" type_id="10"/>
	<message comment="Victor Moses misses attempt (To the left, Out of box, Right footed, Open play)" minute="19" period="1" second="19" time="19" type="attempt missed" type_id="13"/>
	<message comment="Maxi Rodríguez misses attempt (High to the right, Out of box, Right footed, Open play)" minute="18" period="1" second="39" time="18" type="attempt missed" type_id="13"/>
	<message comment="Charlie Adam wins a corner (To the right)" minute="17" period="1" second="11" time="17" type="corner" type_id="6"/>
	<message comment="Victor Moses wins a corner (To the left)" minute="15" period="1" second="7" time="15" type="corner" type_id="6"/>
	<message comment="Dirk Kuyt wins a corner (To the right)" minute="13" period="1" second="6" time="13" type="corner" type_id="6"/>
	<message comment="Conor Sammon has shot blocked (18-yard box, Right footed, Open play)" minute="11" period="1" second="9" time="11" type="attempt blocked" type_id="15"/>
	<message comment="Glen Johnson blocks a shot" minute="11" period="1" second="9" time="11" type="save made" type_id="10"/>
	<message comment="Mohamed Diamé has shot blocked (18-yard box, Head, From corner)" minute="10" period="1" second="35" time="10" type="attempt blocked" type_id="15"/>
	<message comment="Daniel Agger blocks a shot" minute="10" period="1" second="35" time="10" type="save made" type_id="10"/>
	<message comment="David Jones wins a corner (To the left)" minute="10" period="1" second="11" time="10" type="corner" type_id="6"/>
	<message comment="Martin Skrtel has attempt saved (Low to the right, Out of box, Left footed, Open play)" minute="9" period="1" second="6" time="9" type="attempt blocked" type_id="15"/>
	<message comment="Ali Al Habsi makes a save (Collected)" minute="9" period="1" second="6" time="9" type="save made" type_id="10"/>
	<message comment="Luis Suárez is caught offside" minute="9" period="1" time="9" type="offside" type_id="10000"/>
	<message comment="José Enrique wins a corner (To the left)" minute="8" period="1" second="33" time="8" type="corner" type_id="6"/>
	<message comment="Jordan Henderson wins a corner (To the right)" minute="8" period="1" second="7" time="8" type="corner" type_id="6"/>
	<message comment="Jordan Henderson has attempt saved (High to the right, 18-yard box, Right footed, Open play)" minute="8" period="1" second="5" time="8" type="attempt blocked" type_id="15"/>
	<message comment="Ali Al Habsi makes a save (Parried safe, Standing)" minute="8" period="1" second="5" time="8" type="save made" type_id="10"/>
	<message comment="Formation Set" minute="0" period="14" second="0" time="8" type="end" type_id="30"/>
	<message comment="Charlie Adam has shot blocked (Out of box, Left footed, Free kick)" minute="7" period="1" second="24" time="7" type="attempt blocked" type_id="15"/>
	<message comment="James McCarthy blocks a shot" minute="7" period="1" second="24" time="7" type="save made" type_id="10"/>
	<message comment="Stewart Downing wins a corner (To the left)" minute="4" period="1" second="7" time="4" type="corner" type_id="6"/>
	<message comment="First half begins!" minute="0" period="1" second="0" time="0" type="start" type_id="32"/>
</Commentary>
