<?xml version="1.0" ?>
<Commentary away_team_name="Wigan" competition="English Premier League" game_date="2013-02-02" home_team_name="Southampton" lang_id="en" season="Season 2012/2013" season_id="2012" sport_id="1" sport_name="Football">
	<message comment="Second half ends" minute="92" period="2" second="57" time="95" type="end" type_id="30"/>
	<message comment="Ali Al Habsi makes a save (Standing, From shot off target)" minute="90" period="2" second="40" time="93" type="save made" type_id="10"/>
	<message comment="Morgan Schneiderlin misses attempt (Out of box, Right footed, Free kick)" minute="90" period="2" second="35" time="93" type="attempt missed" type_id="13"/>
	<message comment="James McCarthy is substituted off" minute="89" period="2" second="57" time="92" type="substitution off" type_id="18"/>
	<message comment="Ángelo Henríquez is substituted on" minute="89" period="2" second="57" time="92" type="substitution on" type_id="19"/>
	<message comment="GOAL! Shaun Maloney scores , Assisted by Paul Scharner (Low to the right, 6-yard box, Big Chance, Right footed, From corner)" minute="89" period="2" second="2" time="92" type="goal scored" type_id="16"/>
	<message comment="Jean Beausejour wins a corner (To the left)" minute="88" period="2" second="39" time="91" type="corner" type_id="6"/>
	<message comment="GOAL! Morgan Schneiderlin scores , Assisted by Jay Rodriguez (Low to the centre, 6-yard box, Big Chance, Left footed, Fast break)" minute="84" period="2" second="32" time="87" type="goal scored" type_id="16"/>
	<message comment="Jordi Gómez wins a corner (To the right)" minute="83" period="2" second="53" time="86" type="corner" type_id="6"/>
	<message comment="Paul Scharner wins a corner (To the right)" minute="83" period="2" second="29" time="86" type="corner" type_id="6"/>
	<message comment="Jason Puncheon is substituted off" minute="80" period="2" second="15" time="83" type="substitution off" type_id="18"/>
	<message comment="James Ward-Prowse is substituted on" minute="80" period="2" second="15" time="83" type="substitution on" type_id="19"/>
	<message comment="Franco Di Santo is caught offside" minute="80" period="2" time="83" type="offside" type_id="10000"/>
	<message comment="Franco Di Santo wins a corner (To the right)" minute="79" period="2" second="49" time="82" type="corner" type_id="6"/>
	<message comment="Jay Rodriguez misses attempt (Out of box, Right footed, Open play)" minute="75" period="2" second="37" time="78" type="attempt missed" type_id="13"/>
	<message comment="Roger Espinoza is substituted off" minute="74" period="2" second="17" time="77" type="substitution off" type_id="18"/>
	<message comment="Callum McManaman is substituted on" minute="74" period="2" second="17" time="77" type="substitution on" type_id="19"/>
	<message comment="Jason Puncheon misses attempt (High to the right, 18-yard box, Left footed, Open play)" minute="73" period="2" second="42" time="76" type="attempt missed" type_id="13"/>
	<message comment="Rickie Lambert misses attempt (To the left, 18-yard box, Right footed, Open play)" minute="71" period="2" second="54" time="74" type="attempt missed" type_id="13"/>
	<message comment="James McCarthy blocks a shot" minute="71" period="2" second="35" time="74" type="save made" type_id="10"/>
	<message comment="Jason Puncheon has shot blocked (Out of box, Left footed, Open play)" minute="71" period="2" second="35" time="74" type="attempt blocked" type_id="15"/>
	<message comment="Gary Caldwell blocks a shot" minute="71" period="2" second="18" time="74" type="save made" type_id="10"/>
	<message comment="Jay Rodriguez has shot blocked (18-yard box, Left footed, Open play)" minute="71" period="2" second="18" time="74" type="attempt blocked" type_id="15"/>
	<message comment="Adam Lallana hits the woodwork (To the left, 18-yard box, Left footed, Open play)" minute="70" period="2" second="16" time="73" type="woodwork hit" type_id="14"/>
	<message comment="Shaun Maloney blocks a shot" minute="70" period="2" second="14" time="73" type="save made" type_id="10"/>
	<message comment="Steven Davis has shot blocked (Out of box, Right footed, From corner)" minute="70" period="2" second="14" time="73" type="attempt blocked" type_id="15"/>
	<message comment="Jason Puncheon wins a corner (To the right)" minute="69" period="2" second="45" time="72" type="corner" type_id="6"/>
	<message comment="Jay Rodriguez has shot blocked (18-yard box, Right footed, Open play)" minute="67" period="2" second="5" time="70" type="attempt blocked" type_id="15"/>
	<message comment="James McArthur blocks a shot" minute="67" period="2" second="5" time="70" type="save made" type_id="10"/>
	<message comment="James McArthur blocks a shot" minute="67" period="2" second="2" time="70" type="save made" type_id="10"/>
	<message comment="Steven Davis has shot blocked (18-yard box, Right footed, Fast break)" minute="67" period="2" second="2" time="70" type="attempt blocked" type_id="15"/>
	<message comment="Franco Di Santo has shot blocked (18-yard box, Head, Open play)" minute="65" period="2" second="43" time="68" type="attempt blocked" type_id="15"/>
	<message comment="Luke Shaw blocks a shot" minute="65" period="2" second="43" time="68" type="save made" type_id="10"/>
	<message comment="GOAL! Rickie Lambert scores , Assisted by Jay Rodriguez (Low to the left, 6-yard box, Big Chance, Head, Open play)" minute="63" period="2" second="32" time="66" type="goal scored" type_id="16"/>
	<message comment="Nathaniel Clyne is substituted off" minute="59" period="2" second="20" time="62" type="substitution off" type_id="18"/>
	<message comment="Adam Lallana is substituted on" minute="59" period="2" second="20" time="62" type="substitution on" type_id="19"/>
	<message comment="Jack Cork is caught offside" minute="59" period="2" time="62" type="offside" type_id="10000"/>
	<message comment="Jason Puncheon wins a corner (To the left)" minute="58" period="2" second="31" time="61" type="corner" type_id="6"/>
	<message comment="Ronnie Stam is substituted off" minute="55" period="2" second="28" time="58" type="substitution off" type_id="18"/>
	<message comment="Jordi Gómez is substituted on" minute="55" period="2" second="28" time="58" type="substitution on" type_id="19"/>
	<message comment="Jack Cork wins a corner (To the left)" minute="54" period="2" second="18" time="57" type="corner" type_id="6"/>
	<message comment="Jack Cork recieves a yellow card" minute="52" period="2" second="10" time="55" type="card received" type_id="17"/>
	<message comment="Second half begins!" minute="45" period="2" second="0" time="48" type="start" type_id="32"/>
	<message comment="Gastón Ramírez is substituted off" minute="45" period="2" second="0" time="48" type="substitution off" type_id="18"/>
	<message comment="Steven Davis is substituted on" minute="45" period="2" second="0" time="48" type="substitution on" type_id="19"/>
	<message comment="First half ends" minute="47" period="1" second="17" time="47" type="end" type_id="30"/>
	<message comment="Jos Hooiveld blocks a shot" minute="47" period="1" second="11" time="47" type="save made" type_id="10"/>
	<message comment="Franco Di Santo has shot blocked (18-yard box, Right footed, Set piece)" minute="47" period="1" second="11" time="47" type="attempt blocked" type_id="15"/>
	<message comment="Jay Rodriguez has shot blocked (18-yard box, Right footed, Open play)" minute="40" period="1" second="54" time="40" type="attempt blocked" type_id="15"/>
	<message comment="Gary Caldwell blocks a shot" minute="40" period="1" second="54" time="40" type="save made" type_id="10"/>
	<message comment="Shaun Maloney misses attempt (To the right, Out of box, Right footed, Open play)" minute="39" period="1" second="11" time="39" type="attempt missed" type_id="13"/>
	<message comment="Jos Hooiveld misses attempt (18-yard box, Head, From corner)" minute="37" period="1" second="42" time="37" type="attempt missed" type_id="13"/>
	<message comment="Nathaniel Clyne wins a corner (To the right)" minute="37" period="1" second="14" time="37" type="corner" type_id="6"/>
	<message comment="Jean Beausejour is caught offside" minute="33" period="1" time="33" type="offside" type_id="10000"/>
	<message comment="Shaun Maloney wins a corner (To the left)" minute="32" period="1" second="34" time="32" type="corner" type_id="6"/>
	<message comment="Jay Rodriguez recieves a yellow card" minute="31" period="1" second="20" time="31" type="card received" type_id="17"/>
	<message comment="Jason Puncheon misses attempt (To the right, Out of box, Left footed, Open play)" minute="29" period="1" second="22" time="29" type="attempt missed" type_id="13"/>
	<message comment="Morgan Schneiderlin wins a corner (To the left)" minute="25" period="1" second="46" time="25" type="corner" type_id="6"/>
	<message comment="GOAL! Gary Caldwell scores , Assisted by Jean Beausejour (Low to the left, 18-yard box, Head, From corner)" minute="24" period="1" second="45" time="24" type="goal scored" type_id="16"/>
	<message comment="Roger Espinoza wins a corner (To the left)" minute="24" period="1" second="18" time="24" type="corner" type_id="6"/>
	<message comment="Gastón Ramírez misses attempt (High to the left, 18-yard box, Big Chance, Left footed, Open play)" minute="15" period="1" second="43" time="15" type="attempt missed" type_id="13"/>
	<message comment="Rickie Lambert is caught offside" minute="13" period="1" time="13" type="offside" type_id="10000"/>
	<message comment="Artur Boruc makes a save (Parried into danger, Diving)" minute="12" period="1" second="25" time="12" type="save made" type_id="10"/>
	<message comment="Franco Di Santo has attempt saved (Low to the right, 18-yard box, Right footed, Open play)" minute="12" period="1" second="25" time="12" type="attempt blocked" type_id="15"/>
	<message comment="Shaun Maloney is caught offside" minute="10" period="1" time="10" type="offside" type_id="10000"/>
	<message comment="Shaun Maloney wins a corner (To the right)" minute="6" period="1" second="23" time="6" type="corner" type_id="6"/>
	<message comment="Ronnie Stam wins a corner (To the right)" minute="5" period="1" second="59" time="5" type="corner" type_id="6"/>
	<message comment="Formation Set" minute="0" period="14" second="0" time="5" type="end" type_id="30"/>
	<message comment="Morgan Schneiderlin misses attempt (High to the right, Out of box, Right footed, Open play)" minute="2" period="1" second="33" time="2" type="attempt missed" type_id="13"/>
	<message comment="Roger Espinoza misses attempt (To the right, Out of box, Left footed, Open play)" minute="0" period="1" second="20" time="0" type="attempt missed" type_id="13"/>
	<message comment="First half begins!" minute="0" period="1" second="0" time="0" type="start" type_id="32"/>
</Commentary>
