<?xml version="1.0" ?>
<Commentary away_team_name="Wigan" competition="English Premier League" game_date="2013-04-27" home_team_name="Tottenham" lang_id="en" season="Season 2012/2013" season_id="2012" sport_id="1" sport_name="Football">
	<message comment="Second half ends" minute="95" period="2" second="8" time="99" type="end" type_id="30"/>
	<message comment="Emmerson Boyce blocks a shot" minute="94" period="2" second="55" time="98" type="save made" type_id="10"/>
	<message comment="Jermain Defoe has shot blocked (18-yard box, Right footed, Set piece)" minute="94" period="2" second="55" time="98" type="attempt blocked" type_id="15"/>
	<message comment="Joel Robles makes a save (Diving, Parried into danger)" minute="94" period="2" second="53" time="98" type="save made" type_id="10"/>
	<message comment="Tom Huddlestone has attempt saved (Low to the centre, 18-yard box, Right footed, Set piece)" minute="94" period="2" second="53" time="98" type="attempt blocked" type_id="15"/>
	<message comment="Joel Robles makes a save (Parried into danger, Diving)" minute="94" period="2" second="50" time="98" type="save made" type_id="10"/>
	<message comment="Gareth Bale has attempt saved (Low to the centre, Out of box, Left footed, Free kick)" minute="94" period="2" second="50" time="98" type="attempt blocked" type_id="15"/>
	<message comment="Paul Scharner recieves a yellow card" minute="93" period="2" second="57" time="97" type="card received" type_id="17"/>
	<message comment="Emmerson Boyce scores an OWN GOAL!  (Low to the centre, 6-yard box, Right footed, Set piece)" minute="88" period="2" second="37" time="92" type="goal scored" type_id="16"/>
	<message comment="James McArthur blocks a shot" minute="87" period="2" second="17" time="91" type="save made" type_id="10"/>
	<message comment="Clint Dempsey has shot blocked (18-yard box, Left footed, Open play)" minute="87" period="2" second="17" time="91" type="attempt blocked" type_id="15"/>
	<message comment="Franco Di Santo recieves a yellow card" minute="83" period="2" second="11" time="87" type="card received" type_id="17"/>
	<message comment="Franco Di Santo misses attempt (Out of box, Right footed, Open play)" minute="83" period="2" second="2" time="87" type="attempt missed" type_id="13"/>
	<message comment="Michael Dawson recieves a yellow card" minute="81" period="2" second="52" time="85" type="card received" type_id="17"/>
	<message comment="Arouna Koné has attempt saved (Low to the centre, 18-yard box, Left footed, Open play)" minute="80" period="2" second="34" time="84" type="attempt blocked" type_id="15"/>
	<message comment="Hugo Lloris makes a save (Parried into danger)" minute="80" period="2" second="34" time="84" type="save made" type_id="10"/>
	<message comment="Jordi Gómez is substituted off" minute="79" period="2" second="3" time="83" type="substitution off" type_id="18"/>
	<message comment="Roger Espinoza is substituted on" minute="79" period="2" second="3" time="83" type="substitution on" type_id="19"/>
	<message comment="Arouna Koné has attempt saved (Low to the right, 18-yard box, Right footed, Open play)" minute="74" period="2" second="29" time="78" type="attempt blocked" type_id="15"/>
	<message comment="Hugo Lloris makes a save (Standing)" minute="74" period="2" second="29" time="78" type="save made" type_id="10"/>
	<message comment="Scott Parker is substituted off" minute="73" period="2" second="13" time="77" type="substitution off" type_id="18"/>
	<message comment="Aaron Lennon is substituted on" minute="73" period="2" second="13" time="77" type="substitution on" type_id="19"/>
	<message comment="Kyle Naughton is substituted off" minute="63" period="2" second="21" time="67" type="substitution off" type_id="18"/>
	<message comment="Benoit Assou-Ekotto is substituted on" minute="63" period="2" second="21" time="67" type="substitution on" type_id="19"/>
	<message comment="Callum McManaman is substituted off" minute="63" period="2" second="1" time="67" type="substitution off" type_id="18"/>
	<message comment="Franco Di Santo is substituted on" minute="63" period="2" second="1" time="67" type="substitution on" type_id="19"/>
	<message comment="Kyle Walker is caught offside" minute="62" period="2" time="66" type="offside" type_id="10000"/>
	<message comment="James McCarthy blocks a shot" minute="60" period="2" second="44" time="64" type="save made" type_id="10"/>
	<message comment="Clint Dempsey has shot blocked (Out of box, Right footed, Open play)" minute="60" period="2" second="44" time="64" type="attempt blocked" type_id="15"/>
	<message comment="Clint Dempsey wins a corner (To the left)" minute="59" period="2" second="35" time="63" type="corner" type_id="6"/>
	<message comment="Jan Vertonghen is caught offside" minute="54" period="2" time="58" type="offside" type_id="10000"/>
	<message comment="Arouna Koné has attempt saved (Low to the right, 18-yard box, Right footed, Open play)" minute="51" period="2" second="19" time="55" type="attempt blocked" type_id="15"/>
	<message comment="Hugo Lloris makes a save (Standing)" minute="51" period="2" second="19" time="55" type="save made" type_id="10"/>
	<message comment="GOAL! Callum McManaman scores , Assisted by James McCarthy (High to the centre, Out of box, Left footed, Open play)" minute="48" period="2" second="5" time="52" type="goal scored" type_id="16"/>
	<message comment="Second half begins!" minute="45" period="2" second="0" time="49" type="start" type_id="32"/>
	<message comment="First half ends" minute="48" period="1" second="3" time="48" type="end" type_id="30"/>
	<message comment="Clint Dempsey wins a corner (To the left)" minute="47" period="1" second="26" time="47" type="corner" type_id="6"/>
	<message comment="Jordi Gómez recieves a yellow card" minute="45" period="1" second="0" time="45" type="card received" type_id="17"/>
	<message comment="Gareth Bale misses attempt (18-yard box, Head, Open play)" minute="43" period="1" second="32" time="43" type="attempt missed" type_id="13"/>
	<message comment="Mousa Dembélé is substituted off" minute="40" period="1" second="43" time="40" type="substitution off" type_id="18"/>
	<message comment="Lewis Holtby is substituted on" minute="40" period="1" second="43" time="40" type="substitution on" type_id="19"/>
	<message comment="Shaun Maloney wins a corner (To the right)" minute="39" period="1" second="3" time="39" type="corner" type_id="6"/>
	<message comment="Shaun Maloney wins a corner (To the right)" minute="38" period="1" second="32" time="38" type="corner" type_id="6"/>
	<message comment="Jermain Defoe is caught offside" minute="35" period="1" time="35" type="offside" type_id="10000"/>
	<message comment="Maynor Figueroa is substituted off" minute="34" period="1" second="30" time="34" type="substitution off" type_id="18"/>
	<message comment="Ronnie Stam is substituted on" minute="34" period="1" second="30" time="34" type="substitution on" type_id="19"/>
	<message comment="James McCarthy blocks a shot" minute="34" period="1" second="9" time="34" type="save made" type_id="10"/>
	<message comment="Kyle Naughton has shot blocked (Out of box, Right footed, Open play)" minute="34" period="1" second="9" time="34" type="attempt blocked" type_id="15"/>
	<message comment="Scott Parker misses attempt (Out of box, Right footed, Open play)" minute="30" period="1" second="45" time="30" type="attempt missed" type_id="13"/>
	<message comment="Kyle Walker wins a corner (To the right)" minute="29" period="1" second="5" time="29" type="corner" type_id="6"/>
	<message comment="Shaun Maloney is caught offside" minute="26" period="1" time="26" type="offside" type_id="10000"/>
	<message comment="Clint Dempsey is caught offside" minute="26" period="1" time="26" type="offside" type_id="10000"/>
	<message comment="Arouna Koné misses attempt (Out of box, Right footed, Open play)" minute="24" period="1" second="0" time="24" type="attempt missed" type_id="13"/>
	<message comment="Clint Dempsey is caught offside" minute="23" period="1" time="23" type="offside" type_id="10000"/>
	<message comment="Scott Parker misses attempt (High, Out of box, Right footed, Open play)" minute="21" period="1" second="35" time="21" type="attempt missed" type_id="13"/>
	<message comment="Mousa Dembélé misses attempt (Out of box, Left footed, Open play)" minute="13" period="1" second="5" time="13" type="attempt missed" type_id="13"/>
	<message comment="Clint Dempsey misses attempt (Out of box, Right footed, Open play)" minute="11" period="1" second="10" time="11" type="attempt missed" type_id="13"/>
	<message comment="GOAL! Emmerson Boyce scores , Assisted by Shaun Maloney (Low to the left, 18-yard box, Head, From corner)" minute="10" period="1" second="3" time="10" type="goal scored" type_id="16"/>
	<message comment="Callum McManaman wins a corner (To the right)" minute="9" period="1" second="34" time="9" type="corner" type_id="6"/>
	<message comment="Formation Set" minute="0" period="14" second="0" time="9" type="end" type_id="30"/>
	<message comment="GOAL! Gareth Bale scores  (High to the right, 6-yard box, Right footed, Open play)" minute="8" period="1" second="19" time="8" type="goal scored" type_id="16"/>
	<message comment="Michael Dawson misses attempt (High, 18-yard box, Left footed, Set piece)" minute="4" period="1" second="46" time="4" type="attempt missed" type_id="13"/>
	<message comment="Tom Huddlestone hits the woodwork (To the right, Out of box, Right footed, Free kick)" minute="4" period="1" second="42" time="4" type="woodwork hit" type_id="14"/>
	<message comment="Gareth Bale misses attempt (Out of box, Head, Set piece)" minute="1" period="1" second="50" time="1" type="attempt missed" type_id="13"/>
	<message comment="First half begins!" minute="0" period="1" second="0" time="0" type="start" type_id="32"/>
</Commentary>
