<?xml version="1.0" ?>
<Commentary away_team_name="Wigan" competition="English Premier League" game_date="2012-03-31" home_team_name="Stoke" lang_id="en" season="Season 2011/2012" season_id="2011" sport_id="1" sport_name="Football">
	<message comment="Second half ends" minute="94" period="2" second="3" time="98" type="end" type_id="30"/>
	<message comment="GOAL! Victor Moses scores  (Low to the centre, 18-yard box, Big Chance, Right footed, Fast break)" minute="92" period="2" second="5" time="96" type="goal scored" type_id="16"/>
	<message comment="Asmir Begovic makes a save (Collected)" minute="88" period="2" second="13" time="92" type="save made" type_id="10"/>
	<message comment="Jordi Gómez has attempt saved (Low to the left, 18-yard box, Right footed, Set piece)" minute="88" period="2" second="13" time="92" type="attempt blocked" type_id="15"/>
	<message comment="Jordi Gómez wins a corner (To the right)" minute="87" period="2" second="31" time="91" type="corner" type_id="6"/>
	<message comment="Ryan Shawcross blocks a shot" minute="87" period="2" second="28" time="91" type="save made" type_id="10"/>
	<message comment="Jordi Gómez has shot blocked (18-yard box, Left footed, Open play)" minute="87" period="2" second="28" time="91" type="attempt blocked" type_id="15"/>
	<message comment="Jean Beausejour is substituted off" minute="86" period="2" second="27" time="90" type="substitution off" type_id="18"/>
	<message comment="Conor Sammon is substituted on" minute="86" period="2" second="27" time="90" type="substitution on" type_id="19"/>
	<message comment="Cameron Jerome misses attempt (High, 18-yard box, Left footed, Open play)" minute="85" period="2" second="44" time="89" type="attempt missed" type_id="13"/>
	<message comment="Ryan Shawcross is caught offside" minute="83" period="2" time="87" type="offside" type_id="10000"/>
	<message comment="Franco Di Santo is substituted off" minute="81" period="2" second="26" time="85" type="substitution off" type_id="18"/>
	<message comment="Jordi Gómez is substituted on" minute="81" period="2" second="26" time="85" type="substitution on" type_id="19"/>
	<message comment="Ryan Shawcross misses attempt (To the left, 18-yard box, Head, Set piece)" minute="77" period="2" second="26" time="81" type="attempt missed" type_id="13"/>
	<message comment="Andy Wilkinson recieves a yellow card" minute="75" period="2" second="12" time="79" type="card received" type_id="17"/>
	<message comment="Asmir Begovic makes a save (Collected, Diving)" minute="71" period="2" second="27" time="75" type="save made" type_id="10"/>
	<message comment="Jean Beausejour has attempt saved (Low to the centre, 6-yard box, Big Chance, Left footed, Set piece)" minute="71" period="2" second="27" time="75" type="attempt blocked" type_id="15"/>
	<message comment="Dean Whitehead recieves a yellow card" minute="70" period="2" second="39" time="74" type="card received" type_id="17"/>
	<message comment="Shaun Maloney is substituted off" minute="69" period="2" second="36" time="73" type="substitution off" type_id="18"/>
	<message comment="Ben Watson is substituted on" minute="69" period="2" second="36" time="73" type="substitution on" type_id="19"/>
	<message comment="Ryan Shawcross is caught offside" minute="68" period="2" time="72" type="offside" type_id="10000"/>
	<message comment="Jermaine Pennant is substituted off" minute="64" period="2" second="58" time="68" type="substitution off" type_id="18"/>
	<message comment="Wilson Palacios is substituted on" minute="64" period="2" second="58" time="68" type="substitution on" type_id="19"/>
	<message comment="Jonathan Walters is substituted off" minute="64" period="2" second="45" time="68" type="substitution off" type_id="18"/>
	<message comment="Ricardo Fuller is substituted on" minute="64" period="2" second="45" time="68" type="substitution on" type_id="19"/>
	<message comment="GOAL! Antolín Alcaraz scores , Assisted by Jean Beausejour (Low to the left, 18-yard box, Head, Set piece)" minute="54" period="2" second="2" time="58" type="goal scored" type_id="16"/>
	<message comment="Glenn Whelan recieves a yellow card" minute="53" period="2" second="36" time="57" type="card received" type_id="17"/>
	<message comment="Robert Huth blocks a shot" minute="53" period="2" second="15" time="57" type="save made" type_id="10"/>
	<message comment="Victor Moses has shot blocked (Out of box, Right footed, Open play)" minute="53" period="2" second="15" time="57" type="attempt blocked" type_id="15"/>
	<message comment="Matthew Etherington is substituted off" minute="48" period="2" second="35" time="52" type="substitution off" type_id="18"/>
	<message comment="Cameron Jerome is substituted on" minute="48" period="2" second="35" time="52" type="substitution on" type_id="19"/>
	<message comment="Glenn Whelan blocks a shot" minute="46" period="2" second="51" time="50" type="save made" type_id="10"/>
	<message comment="Antolín Alcaraz has shot blocked (Out of box, Right footed, Open play)" minute="46" period="2" second="51" time="50" type="attempt blocked" type_id="15"/>
	<message comment="Shaun Maloney wins a corner (To the right)" minute="45" period="2" second="39" time="49" type="corner" type_id="6"/>
	<message comment="Second half begins!" minute="45" period="2" second="0" time="49" type="start" type_id="32"/>
	<message comment="First half ends" minute="48" period="1" second="2" time="48" type="end" type_id="30"/>
	<message comment="Jonathan Walters is caught offside" minute="44" period="1" time="44" type="offside" type_id="10000"/>
	<message comment="Jean Beausejour wins a corner (To the right)" minute="39" period="1" second="31" time="39" type="corner" type_id="6"/>
	<message comment="Jean Beausejour misses attempt (To the right, 6-yard box, Big Chance, Left footed, Open play)" minute="39" period="1" second="29" time="39" type="attempt missed" type_id="13"/>
	<message comment="James McArthur misses attempt (To the right, 18-yard box, Head, Open play)" minute="36" period="1" second="35" time="36" type="attempt missed" type_id="13"/>
	<message comment="Robert Huth blocks a shot" minute="36" period="1" second="18" time="36" type="save made" type_id="10"/>
	<message comment="Franco Di Santo has shot blocked (Out of box, Right footed, Fast break)" minute="36" period="1" second="18" time="36" type="attempt blocked" type_id="15"/>
	<message comment="Marc Wilson has attempt saved (Low to the right, Out of box, Right footed, Set piece)" minute="36" period="1" second="4" time="36" type="attempt blocked" type_id="15"/>
	<message comment="Ali Al Habsi makes a save" minute="36" period="1" second="4" time="36" type="save made" type_id="10"/>
	<message comment="Emmerson Boyce recieves a yellow card" minute="33" period="1" second="45" time="33" type="card received" type_id="17"/>
	<message comment="Jean Beausejour recieves a yellow card" minute="33" period="1" second="3" time="33" type="card received" type_id="17"/>
	<message comment="Jonathan Walters misses attempt (18-yard box, Right footed, Open play)" minute="32" period="1" second="1" time="32" type="attempt missed" type_id="13"/>
	<message comment="Peter Crouch is caught offside" minute="30" period="1" time="30" type="offside" type_id="10000"/>
	<message comment="Marc Wilson recieves a yellow card" minute="25" period="1" second="18" time="25" type="card received" type_id="17"/>
	<message comment="Maynor Figueroa misses attempt (To the right, Out of box, Left footed, From corner)" minute="19" period="1" second="6" time="19" type="attempt missed" type_id="13"/>
	<message comment="Emmerson Boyce wins a corner (To the right)" minute="18" period="1" second="34" time="18" type="corner" type_id="6"/>
	<message comment="Andy Wilkinson is caught offside" minute="16" period="1" time="16" type="offside" type_id="10000"/>
	<message comment="Shaun Maloney wins a corner (To the left)" minute="14" period="1" second="31" time="14" type="corner" type_id="6"/>
	<message comment="Asmir Begovic makes a save (Parried into danger, Diving)" minute="14" period="1" second="28" time="14" type="save made" type_id="10"/>
	<message comment="Shaun Maloney has attempt saved (Low to the right, 18-yard box, Left footed, Open play)" minute="14" period="1" second="28" time="14" type="attempt blocked" type_id="15"/>
	<message comment="Shaun Maloney wins a corner (To the left)" minute="11" period="1" second="6" time="11" type="corner" type_id="6"/>
	<message comment="Shaun Maloney has shot blocked (Out of box, Right footed, Set piece)" minute="11" period="1" second="2" time="11" type="attempt blocked" type_id="15"/>
	<message comment="Glenn Whelan blocks a shot" minute="11" period="1" second="2" time="11" type="save made" type_id="10"/>
	<message comment="Victor Moses wins a corner (To the left)" minute="10" period="1" second="37" time="10" type="corner" type_id="6"/>
	<message comment="Formation Set" minute="0" period="14" second="0" time="8" type="end" type_id="30"/>
	<message comment="Peter Crouch misses attempt (High to the right, 18-yard box, Head, Open play)" minute="6" period="1" second="58" time="6" type="attempt missed" type_id="13"/>
	<message comment="Franco Di Santo wins a corner (To the left)" minute="4" period="1" second="50" time="4" type="corner" type_id="6"/>
	<message comment="Franco Di Santo has attempt saved (Low to the right, 18-yard box, Big Chance, Right footed, Fast break)" minute="4" period="1" second="46" time="4" type="attempt blocked" type_id="15"/>
	<message comment="Asmir Begovic makes a save (Parried safe, Feet, Diving)" minute="4" period="1" second="46" time="4" type="save made" type_id="10"/>
	<message comment="Dean Whitehead wins a corner (To the left)" minute="3" period="1" second="58" time="3" type="corner" type_id="6"/>
	<message comment="First half begins!" minute="0" period="1" second="0" time="0" type="start" type_id="32"/>
</Commentary>
