<?xml version="1.0" ?>
<Commentary away_team_name="Wolverhampton Wanderers" competition="English Premier League" game_date="2011-12-20" home_team_name="Norwich" lang_id="en" season="Season 2011/2012" season_id="2011" sport_id="1" sport_name="Football">
	<message comment="Second half ends" minute="93" period="2" second="9" time="96" type="end" type_id="30"/>
	<message comment="Steven Fletcher misses attempt (To the right, 18-yard box, Head, Set piece)" minute="92" period="2" second="28" time="95" type="attempt missed" type_id="13"/>
	<message comment="Nenad Milijas misses attempt (Out of box, Right footed, Open play)" minute="91" period="2" second="31" time="94" type="attempt missed" type_id="13"/>
	<message comment="John Ruddy makes a save (Diving, Parried into danger, Other body part)" minute="91" period="2" second="28" time="94" type="save made" type_id="10"/>
	<message comment="Adam Hammill has attempt saved (Low to the centre, 6-yard box, Big Chance, Head, Open play)" minute="91" period="2" second="28" time="94" type="attempt blocked" type_id="15"/>
	<message comment="Steven Fletcher is caught offside" minute="90" period="2" time="93" type="offside" type_id="10000"/>
	<message comment="Simeon Jackson is caught offside" minute="89" period="2" time="92" type="offside" type_id="10000"/>
	<message comment="Adam Hammill wins a corner (To the left)" minute="88" period="2" second="16" time="91" type="corner" type_id="6"/>
	<message comment="Marc Tierney has shot blocked (Out of box, Left footed, Open play)" minute="87" period="2" second="50" time="90" type="attempt blocked" type_id="15"/>
	<message comment="Christophe Berra blocks a shot" minute="87" period="2" second="50" time="90" type="save made" type_id="10"/>
	<message comment="Wes Hoolahan is substituted off" minute="87" period="2" second="25" time="90" type="substitution off" type_id="18"/>
	<message comment="Elliott Bennett is substituted on" minute="87" period="2" second="25" time="90" type="substitution on" type_id="19"/>
	<message comment="Roger Johnson misses attempt (18-yard box, Head, From corner)" minute="85" period="2" second="0" time="88" type="attempt missed" type_id="13"/>
	<message comment="Kevin Doyle wins a corner (To the left)" minute="84" period="2" second="43" time="87" type="corner" type_id="6"/>
	<message comment="Marc Tierney wins a corner (To the left)" minute="82" period="2" second="12" time="85" type="corner" type_id="6"/>
	<message comment="GOAL! Ronald Zubar scores , Assisted by Nenad Milijas (High to the right, 18-yard box, Head, From corner)" minute="81" period="2" second="4" time="84" type="goal scored" type_id="16"/>
	<message comment="Matthew Jarvis wins a corner (To the left)" minute="80" period="2" second="45" time="83" type="corner" type_id="6"/>
	<message comment="Sylvan Ebanks-Blake is substituted off" minute="79" period="2" second="50" time="82" type="substitution off" type_id="18"/>
	<message comment="Kevin Doyle is substituted on" minute="79" period="2" second="50" time="82" type="substitution on" type_id="19"/>
	<message comment="Simeon Jackson misses attempt (High, 18-yard box, Left footed, Fast break)" minute="78" period="2" second="6" time="81" type="attempt missed" type_id="13"/>
	<message comment="Adam Hammill misses attempt (Out of box, Right footed, Open play)" minute="77" period="2" second="24" time="80" type="attempt missed" type_id="13"/>
	<message comment="Karl Henry has shot blocked (Out of box, Right footed, Open play)" minute="77" period="2" second="10" time="80" type="attempt blocked" type_id="15"/>
	<message comment="Zak Whitbread blocks a shot" minute="77" period="2" second="10" time="80" type="save made" type_id="10"/>
	<message comment="Steve Morison is caught offside" minute="77" period="2" time="80" type="offside" type_id="10000"/>
	<message comment="GOAL! Simeon Jackson scores , Assisted by Steve Morison (Low to the centre, 6-yard box, Big Chance, Left footed, Open play)" minute="75" period="2" second="45" time="78" type="goal scored" type_id="16"/>
	<message comment="Stephen Hunt is substituted off" minute="74" period="2" second="52" time="77" type="substitution off" type_id="18"/>
	<message comment="Adam Hammill is substituted on" minute="74" period="2" second="52" time="77" type="substitution on" type_id="19"/>
	<message comment="Grant Holt is substituted off" minute="74" period="2" second="36" time="77" type="substitution off" type_id="18"/>
	<message comment="Simeon Jackson is substituted on" minute="74" period="2" second="36" time="77" type="substitution on" type_id="19"/>
	<message comment="David Fox is substituted off" minute="74" period="2" second="31" time="77" type="substitution off" type_id="18"/>
	<message comment="Bradley Johnson is substituted on" minute="74" period="2" second="31" time="77" type="substitution on" type_id="19"/>
	<message comment="Russell Martin has attempt saved (Low to the right, 18-yard box, Right footed, From corner)" minute="73" period="2" second="5" time="76" type="attempt blocked" type_id="15"/>
	<message comment="Wayne Hennessey makes a save (Diving, Parried into danger)" minute="73" period="2" second="5" time="76" type="save made" type_id="10"/>
	<message comment="Wes Hoolahan wins a corner (To the right)" minute="72" period="2" second="35" time="75" type="corner" type_id="6"/>
	<message comment="Wes Hoolahan has shot blocked (Out of box, Right footed, Open play)" minute="72" period="2" second="33" time="75" type="attempt blocked" type_id="15"/>
	<message comment="Christophe Berra blocks a shot" minute="72" period="2" second="33" time="75" type="save made" type_id="10"/>
	<message comment="Russell Martin recieves a yellow card" minute="71" period="2" second="39" time="74" type="card received" type_id="17"/>
	<message comment="John Ruddy makes a save (Standing, Collected)" minute="71" period="2" second="20" time="74" type="save made" type_id="10"/>
	<message comment="Sylvan Ebanks-Blake has attempt saved (Low to the centre, 18-yard box, Head, Open play)" minute="71" period="2" second="20" time="74" type="attempt blocked" type_id="15"/>
	<message comment="Wes Hoolahan has attempt saved (Low to the left, Out of box, Left footed, Open play)" minute="69" period="2" second="16" time="72" type="attempt blocked" type_id="15"/>
	<message comment="Wayne Hennessey makes a save (Diving)" minute="69" period="2" second="16" time="72" type="save made" type_id="10"/>
	<message comment="John Ruddy makes a save (Diving, Parried into danger)" minute="68" period="2" second="14" time="71" type="save made" type_id="10"/>
	<message comment="Matthew Jarvis has attempt saved (Low to the centre, 18-yard box, Right footed, Open play)" minute="68" period="2" second="14" time="71" type="attempt blocked" type_id="15"/>
	<message comment="Steven Fletcher misses attempt (Out of box, Left footed, Open play)" minute="66" period="2" second="39" time="69" type="attempt missed" type_id="13"/>
	<message comment="David Fox misses attempt (Out of box, Right footed, Open play)" minute="66" period="2" second="20" time="69" type="attempt missed" type_id="13"/>
	<message comment="Andrew Crofts wins a corner (To the left)" minute="64" period="2" second="7" time="67" type="corner" type_id="6"/>
	<message comment="Stephen Hunt misses attempt (Out of box, Left footed, Open play)" minute="63" period="2" second="29" time="66" type="attempt missed" type_id="13"/>
	<message comment="Andrew Surman has attempt saved (Low to the left, Out of box, Left footed, Open play)" minute="59" period="2" second="37" time="62" type="attempt blocked" type_id="15"/>
	<message comment="Wayne Hennessey makes a save (Diving)" minute="59" period="2" second="37" time="62" type="save made" type_id="10"/>
	<message comment="Steven Fletcher is caught offside" minute="58" period="2" time="61" type="offside" type_id="10000"/>
	<message comment="Grant Holt is caught offside" minute="58" period="2" time="61" type="offside" type_id="10000"/>
	<message comment="Grant Holt is caught offside" minute="55" period="2" time="58" type="offside" type_id="10000"/>
	<message comment="Grant Holt wins a corner (To the right)" minute="54" period="2" second="34" time="57" type="corner" type_id="6"/>
	<message comment="Grant Holt has attempt saved (Low to the centre, 18-yard box, Right footed, Open play)" minute="52" period="2" second="38" time="55" type="attempt blocked" type_id="15"/>
	<message comment="Wayne Hennessey makes a save (Standing)" minute="52" period="2" second="38" time="55" type="save made" type_id="10"/>
	<message comment="Sylvan Ebanks-Blake wins a corner (To the left)" minute="50" period="2" second="40" time="53" type="corner" type_id="6"/>
	<message comment="Steven Fletcher misses attempt (Out of box, Left footed, Open play)" minute="47" period="2" second="25" time="50" type="attempt missed" type_id="13"/>
	<message comment="Sylvan Ebanks-Blake is caught offside" minute="45" period="2" time="48" type="offside" type_id="10000"/>
	<message comment="Second half begins!" minute="45" period="2" second="0" time="48" type="start" type_id="32"/>
	<message comment="First half ends" minute="47" period="1" second="3" time="47" type="end" type_id="30"/>
	<message comment="Andrew Surman has attempt saved (Low to the centre, Out of box, Left footed, Open play)" minute="45" period="1" second="35" time="45" type="attempt blocked" type_id="15"/>
	<message comment="Wayne Hennessey makes a save (Standing)" minute="45" period="1" second="35" time="45" type="save made" type_id="10"/>
	<message comment="Grant Holt is caught offside" minute="44" period="1" time="44" type="offside" type_id="10000"/>
	<message comment="Steven Fletcher is caught offside" minute="43" period="1" time="43" type="offside" type_id="10000"/>
	<message comment="David Fox wins a corner (To the left)" minute="41" period="1" second="57" time="41" type="corner" type_id="6"/>
	<message comment="Wayne Hennessey makes a save (Diving, From shot off target)" minute="41" period="1" second="56" time="41" type="save made" type_id="10"/>
	<message comment="David Fox misses attempt (Out of box, Right footed, Open play)" minute="41" period="1" second="56" time="41" type="attempt missed" type_id="13"/>
	<message comment="Ronald Zubar misses attempt (To the left, Out of box, Right footed, Open play)" minute="40" period="1" second="38" time="40" type="attempt missed" type_id="13"/>
	<message comment="Matthew Jarvis is caught offside" minute="40" period="1" time="40" type="offside" type_id="10000"/>
	<message comment="Steven Fletcher misses attempt (18-yard box, Head, Set piece)" minute="39" period="1" second="1" time="39" type="attempt missed" type_id="13"/>
	<message comment="Andrew Crofts blocks a shot" minute="38" period="1" second="59" time="38" type="save made" type_id="10"/>
	<message comment="Stephen Ward has shot blocked (18-yard box, Left footed, Set piece)" minute="38" period="1" second="59" time="38" type="attempt blocked" type_id="15"/>
	<message comment="Kyle Naughton recieves a yellow card" minute="38" period="1" second="31" time="38" type="card received" type_id="17"/>
	<message comment="GOAL! Sylvan Ebanks-Blake scores  (Low to the right, 18-yard box, Big Chance, Left footed, Open play)" minute="36" period="1" second="46" time="36" type="goal scored" type_id="16"/>
	<message comment="Russell Martin blocks a shot" minute="36" period="1" second="44" time="36" type="save made" type_id="10"/>
	<message comment="Stephen Hunt has shot blocked (18-yard box, Left footed, Open play)" minute="36" period="1" second="44" time="36" type="attempt blocked" type_id="15"/>
	<message comment="Grant Holt has shot blocked (18-yard box, Left footed, Open play)" minute="35" period="1" second="3" time="35" type="attempt blocked" type_id="15"/>
	<message comment="Stephen Ward blocks a shot" minute="35" period="1" second="3" time="35" type="save made" type_id="10"/>
	<message comment="Sylvan Ebanks-Blake misses attempt (High, 18-yard box, Right footed, Open play)" minute="34" period="1" second="12" time="34" type="attempt missed" type_id="13"/>
	<message comment="Sylvan Ebanks-Blake is caught offside" minute="32" period="1" time="32" type="offside" type_id="10000"/>
	<message comment="Stephen Hunt recieves a yellow card" minute="31" period="1" second="41" time="31" type="card received" type_id="17"/>
	<message comment="Ronald Zubar recieves a yellow card" minute="29" period="1" second="17" time="29" type="card received" type_id="17"/>
	<message comment="Wes Hoolahan misses attempt (High to the left, Out of box, Left footed, Open play)" minute="26" period="1" second="58" time="26" type="attempt missed" type_id="13"/>
	<message comment="Steve Morison has attempt saved (Low to the right, 18-yard box, Head, Open play)" minute="24" period="1" second="23" time="24" type="attempt blocked" type_id="15"/>
	<message comment="Wayne Hennessey makes a save (Standing)" minute="24" period="1" second="23" time="24" type="save made" type_id="10"/>
	<message comment="Stephen Hunt misses attempt (High, 18-yard box, Big Chance, Right footed, Open play)" minute="23" period="1" second="37" time="23" type="attempt missed" type_id="13"/>
	<message comment="John Ruddy makes a save (Parried into danger, Diving)" minute="23" period="1" second="35" time="23" type="save made" type_id="10"/>
	<message comment="Sylvan Ebanks-Blake has attempt saved (Low to the left, 18-yard box, Left footed, Open play)" minute="23" period="1" second="35" time="23" type="attempt blocked" type_id="15"/>
	<message comment="Roger Johnson blocks a shot" minute="16" period="1" second="31" time="16" type="save made" type_id="10"/>
	<message comment="Andrew Crofts has shot blocked (18-yard box, Right footed, Open play)" minute="16" period="1" second="31" time="16" type="attempt blocked" type_id="15"/>
	<message comment="Wayne Hennessey makes a save (Diving)" minute="13" period="1" second="12" time="13" type="save made" type_id="10"/>
	<message comment="Andrew Surman has attempt saved (Low to the right, 18-yard box, Head, Open play)" minute="13" period="1" second="12" time="13" type="attempt blocked" type_id="15"/>
	<message comment="GOAL! Andrew Surman scores , Assisted by Wes Hoolahan (Low to the right, 18-yard box, Head, Open play)" minute="11" period="1" second="43" time="11" type="goal scored" type_id="16"/>
	<message comment="Steve Morison wins a corner (To the right)" minute="9" period="1" second="25" time="9" type="corner" type_id="6"/>
	<message comment="Wayne Hennessey makes a save (From shot off target, Diving)" minute="9" period="1" second="21" time="9" type="save made" type_id="10"/>
	<message comment="Steve Morison misses attempt (To the right, 18-yard box, Left footed, Open play)" minute="9" period="1" second="20" time="9" type="attempt missed" type_id="13"/>
	<message comment="Andrew Surman has shot blocked (18-yard box, Left footed, Open play)" minute="7" period="1" second="9" time="7" type="attempt blocked" type_id="15"/>
	<message comment="Roger Johnson blocks a shot" minute="7" period="1" second="9" time="7" type="save made" type_id="10"/>
	<message comment="Steven Fletcher is caught offside" minute="6" period="1" time="6" type="offside" type_id="10000"/>
	<message comment="Formation Set" minute="0" period="14" second="0" time="6" type="end" type_id="30"/>
	<message comment="Russell Martin blocks a shot" minute="3" period="1" second="46" time="3" type="save made" type_id="10"/>
	<message comment="Sylvan Ebanks-Blake has shot blocked (18-yard box, Left footed, Set piece)" minute="3" period="1" second="46" time="3" type="attempt blocked" type_id="15"/>
	<message comment="First half begins!" minute="0" period="1" second="0" time="0" type="start" type_id="32"/>
</Commentary>
