<?xml version="1.0" ?>
<Commentary away_team_name="Wolverhampton Wanderers" competition="English Premier League" game_date="2011-10-22" home_team_name="Swansea" lang_id="en" season="Season 2011/2012" season_id="2011" sport_id="1" sport_name="Football">
	<message comment="Second half ends" minute="93" period="2" second="26" time="96" type="end" type_id="30"/>
	<message comment="Nenad Milijas has attempt saved (High to the centre, 18-yard box, Big Chance, Head, Open play)" minute="91" period="2" second="2" time="94" type="attempt blocked" type_id="15"/>
	<message comment="Michel Vorm makes a save (Standing)" minute="91" period="2" second="2" time="94" type="save made" type_id="10"/>
	<message comment="Adlène Guédioura misses attempt (High to the left, Out of box, Left footed, Open play)" minute="90" period="2" second="22" time="93" type="attempt missed" type_id="13"/>
	<message comment="Kevin Doyle has shot blocked (18-yard box, Head, From corner)" minute="90" period="2" second="7" time="93" type="attempt blocked" type_id="15"/>
	<message comment="Garry Monk blocks a shot" minute="90" period="2" second="7" time="93" type="save made" type_id="10"/>
	<message comment="Nenad Milijas wins a corner (To the left)" minute="89" period="2" second="57" time="92" type="corner" type_id="6"/>
	<message comment="Michel Vorm makes a save (From shot off target, Diving, Parried safe)" minute="89" period="2" second="53" time="92" type="save made" type_id="10"/>
	<message comment="Nenad Milijas misses attempt (Out of box, Left footed, Throw-in)" minute="89" period="2" second="45" time="92" type="attempt missed" type_id="13"/>
	<message comment="Kevin Doyle wins a corner (To the left)" minute="87" period="2" second="58" time="90" type="corner" type_id="6"/>
	<message comment="GOAL! Jamie O'Hara scores , Assisted by Kevin Doyle (High to the right, 18-yard box, Big Chance, Right footed, Open play)" minute="85" period="2" second="48" time="88" type="goal scored" type_id="16"/>
	<message comment="Mark Gower is substituted off" minute="85" period="2" second="7" time="88" type="substitution off" type_id="18"/>
	<message comment="Vangelis Moras is substituted on" minute="85" period="2" second="7" time="88" type="substitution on" type_id="19"/>
	<message comment="GOAL! Kevin Doyle scores  (Low to the centre, 6-yard box, Big Chance, Right footed, From corner)" minute="83" period="2" second="51" time="86" type="goal scored" type_id="16"/>
	<message comment="Sam Vokes has attempt saved (Low to the centre, 18-yard box, Right footed, From corner)" minute="83" period="2" second="49" time="86" type="attempt blocked" type_id="15"/>
	<message comment="Michel Vorm makes a save (Parried into danger, Diving)" minute="83" period="2" second="49" time="86" type="save made" type_id="10"/>
	<message comment="Roger Johnson has shot blocked (18-yard box, Head, From corner)" minute="83" period="2" second="47" time="86" type="attempt blocked" type_id="15"/>
	<message comment="Ashley Williams blocks a shot" minute="83" period="2" second="47" time="86" type="save made" type_id="10"/>
	<message comment="Jamie O'Hara wins a corner (To the left)" minute="83" period="2" second="27" time="86" type="corner" type_id="6"/>
	<message comment="Wayne Routledge is substituted on" minute="82" period="2" second="27" time="85" type="substitution on" type_id="19"/>
	<message comment="Nathan Dyer is substituted off" minute="82" period="2" second="26" time="85" type="substitution off" type_id="18"/>
	<message comment="Sylvan Ebanks-Blake is substituted off" minute="82" period="2" second="25" time="85" type="substitution off" type_id="18"/>
	<message comment="Sam Vokes is substituted on" minute="82" period="2" second="25" time="85" type="substitution on" type_id="19"/>
	<message comment="Andrea Orlandi misses attempt (To the right, Out of box, Left footed, Open play)" minute="81" period="2" second="12" time="84" type="attempt missed" type_id="13"/>
	<message comment="Nenad Milijas has shot blocked (Out of box, Left footed, Free kick)" minute="80" period="2" second="42" time="83" type="attempt blocked" type_id="15"/>
	<message comment="Mark Gower blocks a shot" minute="80" period="2" second="42" time="83" type="save made" type_id="10"/>
	<message comment="Leon Britton is substituted off" minute="74" period="2" second="1" time="77" type="substitution off" type_id="18"/>
	<message comment="Andrea Orlandi is substituted on" minute="74" period="2" second="1" time="77" type="substitution on" type_id="19"/>
	<message comment="Angel Rangel misses attempt (To the right, 6-yard box, Big Chance, Right footed, From corner)" minute="71" period="2" second="56" time="74" type="attempt missed" type_id="13"/>
	<message comment="Scott Sinclair wins a corner (To the left)" minute="71" period="2" second="31" time="74" type="corner" type_id="6"/>
	<message comment="Wayne Hennessey makes a save (Parried safe, Diving)" minute="71" period="2" second="29" time="74" type="save made" type_id="10"/>
	<message comment="Scott Sinclair has attempt saved (Low to the left, Out of box, Right footed, From corner)" minute="71" period="2" second="29" time="74" type="attempt blocked" type_id="15"/>
	<message comment="Angel Rangel wins a corner (To the left)" minute="70" period="2" second="59" time="73" type="corner" type_id="6"/>
	<message comment="Angel Rangel has shot blocked (Out of box, Right footed, Open play)" minute="70" period="2" second="58" time="73" type="attempt blocked" type_id="15"/>
	<message comment="Stephen Ward blocks a shot" minute="70" period="2" second="58" time="73" type="save made" type_id="10"/>
	<message comment="Matthew Jarvis is substituted off" minute="67" period="2" second="40" time="70" type="substitution off" type_id="18"/>
	<message comment="Adlène Guédioura is substituted on" minute="67" period="2" second="40" time="70" type="substitution on" type_id="19"/>
	<message comment="Adam Hammill is substituted off" minute="67" period="2" second="20" time="70" type="substitution off" type_id="18"/>
	<message comment="Nenad Milijas is substituted on" minute="67" period="2" second="20" time="70" type="substitution on" type_id="19"/>
	<message comment="Scott Sinclair wins a corner (To the left)" minute="66" period="2" second="32" time="69" type="corner" type_id="6"/>
	<message comment="Christophe Berra blocks a shot" minute="66" period="2" second="31" time="69" type="save made" type_id="10"/>
	<message comment="Scott Sinclair has shot blocked (18-yard box, Right footed, Open play)" minute="66" period="2" second="31" time="69" type="attempt blocked" type_id="15"/>
	<message comment="Jamie O'Hara recieves a yellow card" minute="64" period="2" second="26" time="67" type="card received" type_id="17"/>
	<message comment="Joe Allen wins a corner (To the left)" minute="61" period="2" second="2" time="64" type="corner" type_id="6"/>
	<message comment="Scott Sinclair wins a corner (To the left)" minute="59" period="2" second="0" time="62" type="corner" type_id="6"/>
	<message comment="Scott Sinclair has attempt saved (Low to the centre, 18-yard box, Big Chance, Left footed, Open play)" minute="58" period="2" second="57" time="61" type="attempt blocked" type_id="15"/>
	<message comment="Wayne Hennessey makes a save (Parried safe, Feet, Diving)" minute="58" period="2" second="57" time="61" type="save made" type_id="10"/>
	<message comment="Scott Sinclair has shot blocked (18-yard box, Big Chance, Head, Open play)" minute="58" period="2" second="50" time="61" type="attempt blocked" type_id="15"/>
	<message comment="Roger Johnson blocks a shot" minute="58" period="2" second="50" time="61" type="save made" type_id="10"/>
	<message comment="Scott Sinclair wins a corner (To the left)" minute="58" period="2" second="11" time="61" type="corner" type_id="6"/>
	<message comment="Jamie O'Hara misses attempt (High, Out of box, Left footed, Open play)" minute="57" period="2" second="18" time="60" type="attempt missed" type_id="13"/>
	<message comment="Sylvan Ebanks-Blake is caught offside" minute="56" period="2" time="59" type="offside" type_id="10000"/>
	<message comment="Scott Sinclair is caught offside" minute="56" period="2" time="59" type="offside" type_id="10000"/>
	<message comment="Stephen Ward wins a corner (To the left)" minute="54" period="2" second="51" time="57" type="corner" type_id="6"/>
	<message comment="Jamie O'Hara has shot blocked (Out of box, Left footed, Open play)" minute="54" period="2" second="42" time="57" type="attempt blocked" type_id="15"/>
	<message comment="Angel Rangel blocks a shot" minute="54" period="2" second="42" time="57" type="save made" type_id="10"/>
	<message comment="Nathan Dyer has attempt saved (Low to the right, Out of box, Right footed, Open play)" minute="54" period="2" second="18" time="57" type="attempt blocked" type_id="15"/>
	<message comment="Wayne Hennessey makes a save (Diving)" minute="54" period="2" second="18" time="57" type="save made" type_id="10"/>
	<message comment="Jamie O'Hara blocks a shot" minute="53" period="2" second="33" time="56" type="save made" type_id="10"/>
	<message comment="Scott Sinclair has shot blocked (Out of box, Right footed, Open play)" minute="53" period="2" second="33" time="56" type="attempt blocked" type_id="15"/>
	<message comment="Matthew Jarvis misses attempt (To the left, 18-yard box, Head, Open play)" minute="51" period="2" second="25" time="54" type="attempt missed" type_id="13"/>
	<message comment="Ashley Williams blocks a shot" minute="49" period="2" second="41" time="52" type="save made" type_id="10"/>
	<message comment="Sylvan Ebanks-Blake has shot blocked (18-yard box, Left footed, Open play)" minute="49" period="2" second="41" time="52" type="attempt blocked" type_id="15"/>
	<message comment="Wayne Hennessey makes a save (Diving)" minute="49" period="2" second="9" time="52" type="save made" type_id="10"/>
	<message comment="Joe Allen has attempt saved (Low to the centre, Out of box, Right footed, Open play)" minute="49" period="2" second="9" time="52" type="attempt blocked" type_id="15"/>
	<message comment="Karl Henry misses attempt (To the left, Out of box, Left footed, Open play)" minute="47" period="2" second="40" time="50" type="attempt missed" type_id="13"/>
	<message comment="Mark Gower wins a corner (To the right)" minute="46" period="2" second="57" time="49" type="corner" type_id="6"/>
	<message comment="Richard Stearman recieves a yellow card" minute="46" period="2" second="3" time="49" type="card received" type_id="17"/>
	<message comment="Second half begins!" minute="45" period="2" second="0" time="48" type="start" type_id="32"/>
	<message comment="First half ends" minute="47" period="1" second="33" time="47" type="end" type_id="30"/>
	<message comment="Wayne Hennessey makes a save (Standing, Parried into danger)" minute="43" period="1" second="32" time="43" type="save made" type_id="10"/>
	<message comment="Scott Sinclair has attempt saved (High to the centre, Out of box, Right footed, Open play)" minute="43" period="1" second="32" time="43" type="attempt blocked" type_id="15"/>
	<message comment="Wayne Hennessey makes a save (Collected, Standing)" minute="41" period="1" second="43" time="41" type="save made" type_id="10"/>
	<message comment="Nathan Dyer has attempt saved (Low to the centre, Out of box, Left footed, Open play)" minute="41" period="1" second="43" time="41" type="attempt blocked" type_id="15"/>
	<message comment="Karl Henry misses attempt (To the right, Out of box, Left footed, Open play)" minute="40" period="1" second="13" time="40" type="attempt missed" type_id="13"/>
	<message comment="Stephen Ward wins a corner (To the left)" minute="39" period="1" second="5" time="39" type="corner" type_id="6"/>
	<message comment="Christophe Berra misses attempt (High, 18-yard box, Right footed, Open play)" minute="36" period="1" second="29" time="36" type="attempt missed" type_id="13"/>
	<message comment="GOAL! Joe Allen scores , Assisted by Danny Graham (Low to the centre, 18-yard box, Big Chance, Left footed, Open play)" minute="34" period="1" second="38" time="34" type="goal scored" type_id="16"/>
	<message comment="Jamie O'Hara has attempt saved (High to the right, Out of box, Left footed, Set piece)" minute="32" period="1" second="40" time="32" type="attempt blocked" type_id="15"/>
	<message comment="Michel Vorm makes a save (Standing)" minute="32" period="1" second="40" time="32" type="save made" type_id="10"/>
	<message comment="Mark Gower wins a corner (To the left)" minute="28" period="1" second="10" time="28" type="corner" type_id="6"/>
	<message comment="Ashley Williams wins a corner (To the right)" minute="27" period="1" second="49" time="27" type="corner" type_id="6"/>
	<message comment="Angel Rangel wins a corner (To the right)" minute="27" period="1" second="22" time="27" type="corner" type_id="6"/>
	<message comment="Adam Hammill wins a corner (To the left)" minute="25" period="1" second="44" time="25" type="corner" type_id="6"/>
	<message comment="Michel Vorm makes a save (Parried safe, Diving)" minute="25" period="1" second="28" time="25" type="save made" type_id="10"/>
	<message comment="Adam Hammill has attempt saved (High to the left, Out of box, Right footed, Free kick)" minute="25" period="1" second="28" time="25" type="attempt blocked" type_id="15"/>
	<message comment="GOAL! Danny Graham scores , Assisted by Mark Gower (Low to the centre, 6-yard box, Big Chance, Right footed, Open play)" minute="22" period="1" second="58" time="22" type="goal scored" type_id="16"/>
	<message comment="Nathan Dyer misses attempt (High to the right, Out of box, Right footed, Open play)" minute="20" period="1" second="52" time="20" type="attempt missed" type_id="13"/>
	<message comment="Kevin Doyle has attempt saved (Low to the centre, 6-yard box, Right footed, From corner)" minute="19" period="1" second="55" time="19" type="attempt blocked" type_id="15"/>
	<message comment="Michel Vorm makes a save (Collected)" minute="19" period="1" second="55" time="19" type="save made" type_id="10"/>
	<message comment="Sylvan Ebanks-Blake wins a corner (To the right)" minute="19" period="1" second="32" time="19" type="corner" type_id="6"/>
	<message comment="Michel Vorm makes a save (Standing, Parried safe)" minute="19" period="1" second="27" time="19" type="save made" type_id="10"/>
	<message comment="Jamie O'Hara has attempt saved (High to the centre, 18-yard box, Left footed, Open play)" minute="19" period="1" second="27" time="19" type="attempt blocked" type_id="15"/>
	<message comment="Angel Rangel blocks a shot" minute="19" period="1" second="13" time="19" type="save made" type_id="10"/>
	<message comment="Matthew Jarvis has shot blocked (18-yard box, Left footed, Open play)" minute="19" period="1" second="13" time="19" type="attempt blocked" type_id="15"/>
	<message comment="Nathan Dyer wins a corner (To the right)" minute="13" period="1" second="2" time="13" type="corner" type_id="6"/>
	<message comment="Danny Graham misses attempt (6-yard box, Left footed, Open play)" minute="9" period="1" second="48" time="9" type="attempt missed" type_id="13"/>
	<message comment="Joe Allen wins a corner (To the right)" minute="9" period="1" second="2" time="9" type="corner" type_id="6"/>
	<message comment="Wayne Hennessey makes a save (Standing)" minute="8" period="1" second="57" time="8" type="save made" type_id="10"/>
	<message comment="Joe Allen has attempt saved (High to the centre, Out of box, Right footed, Open play)" minute="8" period="1" second="57" time="8" type="attempt blocked" type_id="15"/>
	<message comment="Nathan Dyer wins a corner (To the right)" minute="7" period="1" second="19" time="7" type="corner" type_id="6"/>
	<message comment="Formation Set" minute="0" period="14" second="0" time="6" type="end" type_id="30"/>
	<message comment="Adam Hammill wins a corner (To the right)" minute="3" period="1" second="9" time="3" type="corner" type_id="6"/>
	<message comment="Michel Vorm makes a save (Parried into danger)" minute="0" period="1" second="38" time="0" type="save made" type_id="10"/>
	<message comment="Karl Henry has attempt saved (Low to the centre, Out of box, Right footed, Open play)" minute="0" period="1" second="38" time="0" type="attempt blocked" type_id="15"/>
	<message comment="First half begins!" minute="0" period="1" second="0" time="0" type="start" type_id="32"/>
</Commentary>
