<?xml version="1.0" ?>
<Commentary away_team_name="Wolverhampton Wanderers" competition="English Premier League" game_date="2010-11-10" home_team_name="Arsenal" lang_id="en" season="Season 2010/2011" season_id="2010" sport_id="1" sport_name="Football">
	<message comment="Second half ends" minute="94" period="2" second="45" time="96" type="end" type_id="30"/>
	<message comment="Andrey Arshavin is substituted off" minute="94" period="2" second="15" time="96" type="substitution off" type_id="18"/>
	<message comment="Samir Nasri is substituted on" minute="94" period="2" second="15" time="96" type="substitution on" type_id="19"/>
	<message comment="Marouane Chamakh is substituted off" minute="94" period="2" second="10" time="96" type="substitution off" type_id="18"/>
	<message comment="Nicklas Bendtner is substituted on" minute="94" period="2" second="10" time="96" type="substitution on" type_id="19"/>
	<message comment="GOAL! Marouane Chamakh scores , Assisted by Cesc Fàbregas (Low to the centre, Out of box, Big Chance, Right footed, Fast break)" minute="93" period="2" second="3" time="95" type="goal scored" type_id="16"/>
	<message comment="Lukasz Fabianski makes a save (Parried safe, Diving)" minute="92" period="2" second="45" time="94" type="save made" type_id="10"/>
	<message comment="Christophe Berra has attempt saved (Low to the right, Out of box, Left footed, Open play)" minute="92" period="2" second="45" time="94" type="attempt blocked" type_id="15"/>
	<message comment="Christophe Berra has shot blocked (6-yard box, Head, From corner)" minute="92" period="2" second="28" time="94" type="attempt blocked" type_id="15"/>
	<message comment="Kevin Doyle wins a corner (To the right)" minute="92" period="2" second="8" time="94" type="corner" type_id="6"/>
	<message comment="Alexandre Song blocks a shot" minute="92" period="2" second="7" time="94" type="save made" type_id="10"/>
	<message comment="Kevin Doyle has shot blocked (18-yard box, Right footed, Open play)" minute="92" period="2" second="7" time="94" type="attempt blocked" type_id="15"/>
	<message comment="Andrey Arshavin misses attempt (High to the right, Out of box, Right footed, Open play)" minute="89" period="2" second="4" time="91" type="attempt missed" type_id="13"/>
	<message comment="Kevin Doyle misses attempt (18-yard box, Big Chance, Right footed, Open play)" minute="88" period="2" second="20" time="90" type="attempt missed" type_id="13"/>
	<message comment="Stephen Ward is substituted off" minute="87" period="2" second="55" time="89" type="substitution off" type_id="18"/>
	<message comment="Steven Fletcher is substituted on" minute="87" period="2" second="55" time="89" type="substitution on" type_id="19"/>
	<message comment="Cesc Fàbregas recieves a yellow card" minute="87" period="2" second="10" time="89" type="card received" type_id="17"/>
	<message comment="Richard Stearman recieves a yellow card" minute="85" period="2" second="39" time="87" type="card received" type_id="17"/>
	<message comment="Christophe Berra wins a corner (To the left)" minute="84" period="2" second="50" time="86" type="corner" type_id="6"/>
	<message comment="Nenad Milijas misses attempt (To the left, Out of box, Left footed, Throw-in)" minute="83" period="2" second="0" time="85" type="attempt missed" type_id="13"/>
	<message comment="Johan Djourou wins a corner (To the right)" minute="80" period="2" second="35" time="82" type="corner" type_id="6"/>
	<message comment="Johan Djourou has shot blocked (18-yard box, Big Chance, Right footed, From corner)" minute="80" period="2" second="33" time="82" type="attempt blocked" type_id="15"/>
	<message comment="Karl Henry blocks a shot (Last line)" minute="80" period="2" second="33" time="82" type="save made" type_id="10"/>
	<message comment="Cesc Fàbregas wins a corner (To the right)" minute="80" period="2" second="3" time="82" type="corner" type_id="6"/>
	<message comment="Cesc Fàbregas has shot blocked (Out of box, Right footed, Free kick)" minute="79" period="2" second="58" time="81" type="attempt blocked" type_id="15"/>
	<message comment="Sylvan Ebanks-Blake blocks a shot" minute="79" period="2" second="58" time="81" type="save made" type_id="10"/>
	<message comment="Michael Mancienne is substituted off" minute="79" period="2" second="2" time="81" type="substitution off" type_id="18"/>
	<message comment="Sylvan Ebanks-Blake is substituted on" minute="79" period="2" second="2" time="81" type="substitution on" type_id="19"/>
	<message comment="Stephen Hunt is caught offside" minute="77" period="2" time="79" type="offside" type_id="10000"/>
	<message comment="Johan Djourou blocks a shot" minute="72" period="2" second="32" time="74" type="save made" type_id="10"/>
	<message comment="Karl Henry has shot blocked (Out of box, Right footed, Set piece)" minute="72" period="2" second="32" time="74" type="attempt blocked" type_id="15"/>
	<message comment="Denilson blocks a shot" minute="72" period="2" second="30" time="74" type="save made" type_id="10"/>
	<message comment="Nenad Milijas has shot blocked (Out of box, Left footed, Set piece)" minute="72" period="2" second="30" time="74" type="attempt blocked" type_id="15"/>
	<message comment="Denilson recieves a yellow card" minute="72" period="2" second="2" time="74" type="card received" type_id="17"/>
	<message comment="Matthew Jarvis misses attempt (To the right, 18-yard box, Right footed, From corner)" minute="68" period="2" second="15" time="70" type="attempt missed" type_id="13"/>
	<message comment="Johan Djourou blocks a shot" minute="68" period="2" second="10" time="70" type="save made" type_id="10"/>
	<message comment="Kevin Foley has shot blocked (Out of box, Right footed, From corner)" minute="68" period="2" second="10" time="70" type="attempt blocked" type_id="15"/>
	<message comment="Nenad Milijas wins a corner (To the left)" minute="67" period="2" second="31" time="69" type="corner" type_id="6"/>
	<message comment="Jack Wilshere is substituted off" minute="67" period="2" second="10" time="69" type="substitution off" type_id="18"/>
	<message comment="Denilson is substituted on" minute="67" period="2" second="10" time="69" type="substitution on" type_id="19"/>
	<message comment="Andrey Arshavin has shot blocked (Out of box, Left footed, Open play)" minute="66" period="2" second="22" time="68" type="attempt blocked" type_id="15"/>
	<message comment="Richard Stearman blocks a shot" minute="66" period="2" second="22" time="68" type="save made" type_id="10"/>
	<message comment="Andrey Arshavin hits the woodwork (To the right, Out of box, Right footed, Open play)" minute="64" period="2" second="21" time="66" type="woodwork hit" type_id="14"/>
	<message comment="Stephen Hunt misses attempt (To the left, 18-yard box, Head, Open play)" minute="63" period="2" second="22" time="65" type="attempt missed" type_id="13"/>
	<message comment="Gaël Clichy is caught offside" minute="62" period="2" time="64" type="offside" type_id="10000"/>
	<message comment="Kevin Foley misses attempt (18-yard box, Head, Set piece)" minute="58" period="2" second="5" time="60" type="attempt missed" type_id="13"/>
	<message comment="Kevin Doyle wins a corner (To the right)" minute="56" period="2" second="36" time="58" type="corner" type_id="6"/>
	<message comment="Lukasz Fabianski makes a save (Diving)" minute="56" period="2" second="34" time="58" type="save made" type_id="10"/>
	<message comment="Kevin Doyle has attempt saved (High to the right, Out of box, Left footed, Open play)" minute="56" period="2" second="34" time="58" type="attempt blocked" type_id="15"/>
	<message comment="Stephen Hunt misses attempt (High, Out of box, Left footed, Open play)" minute="54" period="2" second="14" time="56" type="attempt missed" type_id="13"/>
	<message comment="Karl Henry misses attempt (To the left, 18-yard box, Right footed, Open play)" minute="53" period="2" second="47" time="55" type="attempt missed" type_id="13"/>
	<message comment="Marouane Chamakh is caught offside" minute="51" period="2" time="53" type="offside" type_id="10000"/>
	<message comment="Cesc Fàbregas misses attempt (18-yard box, Big Chance, Right footed, Open play)" minute="49" period="2" second="27" time="51" type="attempt missed" type_id="13"/>
	<message comment="Bacary Sagna blocks a shot" minute="45" period="2" second="27" time="47" type="save made" type_id="10"/>
	<message comment="Nenad Milijas has shot blocked (6-yard box, Big Chance, Right footed, Open play)" minute="45" period="2" second="27" time="47" type="attempt blocked" type_id="15"/>
	<message comment="Second half begins!" minute="45" period="2" second="0" time="47" type="start" type_id="32"/>
	<message comment="First half ends" minute="46" period="1" second="4" time="46" type="end" type_id="30"/>
	<message comment="Cesc Fàbregas blocks a shot" minute="39" period="1" second="43" time="39" type="save made" type_id="10"/>
	<message comment="Nenad Milijas has shot blocked (Out of box, Left footed, Free kick)" minute="39" period="1" second="43" time="39" type="attempt blocked" type_id="15"/>
	<message comment="Karl Henry wins a corner (To the right)" minute="35" period="1" second="9" time="35" type="corner" type_id="6"/>
	<message comment="Lukasz Fabianski makes a save (Parried safe, Diving)" minute="35" period="1" second="4" time="35" type="save made" type_id="10"/>
	<message comment="Kevin Doyle misses attempt (18-yard box, Head, Set piece)" minute="27" period="1" second="17" time="27" type="attempt missed" type_id="13"/>
	<message comment="Lukasz Fabianski makes a save (Standing)" minute="24" period="1" second="39" time="24" type="save made" type_id="10"/>
	<message comment="Nenad Milijas has attempt saved (Low to the left, Out of box, Left footed, Open play)" minute="24" period="1" second="39" time="24" type="attempt blocked" type_id="15"/>
	<message comment="Andrey Arshavin has shot blocked (Out of box, Right footed, Fast break)" minute="21" period="1" second="18" time="21" type="attempt blocked" type_id="15"/>
	<message comment="Christophe Berra blocks a shot" minute="21" period="1" second="18" time="21" type="save made" type_id="10"/>
	<message comment="Cesc Fàbregas misses attempt (To the left, Out of box, Right footed, Open play)" minute="18" period="1" second="54" time="18" type="attempt missed" type_id="13"/>
	<message comment="Tomas Rosicky has shot blocked (18-yard box, Left footed, Open play)" minute="18" period="1" second="8" time="18" type="attempt blocked" type_id="15"/>
	<message comment="Nenad Milijas blocks a shot" minute="18" period="1" second="8" time="18" type="save made" type_id="10"/>
	<message comment="Cesc Fàbregas has attempt saved (Low to the centre, 18-yard box, Big Chance, Right footed, Open play)" minute="18" period="1" second="6" time="18" type="attempt blocked" type_id="15"/>
	<message comment="Marcus Hahnemann makes a save (Feet, Parried into danger, Diving)" minute="18" period="1" second="6" time="18" type="save made" type_id="10"/>
	<message comment="Cesc Fàbregas misses attempt (High to the right, Out of box, Right footed, Open play)" minute="12" period="1" second="22" time="12" type="attempt missed" type_id="13"/>
	<message comment="David Edwards is substituted off" minute="7" period="1" second="40" time="7" type="substitution off" type_id="18"/>
	<message comment="Stephen Hunt is substituted on" minute="7" period="1" second="40" time="7" type="substitution on" type_id="19"/>
	<message comment="Marcus Hahnemann makes a save (Diving, Parried into danger, Other body part)" minute="6" period="1" second="0" time="6" type="save made" type_id="10"/>
	<message comment="Andrey Arshavin has attempt saved (Low to the centre, 18-yard box, Big Chance, Left footed, Open play)" minute="6" period="1" second="0" time="6" type="attempt blocked" type_id="15"/>
	<message comment="Formation Set" minute="0" period="14" second="0" time="6" type="end" type_id="30"/>
	<message comment="Marouane Chamakh wins a corner (To the right)" minute="2" period="1" second="54" time="2" type="corner" type_id="6"/>
	<message comment="GOAL! Marouane Chamakh scores , Assisted by Alexandre Song (Low to the left, 18-yard box, Big Chance, Head, Open play)" minute="0" period="1" second="37" time="0" type="goal scored" type_id="16"/>
	<message comment="First half begins!" minute="0" period="1" second="0" time="0" type="start" type_id="32"/>
</Commentary>
