<?xml version="1.0" ?>
<Commentary away_team_name="Wolverhampton Wanderers" competition="English Premier League" game_date="2011-02-05" home_team_name="Manchester United" lang_id="en" season="Season 2010/2011" season_id="2010" sport_id="1" sport_name="Football">
	<message comment="Second half ends" minute="95" period="2" second="28" time="98" type="end" type_id="30"/>
	<message comment="Nenad Milijas is substituted off" minute="88" period="2" second="16" time="91" type="substitution off" type_id="18"/>
	<message comment="Sylvan Ebanks-Blake is substituted on" minute="88" period="2" second="16" time="91" type="substitution on" type_id="19"/>
	<message comment="Richard Stearman blocks a shot" minute="86" period="2" second="49" time="89" type="save made" type_id="10"/>
	<message comment="Chicharito has shot blocked (Out of box, Left footed, Open play)" minute="86" period="2" second="49" time="89" type="attempt blocked" type_id="15"/>
	<message comment="Paul Scholes recieves a yellow card" minute="84" period="2" second="52" time="87" type="card received" type_id="17"/>
	<message comment="Darren Fletcher wins a corner (To the right)" minute="83" period="2" second="10" time="86" type="corner" type_id="6"/>
	<message comment="George Elokobi blocks a shot" minute="83" period="2" second="9" time="86" type="save made" type_id="10"/>
	<message comment="Darren Fletcher has shot blocked (18-yard box, Right footed, Open play)" minute="83" period="2" second="9" time="86" type="attempt blocked" type_id="15"/>
	<message comment="Kevin Doyle is caught offside" minute="81" period="2" time="84" type="offside" type_id="10000"/>
	<message comment="Wayne Rooney wins a corner (To the right)" minute="77" period="2" second="45" time="80" type="corner" type_id="6"/>
	<message comment="Christophe Berra blocks a shot" minute="77" period="2" second="44" time="80" type="save made" type_id="10"/>
	<message comment="Wayne Rooney has shot blocked (18-yard box, Right footed, Open play)" minute="77" period="2" second="44" time="80" type="attempt blocked" type_id="15"/>
	<message comment="Kevin Doyle is caught offside" minute="75" period="2" time="78" type="offside" type_id="10000"/>
	<message comment="Nani misses attempt (To the left, Out of box, Left footed, Open play)" minute="71" period="2" second="5" time="74" type="attempt missed" type_id="13"/>
	<message comment="Wayne Rooney recieves a yellow card" minute="65" period="2" second="58" time="68" type="card received" type_id="17"/>
	<message comment="Dimitar Berbatov is substituted off" minute="64" period="2" second="50" time="67" type="substitution off" type_id="18"/>
	<message comment="Chicharito is substituted on" minute="64" period="2" second="50" time="67" type="substitution on" type_id="19"/>
	<message comment="Jonny Evans is substituted off" minute="64" period="2" second="46" time="67" type="substitution off" type_id="18"/>
	<message comment="Chris Smalling is substituted on" minute="64" period="2" second="46" time="67" type="substitution on" type_id="19"/>
	<message comment="Stephen Ward is substituted on" minute="64" period="2" second="25" time="67" type="substitution on" type_id="19"/>
	<message comment="Adam Hammill is substituted off" minute="64" period="2" second="25" time="67" type="substitution off" type_id="18"/>
	<message comment="Patrice Evra wins a corner (To the left)" minute="60" period="2" second="18" time="63" type="corner" type_id="6"/>
	<message comment="Jamie O'Hara is substituted off" minute="58" period="2" second="50" time="61" type="substitution off" type_id="18"/>
	<message comment="Kevin Foley is substituted on" minute="58" period="2" second="50" time="61" type="substitution on" type_id="19"/>
	<message comment="Paul Scholes misses attempt (18-yard box, Left footed, Open play)" minute="57" period="2" second="13" time="60" type="attempt missed" type_id="13"/>
	<message comment="Jamie O'Hara has shot blocked (18-yard box, Right footed, Fast break)" minute="55" period="2" second="30" time="58" type="attempt blocked" type_id="15"/>
	<message comment="Darren Fletcher blocks a shot" minute="55" period="2" second="30" time="58" type="save made" type_id="10"/>
	<message comment="Jamie O'Hara recieves a yellow card" minute="50" period="2" second="7" time="53" type="card received" type_id="17"/>
	<message comment="Nani misses attempt (To the left, Out of box, Left footed, Open play)" minute="48" period="2" second="2" time="51" type="attempt missed" type_id="13"/>
	<message comment="Dimitar Berbatov is caught offside" minute="48" period="2" time="51" type="offside" type_id="10000"/>
	<message comment="Ryan Giggs wins a corner (To the left)" minute="47" period="2" second="29" time="50" type="corner" type_id="6"/>
	<message comment="Second half begins!" minute="45" period="2" second="0" time="48" type="start" type_id="32"/>
	<message comment="Michael Carrick is substituted off" minute="45" period="2" second="0" time="48" type="substitution off" type_id="18"/>
	<message comment="Paul Scholes is substituted on" minute="45" period="2" second="0" time="48" type="substitution on" type_id="19"/>
	<message comment="First half ends" minute="47" period="1" second="9" time="47" type="end" type_id="30"/>
	<message comment="Nani misses attempt (18-yard box, Head, Open play)" minute="44" period="1" second="50" time="44" type="attempt missed" type_id="13"/>
	<message comment="Edwin van der Sar makes a save" minute="43" period="1" second="0" time="43" type="save made" type_id="10"/>
	<message comment="Kevin Doyle has attempt saved (Low to the left, Out of box, Right footed, Open play)" minute="43" period="1" second="0" time="43" type="attempt blocked" type_id="15"/>
	<message comment="Karl Henry recieves a yellow card" minute="41" period="1" second="47" time="41" type="card received" type_id="17"/>
	<message comment="GOAL! Kevin Doyle scores , Assisted by George Elokobi (High to the right, 6-yard box, Other body part, Set piece)" minute="39" period="1" second="26" time="39" type="goal scored" type_id="16"/>
	<message comment="George Elokobi has shot blocked (6-yard box, Key pass, Head, Set piece)" minute="39" period="1" second="25" time="39" type="attempt blocked" type_id="15"/>
	<message comment="Nenad Milijas wins a corner (To the right)" minute="36" period="1" second="36" time="36" type="corner" type_id="6"/>
	<message comment="Darren Fletcher blocks a shot" minute="36" period="1" second="32" time="36" type="save made" type_id="10"/>
	<message comment="Nenad Milijas has shot blocked (Out of box, Left footed, Free kick)" minute="36" period="1" second="32" time="36" type="attempt blocked" type_id="15"/>
	<message comment="Jamie O'Hara wins a corner (To the right)" minute="30" period="1" second="44" time="30" type="corner" type_id="6"/>
	<message comment="Edwin van der Sar makes a save (Diving, Parried safe, Feet)" minute="30" period="1" second="42" time="30" type="save made" type_id="10"/>
	<message comment="Jamie O'Hara has attempt saved (Low to the left, 18-yard box, Left footed, From corner)" minute="30" period="1" second="42" time="30" type="attempt blocked" type_id="15"/>
	<message comment="Ronald Zubar wins a corner (To the right)" minute="30" period="1" second="24" time="30" type="corner" type_id="6"/>
	<message comment="Nani misses attempt (Out of box, Right footed, Free kick)" minute="28" period="1" second="16" time="28" type="attempt missed" type_id="13"/>
	<message comment="Dimitar Berbatov misses attempt (6-yard box, Head, Open play)" minute="21" period="1" second="32" time="21" type="attempt missed" type_id="13"/>
	<message comment="Dimitar Berbatov has attempt saved (Low to the centre, 18-yard box, Left footed, Open play)" minute="19" period="1" second="5" time="19" type="attempt blocked" type_id="15"/>
	<message comment="Wayne Hennessey makes a save (Collected)" minute="19" period="1" second="5" time="19" type="save made" type_id="10"/>
	<message comment="Nemanja Vidic misses attempt (To the left, 18-yard box, Head, From corner)" minute="17" period="1" second="33" time="17" type="attempt missed" type_id="13"/>
	<message comment="Dimitar Berbatov is caught offside" minute="17" period="1" time="17" type="offside" type_id="10000"/>
	<message comment="Nani wins a corner (To the right)" minute="16" period="1" second="53" time="16" type="corner" type_id="6"/>
	<message comment="Ryan Giggs wins a corner (To the left)" minute="14" period="1" second="40" time="14" type="corner" type_id="6"/>
	<message comment="Ryan Giggs misses attempt (To the right, 18-yard box, Left footed, Open play)" minute="14" period="1" second="38" time="14" type="attempt missed" type_id="13"/>
	<message comment="Wayne Rooney is caught offside" minute="10" period="1" time="10" type="offside" type_id="10000"/>
	<message comment="GOAL! George Elokobi scores , Assisted by Matthew Jarvis (Low to the right, 18-yard box, Head, From corner)" minute="9" period="1" second="47" time="9" type="goal scored" type_id="16"/>
	<message comment="Matthew Jarvis wins a corner (To the left)" minute="9" period="1" second="35" time="9" type="corner" type_id="6"/>
	<message comment="Formation Set" minute="0" period="14" second="0" time="8" type="end" type_id="30"/>
	<message comment="Nani has attempt saved (High to the left, Out of box, Right footed, Open play)" minute="6" period="1" second="39" time="6" type="attempt blocked" type_id="15"/>
	<message comment="Wayne Hennessey makes a save (Standing)" minute="6" period="1" second="39" time="6" type="save made" type_id="10"/>
	<message comment="Wayne Hennessey makes a save (Diving)" minute="4" period="1" second="26" time="4" type="save made" type_id="10"/>
	<message comment="Wayne Rooney has attempt saved (High to the left, 18-yard box, Big Chance, Right footed, Open play)" minute="4" period="1" second="26" time="4" type="attempt blocked" type_id="15"/>
	<message comment="GOAL! Nani scores , Assisted by Darren Fletcher (Low to the right, 18-yard box, Left footed, Open play)" minute="2" period="1" second="47" time="2" type="goal scored" type_id="16"/>
	<message comment="Nenad Milijas misses attempt (High to the left, 18-yard box, Left footed, Open play)" minute="0" period="1" second="58" time="0" type="attempt missed" type_id="13"/>
	<message comment="Nemanja Vidic blocks a shot" minute="0" period="1" second="56" time="0" type="save made" type_id="10"/>
	<message comment="Jamie O'Hara has shot blocked (18-yard box, Left footed, Open play)" minute="0" period="1" second="56" time="0" type="attempt blocked" type_id="15"/>
	<message comment="First half begins!" minute="0" period="1" second="0" time="0" type="start" type_id="32"/>
</Commentary>
