<?xml version="1.0" ?>
<Commentary away_team_name="Wolverhampton Wanderers" competition="English Premier League" game_date="2011-09-17" home_team_name="Queens Park Rangers" lang_id="en" season="Season 2011/2012" season_id="2011" sport_id="1" sport_name="Football">
	<message comment="Second half ends" minute="94" period="2" second="8" time="98" type="end" type_id="30"/>
	<message comment="Anton Ferdinand recieves a yellow card" minute="93" period="2" second="20" time="97" type="card received" type_id="17"/>
	<message comment="Sam Vokes recieves a yellow card" minute="93" period="2" second="20" time="97" type="card received" type_id="17"/>
	<message comment="Luke Young blocks a shot" minute="92" period="2" second="41" time="96" type="save made" type_id="10"/>
	<message comment="Adlène Guédioura has shot blocked (Out of box, Right footed, Open play)" minute="92" period="2" second="41" time="96" type="attempt blocked" type_id="15"/>
	<message comment="Jamie O'Hara wins a corner (To the left)" minute="90" period="2" second="43" time="94" type="corner" type_id="6"/>
	<message comment="Jamie O'Hara has attempt saved (High to the left, Out of box, Left footed, Free kick)" minute="90" period="2" second="40" time="94" type="attempt blocked" type_id="15"/>
	<message comment="Paddy Kenny makes a save (Parried safe, Diving)" minute="90" period="2" second="40" time="94" type="save made" type_id="10"/>
	<message comment="Adlène Guédioura has attempt saved (Low to the centre, 18-yard box, Right footed, Open play)" minute="87" period="2" second="43" time="91" type="attempt blocked" type_id="15"/>
	<message comment="Paddy Kenny makes a save (Standing)" minute="87" period="2" second="43" time="91" type="save made" type_id="10"/>
	<message comment="GOAL! DJ Campbell scores , Assisted by Armand Traore (Low to the left, 18-yard box, Big Chance, Right footed, Open play)" minute="86" period="2" second="9" time="90" type="goal scored" type_id="16"/>
	<message comment="Adlène Guédioura recieves a yellow card" minute="84" period="2" second="51" time="88" type="card received" type_id="17"/>
	<message comment="Alejandro Faurlin recieves a yellow card" minute="83" period="2" second="53" time="87" type="card received" type_id="17"/>
	<message comment="Danny Gabbidon is substituted off" minute="82" period="2" second="50" time="86" type="substitution off" type_id="18"/>
	<message comment="Fitz Hall is substituted on" minute="82" period="2" second="50" time="86" type="substitution on" type_id="19"/>
	<message comment="Roger Johnson misses attempt (High, 18-yard box, Right footed, Open play)" minute="82" period="2" second="27" time="86" type="attempt missed" type_id="13"/>
	<message comment="DJ Campbell is caught offside" minute="79" period="2" time="83" type="offside" type_id="10000"/>
	<message comment="Sam Vokes misses attempt (To the right, 6-yard box, Head, Open play)" minute="77" period="2" second="29" time="81" type="attempt missed" type_id="13"/>
	<message comment="Shaun Wright-Phillips hits the woodwork (To the left, Out of box, Right footed, Open play)" minute="76" period="2" second="57" time="80" type="woodwork hit" type_id="14"/>
	<message comment="Adel Taarabt is substituted off" minute="75" period="2" second="15" time="79" type="substitution off" type_id="18"/>
	<message comment="Tommy Smith is substituted on" minute="75" period="2" second="15" time="79" type="substitution on" type_id="19"/>
	<message comment="Sam Vokes misses attempt (To the left, 18-yard box, Head, From corner)" minute="74" period="2" second="28" time="78" type="attempt missed" type_id="13"/>
	<message comment="Adlène Guédioura wins a corner (To the right)" minute="74" period="2" second="8" time="78" type="corner" type_id="6"/>
	<message comment="Jay Bothroyd is substituted off" minute="73" period="2" second="3" time="77" type="substitution off" type_id="18"/>
	<message comment="DJ Campbell is substituted on" minute="73" period="2" second="3" time="77" type="substitution on" type_id="19"/>
	<message comment="Matthew Jarvis is substituted off" minute="72" period="2" second="38" time="76" type="substitution off" type_id="18"/>
	<message comment="Stephen Hunt is substituted on" minute="72" period="2" second="38" time="76" type="substitution on" type_id="19"/>
	<message comment="Adlène Guédioura has shot blocked (Out of box, Right footed, Set piece)" minute="67" period="2" second="57" time="71" type="attempt blocked" type_id="15"/>
	<message comment="Shaun Derry blocks a shot" minute="67" period="2" second="57" time="71" type="save made" type_id="10"/>
	<message comment="Adel Taarabt has attempt saved (Low to the centre, Out of box, Right footed, Open play)" minute="64" period="2" second="12" time="68" type="attempt blocked" type_id="15"/>
	<message comment="Wayne Hennessey makes a save (Standing)" minute="64" period="2" second="12" time="68" type="save made" type_id="10"/>
	<message comment="Sam Vokes misses attempt (To the right, 18-yard box, Head, Open play)" minute="62" period="2" second="58" time="66" type="attempt missed" type_id="13"/>
	<message comment="Armand Traore blocks a shot" minute="62" period="2" second="26" time="66" type="save made" type_id="10"/>
	<message comment="Adlène Guédioura has shot blocked (Out of box, Right footed, Open play)" minute="62" period="2" second="26" time="66" type="attempt blocked" type_id="15"/>
	<message comment="Shaun Wright-Phillips is caught offside" minute="61" period="2" time="65" type="offside" type_id="10000"/>
	<message comment="Adlène Guédioura has shot blocked (Out of box, Right footed, Open play)" minute="55" period="2" second="11" time="59" type="attempt blocked" type_id="15"/>
	<message comment="Armand Traore blocks a shot" minute="55" period="2" second="11" time="59" type="save made" type_id="10"/>
	<message comment="Adlène Guédioura misses attempt (To the right, 18-yard box, Head, Open play)" minute="54" period="2" second="44" time="58" type="attempt missed" type_id="13"/>
	<message comment="Armand Traore misses attempt (High to the left, Out of box, Left footed, From corner)" minute="53" period="2" second="24" time="57" type="attempt missed" type_id="13"/>
	<message comment="Paddy Kenny wins a corner (To the right)" minute="52" period="2" second="53" time="56" type="corner" type_id="6"/>
	<message comment="Roger Johnson misses attempt (High, 18-yard box, Head, From corner)" minute="47" period="2" second="47" time="51" type="attempt missed" type_id="13"/>
	<message comment="Jamie O'Hara wins a corner (To the right)" minute="47" period="2" second="29" time="51" type="corner" type_id="6"/>
	<message comment="Shaun Derry blocks a shot" minute="47" period="2" second="27" time="51" type="save made" type_id="10"/>
	<message comment="Jamie O'Hara has shot blocked (Out of box, Left footed, Open play)" minute="47" period="2" second="27" time="51" type="attempt blocked" type_id="15"/>
	<message comment="Jay Bothroyd recieves a yellow card" minute="45" period="2" second="16" time="49" type="card received" type_id="17"/>
	<message comment="Michael Kightly is substituted off" minute="45" period="2" second="0" time="49" type="substitution off" type_id="18"/>
	<message comment="Adlène Guédioura is substituted on" minute="45" period="2" second="0" time="49" type="substitution on" type_id="19"/>
	<message comment="Second half begins!" minute="45" period="2" second="0" time="49" type="start" type_id="32"/>
	<message comment="George Elokobi is substituted off" minute="45" period="2" second="0" time="49" type="substitution off" type_id="18"/>
	<message comment="Sam Vokes is substituted on" minute="45" period="2" second="0" time="49" type="substitution on" type_id="19"/>
	<message comment="First half ends" minute="48" period="1" second="17" time="48" type="end" type_id="30"/>
	<message comment="Wayne Hennessey makes a save" minute="48" period="1" second="11" time="48" type="save made" type_id="10"/>
	<message comment="Joey Barton has attempt saved (Low to the left, Out of box, Right footed, Free kick)" minute="48" period="1" second="11" time="48" type="attempt blocked" type_id="15"/>
	<message comment="Wayne Hennessey makes a save (Collected)" minute="46" period="1" second="15" time="46" type="save made" type_id="10"/>
	<message comment="Alejandro Faurlin has attempt saved (Low to the centre, Out of box, Left footed, From corner)" minute="46" period="1" second="15" time="46" type="attempt blocked" type_id="15"/>
	<message comment="Shaun Wright-Phillips wins a corner (To the right)" minute="45" period="1" second="41" time="45" type="corner" type_id="6"/>
	<message comment="Jay Bothroyd misses attempt (18-yard box, Head, Set piece)" minute="43" period="1" second="48" time="43" type="attempt missed" type_id="13"/>
	<message comment="Adel Taarabt misses attempt (To the right, Out of box, Right footed, Free kick)" minute="40" period="1" second="38" time="40" type="attempt missed" type_id="13"/>
	<message comment="Wayne Hennessey makes a save (Diving)" minute="37" period="1" second="18" time="37" type="save made" type_id="10"/>
	<message comment="Shaun Wright-Phillips has attempt saved (Low to the left, 18-yard box, Big Chance, Right footed, Open play)" minute="37" period="1" second="18" time="37" type="attempt blocked" type_id="15"/>
	<message comment="Jay Bothroyd is caught offside" minute="36" period="1" time="36" type="offside" type_id="10000"/>
	<message comment="Joey Barton misses attempt (Out of box, Right footed, Open play)" minute="35" period="1" second="35" time="35" type="attempt missed" type_id="13"/>
	<message comment="Matthew Jarvis blocks a shot" minute="31" period="1" second="0" time="31" type="save made" type_id="10"/>
	<message comment="Anton Ferdinand has shot blocked (18-yard box, Head, From corner)" minute="31" period="1" second="0" time="31" type="attempt blocked" type_id="15"/>
	<message comment="Jay Bothroyd wins a corner (To the right)" minute="30" period="1" second="18" time="30" type="corner" type_id="6"/>
	<message comment="Adel Taarabt wins a corner (To the right)" minute="29" period="1" second="11" time="29" type="corner" type_id="6"/>
	<message comment="George Elokobi blocks a shot" minute="29" period="1" second="6" time="29" type="save made" type_id="10"/>
	<message comment="Adel Taarabt has shot blocked (18-yard box, Right footed, Open play)" minute="29" period="1" second="6" time="29" type="attempt blocked" type_id="15"/>
	<message comment="Jay Bothroyd is caught offside" minute="25" period="1" time="25" type="offside" type_id="10000"/>
	<message comment="Stephen Ward is caught offside" minute="25" period="1" time="25" type="offside" type_id="10000"/>
	<message comment="Adel Taarabt misses attempt (High to the right, Out of box, Right footed, Open play)" minute="24" period="1" second="27" time="24" type="attempt missed" type_id="13"/>
	<message comment="Armand Traore wins a corner (To the right)" minute="23" period="1" second="9" time="23" type="corner" type_id="6"/>
	<message comment="Christophe Berra blocks a shot" minute="23" period="1" second="7" time="23" type="save made" type_id="10"/>
	<message comment="Armand Traore has shot blocked (18-yard box, Left footed, Open play)" minute="23" period="1" second="7" time="23" type="attempt blocked" type_id="15"/>
	<message comment="Wayne Hennessey makes a save (Standing)" minute="21" period="1" second="2" time="21" type="save made" type_id="10"/>
	<message comment="Jay Bothroyd has attempt saved (High to the centre, Out of box, Left footed, Free kick)" minute="21" period="1" second="2" time="21" type="attempt blocked" type_id="15"/>
	<message comment="Stephen Ward misses attempt (High, 6-yard box, Big Chance, Head, From corner)" minute="19" period="1" second="1" time="19" type="attempt missed" type_id="13"/>
	<message comment="Jamie O'Hara wins a corner (To the right)" minute="18" period="1" second="31" time="18" type="corner" type_id="6"/>
	<message comment="Wayne Hennessey makes a save" minute="16" period="1" second="6" time="16" type="save made" type_id="10"/>
	<message comment="Shaun Wright-Phillips has attempt saved (Low to the centre, Out of box, Right footed, Open play)" minute="16" period="1" second="6" time="16" type="attempt blocked" type_id="15"/>
	<message comment="Karl Henry hits the woodwork (To the right, Out of box, Right footed, Open play)" minute="12" period="1" second="44" time="12" type="woodwork hit" type_id="14"/>
	<message comment="GOAL! Alejandro Faurlin scores  (Low to the left, Out of box, Left footed, Open play)" minute="9" period="1" second="10" time="9" type="goal scored" type_id="16"/>
	<message comment="Formation Set" minute="0" period="14" second="0" time="8" type="end" type_id="30"/>
	<message comment="GOAL! Joey Barton scores , Assisted by Shaun Wright-Phillips (Low to the left, 18-yard box, Right footed, Open play)" minute="7" period="1" second="29" time="7" type="goal scored" type_id="16"/>
	<message comment="Shaun Wright-Phillips is caught offside" minute="6" period="1" time="6" type="offside" type_id="10000"/>
	<message comment="Jay Bothroyd wins a corner (To the right)" minute="3" period="1" second="35" time="3" type="corner" type_id="6"/>
	<message comment="Shaun Derry wins a corner (To the right)" minute="1" period="1" second="14" time="1" type="corner" type_id="6"/>
	<message comment="Wayne Hennessey makes a save (Parried safe, Diving)" minute="1" period="1" second="10" time="1" type="save made" type_id="10"/>
	<message comment="Shaun Derry has attempt saved (High to the right, 18-yard box, Head, From corner)" minute="1" period="1" second="10" time="1" type="attempt blocked" type_id="15"/>
	<message comment="Shaun Derry misses attempt (To the left, 18-yard box, Left footed, From corner)" minute="0" period="1" second="58" time="0" type="attempt missed" type_id="13"/>
	<message comment="Jay Bothroyd wins a corner (To the left)" minute="0" period="1" second="38" time="0" type="corner" type_id="6"/>
	<message comment="First half begins!" minute="0" period="1" second="0" time="0" type="start" type_id="32"/>
</Commentary>
