<?xml version="1.0" ?>
<Commentary away_team_name="Wolverhampton Wanderers" competition="English Premier League" game_date="2011-01-22" home_team_name="Liverpool" lang_id="en" season="Season 2010/2011" season_id="2010" sport_id="1" sport_name="Football">
	<message comment="Second half ends" minute="93" period="2" second="23" time="96" type="end" type_id="30"/>
	<message comment="Daniel Agger is caught offside" minute="93" period="2" time="96" type="offside" type_id="10000"/>
	<message comment="GOAL! Fernando Torres scores , Assisted by Dirk Kuyt (High to the centre, 18-yard box, Big Chance, Left footed, Open play)" minute="90" period="2" second="19" time="93" type="goal scored" type_id="16"/>
	<message comment="Steven Fletcher misses attempt (High, Out of box, Left footed, Open play)" minute="87" period="2" second="19" time="90" type="attempt missed" type_id="13"/>
	<message comment="Raul Meireles recieves a yellow card" minute="85" period="2" second="3" time="88" type="card received" type_id="17"/>
	<message comment="Steven Fletcher misses attempt (To the left, 18-yard box, Head, Open play)" minute="83" period="2" second="56" time="86" type="attempt missed" type_id="13"/>
	<message comment="Fernando Torres has attempt saved (Low to the centre, 18-yard box, Right footed, Open play)" minute="82" period="2" second="57" time="85" type="attempt blocked" type_id="15"/>
	<message comment="Wayne Hennessey makes a save" minute="82" period="2" second="57" time="85" type="save made" type_id="10"/>
	<message comment="Maxi Rodríguez is substituted off" minute="80" period="2" second="33" time="83" type="substitution off" type_id="18"/>
	<message comment="Fábio Aurélio is substituted on" minute="80" period="2" second="33" time="83" type="substitution on" type_id="19"/>
	<message comment="Kevin Doyle misses attempt (High to the right, 18-yard box, Head, Open play)" minute="78" period="2" second="22" time="81" type="attempt missed" type_id="13"/>
	<message comment="Ronald Zubar misses attempt (To the left, 18-yard box, Head, Open play)" minute="76" period="2" second="8" time="79" type="attempt missed" type_id="13"/>
	<message comment="Christophe Berra misses attempt (18-yard box, Head, From corner)" minute="74" period="2" second="19" time="77" type="attempt missed" type_id="13"/>
	<message comment="Stephen Ward wins a corner (To the right)" minute="74" period="2" second="6" time="77" type="corner" type_id="6"/>
	<message comment="Jonjo Shelvey misses attempt (18-yard box, Big Chance, Right footed, Fast break)" minute="73" period="2" second="16" time="76" type="attempt missed" type_id="13"/>
	<message comment="Christian Poulsen is substituted off" minute="72" period="2" second="32" time="75" type="substitution off" type_id="18"/>
	<message comment="Jonjo Shelvey is substituted on" minute="72" period="2" second="32" time="75" type="substitution on" type_id="19"/>
	<message comment="Adam Hammill is substituted on" minute="72" period="2" second="13" time="75" type="substitution on" type_id="19"/>
	<message comment="Stephen Hunt is substituted off" minute="72" period="2" second="12" time="75" type="substitution off" type_id="18"/>
	<message comment="Maxi Rodríguez has attempt saved (Low to the centre, 18-yard box, Left footed, Open play)" minute="69" period="2" second="24" time="72" type="attempt blocked" type_id="15"/>
	<message comment="Wayne Hennessey makes a save (Standing)" minute="69" period="2" second="24" time="72" type="save made" type_id="10"/>
	<message comment="Stephen Hunt misses attempt (High to the right, 18-yard box, Head, Open play)" minute="68" period="2" second="43" time="71" type="attempt missed" type_id="13"/>
	<message comment="Raul Meireles has attempt saved (Low to the centre, 18-yard box, Left footed, Open play)" minute="67" period="2" second="47" time="70" type="attempt blocked" type_id="15"/>
	<message comment="Wayne Hennessey makes a save (Standing)" minute="67" period="2" second="47" time="70" type="save made" type_id="10"/>
	<message comment="Karl Henry wins a corner (To the right)" minute="66" period="2" second="40" time="69" type="corner" type_id="6"/>
	<message comment="Pepe Reina makes a save (Parried safe)" minute="65" period="2" second="12" time="68" type="save made" type_id="10"/>
	<message comment="Steven Fletcher has attempt saved (Low to the centre, Out of box, Left footed, Open play)" minute="65" period="2" second="12" time="68" type="attempt blocked" type_id="15"/>
	<message comment="Glen Johnson wins a corner (To the left)" minute="63" period="2" second="39" time="66" type="corner" type_id="6"/>
	<message comment="Kevin Doyle wins a corner (To the left)" minute="58" period="2" second="13" time="61" type="corner" type_id="6"/>
	<message comment="Matthew Jarvis wins a corner (To the left)" minute="56" period="2" second="21" time="59" type="corner" type_id="6"/>
	<message comment="Ronald Zubar misses attempt (High to the right, 18-yard box, Right footed, Set piece)" minute="54" period="2" second="26" time="57" type="attempt missed" type_id="13"/>
	<message comment="Glen Johnson blocks a shot" minute="54" period="2" second="21" time="57" type="save made" type_id="10"/>
	<message comment="Stephen Hunt has shot blocked (Out of box, Left footed, Free kick)" minute="54" period="2" second="21" time="57" type="attempt blocked" type_id="15"/>
	<message comment="GOAL! Raul Meireles scores  (High to the right, Out of box, Right footed, Open play)" minute="49" period="2" second="37" time="52" type="goal scored" type_id="16"/>
	<message comment="Dirk Kuyt has attempt saved (Low to the centre, 18-yard box, Right footed, Open play)" minute="48" period="2" second="44" time="51" type="attempt blocked" type_id="15"/>
	<message comment="Wayne Hennessey makes a save (Parried into danger, Feet)" minute="48" period="2" second="44" time="51" type="save made" type_id="10"/>
	<message comment="Raul Meireles misses attempt (To the left, Out of box, Right footed, Open play)" minute="47" period="2" second="5" time="50" type="attempt missed" type_id="13"/>
	<message comment="Second half begins!" minute="45" period="2" second="0" time="48" type="start" type_id="32"/>
	<message comment="First half ends" minute="47" period="1" second="31" time="47" type="end" type_id="30"/>
	<message comment="Matthew Jarvis has shot blocked (18-yard box, Right footed, Open play)" minute="47" period="1" second="24" time="47" type="attempt blocked" type_id="15"/>
	<message comment="Martin Skrtel blocks a shot" minute="47" period="1" second="24" time="47" type="save made" type_id="10"/>
	<message comment="Fernando Torres recieves a yellow card" minute="46" period="1" second="25" time="46" type="card received" type_id="17"/>
	<message comment="Nenad Milijas has attempt saved (Low to the right, 6-yard box, Left footed, Set piece)" minute="45" period="1" second="14" time="45" type="attempt blocked" type_id="15"/>
	<message comment="Pepe Reina makes a save (Parried safe, Standing)" minute="45" period="1" second="14" time="45" type="save made" type_id="10"/>
	<message comment="Ronald Zubar is caught offside" minute="43" period="1" time="43" type="offside" type_id="10000"/>
	<message comment="Maxi Rodríguez misses attempt (To the right, Out of box, Right footed, Open play)" minute="41" period="1" second="19" time="41" type="attempt missed" type_id="13"/>
	<message comment="Maxi Rodríguez is caught offside" minute="39" period="1" time="39" type="offside" type_id="10000"/>
	<message comment="Steven Fletcher has attempt saved (Low to the right, Out of box, Left footed, Open play)" minute="38" period="1" second="38" time="38" type="attempt blocked" type_id="15"/>
	<message comment="Pepe Reina makes a save (Diving)" minute="38" period="1" second="38" time="38" type="save made" type_id="10"/>
	<message comment="Raul Meireles misses attempt (To the right, Out of box, Right footed, Open play)" minute="37" period="1" second="37" time="37" type="attempt missed" type_id="13"/>
	<message comment="GOAL! Fernando Torres scores , Assisted by Raul Meireles (Low to the centre, 18-yard box, Big Chance, Right footed, Open play)" minute="35" period="1" second="53" time="35" type="goal scored" type_id="16"/>
	<message comment="Wayne Hennessey makes a save (Diving)" minute="34" period="1" second="16" time="34" type="save made" type_id="10"/>
	<message comment="Maxi Rodríguez has attempt saved (Low to the left, 18-yard box, Right footed, Open play)" minute="34" period="1" second="16" time="34" type="attempt blocked" type_id="15"/>
	<message comment="Raul Meireles misses attempt (Out of box, Right footed, Open play)" minute="31" period="1" second="57" time="31" type="attempt missed" type_id="13"/>
	<message comment="Steven Fletcher is caught offside" minute="28" period="1" time="28" type="offside" type_id="10000"/>
	<message comment="Nenad Milijas misses attempt (High, Out of box, Left footed, Free kick)" minute="24" period="1" second="56" time="24" type="attempt missed" type_id="13"/>
	<message comment="Wayne Hennessey makes a save (Diving, Parried safe)" minute="20" period="1" second="58" time="20" type="save made" type_id="10"/>
	<message comment="Fernando Torres has attempt saved (Low to the centre, Out of box, Left footed, Open play)" minute="20" period="1" second="58" time="20" type="attempt blocked" type_id="15"/>
	<message comment="Fernando Torres wins a corner (To the left)" minute="19" period="1" second="19" time="19" type="corner" type_id="6"/>
	<message comment="Ronald Zubar blocks a shot" minute="19" period="1" second="16" time="19" type="save made" type_id="10"/>
	<message comment="Fernando Torres has shot blocked (18-yard box, Right footed, From corner)" minute="19" period="1" second="16" time="19" type="attempt blocked" type_id="15"/>
	<message comment="Raul Meireles wins a corner (To the left)" minute="18" period="1" second="56" time="18" type="corner" type_id="6"/>
	<message comment="Nenad Milijas wins a corner (To the right)" minute="14" period="1" second="5" time="14" type="corner" type_id="6"/>
	<message comment="Christophe Berra blocks a shot" minute="8" period="1" second="6" time="8" type="save made" type_id="10"/>
	<message comment="Christian Poulsen has shot blocked (18-yard box, Left footed, Open play)" minute="8" period="1" second="6" time="8" type="attempt blocked" type_id="15"/>
	<message comment="Formation Set" minute="0" period="14" second="0" time="6" type="end" type_id="30"/>
	<message comment="Steven Fletcher is caught offside" minute="5" period="1" time="5" type="offside" type_id="10000"/>
	<message comment="Christian Poulsen recieves a yellow card" minute="3" period="1" second="32" time="3" type="card received" type_id="17"/>
	<message comment="Maxi Rodríguez wins a corner (To the left)" minute="2" period="1" second="37" time="2" type="corner" type_id="6"/>
	<message comment="First half begins!" minute="0" period="1" second="0" time="0" type="start" type_id="32"/>
</Commentary>
