<?xml version="1.0" ?>
<Commentary away_team_name="Wolverhampton Wanderers" competition="English Premier League" game_date="2012-04-11" home_team_name="Arsenal" lang_id="en" season="Season 2011/2012" season_id="2011" sport_id="1" sport_name="Football">
	<message comment="Second half ends" minute="93" period="2" second="23" time="96" type="end" type_id="30"/>
	<message comment="Nenad Milijas wins a corner (To the left)" minute="92" period="2" second="58" time="95" type="corner" type_id="6"/>
	<message comment="Nenad Milijas has attempt saved (Low to the left, 18-yard box, Left footed, Open play)" minute="92" period="2" second="56" time="95" type="attempt blocked" type_id="15"/>
	<message comment="Wojciech Szczesny makes a save (Parried safe, Diving)" minute="92" period="2" second="56" time="95" type="save made" type_id="10"/>
	<message comment="Matthew Jarvis has shot blocked (Out of box, Right footed, Open play)" minute="92" period="2" second="52" time="95" type="attempt blocked" type_id="15"/>
	<message comment="Thomas Vermaelen blocks a shot" minute="92" period="2" second="52" time="95" type="save made" type_id="10"/>
	<message comment="Michael Kightly wins a corner (To the right)" minute="90" period="2" second="42" time="93" type="corner" type_id="6"/>
	<message comment="Michael Kightly has shot blocked (18-yard box, Right footed, Open play)" minute="90" period="2" second="41" time="93" type="attempt blocked" type_id="15"/>
	<message comment="Johan Djourou blocks a shot" minute="90" period="2" second="41" time="93" type="save made" type_id="10"/>
	<message comment="Steven Fletcher misses attempt (To the right, 18-yard box, Left footed, Open play)" minute="87" period="2" second="56" time="90" type="attempt missed" type_id="13"/>
	<message comment="Bacary Sagna is substituted off" minute="84" period="2" second="9" time="87" type="substitution off" type_id="18"/>
	<message comment="Carl Jenkinson is substituted on" minute="84" period="2" second="9" time="87" type="substitution on" type_id="19"/>
	<message comment="Aaron Ramsey wins a corner (To the left)" minute="83" period="2" second="31" time="86" type="corner" type_id="6"/>
	<message comment="Nenad Milijas blocks a shot" minute="83" period="2" second="29" time="86" type="save made" type_id="10"/>
	<message comment="Aaron Ramsey has shot blocked (18-yard box, Left footed, Open play)" minute="83" period="2" second="29" time="86" type="attempt blocked" type_id="15"/>
	<message comment="Wayne Hennessey makes a save (Diving, Parried safe)" minute="82" period="2" second="8" time="85" type="save made" type_id="10"/>
	<message comment="Aaron Ramsey has attempt saved (Low to the right, 6-yard box, Big Chance, Right footed, Open play)" minute="82" period="2" second="8" time="85" type="attempt blocked" type_id="15"/>
	<message comment="Steven Fletcher is substituted on" minute="77" period="2" second="18" time="80" type="substitution on" type_id="19"/>
	<message comment="Kevin Doyle is substituted off" minute="77" period="2" second="18" time="80" type="substitution off" type_id="18"/>
	<message comment="Wayne Hennessey makes a save (Standing, Collected)" minute="76" period="2" second="34" time="79" type="save made" type_id="10"/>
	<message comment="Robin van Persie has attempt saved (Low to the right, 18-yard box, Head, Open play)" minute="76" period="2" second="34" time="79" type="attempt blocked" type_id="15"/>
	<message comment="Theo Walcott is substituted off" minute="75" period="2" second="42" time="78" type="substitution off" type_id="18"/>
	<message comment="Alex Oxlade-Chamberlain is substituted on" minute="75" period="2" second="42" time="78" type="substitution on" type_id="19"/>
	<message comment="Aaron Ramsey wins a corner (To the right)" minute="74" period="2" second="24" time="77" type="corner" type_id="6"/>
	<message comment="Kevin Doyle has shot blocked (Out of box, Left footed, Open play)" minute="71" period="2" second="9" time="74" type="attempt blocked" type_id="15"/>
	<message comment="Johan Djourou blocks a shot" minute="71" period="2" second="9" time="74" type="save made" type_id="10"/>
	<message comment="Wayne Hennessey makes a save (Parried into danger, Feet)" minute="70" period="2" second="48" time="73" type="save made" type_id="10"/>
	<message comment="Yossi Benayoun has attempt saved (Low to the left, 18-yard box, Right footed, Open play)" minute="70" period="2" second="48" time="73" type="attempt blocked" type_id="15"/>
	<message comment="Kevin Doyle is caught offside" minute="69" period="2" time="72" type="offside" type_id="10000"/>
	<message comment="GOAL! Yossi Benayoun scores , Assisted by Alexandre Song (Low to the left, Out of box, Right footed, Open play)" minute="68" period="2" second="27" time="71" type="goal scored" type_id="16"/>
	<message comment="Matthew Jarvis is caught offside" minute="64" period="2" time="67" type="offside" type_id="10000"/>
	<message comment="Michael Kightly misses attempt (Out of box, Left footed, Open play)" minute="63" period="2" second="38" time="66" type="attempt missed" type_id="13"/>
	<message comment="Kevin Doyle wins a corner (To the left)" minute="59" period="2" second="34" time="62" type="corner" type_id="6"/>
	<message comment="Kevin Doyle has attempt saved (Low to the left, 6-yard box, Big Chance, Head, Open play)" minute="59" period="2" second="30" time="62" type="attempt blocked" type_id="15"/>
	<message comment="Wojciech Szczesny makes a save (Diving, Parried safe)" minute="59" period="2" second="30" time="62" type="save made" type_id="10"/>
	<message comment="Michael Kightly recieves a yellow card" minute="57" period="2" second="32" time="60" type="card received" type_id="17"/>
	<message comment="Wayne Hennessey makes a save (Collected)" minute="56" period="2" second="52" time="59" type="save made" type_id="10"/>
	<message comment="Robin van Persie has attempt saved (Low to the centre, 18-yard box, Left footed, Open play)" minute="56" period="2" second="52" time="59" type="attempt blocked" type_id="15"/>
	<message comment="Ronald Zubar recieves a yellow card" minute="56" period="2" second="2" time="59" type="card received" type_id="17"/>
	<message comment="Matthew Jarvis misses attempt (18-yard box, Right footed, Open play)" minute="55" period="2" second="22" time="58" type="attempt missed" type_id="13"/>
	<message comment="Robin van Persie misses attempt (18-yard box, Right footed, Open play)" minute="54" period="2" second="36" time="57" type="attempt missed" type_id="13"/>
	<message comment="Aaron Ramsey wins a corner (To the right)" minute="53" period="2" second="36" time="56" type="corner" type_id="6"/>
	<message comment="David Edwards is substituted off" minute="52" period="2" second="38" time="55" type="substitution off" type_id="18"/>
	<message comment="Nenad Milijas is substituted on" minute="52" period="2" second="38" time="55" type="substitution on" type_id="19"/>
	<message comment="Richard Stearman blocks a shot" minute="50" period="2" second="23" time="53" type="save made" type_id="10"/>
	<message comment="Aaron Ramsey has shot blocked (18-yard box, Right footed, Open play)" minute="50" period="2" second="23" time="53" type="attempt blocked" type_id="15"/>
	<message comment="Ronald Zubar misses attempt (To the left, 18-yard box, Right footed, Open play)" minute="48" period="2" second="37" time="51" type="attempt missed" type_id="13"/>
	<message comment="Matthew Jarvis wins a corner (To the left)" minute="46" period="2" second="59" time="49" type="corner" type_id="6"/>
	<message comment="Second half begins!" minute="45" period="2" second="0" time="48" type="start" type_id="32"/>
	<message comment="First half ends" minute="47" period="1" second="3" time="47" type="end" type_id="30"/>
	<message comment="Stephen Ward is caught offside" minute="41" period="1" time="41" type="offside" type_id="10000"/>
	<message comment="Kevin Doyle recieves a yellow card" minute="39" period="1" second="22" time="39" type="card received" type_id="17"/>
	<message comment="André Santos misses attempt (To the right, 18-yard box, Left footed, Open play)" minute="28" period="1" second="15" time="28" type="attempt missed" type_id="13"/>
	<message comment="Michael Kightly wins a corner (To the left)" minute="22" period="1" second="48" time="22" type="corner" type_id="6"/>
	<message comment="Christophe Berra has shot blocked (18-yard box, Head, From corner)" minute="22" period="1" second="44" time="22" type="attempt blocked" type_id="15"/>
	<message comment="Johan Djourou blocks a shot" minute="22" period="1" second="44" time="22" type="save made" type_id="10"/>
	<message comment="Michael Kightly wins a corner (To the right)" minute="22" period="1" second="14" time="22" type="corner" type_id="6"/>
	<message comment="Yossi Benayoun has shot blocked (18-yard box, Left footed, Open play)" minute="14" period="1" second="48" time="14" type="attempt blocked" type_id="15"/>
	<message comment="GOAL! Theo Walcott scores , Assisted by Robin van Persie (Low to the right, 18-yard box, Big Chance, Right footed, Open play)" minute="10" period="1" second="32" time="10" type="goal scored" type_id="16"/>
	<message comment="David Davis is substituted off" minute="9" period="1" second="30" time="9" type="substitution off" type_id="18"/>
	<message comment="Christophe Berra is substituted on" minute="9" period="1" second="30" time="9" type="substitution on" type_id="19"/>
	<message comment="GOAL! Robin van Persie scores  (Low to the centre, 18-yard box, Big Chance, Penalty, Left footed)" minute="8" period="1" second="27" time="8" type="goal scored" type_id="16"/>
	<message comment="Sebastien Bassong recieves a red card" minute="7" period="1" second="23" time="7" type="card received" type_id="17"/>
	<message comment="Formation Set" minute="0" period="14" second="0" time="6" type="end" type_id="30"/>
	<message comment="Bacary Sagna wins a corner (To the right)" minute="2" period="1" second="44" time="2" type="corner" type_id="6"/>
	<message comment="First half begins!" minute="0" period="1" second="0" time="0" type="start" type_id="32"/>
</Commentary>
